# Blender 5.2.0 LTS
# www.blender.org
o Сюзанна
v 0.131706 0.482294 0.455714
v -0.131706 0.482294 0.455714
v 0.144922 0.468167 0.434099
v -0.144922 0.468167 0.434099
v 0.158203 0.456188 0.403240
v -0.158203 0.456188 0.403240
v 0.105469 0.435094 0.413396
v -0.105469 0.435094 0.413396
v 0.105534 0.452021 0.441977
v -0.105534 0.452021 0.441977
v 0.105794 0.472073 0.460922
v -0.105794 0.472073 0.460922
v 0.080794 0.482294 0.465284
v -0.080794 0.482294 0.465284
v 0.066341 0.468167 0.448227
v -0.066341 0.468167 0.448227
v 0.052734 0.456188 0.421990
v -0.052734 0.456188 0.421990
v 0.031250 0.507359 0.424724
v -0.031250 0.507359 0.424724
v 0.050130 0.507099 0.449594
v -0.050130 0.507099 0.449594
v 0.070573 0.507294 0.466130
v -0.070573 0.507294 0.466130
v 0.080794 0.533271 0.465284
v -0.080794 0.533271 0.465284
v 0.066341 0.546422 0.448227
v -0.066341 0.546422 0.448227
v 0.052734 0.559703 0.421990
v -0.052734 0.559703 0.421990
v 0.105469 0.581188 0.413396
v -0.105469 0.581188 0.413396
v 0.105534 0.562698 0.441977
v -0.105534 0.562698 0.441977
v 0.105794 0.543818 0.460922
v -0.105794 0.543818 0.460922
v 0.131706 0.533271 0.455714
v -0.131706 0.533271 0.455714
v 0.144922 0.546422 0.434099
v -0.144922 0.546422 0.434099
v 0.158203 0.559703 0.403240
v -0.158203 0.559703 0.403240
v 0.179688 0.507359 0.398943
v -0.179688 0.507359 0.398943
v 0.161198 0.507099 0.430453
v -0.161198 0.507099 0.430453
v 0.142057 0.507294 0.453370
v -0.142057 0.507294 0.453370
v 0.134939 0.507316 0.462702
v -0.134939 0.507316 0.462702
v 0.126845 0.528627 0.464676
v -0.126845 0.528627 0.464676
v 0.105816 0.537524 0.469494
v -0.105816 0.537524 0.469494
v 0.085503 0.528627 0.473162
v -0.085503 0.528627 0.473162
v 0.076953 0.507316 0.473856
v -0.076953 0.507316 0.473856
v 0.085503 0.487003 0.473162
v -0.085503 0.487003 0.473162
v 0.105679 0.507284 0.474123
v -0.105679 0.507284 0.474123
v 0.105816 0.478453 0.469494
v -0.105816 0.478453 0.469494
v 0.126845 0.487003 0.464676
v -0.126845 0.487003 0.464676
v 0.000000 0.564521 0.449203
v 0.000000 0.540349 0.469540
v -0.000000 0.238088 0.449724
v 0.000000 0.343818 0.462224
v 0.000000 0.382880 0.465479
v 0.000000 0.205667 0.442563
v 0.000000 0.568731 0.415610
v 0.000000 0.604294 0.388503
v 0.000000 0.686266 0.086313
v -0.000000 0.586135 0.004933
v -0.000000 0.464391 0.002459
v -0.000000 0.331578 0.141651
v 0.070508 0.382099 0.402914
v -0.070508 0.382099 0.402914
v 0.084310 0.300849 0.397901
v -0.084310 0.300849 0.397901
v 0.094531 0.237828 0.395362
v -0.094531 0.237828 0.395362
v 0.098958 0.184573 0.388396
v -0.098958 0.184573 0.388396
v 0.088086 0.156969 0.386638
v -0.088086 0.156969 0.386638
v 0.050521 0.147073 0.392758
v -0.050521 0.147073 0.392758
v 0.000000 0.143167 0.397250
v 0.126953 0.401500 0.393800
v -0.126953 0.401500 0.393800
v 0.186654 0.433075 0.385336
v -0.186654 0.433075 0.385336
v 0.233138 0.486331 0.376287
v -0.233138 0.486331 0.376287
v 0.241081 0.549026 0.399008
v -0.241081 0.549026 0.399008
v 0.205925 0.577867 0.415870
v -0.205924 0.577867 0.415870
v 0.147526 0.610940 0.432732
v -0.147526 0.610940 0.432732
v 0.096940 0.643492 0.445883
v -0.096940 0.643492 0.445883
v 0.054036 0.633010 0.452133
v -0.054036 0.633010 0.452133
v 0.023893 0.584898 0.451157
v -0.023893 0.584898 0.451156
v 0.050260 0.556187 0.463591
v -0.050260 0.556187 0.463591
v 0.036589 0.527672 0.461573
v -0.036589 0.527672 0.461573
v 0.064779 0.454104 0.453435
v -0.064779 0.454104 0.453435
v 0.111003 0.443492 0.441130
v -0.111003 0.443492 0.441130
v 0.152734 0.458075 0.430518
v -0.152734 0.458076 0.430518
v 0.184766 0.491409 0.424203
v -0.184766 0.491409 0.424203
v 0.191862 0.524482 0.426157
v -0.191862 0.524482 0.426156
v 0.175781 0.547724 0.434425
v -0.175781 0.547724 0.434425
v 0.132747 0.567841 0.448813
v -0.132747 0.567841 0.448813
v 0.073633 0.576760 0.461183
v -0.073633 0.576760 0.461183
v 0.000000 0.212047 0.448292
v 0.034125 0.210719 0.445380
v -0.034125 0.210719 0.445380
v 0.037044 0.183661 0.438461
v -0.037044 0.183661 0.438461
v 0.022005 0.169534 0.434229
v -0.022005 0.169534 0.434229
v 0.000000 0.166083 0.432927
v 0.000000 0.384089 0.458318
v -0.000000 0.394824 0.454057
v 0.028320 0.389911 0.455584
v -0.028320 0.389911 0.455584
v 0.037044 0.367060 0.454086
v -0.037044 0.367060 0.454086
v 0.027375 0.342812 0.452084
v -0.027375 0.342812 0.452084
v 0.117708 0.421747 0.428240
v -0.117708 0.421747 0.428240
v 0.176172 0.449352 0.414177
v -0.176172 0.449352 0.414177
v 0.212500 0.493167 0.408448
v -0.212500 0.493167 0.408448
v 0.219141 0.539065 0.421664
v -0.219141 0.539065 0.421664
v 0.194922 0.563609 0.438982
v -0.194922 0.563609 0.438982
v 0.138737 0.594469 0.456886
v -0.138737 0.594469 0.456886
v 0.095703 0.618232 0.468604
v -0.095703 0.618232 0.468604
v 0.061719 0.609703 0.473683
v -0.061719 0.609703 0.473683
v 0.032292 0.570120 0.472836
v -0.032292 0.570120 0.472836
v 0.045987 0.406152 0.455477
v -0.045987 0.406152 0.455477
v 0.062240 0.295120 0.435727
v -0.062240 0.295120 0.435727
v 0.072070 0.231513 0.431170
v -0.072070 0.231513 0.431170
v 0.075065 0.191018 0.424529
v -0.075065 0.191018 0.424529
v 0.066406 0.165888 0.418344
v -0.066406 0.165888 0.418344
v 0.041471 0.156187 0.417953
v -0.041471 0.156187 0.417953
v -0.000000 0.152932 0.419255
v 0.000000 0.446102 0.452139
v 0.000000 0.497203 0.458058
v 0.099154 0.580276 0.456560
v -0.099154 0.580276 0.456560
v 0.043685 0.473635 0.454802
v -0.043685 0.473635 0.454802
v 0.036133 0.498701 0.457602
v -0.036133 0.498701 0.457602
v 0.034180 0.237112 0.447250
v -0.034180 0.237112 0.447250
v 0.027799 0.295836 0.450505
v -0.027799 0.295836 0.450505
v 0.000000 0.295380 0.452459
v 0.000000 0.333792 0.453630
v 0.024349 0.352737 0.463005
v -0.024349 0.352737 0.463005
v 0.035286 0.368427 0.465414
v -0.035286 0.368427 0.465414
v 0.029167 0.388544 0.463331
v -0.029167 0.388544 0.463331
v 0.012044 0.391474 0.463331
v -0.012044 0.391474 0.463331
v 0.000000 0.373943 0.474724
v 0.014648 0.386559 0.471209
v -0.014648 0.386559 0.471209
v 0.025977 0.384410 0.471209
v -0.025977 0.384410 0.471209
v 0.026823 0.369208 0.473617
v -0.026823 0.369208 0.473617
v 0.020605 0.357359 0.469939
v -0.020605 0.357359 0.469939
v 0.000000 0.353323 0.470037
v 0.072721 0.339391 0.397250
v -0.072721 0.339391 0.397250
v 0.049414 0.364521 0.439373
v -0.049414 0.364521 0.439373
v 0.054167 0.338349 0.435922
v -0.054167 0.338349 0.435922
v 0.065169 0.361461 0.399594
v -0.065169 0.361461 0.399594
v 0.000000 0.172594 0.432276
v 0.014779 0.176044 0.433448
v -0.014779 0.176044 0.433448
v 0.026823 0.189651 0.438331
v -0.026823 0.189651 0.438331
v 0.024154 0.206643 0.442628
v -0.024154 0.206643 0.442628
v 0.000000 0.199156 0.428110
v 0.021745 0.200914 0.428283
v -0.021745 0.200914 0.428283
v 0.025000 0.191637 0.426840
v -0.025000 0.191637 0.426840
v 0.015495 0.183792 0.423010
v -0.015495 0.183792 0.423010
v -0.000000 0.180797 0.422511
v 0.051823 0.500784 0.460076
v -0.051823 0.500784 0.460076
v 0.056966 0.481969 0.458904
v -0.056966 0.481969 0.458904
v 0.101563 0.562503 0.455909
v -0.101563 0.562503 0.455909
v 0.081250 0.560094 0.459034
v -0.081250 0.560094 0.459034
v 0.129297 0.554365 0.452784
v -0.129297 0.554365 0.452784
v 0.163346 0.539521 0.438071
v -0.163346 0.539521 0.438071
v 0.175195 0.519599 0.432341
v -0.175195 0.519599 0.432341
v 0.169466 0.492971 0.432602
v -0.169466 0.492971 0.432602
v 0.143099 0.466604 0.440610
v -0.143099 0.466604 0.440610
v 0.110091 0.456383 0.449203
v -0.110091 0.456383 0.449203
v 0.073112 0.466930 0.457732
v -0.073112 0.466930 0.457732
v 0.053451 0.523831 0.460987
v -0.053451 0.523831 0.460987
v 0.063607 0.546292 0.461052
v -0.063607 0.546292 0.461052
v 0.070703 0.540953 0.456365
v -0.070703 0.540953 0.456365
v 0.060547 0.522984 0.455584
v -0.060547 0.522984 0.455584
v 0.077344 0.472203 0.454021
v -0.077344 0.472203 0.454021
v 0.110156 0.463609 0.446990
v -0.110156 0.463609 0.446990
v 0.138281 0.472594 0.439177
v -0.138281 0.472594 0.439177
v 0.160156 0.496422 0.431755
v -0.160156 0.496422 0.431755
v 0.164844 0.517906 0.430584
v -0.164844 0.517906 0.430584
v 0.154688 0.535094 0.435662
v -0.154688 0.535094 0.435662
v 0.126172 0.549547 0.450115
v -0.126172 0.549547 0.450115
v 0.084766 0.552281 0.457146
v -0.084766 0.552281 0.457146
v 0.101953 0.555016 0.454412
v -0.101953 0.555016 0.454412
v 0.062500 0.486266 0.454021
v -0.062500 0.486266 0.454021
v 0.058984 0.503062 0.454021
v -0.058984 0.503062 0.454021
v 0.040156 0.584984 0.412990
v -0.040156 0.584984 0.412990
v 0.062891 0.624937 0.421599
v -0.062891 0.624937 0.421599
v 0.097266 0.632750 0.416423
v -0.097266 0.632750 0.416423
v 0.133688 0.600531 0.396302
v -0.133688 0.600531 0.396302
v 0.199284 0.574352 0.375375
v -0.199284 0.574352 0.375375
v 0.232747 0.547919 0.361703
v -0.232747 0.547919 0.361703
v 0.230339 0.488740 0.337289
v -0.230339 0.488740 0.337289
v 0.187174 0.434378 0.342107
v -0.187174 0.434378 0.342107
v 0.122688 0.398875 0.360927
v -0.122688 0.398875 0.360927
v 0.000000 0.686917 0.305193
v 0.000000 0.716083 0.202459
v -0.000000 0.383661 0.048292
v 0.000000 0.305797 0.262094
v 0.000000 0.152672 0.365349
v -0.000000 0.200198 0.338266
v 0.000000 0.259833 0.326547
v -0.000000 0.292255 0.308969
v 0.241016 0.501760 0.268149
v -0.241016 0.501760 0.268149
v 0.247641 0.522062 0.213630
v -0.247641 0.522062 0.213630
v 0.227250 0.521453 0.105912
v -0.227250 0.521453 0.105912
v 0.117708 0.566995 0.032341
v -0.117708 0.566995 0.032341
v 0.205781 0.426813 0.250849
v -0.205781 0.426813 0.250849
v 0.187594 0.403562 0.177630
v -0.187594 0.403562 0.177630
v 0.195768 0.437698 0.111248
v -0.195768 0.437698 0.111248
v 0.096137 0.459964 0.030410
v -0.096137 0.459964 0.030410
v 0.071159 0.316865 0.351482
v -0.071159 0.316865 0.351482
v 0.046875 0.305146 0.314438
v -0.046875 0.305146 0.314438
v 0.082813 0.211396 0.351677
v -0.082813 0.211396 0.351677
v 0.075000 0.270250 0.352393
v -0.075000 0.270250 0.352393
v 0.084570 0.168687 0.358806
v -0.084570 0.168687 0.358806
v 0.042839 0.208596 0.341456
v -0.042839 0.208596 0.341456
v 0.040039 0.268102 0.332862
v -0.040039 0.268102 0.332862
v 0.048633 0.158987 0.361573
v -0.048633 0.158987 0.361573
v 0.073156 0.348391 0.347490
v -0.073156 0.348391 0.347490
v 0.074175 0.370576 0.370775
v -0.074175 0.370575 0.370775
v 0.077376 0.382652 0.379444
v -0.077376 0.382652 0.379444
v 0.063734 0.326172 0.273662
v -0.063734 0.326172 0.273662
v 0.079818 0.348700 0.154607
v -0.079818 0.348700 0.154607
v 0.089887 0.395771 0.068691
v -0.089887 0.395771 0.068691
v 0.122721 0.669990 0.104477
v -0.122721 0.669990 0.104477
v 0.122656 0.699872 0.199789
v -0.122656 0.699872 0.199789
v 0.122852 0.672659 0.288136
v -0.122852 0.672659 0.288136
v 0.125716 0.606057 0.352654
v -0.125716 0.606057 0.352654
v 0.224089 0.557359 0.311443
v -0.224089 0.557359 0.311443
v 0.189063 0.584052 0.321339
v -0.189063 0.584052 0.321339
v 0.189844 0.635940 0.255584
v -0.189844 0.635940 0.255584
v 0.231576 0.592255 0.252328
v -0.231576 0.592255 0.252328
v 0.232357 0.605667 0.184620
v -0.232357 0.605667 0.184620
v 0.190625 0.655471 0.180128
v -0.190625 0.655471 0.180128
v 0.189714 0.626500 0.107406
v -0.189714 0.626500 0.107406
v 0.226172 0.590660 0.125896
v -0.226172 0.590660 0.125896
v 0.179492 0.537047 0.064112
v -0.179492 0.537047 0.064112
v 0.144547 0.440031 0.075365
v -0.144547 0.440031 0.075365
v 0.248016 0.541375 0.166755
v -0.248016 0.541375 0.166755
v 0.121578 0.378672 0.277224
v -0.121578 0.378672 0.277224
v 0.132747 0.383792 0.166781
v -0.132747 0.383792 0.166781
v 0.270052 0.551760 0.148292
v -0.270052 0.551760 0.148292
v 0.240039 0.400198 0.168539
v -0.240039 0.400198 0.168539
v 0.310547 0.413219 0.128175
v -0.310547 0.413219 0.128175
v 0.373828 0.457164 0.100896
v -0.373828 0.457164 0.100896
v 0.393164 0.523961 0.098162
v -0.393164 0.523961 0.098162
v 0.363932 0.570771 0.102654
v -0.363932 0.570771 0.102654
v 0.310417 0.570445 0.126482
v -0.310417 0.570445 0.126482
v 0.309310 0.556578 0.135857
v -0.309310 0.556578 0.135857
v 0.353190 0.556578 0.111899
v -0.353190 0.556578 0.111899
v 0.375521 0.517516 0.104542
v -0.375521 0.517516 0.104542
v 0.359180 0.461917 0.108578
v -0.359180 0.461917 0.108578
v 0.309115 0.425849 0.136768
v -0.309115 0.425849 0.136768
v 0.252995 0.415367 0.174399
v -0.252995 0.415367 0.174399
v 0.277409 0.540953 0.155844
v -0.277409 0.540953 0.155844
v 0.283919 0.526630 0.140219
v -0.283919 0.526630 0.140219
v 0.266536 0.427151 0.155714
v -0.266536 0.427151 0.155714
v 0.311263 0.436005 0.122836
v -0.311263 0.436005 0.122836
v 0.353190 0.464716 0.098943
v -0.353190 0.464716 0.098943
v 0.367318 0.508336 0.095167
v -0.367318 0.508336 0.095167
v 0.348828 0.538674 0.100961
v -0.348828 0.538674 0.100961
v 0.310938 0.538935 0.121078
v -0.310938 0.538935 0.121078
v 0.256250 0.520641 0.163526
v -0.256250 0.520641 0.163526
v 0.247917 0.486396 0.147836
v -0.247917 0.486396 0.147836
v 0.233333 0.463740 0.147641
v -0.233333 0.463740 0.147641
v 0.242969 0.455211 0.144158
v -0.242969 0.455211 0.144158
v 0.245247 0.441669 0.147966
v -0.245247 0.441669 0.147966
v 0.244271 0.430406 0.152068
v -0.244271 0.430406 0.152068
v 0.222613 0.446595 0.204195
v -0.222613 0.446595 0.204195
v 0.219859 0.425531 0.178880
v -0.219859 0.425531 0.178880
v 0.224359 0.450516 0.170443
v -0.224359 0.450516 0.170443
v 0.241471 0.494273 0.169776
v -0.241471 0.494273 0.169776
v 0.265234 0.508466 0.147641
v -0.265234 0.508466 0.147641
v 0.271094 0.501565 0.132667
v -0.271094 0.501565 0.132667
v 0.252051 0.432457 0.139373
v -0.252051 0.432457 0.139373
v 0.255990 0.442450 0.134750
v -0.255990 0.442451 0.134750
v 0.249544 0.457750 0.134490
v -0.249544 0.457750 0.134490
v 0.239453 0.466637 0.135955
v -0.239453 0.466637 0.135955
v 0.253906 0.482424 0.134425
v -0.253906 0.482424 0.134425
v 0.315517 0.529842 0.108058
v -0.315517 0.529842 0.108058
v 0.347418 0.529582 0.092693
v -0.347418 0.529582 0.092693
v 0.363281 0.503909 0.089047
v -0.363281 0.503909 0.089047
v 0.349544 0.468102 0.092888
v -0.349544 0.468102 0.092888
v 0.311198 0.443492 0.111443
v -0.311198 0.443492 0.111443
v 0.271224 0.434052 0.139177
v -0.271224 0.434052 0.139177
v 0.289779 0.518167 0.124789
v -0.289779 0.518167 0.124789
v 0.266992 0.468948 0.129542
v -0.266992 0.468948 0.129542
v 0.276237 0.452411 0.129347
v -0.276237 0.452411 0.129347
v 0.300000 0.468492 0.117823
v -0.300000 0.468492 0.117823
v 0.286263 0.486591 0.123878
v -0.286263 0.486591 0.123878
v 0.304232 0.503779 0.117237
v -0.304232 0.503779 0.117237
v 0.321419 0.486917 0.109880
v -0.321419 0.486917 0.109880
v 0.337402 0.501500 0.104607
v -0.337402 0.501500 0.104607
v 0.326259 0.516626 0.107341
v -0.326259 0.516626 0.107341
v 0.310742 0.541083 0.093604
v -0.310742 0.541083 0.093604
v 0.370616 0.548245 0.076525
v -0.370616 0.548245 0.076525
v 0.397331 0.520348 0.080160
v -0.397331 0.520348 0.080160
v 0.378950 0.473831 0.077502
v -0.378950 0.473831 0.077502
v 0.312044 0.438089 0.094906
v -0.312044 0.438089 0.094906
v 0.244206 0.426565 0.125440
v -0.244206 0.426565 0.125440
v 0.259831 0.524091 0.116130
v -0.259831 0.524091 0.116130
v 0.155772 0.507120 0.437403
v 0.150407 0.507172 0.443670
v 0.145652 0.507236 0.449057
v 0.141383 0.500312 0.453535
v 0.139396 0.493671 0.454005
v 0.136152 0.487592 0.454743
v 0.134146 0.479602 0.451659
v 0.137411 0.476036 0.446616
v 0.141127 0.472068 0.440717
v 0.151805 0.476502 0.432596
v 0.156917 0.486022 0.431446
v 0.160101 0.496347 0.430712
v -0.160101 0.496347 0.430712
v -0.156917 0.486022 0.431446
v -0.151805 0.476502 0.432596
v -0.141127 0.472068 0.440717
v -0.137411 0.476036 0.446615
v -0.134146 0.479602 0.451659
v -0.136152 0.487592 0.454743
v -0.139396 0.493671 0.454005
v -0.141383 0.500312 0.453535
v -0.145652 0.507236 0.449057
v -0.150407 0.507172 0.443670
v -0.155772 0.507120 0.437403
v 0.175370 0.507264 0.407126
v 0.170931 0.507180 0.415186
v 0.166248 0.507121 0.423003
v 0.148499 0.464702 0.426897
v 0.151855 0.461640 0.419255
v 0.155066 0.458847 0.411321
v 0.167328 0.467095 0.401415
v 0.174072 0.479576 0.400066
v 0.178253 0.493157 0.399230
v -0.178253 0.493157 0.399230
v -0.174072 0.479576 0.400066
v -0.167328 0.467095 0.401415
v -0.155066 0.458847 0.411321
v -0.151855 0.461640 0.419255
v -0.148499 0.464702 0.426897
v -0.166248 0.507121 0.423003
v -0.170931 0.507180 0.415186
v -0.175370 0.507264 0.407126
v 0.136470 0.461359 0.435889
v 0.126815 0.456285 0.437867
v 0.116367 0.453115 0.439931
v 0.105496 0.447105 0.435451
v 0.105477 0.442776 0.428394
v 0.105470 0.438837 0.420984
v 0.120026 0.436522 0.410711
v 0.134033 0.440660 0.408025
v 0.146942 0.447289 0.405486
v -0.146942 0.447289 0.405486
v -0.134033 0.440660 0.408025
v -0.120026 0.436522 0.410711
v -0.105470 0.438837 0.420984
v -0.105477 0.442776 0.428394
v -0.105496 0.447105 0.435451
v -0.116367 0.453115 0.439931
v -0.126815 0.456285 0.437867
v -0.136470 0.461359 0.435889
v 0.126156 0.477978 0.456876
v 0.119775 0.474767 0.458172
v 0.112882 0.472764 0.459541
v 0.105735 0.468281 0.457312
v 0.105664 0.463219 0.452939
v 0.105593 0.457571 0.447821
v -0.105593 0.457571 0.447821
v -0.105664 0.463219 0.452939
v -0.105735 0.468281 0.457312
v -0.112883 0.472764 0.459541
v -0.119775 0.474767 0.458171
v -0.126156 0.477978 0.456876
v 0.098812 0.472764 0.462254
v 0.092171 0.474767 0.463469
v 0.086092 0.477978 0.464502
v 0.078097 0.479602 0.461996
v 0.074495 0.476036 0.458074
v 0.070431 0.472068 0.453492
v 0.074736 0.461359 0.447104
v 0.084326 0.456285 0.445639
v 0.094722 0.453115 0.443906
v -0.094722 0.453115 0.443906
v -0.084326 0.456285 0.445639
v -0.074736 0.461359 0.447104
v -0.070431 0.472068 0.453492
v -0.074495 0.476036 0.458074
v -0.078097 0.479602 0.461996
v -0.086092 0.477978 0.464502
v -0.092171 0.474767 0.463469
v -0.098812 0.472764 0.462254
v 0.062576 0.464702 0.442287
v 0.059123 0.461640 0.435816
v 0.055877 0.458847 0.428992
v 0.063995 0.447289 0.420317
v 0.076904 0.440660 0.418279
v 0.090912 0.436522 0.415947
v -0.090912 0.436522 0.415947
v -0.076904 0.440660 0.418279
v -0.063995 0.447289 0.420318
v -0.055877 0.458847 0.428992
v -0.059123 0.461640 0.435816
v -0.062576 0.464702 0.442287
v 0.059496 0.476502 0.448962
v 0.054403 0.486021 0.449374
v 0.051226 0.496347 0.449554
v 0.044855 0.507121 0.443932
v 0.040055 0.507180 0.437794
v 0.035573 0.507264 0.431338
v 0.032684 0.493157 0.424572
v 0.036865 0.479576 0.424089
v 0.043610 0.467095 0.423241
v -0.043610 0.467095 0.423241
v -0.036865 0.479576 0.424089
v -0.032684 0.493157 0.424572
v -0.035573 0.507264 0.431338
v -0.040055 0.507180 0.437794
v -0.044855 0.507121 0.443932
v -0.051226 0.496347 0.449554
v -0.054403 0.486021 0.449374
v -0.059496 0.476502 0.448962
v 0.076478 0.487592 0.465773
v 0.073267 0.493671 0.466025
v 0.071264 0.500312 0.466117
v 0.066775 0.507236 0.462906
v 0.061670 0.507172 0.459083
v 0.055906 0.507120 0.454650
v -0.055906 0.507120 0.454650
v -0.061670 0.507172 0.459083
v -0.066775 0.507236 0.462906
v -0.071264 0.500312 0.466117
v -0.073267 0.493671 0.466025
v -0.076478 0.487592 0.465773
v 0.071264 0.514383 0.466117
v 0.073267 0.521284 0.466025
v 0.076478 0.527683 0.465773
v 0.078097 0.535674 0.461996
v 0.074495 0.538919 0.458074
v 0.070431 0.542628 0.453492
v 0.059496 0.537971 0.448962
v 0.054403 0.528323 0.449374
v 0.051226 0.517894 0.449554
v -0.051226 0.517894 0.449554
v -0.054403 0.528323 0.449374
v -0.059496 0.537971 0.448962
v -0.070431 0.542628 0.453492
v -0.074495 0.538919 0.458074
v -0.078097 0.535674 0.461996
v -0.076478 0.527683 0.465773
v -0.073267 0.521284 0.466025
v -0.071264 0.514383 0.466117
v 0.062576 0.549999 0.442287
v 0.059123 0.553355 0.435816
v 0.055877 0.556566 0.428992
v 0.043610 0.548448 0.423241
v 0.036865 0.535582 0.424089
v 0.032684 0.521690 0.424572
v -0.032684 0.521690 0.424572
v -0.036865 0.535582 0.424089
v -0.043610 0.548448 0.423241
v -0.055877 0.556566 0.428992
v -0.059123 0.553356 0.435816
v -0.062576 0.549999 0.442287
v 0.074736 0.553305 0.447104
v 0.084326 0.558417 0.445639
v 0.094723 0.561601 0.443906
v 0.105496 0.567748 0.435451
v 0.105477 0.572431 0.428394
v 0.105470 0.576870 0.420984
v 0.090912 0.579753 0.415947
v 0.076904 0.575572 0.418279
v 0.063995 0.568828 0.420318
v -0.063995 0.568828 0.420317
v -0.076904 0.575572 0.418279
v -0.090912 0.579753 0.415947
v -0.105470 0.576870 0.420984
v -0.105477 0.572431 0.428394
v -0.105496 0.567748 0.435451
v -0.094723 0.561601 0.443906
v -0.084326 0.558417 0.445639
v -0.074736 0.553305 0.447104
v 0.086092 0.537775 0.464502
v 0.092171 0.541083 0.463469
v 0.098812 0.543122 0.462254
v 0.105735 0.547262 0.457312
v 0.105664 0.551939 0.452939
v 0.105593 0.557276 0.447821
v -0.105593 0.557276 0.447821
v -0.105664 0.551939 0.452939
v -0.105735 0.547262 0.457312
v -0.098812 0.543122 0.462254
v -0.092171 0.541083 0.463469
v -0.086092 0.537775 0.464502
v 0.112882 0.543122 0.459541
v 0.119775 0.541083 0.458172
v 0.126156 0.537775 0.456875
v 0.134146 0.535674 0.451659
v 0.137411 0.538919 0.446616
v 0.141127 0.542628 0.440717
v 0.136470 0.553305 0.435889
v 0.126815 0.558417 0.437867
v 0.116367 0.561601 0.439931
v -0.116367 0.561601 0.439931
v -0.126815 0.558417 0.437867
v -0.136470 0.553305 0.435889
v -0.141127 0.542628 0.440717
v -0.137411 0.538919 0.446615
v -0.134146 0.535674 0.451659
v -0.126156 0.537775 0.456875
v -0.119775 0.541083 0.458171
v -0.112883 0.543122 0.459541
v 0.148499 0.549999 0.426897
v 0.151855 0.553355 0.419255
v 0.155066 0.556566 0.411321
v 0.146942 0.568828 0.405486
v 0.134033 0.575572 0.408025
v 0.120026 0.579753 0.410711
v -0.120026 0.579753 0.410711
v -0.134033 0.575572 0.408025
v -0.146942 0.568828 0.405486
v -0.155066 0.556566 0.411321
v -0.151855 0.553355 0.419255
v -0.148499 0.549999 0.426897
v 0.151805 0.537971 0.432596
v 0.156917 0.528323 0.431446
v 0.160101 0.517894 0.430712
v 0.178253 0.521690 0.399230
v 0.174072 0.535582 0.400066
v 0.167328 0.548448 0.401415
v -0.167328 0.548448 0.401415
v -0.174072 0.535582 0.400066
v -0.178253 0.521690 0.399230
v -0.160101 0.517894 0.430712
v -0.156917 0.528323 0.431446
v -0.151805 0.537971 0.432596
v 0.136152 0.527683 0.454743
v 0.139396 0.521284 0.454005
v 0.141383 0.514384 0.453535
v -0.141383 0.514383 0.453535
v -0.139396 0.521284 0.454005
v -0.136152 0.527683 0.454743
v 0.137260 0.507340 0.460749
v 0.138628 0.507346 0.458833
v 0.139932 0.507331 0.456519
v 0.130293 0.531916 0.458729
v 0.129438 0.531128 0.460984
v 0.128501 0.530250 0.462846
v 0.130578 0.524032 0.463739
v 0.133255 0.518883 0.463052
v 0.134598 0.513213 0.462754
v -0.134598 0.513213 0.462754
v -0.133255 0.518883 0.463052
v -0.130578 0.524031 0.463739
v -0.128501 0.530250 0.462846
v -0.129438 0.531128 0.460984
v -0.130293 0.531917 0.458729
v -0.139932 0.507331 0.456519
v -0.138628 0.507346 0.458833
v -0.137260 0.507340 0.460749
v 0.105831 0.541925 0.463784
v 0.105846 0.540883 0.466046
v 0.105840 0.539734 0.467889
v 0.111709 0.537103 0.468174
v 0.117348 0.535555 0.466857
v 0.122412 0.532610 0.465704
v -0.122412 0.532610 0.465704
v -0.117348 0.535555 0.466857
v -0.111709 0.537103 0.468174
v -0.105840 0.539734 0.467889
v -0.105846 0.540883 0.466046
v -0.105831 0.541925 0.463784
v 0.082333 0.531917 0.467971
v 0.083190 0.531128 0.470126
v 0.084026 0.530250 0.471830
v 0.089802 0.532610 0.472509
v 0.094629 0.535555 0.471651
v 0.100031 0.537103 0.470653
v -0.100031 0.537103 0.470653
v -0.094629 0.535555 0.471651
v -0.089802 0.532610 0.472509
v -0.084026 0.530250 0.471830
v -0.083190 0.531128 0.470126
v -0.082333 0.531917 0.467971
v 0.072687 0.507331 0.468778
v 0.073812 0.507346 0.470905
v 0.074913 0.507340 0.472576
v 0.077380 0.513213 0.473834
v 0.078901 0.518883 0.473748
v 0.081732 0.524031 0.473552
v -0.081732 0.524031 0.473552
v -0.078901 0.518883 0.473748
v -0.077380 0.513213 0.473834
v -0.074913 0.507340 0.472576
v -0.073812 0.507346 0.470905
v -0.072687 0.507331 0.468778
v 0.082333 0.483833 0.467971
v 0.083190 0.484690 0.470126
v 0.084026 0.485526 0.471830
v 0.081732 0.491302 0.473552
v 0.078901 0.496129 0.473748
v 0.077380 0.501531 0.473834
v -0.077380 0.501531 0.473834
v -0.078901 0.496129 0.473748
v -0.081732 0.491302 0.473552
v -0.084026 0.485526 0.471830
v -0.083190 0.484690 0.470126
v -0.082333 0.483833 0.467971
v 0.105831 0.474187 0.463784
v 0.105846 0.475312 0.466046
v 0.105840 0.476413 0.467889
v 0.100031 0.478880 0.470653
v 0.094629 0.480401 0.471651
v 0.089802 0.483232 0.472509
v -0.089802 0.483232 0.472509
v -0.094629 0.480401 0.471651
v -0.100031 0.478880 0.470653
v -0.105840 0.476413 0.467889
v -0.105846 0.475312 0.466046
v -0.105831 0.474187 0.463784
v 0.130293 0.483833 0.458729
v 0.129438 0.484690 0.460984
v 0.128501 0.485526 0.462846
v 0.122412 0.483232 0.465704
v 0.117348 0.480401 0.466857
v 0.111709 0.478880 0.468174
v -0.111709 0.478880 0.468174
v -0.117348 0.480401 0.466857
v -0.122412 0.483232 0.465704
v -0.128501 0.485526 0.462846
v -0.129438 0.484690 0.460984
v -0.130293 0.483833 0.458729
v 0.134598 0.501531 0.462754
v 0.133255 0.496129 0.463052
v 0.130578 0.491302 0.463739
v -0.130578 0.491302 0.463739
v -0.133255 0.496129 0.463052
v -0.134598 0.501531 0.462754
v 0.130957 0.507280 0.465026
v 0.125312 0.507255 0.467660
v 0.117949 0.507260 0.470508
v 0.114461 0.498618 0.471366
v 0.119835 0.493507 0.469019
v 0.123956 0.489656 0.466755
v -0.117949 0.507260 0.470508
v -0.125312 0.507255 0.467660
v -0.130957 0.507280 0.465026
v -0.123956 0.489656 0.466755
v -0.119835 0.493507 0.469019
v -0.114461 0.498618 0.471366
v 0.105718 0.495016 0.473380
v 0.105743 0.487713 0.472318
v 0.105778 0.482211 0.470993
v -0.105778 0.482211 0.470993
v -0.105743 0.487713 0.472318
v -0.105718 0.495016 0.473380
v 0.097092 0.498618 0.474950
v 0.092000 0.493507 0.474800
v 0.088155 0.489656 0.474172
v -0.088155 0.489656 0.474172
v -0.092000 0.493507 0.474800
v -0.097092 0.498618 0.474950
v 0.093491 0.507260 0.475363
v 0.086206 0.507255 0.475326
v 0.080710 0.507280 0.474789
v -0.080710 0.507280 0.474789
v -0.086206 0.507255 0.475326
v -0.093491 0.507260 0.475363
v 0.097092 0.516183 0.474950
v 0.092000 0.521594 0.474800
v 0.088155 0.525738 0.474172
v -0.088155 0.525738 0.474172
v -0.092000 0.521594 0.474800
v -0.097092 0.516183 0.474950
v 0.105718 0.519950 0.473380
v 0.105743 0.527638 0.472318
v 0.105778 0.533489 0.470993
v -0.105778 0.533489 0.470993
v -0.105743 0.527638 0.472318
v -0.105718 0.519950 0.473380
v 0.114461 0.516183 0.471366
v 0.119835 0.521594 0.469019
v 0.123956 0.525738 0.466755
v -0.123956 0.525738 0.466755
v -0.119835 0.521594 0.469019
v -0.114461 0.516183 0.471366
v 0.013057 0.143484 0.396887
v 0.025944 0.144339 0.395907
v 0.038489 0.145584 0.394476
v 0.049574 0.148186 0.399890
v 0.047827 0.150214 0.406405
v 0.045165 0.152951 0.412396
v 0.032236 0.154910 0.418377
v 0.022030 0.153876 0.418800
v 0.011177 0.153185 0.419125
v -0.000000 0.149667 0.414590
v -0.000000 0.146829 0.409474
v 0.000000 0.144601 0.403746
v -0.011177 0.153185 0.419125
v -0.022030 0.153876 0.418800
v -0.032236 0.154910 0.418377
v -0.045165 0.152951 0.412396
v -0.047827 0.150214 0.406405
v -0.049574 0.148186 0.399890
v -0.038489 0.145584 0.394476
v -0.025944 0.144339 0.395907
v -0.013057 0.143484 0.396887
v 0.061838 0.148729 0.390923
v 0.072111 0.150751 0.389161
v 0.080980 0.153408 0.387668
v 0.084726 0.157218 0.395282
v 0.079810 0.158963 0.403492
v 0.073611 0.161940 0.411202
v 0.061878 0.162239 0.417715
v 0.056258 0.159597 0.417514
v 0.049478 0.157676 0.417630
v -0.049478 0.157676 0.417630
v -0.056258 0.159597 0.417514
v -0.061878 0.162239 0.417715
v -0.073611 0.161940 0.411202
v -0.079810 0.158963 0.403492
v -0.084726 0.157218 0.395282
v -0.080980 0.153408 0.387668
v -0.072111 0.150751 0.389161
v -0.061838 0.148729 0.390923
v 0.093181 0.161685 0.386226
v 0.096476 0.167743 0.386419
v 0.098294 0.175316 0.387160
v 0.096296 0.182385 0.398500
v 0.091040 0.183279 0.408001
v 0.083770 0.186431 0.416732
v 0.074161 0.183521 0.422711
v 0.072469 0.176695 0.420973
v 0.069911 0.170748 0.419466
v -0.069911 0.170748 0.419466
v -0.072469 0.176695 0.420973
v -0.074161 0.183521 0.422711
v -0.083770 0.186431 0.416732
v -0.091040 0.183279 0.408001
v -0.096296 0.182385 0.398500
v -0.098294 0.175316 0.387160
v -0.096476 0.167743 0.386419
v -0.093181 0.161685 0.386226
v 0.098761 0.195622 0.390043
v 0.097868 0.208320 0.391904
v 0.096413 0.222457 0.393752
v 0.092532 0.233042 0.405974
v 0.087622 0.230886 0.415561
v 0.080551 0.230623 0.424000
v 0.073710 0.218814 0.429619
v 0.074788 0.208189 0.427996
v 0.075256 0.199103 0.426299
v -0.075256 0.199103 0.426299
v -0.074788 0.208189 0.427996
v -0.073710 0.218814 0.429619
v -0.080551 0.230623 0.424000
v -0.087622 0.230886 0.415561
v -0.092532 0.233042 0.405974
v -0.096413 0.222457 0.393752
v -0.097868 0.208320 0.391904
v -0.098761 0.195622 0.390043
v 0.092339 0.254120 0.396555
v 0.089884 0.270608 0.397340
v 0.087198 0.286461 0.397770
v 0.081969 0.297811 0.408874
v 0.077059 0.296080 0.419085
v 0.070257 0.295301 0.428159
v 0.064847 0.279551 0.434996
v 0.067472 0.262950 0.433936
v 0.069939 0.246533 0.432632
v -0.069939 0.246533 0.432632
v -0.067472 0.262950 0.433937
v -0.064847 0.279551 0.434996
v -0.070257 0.295301 0.428159
v -0.077059 0.296080 0.419085
v -0.081969 0.297811 0.408874
v -0.087198 0.286461 0.397770
v -0.089884 0.270608 0.397340
v -0.092339 0.254120 0.396556
v 0.056235 0.395911 0.442011
v 0.062621 0.389525 0.428149
v 0.067306 0.384944 0.414717
v 0.080746 0.386742 0.401454
v 0.094556 0.391311 0.399089
v 0.110452 0.396125 0.396359
v 0.125197 0.404581 0.402706
v 0.122868 0.409451 0.412070
v 0.120270 0.415407 0.420909
v 0.100511 0.417604 0.434100
v 0.082864 0.414139 0.440844
v 0.065183 0.410819 0.448025
v -0.065183 0.410819 0.448025
v -0.082864 0.414139 0.440844
v -0.100511 0.417604 0.434100
v -0.120270 0.415407 0.420909
v -0.122868 0.409451 0.412070
v -0.125197 0.404581 0.402706
v -0.110452 0.396125 0.396359
v -0.094556 0.391311 0.399089
v -0.080746 0.386742 0.401454
v -0.067306 0.384944 0.414717
v -0.062621 0.389525 0.428149
v -0.056235 0.395910 0.442011
v 0.142846 0.407725 0.391782
v 0.158000 0.414968 0.390007
v 0.172556 0.423372 0.388014
v 0.185904 0.435985 0.393258
v 0.183927 0.440286 0.400904
v 0.180694 0.445051 0.407977
v 0.163320 0.440772 0.416869
v 0.149235 0.433303 0.419890
v 0.134003 0.426958 0.423571
v -0.134003 0.426958 0.423571
v -0.149235 0.433303 0.419890
v -0.163320 0.440772 0.416869
v -0.180694 0.445051 0.407977
v -0.183927 0.440286 0.400904
v -0.185904 0.435985 0.393258
v -0.172556 0.423372 0.388014
v -0.158000 0.414968 0.390007
v -0.142846 0.407725 0.391782
v 0.200307 0.444198 0.381789
v 0.213021 0.456773 0.378297
v 0.224172 0.470814 0.376062
v 0.230490 0.487884 0.384754
v 0.225773 0.489920 0.393344
v 0.219579 0.491870 0.401445
v 0.206036 0.481056 0.408300
v 0.197705 0.469623 0.409506
v 0.187689 0.459008 0.411616
v -0.187689 0.459008 0.411616
v -0.197705 0.469623 0.409506
v -0.206036 0.481056 0.408300
v -0.219579 0.491870 0.401445
v -0.225773 0.489920 0.393344
v -0.230490 0.487884 0.384754
v -0.224172 0.470814 0.376062
v -0.213021 0.456773 0.378297
v -0.200307 0.444198 0.381789
v 0.239396 0.503112 0.379755
v 0.242822 0.520047 0.385572
v 0.243392 0.535797 0.392427
v 0.238138 0.547735 0.406375
v 0.233016 0.545535 0.412778
v 0.226441 0.542590 0.417959
v 0.220172 0.529412 0.417338
v 0.219482 0.518045 0.413372
v 0.216962 0.505712 0.410248
v -0.216962 0.505712 0.410248
v -0.219482 0.518045 0.413372
v -0.220172 0.529412 0.417338
v -0.226441 0.542590 0.417959
v -0.233016 0.545535 0.412778
v -0.238138 0.547735 0.406375
v -0.243392 0.535797 0.392427
v -0.242822 0.520047 0.385572
v -0.239396 0.503112 0.379754
v 0.235917 0.558833 0.404307
v 0.228141 0.566059 0.408538
v 0.218046 0.571978 0.412219
v 0.204800 0.575813 0.424031
v 0.202450 0.572423 0.430966
v 0.199086 0.568190 0.436131
v 0.204675 0.557861 0.434537
v 0.211719 0.552485 0.430226
v 0.216418 0.546535 0.425963
v -0.216418 0.546535 0.425963
v -0.211719 0.552485 0.430225
v -0.204675 0.557861 0.434537
v -0.199086 0.568190 0.436131
v -0.202450 0.572423 0.430966
v -0.204800 0.575813 0.424031
v -0.218046 0.571978 0.412219
v -0.228141 0.566059 0.408538
v -0.235917 0.558833 0.404307
v 0.192140 0.584756 0.419887
v 0.177336 0.592695 0.424179
v 0.162226 0.601488 0.428532
v 0.145851 0.609181 0.441386
v 0.143595 0.605610 0.448788
v 0.141108 0.600585 0.454201
v 0.153018 0.586314 0.452742
v 0.167977 0.578160 0.448251
v 0.182362 0.570445 0.443601
v -0.182362 0.570445 0.443601
v -0.167977 0.578160 0.448251
v -0.153018 0.586314 0.452742
v -0.141108 0.600586 0.454201
v -0.143595 0.605610 0.448788
v -0.145851 0.609181 0.441386
v -0.162226 0.601488 0.428532
v -0.177336 0.592695 0.424179
v -0.192140 0.584756 0.419887
v 0.133790 0.620732 0.436600
v 0.120939 0.630048 0.440089
v 0.108735 0.637948 0.443187
v 0.096207 0.640498 0.454441
v 0.095711 0.634915 0.461565
v 0.095521 0.627306 0.466528
v 0.105000 0.614510 0.466352
v 0.114998 0.609011 0.463673
v 0.126108 0.602183 0.460530
v -0.126108 0.602183 0.460529
v -0.114998 0.609011 0.463673
v -0.105000 0.614510 0.466352
v -0.095521 0.627306 0.466528
v -0.095711 0.634915 0.461565
v -0.096207 0.640497 0.454441
v -0.108735 0.637948 0.443187
v -0.120939 0.630048 0.440089
v -0.133790 0.620732 0.436600
v 0.085393 0.645892 0.448160
v 0.074243 0.644965 0.449985
v 0.063716 0.640682 0.451321
v 0.054669 0.630028 0.460435
v 0.056364 0.624775 0.467229
v 0.058816 0.617813 0.471863
v 0.069775 0.615659 0.472999
v 0.078125 0.618972 0.471925
v 0.086768 0.619783 0.470460
v -0.086768 0.619783 0.470460
v -0.078125 0.618972 0.471925
v -0.069775 0.615659 0.472999
v -0.058816 0.617813 0.471863
v -0.056364 0.624775 0.467229
v -0.054669 0.630028 0.460435
v -0.063716 0.640682 0.451321
v -0.074243 0.644965 0.449985
v -0.085393 0.645892 0.448160
v 0.045362 0.622188 0.452411
v 0.037573 0.609516 0.452255
v 0.030480 0.596563 0.451794
v 0.024391 0.582598 0.459296
v 0.026066 0.578950 0.465976
v 0.028755 0.574580 0.470666
v 0.039252 0.580260 0.473527
v 0.046468 0.590986 0.473919
v 0.053953 0.601174 0.473981
v -0.053953 0.601174 0.473981
v -0.046468 0.590986 0.473919
v -0.039252 0.580260 0.473527
v -0.028755 0.574580 0.470666
v -0.026066 0.578950 0.465976
v -0.024391 0.582598 0.459296
v -0.030480 0.596563 0.451794
v -0.037573 0.609516 0.452255
v -0.045362 0.622188 0.452411
v 0.017642 0.575809 0.450467
v 0.011629 0.569461 0.449838
v 0.005775 0.565736 0.449380
v -0.000000 0.561845 0.457002
v -0.000000 0.557372 0.463351
v -0.000000 0.550997 0.467835
v 0.010964 0.547479 0.470149
v 0.018583 0.554044 0.470944
v 0.025512 0.561433 0.471910
v -0.025512 0.561433 0.471910
v -0.018583 0.554044 0.470944
v -0.010964 0.547479 0.470149
v -0.005775 0.565736 0.449380
v -0.011629 0.569461 0.449838
v -0.017642 0.575809 0.450467
v 0.036491 0.566075 0.472234
v 0.041081 0.562470 0.469727
v 0.045768 0.559207 0.466464
v 0.055551 0.562478 0.463371
v 0.061336 0.568134 0.462851
v 0.067427 0.572960 0.462099
v 0.070883 0.583995 0.464765
v 0.067896 0.592255 0.468946
v 0.064798 0.601004 0.472370
v -0.064798 0.601004 0.472370
v -0.067896 0.592255 0.468946
v -0.070883 0.583995 0.464765
v -0.067427 0.572960 0.462099
v -0.061336 0.568134 0.462851
v -0.055551 0.562478 0.463371
v -0.045768 0.559207 0.466464
v -0.041081 0.562470 0.469727
v -0.036491 0.566075 0.472234
v 0.079818 0.579379 0.460158
v 0.086051 0.580813 0.459042
v 0.092456 0.581100 0.457841
v 0.098166 0.588578 0.459971
v 0.097160 0.598155 0.464072
v 0.096288 0.608282 0.467427
v -0.096288 0.608282 0.467427
v -0.097160 0.598155 0.464072
v -0.098166 0.588578 0.459971
v -0.092456 0.581100 0.457841
v -0.086051 0.580813 0.459042
v -0.079818 0.579379 0.460158
v 0.106289 0.578397 0.455176
v 0.114095 0.575597 0.453541
v 0.122829 0.572027 0.451479
v 0.133848 0.573824 0.450990
v 0.135156 0.580593 0.454021
v 0.136757 0.587644 0.456467
v -0.136757 0.587644 0.456467
v -0.135156 0.580593 0.454021
v -0.133848 0.573824 0.450990
v -0.122829 0.572027 0.451479
v -0.114095 0.575597 0.453541
v -0.106289 0.578397 0.455176
v 0.143893 0.563187 0.445457
v 0.155461 0.558198 0.441692
v 0.166430 0.553000 0.437891
v 0.180292 0.551048 0.435833
v 0.185205 0.554885 0.437826
v 0.190192 0.559113 0.439259
v -0.190192 0.559113 0.439259
v -0.185205 0.554885 0.437826
v -0.180292 0.551048 0.435833
v -0.166430 0.553000 0.437891
v -0.155461 0.558198 0.441692
v -0.143893 0.563187 0.445457
v 0.182734 0.542435 0.431586
v 0.187459 0.536957 0.429338
v 0.190366 0.531052 0.427567
v 0.197891 0.527511 0.425390
v 0.204598 0.531187 0.424814
v 0.211756 0.535157 0.423785
v -0.211756 0.535157 0.423785
v -0.204598 0.531188 0.424814
v -0.197891 0.527511 0.425391
v -0.190366 0.531052 0.427567
v -0.187459 0.536957 0.429338
v -0.182734 0.542435 0.431586
v 0.192245 0.517080 0.425027
v 0.191366 0.508971 0.424252
v 0.188960 0.500348 0.423941
v 0.190857 0.492077 0.421375
v 0.197754 0.492898 0.418084
v 0.205090 0.493414 0.413913
v -0.205090 0.493414 0.413913
v -0.197754 0.492898 0.418084
v -0.190857 0.492077 0.421375
v -0.188960 0.500348 0.423941
v -0.191366 0.508971 0.424252
v -0.192245 0.517080 0.425027
v 0.178644 0.482374 0.425108
v 0.170947 0.473570 0.426555
v 0.162152 0.465353 0.428406
v 0.158008 0.456401 0.427187
v 0.164160 0.454690 0.423544
v 0.170459 0.452491 0.419303
v -0.170459 0.452491 0.419303
v -0.164160 0.454690 0.423544
v -0.158008 0.456401 0.427187
v -0.162152 0.465353 0.428406
v -0.170947 0.473570 0.426555
v -0.178644 0.482374 0.425108
v 0.143055 0.452062 0.432790
v 0.133016 0.447512 0.435263
v 0.122403 0.444599 0.438017
v 0.112060 0.438831 0.439080
v 0.113550 0.433596 0.436736
v 0.115443 0.427873 0.433367
v -0.115443 0.427873 0.433367
v -0.113550 0.433596 0.436736
v -0.112060 0.438831 0.439080
v -0.122403 0.444599 0.438017
v -0.133016 0.447512 0.435263
v -0.143055 0.452062 0.432790
v 0.098781 0.444262 0.444600
v 0.086426 0.446577 0.448088
v 0.074803 0.450002 0.451174
v 0.060754 0.446225 0.454056
v 0.056066 0.435989 0.455326
v 0.051095 0.423441 0.456404
v -0.051095 0.423441 0.456404
v -0.056066 0.435989 0.455326
v -0.060754 0.446225 0.454056
v -0.074803 0.450002 0.451174
v -0.086426 0.446577 0.448088
v -0.098781 0.444262 0.444600
v 0.056997 0.458529 0.454592
v 0.051204 0.463235 0.454924
v 0.046926 0.468258 0.454854
v 0.036219 0.468826 0.453911
v 0.026782 0.462793 0.453238
v 0.015470 0.455715 0.452599
v 0.014015 0.435861 0.454036
v 0.024018 0.427162 0.456516
v 0.033679 0.417985 0.458172
v -0.033679 0.417985 0.458172
v -0.024018 0.427161 0.456516
v -0.014015 0.435861 0.454036
v -0.015470 0.455715 0.452599
v -0.026782 0.462793 0.453238
v -0.036219 0.468826 0.453911
v -0.046926 0.468258 0.454854
v -0.051204 0.463235 0.454924
v -0.056997 0.458529 0.454592
v 0.038725 0.535075 0.462392
v 0.041764 0.542369 0.463046
v 0.045634 0.549443 0.463468
v 0.012435 0.535162 0.467993
v 0.021708 0.532006 0.465703
v 0.029736 0.529569 0.463347
v -0.029736 0.529569 0.463347
v -0.021708 0.532006 0.465703
v -0.012435 0.535162 0.467993
v -0.045634 0.549443 0.463468
v -0.041764 0.542369 0.463046
v -0.038725 0.535075 0.462392
v 0.035316 0.505708 0.458634
v 0.035018 0.512918 0.459661
v 0.035391 0.520261 0.460651
v -0.000000 0.527077 0.466540
v 0.000000 0.516666 0.463530
v 0.000000 0.506850 0.460695
v 0.010178 0.497336 0.457904
v 0.019897 0.497683 0.457610
v 0.028702 0.498164 0.457426
v -0.028702 0.498164 0.457426
v -0.019897 0.497683 0.457610
v -0.010178 0.497336 0.457904
v -0.035391 0.520261 0.460651
v -0.035018 0.512918 0.459661
v -0.035316 0.505708 0.458634
v 0.000000 0.487353 0.455651
v 0.000000 0.476705 0.453649
v -0.000000 0.464373 0.452295
v 0.041077 0.479392 0.455102
v 0.038981 0.485509 0.455738
v 0.037349 0.491955 0.456606
v -0.037349 0.491955 0.456606
v -0.038981 0.485509 0.455738
v -0.041077 0.479392 0.455103
v 0.036754 0.159710 0.423115
v 0.031519 0.163276 0.427703
v 0.026393 0.166634 0.431485
v 0.016846 0.167924 0.433641
v 0.011393 0.166856 0.433237
v 0.005745 0.166265 0.433003
v 0.000000 0.163241 0.430590
v 0.000000 0.159947 0.427410
v 0.000000 0.156434 0.423571
v -0.005745 0.166265 0.433003
v -0.011393 0.166856 0.433237
v -0.016846 0.167923 0.433641
v -0.026393 0.166634 0.431485
v -0.031519 0.163276 0.427703
v -0.036754 0.159710 0.423115
v 0.058532 0.170505 0.424829
v 0.050578 0.175336 0.430478
v 0.043198 0.179886 0.435089
v 0.034447 0.178680 0.437132
v 0.030965 0.174767 0.435979
v 0.026763 0.171769 0.435010
v -0.026763 0.171769 0.435010
v -0.030965 0.174767 0.435979
v -0.034447 0.178680 0.437132
v -0.043198 0.179886 0.435089
v -0.050578 0.175336 0.430478
v -0.058532 0.170505 0.424829
v 0.065469 0.196273 0.431262
v 0.055378 0.201659 0.436938
v 0.045099 0.206670 0.441599
v 0.037720 0.203587 0.443359
v 0.038894 0.196560 0.441597
v 0.038588 0.189754 0.439958
v -0.038588 0.189754 0.439958
v -0.038894 0.196560 0.441597
v -0.037720 0.203587 0.443359
v -0.045099 0.206670 0.441599
v -0.055378 0.201658 0.436938
v -0.065469 0.196273 0.431262
v 0.053627 0.295222 0.441524
v 0.044800 0.295453 0.445728
v 0.036083 0.295697 0.448627
v 0.029272 0.280545 0.449924
v 0.031038 0.264765 0.449073
v 0.032780 0.249840 0.448125
v 0.043616 0.235944 0.444912
v 0.053271 0.234459 0.441529
v 0.062854 0.232901 0.436987
v -0.062854 0.232901 0.436987
v -0.053271 0.234459 0.441529
v -0.043616 0.235944 0.444912
v -0.032780 0.249840 0.448125
v -0.031038 0.264765 0.449073
v -0.029272 0.280545 0.449924
v -0.036083 0.295697 0.448627
v -0.044800 0.295453 0.445728
v -0.053627 0.295222 0.441524
v 0.034987 0.227555 0.446581
v 0.035216 0.220665 0.446094
v 0.034941 0.215524 0.445724
v -0.034941 0.215524 0.445724
v -0.035216 0.220665 0.446094
v -0.034987 0.227555 0.446581
v 0.026872 0.309557 0.450726
v 0.026487 0.321673 0.450801
v 0.026596 0.332445 0.451054
v 0.019712 0.338805 0.453074
v 0.012990 0.336114 0.453471
v 0.006458 0.334399 0.453611
v 0.000000 0.327405 0.452843
v 0.000000 0.318834 0.452605
v 0.000000 0.308139 0.452587
v 0.006477 0.295461 0.452428
v 0.013143 0.295632 0.452215
v 0.020187 0.295792 0.451635
v -0.020187 0.295792 0.451635
v -0.013143 0.295632 0.452214
v -0.006477 0.295461 0.452428
v -0.006458 0.334399 0.453611
v -0.012990 0.336114 0.453471
v -0.019712 0.338805 0.453074
v -0.026596 0.332445 0.451054
v -0.026487 0.321673 0.450801
v -0.026872 0.309557 0.450726
v 0.008224 0.238110 0.449686
v 0.016577 0.238064 0.449415
v 0.025186 0.237786 0.448681
v 0.000000 0.280825 0.451976
v -0.000000 0.265562 0.451238
v 0.000000 0.250886 0.450426
v -0.025186 0.237786 0.448681
v -0.016577 0.238064 0.449415
v -0.008224 0.238110 0.449686
v 0.000000 0.228160 0.449262
v 0.000000 0.220868 0.448959
v 0.000000 0.215676 0.448681
v 0.008114 0.212542 0.448274
v 0.016278 0.213373 0.448055
v 0.024610 0.213458 0.447340
v -0.024610 0.213458 0.447340
v -0.016278 0.213373 0.448055
v -0.008114 0.212542 0.448275
v 0.031893 0.350407 0.452428
v 0.034670 0.356174 0.452905
v 0.036375 0.361555 0.453469
v 0.036065 0.367484 0.456680
v 0.035702 0.367866 0.459555
v 0.035570 0.368186 0.462527
v 0.034145 0.363806 0.465120
v 0.031917 0.359776 0.464478
v 0.028640 0.356150 0.463702
v 0.024512 0.351520 0.460440
v 0.024676 0.349981 0.457719
v 0.025289 0.347555 0.454963
v -0.025289 0.347555 0.454963
v -0.024676 0.349981 0.457719
v -0.024512 0.351520 0.460440
v -0.028640 0.356150 0.463702
v -0.031917 0.359776 0.464478
v -0.034145 0.363806 0.465120
v -0.035570 0.368186 0.462527
v -0.035702 0.367866 0.459555
v -0.036065 0.367484 0.456680
v -0.036375 0.361555 0.453469
v -0.034670 0.356174 0.452905
v -0.031893 0.350407 0.452428
v 0.036652 0.372983 0.454714
v 0.035124 0.379047 0.455250
v 0.032375 0.384830 0.455578
v 0.028260 0.388755 0.456346
v 0.028573 0.388471 0.458163
v 0.028970 0.388566 0.460628
v 0.032210 0.384330 0.463968
v 0.034277 0.379194 0.464666
v 0.035319 0.373704 0.465217
v -0.035319 0.373704 0.465217
v -0.034277 0.379194 0.464666
v -0.032210 0.384330 0.463968
v -0.028970 0.388566 0.460628
v -0.028573 0.388471 0.458163
v -0.028260 0.388755 0.456346
v -0.032375 0.384830 0.455579
v -0.035124 0.379047 0.455250
v -0.036652 0.372983 0.454714
v 0.022934 0.393878 0.455209
v 0.016435 0.396347 0.454638
v 0.009044 0.396935 0.454118
v 0.005691 0.392218 0.455708
v 0.008639 0.391550 0.457975
v 0.010660 0.391532 0.460605
v 0.016285 0.392783 0.462928
v 0.020825 0.392768 0.462794
v 0.025255 0.391373 0.462928
v -0.025255 0.391373 0.462928
v -0.020825 0.392768 0.462794
v -0.016285 0.392783 0.462928
v -0.010660 0.391532 0.460605
v -0.008639 0.391550 0.457975
v -0.005691 0.392218 0.455708
v -0.009044 0.396935 0.454118
v -0.016435 0.396347 0.454638
v -0.022934 0.393878 0.455209
v 0.000000 0.389426 0.455565
v 0.000000 0.386285 0.456807
v 0.000000 0.384655 0.457907
v -0.000000 0.383834 0.458853
v -0.000000 0.383238 0.460271
v 0.000000 0.383010 0.462643
v 0.002569 0.383857 0.465244
v 0.005314 0.386201 0.464674
v 0.008414 0.389033 0.463969
v -0.008414 0.389033 0.463969
v -0.005314 0.386200 0.464674
v -0.002569 0.383857 0.465244
v 0.000000 0.342416 0.459783
v 0.000000 0.340709 0.457341
v 0.000000 0.338050 0.455193
v 0.019116 0.349448 0.462554
v 0.013151 0.346593 0.462322
v 0.006698 0.344580 0.462236
v -0.006698 0.344580 0.462236
v -0.013151 0.346593 0.462322
v -0.019116 0.349448 0.462554
v 0.000000 0.350135 0.468267
v 0.000000 0.347545 0.466423
v 0.000000 0.345468 0.464434
v 0.023861 0.354018 0.465296
v 0.022987 0.355319 0.467267
v 0.021774 0.356499 0.468876
v 0.017311 0.356297 0.469987
v 0.012297 0.354949 0.470021
v 0.006371 0.353807 0.470035
v -0.006371 0.353807 0.470035
v -0.012297 0.354949 0.470021
v -0.017311 0.356297 0.469987
v -0.021774 0.356499 0.468876
v -0.022987 0.355319 0.467267
v -0.023861 0.354018 0.465296
v -0.000000 0.382288 0.468188
v 0.000000 0.380977 0.470643
v 0.000000 0.378677 0.472829
v 0.006454 0.377923 0.473991
v 0.010157 0.381476 0.473074
v 0.012865 0.384553 0.472050
v 0.014155 0.388047 0.470032
v 0.013611 0.389661 0.468188
v 0.012966 0.390857 0.465910
v -0.012966 0.390857 0.465909
v -0.013611 0.389661 0.468188
v -0.014155 0.388047 0.470032
v -0.012865 0.384553 0.472050
v -0.010157 0.381476 0.473074
v -0.006454 0.377923 0.473992
v 0.017089 0.386621 0.471380
v 0.020438 0.386260 0.471465
v 0.023700 0.385386 0.471380
v 0.027114 0.385632 0.470032
v 0.028222 0.386990 0.468188
v 0.028926 0.388014 0.465910
v -0.028926 0.388014 0.465909
v -0.028222 0.386990 0.468188
v -0.027114 0.385632 0.470032
v -0.023700 0.385386 0.471380
v -0.020438 0.386260 0.471465
v -0.017089 0.386621 0.471380
v 0.026675 0.381811 0.472033
v 0.027217 0.377925 0.472940
v 0.027299 0.373533 0.473539
v 0.030471 0.368903 0.472226
v 0.032959 0.368720 0.470346
v 0.034495 0.368586 0.468051
v -0.034495 0.368586 0.468051
v -0.032959 0.368720 0.470346
v -0.030471 0.368903 0.472226
v -0.027299 0.373533 0.473539
v -0.027217 0.377925 0.472940
v -0.026675 0.381811 0.472033
v 0.025746 0.365406 0.473063
v 0.024167 0.362127 0.472060
v 0.022265 0.359322 0.470882
v -0.022265 0.359322 0.470882
v -0.024167 0.362127 0.472060
v -0.025746 0.365406 0.473063
v 0.008851 0.371669 0.474984
v 0.015833 0.370491 0.474899
v 0.021885 0.369710 0.474480
v -0.021885 0.369710 0.474480
v -0.015833 0.370491 0.474899
v -0.008851 0.371669 0.474984
v 0.000000 0.367022 0.474472
v 0.000000 0.361730 0.473312
v -0.000000 0.357181 0.471764
v 0.000000 0.426991 0.452893
v -0.000000 0.414102 0.453139
v -0.000000 0.403847 0.453274
v 0.029101 0.392309 0.456071
v 0.031200 0.395812 0.457137
v 0.035499 0.400216 0.457762
v -0.035499 0.400216 0.457762
v -0.031200 0.395812 0.457137
v -0.029101 0.392309 0.456071
v 0.038940 0.366599 0.451787
v 0.041716 0.366059 0.449122
v 0.045247 0.365384 0.445261
v 0.047639 0.371960 0.442519
v 0.045905 0.380578 0.446525
v 0.044843 0.390833 0.450976
v -0.044843 0.390833 0.450976
v -0.045905 0.380578 0.446525
v -0.047639 0.371960 0.442519
v -0.045247 0.365384 0.445261
v -0.041716 0.366059 0.449122
v -0.038940 0.366599 0.451787
v 0.034466 0.341504 0.449338
v 0.041050 0.340272 0.446207
v 0.047644 0.339188 0.441920
v 0.052957 0.345423 0.435921
v 0.051912 0.351777 0.436305
v 0.050807 0.357960 0.437360
v -0.050807 0.357960 0.437360
v -0.051912 0.351777 0.436305
v -0.052957 0.345423 0.435921
v -0.047644 0.339188 0.441920
v -0.041050 0.340272 0.446207
v -0.034466 0.341504 0.449338
v 0.059806 0.308686 0.436078
v 0.057617 0.320250 0.436142
v 0.055721 0.330056 0.436047
v -0.055721 0.330056 0.436047
v -0.057617 0.320250 0.436142
v -0.059806 0.308686 0.436078
v 0.081272 0.313133 0.397800
v 0.078223 0.323440 0.397576
v 0.075319 0.332087 0.397352
v 0.070234 0.338276 0.407852
v 0.065959 0.337796 0.418295
v 0.060426 0.337852 0.427884
v -0.060426 0.337852 0.427884
v -0.065959 0.337796 0.418295
v -0.070234 0.338276 0.407852
v -0.075319 0.332087 0.397352
v -0.078223 0.323440 0.397576
v -0.081272 0.313133 0.397800
v 0.070534 0.345668 0.397378
v 0.068652 0.351231 0.397787
v 0.066917 0.356392 0.398514
v 0.062469 0.361674 0.409957
v 0.058561 0.362429 0.420777
v 0.054018 0.363466 0.430951
v -0.054018 0.363466 0.430951
v -0.058561 0.362429 0.420777
v -0.062469 0.361674 0.409957
v -0.066917 0.356392 0.398514
v -0.068652 0.351231 0.397787
v -0.070534 0.345668 0.397378
v 0.063495 0.366672 0.400983
v 0.062956 0.371951 0.402304
v 0.064858 0.377144 0.403100
v -0.064858 0.377144 0.403100
v -0.062956 0.371951 0.402304
v -0.063495 0.366672 0.400983
v 0.024895 0.207456 0.444800
v 0.026321 0.208409 0.445988
v 0.028926 0.209474 0.446240
v 0.000000 0.209494 0.447653
v 0.000000 0.207734 0.446599
v 0.000000 0.206535 0.444959
v 0.007152 0.206158 0.442655
v 0.013859 0.207058 0.442815
v 0.019675 0.207507 0.442865
v -0.019675 0.207507 0.442865
v -0.013859 0.207058 0.442815
v -0.007152 0.206158 0.442655
v -0.028926 0.209474 0.446240
v -0.026321 0.208409 0.445988
v -0.024895 0.207456 0.444800
v 0.027862 0.188990 0.440311
v 0.029663 0.187975 0.441033
v 0.032600 0.186300 0.440437
v 0.026960 0.203869 0.441975
v 0.028198 0.199636 0.440968
v 0.028081 0.194659 0.439716
v -0.028081 0.194659 0.439716
v -0.028198 0.199636 0.440968
v -0.026960 0.203869 0.441975
v -0.032600 0.186300 0.440437
v -0.029663 0.187975 0.441033
v -0.027862 0.188990 0.440311
v 0.015496 0.174881 0.435291
v 0.016756 0.173521 0.436085
v 0.018834 0.171796 0.435755
v 0.024639 0.185209 0.436918
v 0.021753 0.181456 0.435572
v 0.018391 0.178399 0.434385
v -0.018391 0.178399 0.434385
v -0.021753 0.181456 0.435572
v -0.024639 0.185209 0.436918
v -0.018834 0.171796 0.435755
v -0.016756 0.173521 0.436085
v -0.015496 0.174880 0.435291
v 0.000000 0.171393 0.433934
v 0.000000 0.170022 0.434604
v 0.000000 0.168309 0.434272
v 0.011105 0.174379 0.432826
v 0.007414 0.173318 0.432472
v 0.003710 0.172757 0.432313
v -0.003710 0.172757 0.432313
v -0.007414 0.173318 0.432472
v -0.011105 0.174379 0.432826
v -0.000000 0.177593 0.424238
v -0.000000 0.175377 0.426856
v -0.000000 0.173821 0.429743
v 0.014387 0.177209 0.430722
v 0.014331 0.178673 0.427651
v 0.014678 0.180759 0.424870
v 0.011920 0.182555 0.422776
v 0.008089 0.181611 0.422622
v 0.004087 0.181008 0.422537
v -0.004087 0.181008 0.422537
v -0.008089 0.181611 0.422622
v -0.011920 0.182555 0.422776
v -0.014678 0.180759 0.424870
v -0.014331 0.178673 0.427651
v -0.014387 0.177209 0.430722
v 0.026203 0.190215 0.435280
v 0.025772 0.190748 0.431841
v 0.025363 0.191253 0.428786
v 0.023672 0.189626 0.425457
v 0.021492 0.187249 0.424139
v 0.018722 0.185310 0.423381
v -0.018722 0.185310 0.423381
v -0.021492 0.187249 0.424139
v -0.023672 0.189626 0.425457
v -0.025363 0.191253 0.428786
v -0.025772 0.190748 0.431841
v -0.026203 0.190215 0.435280
v 0.023713 0.205931 0.439492
v 0.023315 0.204999 0.435757
v 0.022735 0.203457 0.431870
v 0.024417 0.199542 0.427772
v 0.025642 0.197116 0.427186
v 0.025598 0.194096 0.426839
v -0.025598 0.194096 0.426839
v -0.025642 0.197116 0.427186
v -0.024417 0.199542 0.427772
v -0.022735 0.203457 0.431870
v -0.023315 0.204999 0.435757
v -0.023713 0.205931 0.439492
v 0.000000 0.204869 0.439334
v 0.000000 0.203779 0.435580
v 0.000000 0.202005 0.431705
v 0.006382 0.199568 0.428204
v 0.012386 0.200401 0.428375
v 0.017633 0.201051 0.428458
v -0.017633 0.201051 0.428458
v -0.012386 0.200401 0.428376
v -0.006382 0.199568 0.428204
v -0.000000 0.195024 0.425166
v 0.000000 0.190123 0.423113
v -0.000000 0.185149 0.422159
v 0.016805 0.187921 0.422560
v 0.018457 0.192605 0.423430
v 0.020223 0.197147 0.425398
v -0.020223 0.197147 0.425398
v -0.018457 0.192605 0.423430
v -0.016805 0.187921 0.422560
v 0.049344 0.500257 0.459909
v 0.046151 0.499742 0.459181
v 0.041871 0.499227 0.458281
v 0.049056 0.477043 0.456038
v 0.052718 0.479316 0.457366
v 0.055184 0.480831 0.458437
v 0.055073 0.486218 0.459050
v 0.053589 0.490766 0.459343
v 0.052508 0.495619 0.459710
v -0.052508 0.495619 0.459710
v -0.053589 0.490766 0.459343
v -0.055073 0.486218 0.459050
v -0.055184 0.480831 0.458437
v -0.052718 0.479316 0.457366
v -0.049056 0.477043 0.456038
v -0.041871 0.499227 0.458281
v -0.046151 0.499742 0.459181
v -0.049344 0.500257 0.459909
v 0.050532 0.524367 0.461033
v 0.046851 0.525141 0.460816
v 0.042254 0.526220 0.460832
v 0.051537 0.506253 0.460383
v 0.051685 0.511966 0.460629
v 0.052308 0.517849 0.460826
v -0.052308 0.517849 0.460827
v -0.051685 0.511966 0.460629
v -0.051537 0.506253 0.460383
v -0.042254 0.526220 0.460832
v -0.046851 0.525141 0.460816
v -0.050532 0.524367 0.461033
v 0.060981 0.548332 0.461238
v 0.057886 0.550702 0.461370
v 0.054314 0.553341 0.461977
v 0.055147 0.529821 0.461116
v 0.057406 0.535671 0.461191
v 0.060225 0.541217 0.461179
v -0.060225 0.541217 0.461179
v -0.057406 0.535672 0.461191
v -0.055147 0.529821 0.461116
v -0.054314 0.553341 0.461977
v -0.057886 0.550702 0.461370
v -0.060981 0.548332 0.461238
v 0.067857 0.459578 0.453978
v 0.070117 0.463129 0.455291
v 0.071792 0.465374 0.456749
v 0.067000 0.470570 0.458593
v 0.062549 0.474230 0.458904
v 0.059342 0.477998 0.458922
v -0.059342 0.477998 0.458922
v -0.062549 0.474230 0.458904
v -0.067000 0.470570 0.458593
v -0.071792 0.465374 0.456749
v -0.070117 0.463129 0.455291
v -0.067857 0.459578 0.453978
v 0.110384 0.447520 0.443436
v 0.110107 0.450963 0.445802
v 0.110050 0.453893 0.447850
v 0.100340 0.457591 0.451625
v 0.090430 0.460045 0.454029
v 0.081106 0.463304 0.456152
v -0.081106 0.463304 0.456152
v -0.090430 0.460045 0.454029
v -0.100340 0.457591 0.451625
v -0.110050 0.453893 0.447850
v -0.110107 0.450963 0.445802
v -0.110384 0.447521 0.443436
v 0.148885 0.460058 0.433734
v 0.146257 0.462267 0.436663
v 0.144458 0.464512 0.439042
v 0.135369 0.462013 0.442776
v 0.127450 0.458686 0.444858
v 0.119103 0.456762 0.446963
v -0.119103 0.456762 0.446963
v -0.127450 0.458686 0.444858
v -0.135369 0.462013 0.442776
v -0.144458 0.464512 0.439042
v -0.146257 0.462267 0.436663
v -0.148885 0.460058 0.433734
v 0.179748 0.491250 0.426880
v 0.175675 0.491555 0.429306
v 0.172324 0.492178 0.431280
v 0.164403 0.485784 0.434064
v 0.158016 0.478787 0.436044
v 0.150762 0.472290 0.438306
v -0.150762 0.472290 0.438306
v -0.158016 0.478787 0.436044
v -0.164403 0.485784 0.434064
v -0.172324 0.492178 0.431280
v -0.175675 0.491555 0.429306
v -0.179748 0.491250 0.426880
v 0.186676 0.522355 0.427572
v 0.182259 0.520991 0.429371
v 0.178477 0.520151 0.431110
v 0.175454 0.513488 0.431869
v 0.174772 0.506944 0.431642
v 0.172870 0.500071 0.431829
v -0.172870 0.500071 0.431829
v -0.174772 0.506944 0.431642
v -0.175454 0.513488 0.431869
v -0.178477 0.520151 0.431109
v -0.182259 0.520991 0.429371
v -0.186676 0.522355 0.427572
v 0.171925 0.544996 0.434445
v 0.168660 0.542792 0.435515
v 0.165848 0.541004 0.436952
v 0.168622 0.535090 0.435546
v 0.172103 0.530341 0.433936
v 0.174168 0.525202 0.432962
v -0.174168 0.525202 0.432962
v -0.172103 0.530341 0.433936
v -0.168622 0.535090 0.435546
v -0.165848 0.541004 0.436952
v -0.168660 0.542792 0.435515
v -0.171925 0.544996 0.434445
v 0.131778 0.563035 0.448545
v 0.130900 0.559321 0.449700
v 0.130083 0.556498 0.451404
v 0.138270 0.551148 0.449661
v 0.147469 0.547578 0.445720
v 0.156094 0.543690 0.441633
v -0.156094 0.543690 0.441633
v -0.147469 0.547578 0.445720
v -0.138270 0.551148 0.449661
v -0.130083 0.556498 0.451404
v -0.130900 0.559321 0.449700
v -0.131778 0.563035 0.448545
v 0.099997 0.573791 0.454920
v 0.100675 0.568924 0.454721
v 0.101195 0.565289 0.455278
v 0.107471 0.561332 0.455695
v 0.113965 0.559532 0.455421
v 0.121191 0.557183 0.454609
v -0.121191 0.557183 0.454609
v -0.113965 0.559532 0.455421
v -0.107471 0.561332 0.455695
v -0.101195 0.565289 0.455278
v -0.100675 0.568924 0.454721
v -0.099997 0.573791 0.454920
v 0.076041 0.570952 0.459226
v 0.078101 0.566425 0.458619
v 0.079831 0.562899 0.458756
v 0.086053 0.561779 0.458143
v 0.090967 0.562739 0.457227
v 0.096100 0.562978 0.456434
v -0.096100 0.562978 0.456434
v -0.090967 0.562739 0.457227
v -0.086053 0.561779 0.458143
v -0.079831 0.562899 0.458756
v -0.078101 0.566425 0.458619
v -0.076041 0.570952 0.459226
v 0.067526 0.550755 0.460783
v 0.071867 0.554560 0.460361
v 0.076488 0.557681 0.459780
v -0.076488 0.557681 0.459780
v -0.071867 0.554560 0.460361
v -0.067526 0.550755 0.460783
v 0.084070 0.553960 0.457908
v 0.083301 0.555748 0.458554
v 0.082385 0.557756 0.458968
v 0.065787 0.544615 0.460393
v 0.067619 0.543232 0.459294
v 0.069219 0.542044 0.457903
v 0.073999 0.544536 0.456707
v 0.077441 0.547643 0.457048
v 0.081030 0.550237 0.457244
v -0.081030 0.550237 0.457244
v -0.077441 0.547643 0.457048
v -0.073999 0.544536 0.456707
v -0.069219 0.542044 0.457903
v -0.067619 0.543232 0.459295
v -0.065787 0.544615 0.460393
v -0.082385 0.557756 0.458968
v -0.083301 0.555748 0.458554
v -0.084070 0.553960 0.457908
v 0.101947 0.556598 0.455168
v 0.101904 0.558295 0.455771
v 0.101788 0.560225 0.456069
v 0.088660 0.553752 0.456664
v 0.092773 0.554674 0.455925
v 0.097180 0.555083 0.455114
v -0.097180 0.555083 0.455114
v -0.092773 0.554674 0.455925
v -0.088660 0.553752 0.456664
v -0.101788 0.560225 0.456069
v -0.101904 0.558295 0.455771
v -0.101947 0.556597 0.455168
v 0.126953 0.550446 0.451530
v 0.127734 0.551467 0.452646
v 0.128516 0.552733 0.453164
v 0.107166 0.554491 0.453905
v 0.112891 0.553453 0.453289
v 0.119202 0.551830 0.452160
v -0.119202 0.551830 0.452160
v -0.112891 0.553453 0.453289
v -0.107166 0.554491 0.453905
v -0.128516 0.552733 0.453164
v -0.127734 0.551467 0.452646
v -0.126953 0.550446 0.451530
v 0.156745 0.536078 0.436890
v 0.158846 0.537112 0.437867
v 0.161032 0.538243 0.438344
v 0.133759 0.546574 0.446923
v 0.141455 0.543053 0.443035
v 0.148639 0.539165 0.439074
v -0.148639 0.539165 0.439074
v -0.141455 0.543053 0.443035
v -0.133759 0.546574 0.446923
v -0.161032 0.538243 0.438344
v -0.158846 0.537112 0.437867
v -0.156745 0.536078 0.436889
v 0.167203 0.518299 0.431618
v 0.169653 0.518704 0.432415
v 0.172287 0.519133 0.432735
v 0.159131 0.530980 0.433275
v 0.162109 0.526793 0.431804
v 0.163916 0.522460 0.430992
v -0.163916 0.522459 0.430993
v -0.162109 0.526793 0.431804
v -0.159131 0.530980 0.433275
v -0.172287 0.519133 0.432735
v -0.169653 0.518704 0.432415
v -0.167203 0.518299 0.431618
v 0.162316 0.495544 0.432501
v 0.164543 0.494672 0.433033
v 0.166904 0.493813 0.433138
v 0.165100 0.513066 0.430382
v 0.164551 0.507897 0.430437
v 0.162976 0.502361 0.430858
v -0.162976 0.502361 0.430858
v -0.164551 0.507896 0.430437
v -0.165100 0.513066 0.430382
v -0.166904 0.493813 0.433138
v -0.164543 0.494672 0.433033
v -0.162316 0.495544 0.432501
v 0.139455 0.471310 0.440207
v 0.140641 0.469941 0.440968
v 0.141852 0.468401 0.441192
v 0.155969 0.490117 0.433190
v 0.150684 0.483775 0.435027
v 0.144666 0.477800 0.437084
v -0.144666 0.477800 0.437084
v -0.150684 0.483775 0.435027
v -0.155969 0.490117 0.433190
v -0.141852 0.468401 0.441192
v -0.140641 0.469941 0.440968
v -0.139455 0.471310 0.440207
v 0.110155 0.462032 0.448215
v 0.110148 0.460362 0.449171
v 0.110129 0.458510 0.449590
v 0.131799 0.468498 0.441167
v 0.125098 0.465611 0.443084
v 0.117957 0.463969 0.445000
v -0.117957 0.463969 0.445000
v -0.125098 0.465611 0.443084
v -0.131799 0.468498 0.441167
v -0.110129 0.458510 0.449590
v -0.110148 0.460362 0.449171
v -0.110155 0.462032 0.448215
v 0.076362 0.470931 0.455635
v 0.075350 0.469640 0.456975
v 0.074277 0.468312 0.457766
v 0.101624 0.464513 0.449077
v 0.092871 0.466441 0.451091
v 0.084558 0.469103 0.452813
v -0.084558 0.469103 0.452813
v -0.092871 0.466441 0.451091
v -0.101624 0.464513 0.449077
v -0.074277 0.468312 0.457766
v -0.075350 0.469640 0.456975
v -0.076362 0.470931 0.455635
v 0.061223 0.485191 0.455837
v 0.059904 0.484117 0.457415
v 0.058499 0.483043 0.458516
v 0.071729 0.475499 0.454570
v 0.067578 0.478941 0.454607
v 0.064600 0.482530 0.454351
v -0.064600 0.482530 0.454351
v -0.067578 0.478941 0.454607
v -0.071729 0.475499 0.454570
v -0.058499 0.483043 0.458516
v -0.059904 0.484117 0.457415
v -0.061223 0.485191 0.455837
v 0.055759 0.523470 0.460299
v 0.057609 0.523237 0.459042
v 0.059154 0.523089 0.457408
v 0.062354 0.527879 0.455816
v 0.064746 0.532555 0.455974
v 0.067578 0.536937 0.456133
v -0.067578 0.536937 0.456133
v -0.064746 0.532555 0.455974
v -0.062354 0.527879 0.455816
v -0.059154 0.523089 0.457408
v -0.057609 0.523237 0.459042
v -0.055759 0.523470 0.460299
v 0.053912 0.501332 0.459395
v 0.055745 0.501899 0.458001
v 0.057408 0.502478 0.456130
v 0.058789 0.507878 0.454375
v 0.058887 0.512877 0.454802
v 0.059424 0.517949 0.455230
v -0.059424 0.517949 0.455230
v -0.058887 0.512877 0.454802
v -0.058789 0.507878 0.454375
v -0.057408 0.502478 0.456130
v -0.055745 0.501899 0.458001
v -0.053912 0.501332 0.459395
v 0.061017 0.490154 0.453801
v 0.060010 0.494225 0.453728
v 0.059369 0.498515 0.453801
v -0.059369 0.498515 0.453801
v -0.060010 0.494225 0.453728
v -0.061017 0.490154 0.453801
v -0.000000 0.566517 0.422800
v -0.000000 0.565828 0.431332
v -0.000000 0.565539 0.440402
v 0.024755 0.585477 0.442083
v 0.027221 0.584989 0.432573
v 0.031696 0.584380 0.423042
v 0.024665 0.576801 0.414953
v 0.014698 0.571940 0.415666
v 0.006867 0.569429 0.415714
v -0.006867 0.569429 0.415714
v -0.014698 0.571940 0.415666
v -0.024665 0.576801 0.414953
v -0.031696 0.584380 0.423042
v -0.027221 0.584989 0.432572
v -0.024755 0.585477 0.442083
v 0.054706 0.633357 0.443046
v 0.056662 0.631487 0.434172
v 0.059726 0.628145 0.426570
v 0.059872 0.617842 0.419813
v 0.055512 0.607447 0.417774
v 0.049613 0.596016 0.415731
v -0.049613 0.596016 0.415731
v -0.055512 0.607447 0.417774
v -0.059872 0.617842 0.419813
v -0.059726 0.628145 0.426570
v -0.056662 0.631487 0.434172
v -0.054706 0.633357 0.443046
v 0.097777 0.643538 0.436690
v 0.098309 0.641074 0.427955
v 0.098122 0.636875 0.420799
v 0.090002 0.632398 0.416242
v 0.079947 0.630778 0.417119
v 0.069977 0.627873 0.419263
v -0.069977 0.627873 0.419263
v -0.079947 0.630778 0.417119
v -0.090002 0.632398 0.416242
v -0.098122 0.636875 0.420799
v -0.098309 0.641074 0.427955
v -0.097777 0.643538 0.436690
v 0.148200 0.610658 0.423506
v 0.147160 0.608636 0.414152
v 0.143405 0.605276 0.405052
v 0.120643 0.610659 0.404379
v 0.110951 0.619820 0.409285
v 0.102930 0.627683 0.413324
v -0.102930 0.627683 0.413324
v -0.110951 0.619820 0.409285
v -0.120643 0.610659 0.404379
v -0.143405 0.605276 0.405052
v -0.147160 0.608636 0.414152
v -0.148200 0.610658 0.423506
v 0.205693 0.578270 0.406924
v 0.204313 0.577428 0.397234
v 0.202079 0.575926 0.386738
v 0.186730 0.580283 0.379410
v 0.172343 0.586790 0.384314
v 0.155578 0.593517 0.389860
v -0.155578 0.593517 0.389860
v -0.172343 0.586790 0.384314
v -0.186730 0.580283 0.379410
v -0.202079 0.575926 0.386738
v -0.204313 0.577428 0.397234
v -0.205693 0.578270 0.406924
v 0.241372 0.549338 0.390881
v 0.239551 0.548985 0.381991
v 0.236412 0.548376 0.372284
v 0.227226 0.557030 0.366257
v 0.219678 0.563723 0.369516
v 0.210299 0.569123 0.372287
v -0.210299 0.569123 0.372287
v -0.219678 0.563723 0.369516
v -0.227226 0.557030 0.366257
v -0.236412 0.548376 0.372284
v -0.239551 0.548985 0.381991
v -0.241372 0.549338 0.390881
v 0.233424 0.485709 0.368262
v 0.232251 0.485997 0.359840
v 0.230822 0.487054 0.349892
v 0.235064 0.504935 0.341864
v 0.236890 0.520942 0.348349
v 0.236042 0.535642 0.355408
v -0.236042 0.535642 0.355408
v -0.236890 0.520942 0.348349
v -0.235064 0.504935 0.341864
v -0.230822 0.487054 0.349892
v -0.232251 0.485997 0.359840
v -0.233424 0.485709 0.368262
v 0.186351 0.432180 0.377208
v 0.185742 0.432701 0.368019
v 0.185720 0.433735 0.356680
v 0.200410 0.445957 0.338809
v 0.212443 0.458995 0.336378
v 0.222633 0.473315 0.335607
v -0.222633 0.473315 0.335607
v -0.212443 0.458995 0.336378
v -0.200410 0.445957 0.338809
v -0.185720 0.433735 0.356680
v -0.185742 0.432701 0.368019
v -0.186351 0.432180 0.377208
v 0.127866 0.400583 0.386017
v 0.127814 0.400904 0.378755
v 0.126576 0.401110 0.371036
v 0.142322 0.407402 0.354483
v 0.158412 0.415499 0.349672
v 0.173222 0.424333 0.345671
v -0.173222 0.424333 0.345671
v -0.158412 0.415499 0.349672
v -0.142322 0.407402 0.354483
v -0.126576 0.401110 0.371036
v -0.127814 0.400904 0.378755
v -0.127866 0.400583 0.386017
v 0.030350 0.265024 0.330310
v 0.020386 0.262381 0.328313
v 0.010239 0.260530 0.327012
v -0.000000 0.270960 0.323233
v 0.000000 0.279902 0.319174
v 0.000000 0.286915 0.314407
v 0.013092 0.293354 0.308871
v 0.025635 0.296259 0.309164
v 0.037079 0.300385 0.310727
v 0.044827 0.298524 0.319834
v 0.042798 0.290164 0.324895
v 0.041098 0.280033 0.329333
v -0.041098 0.280033 0.329333
v -0.042798 0.290164 0.324895
v -0.044827 0.298524 0.319834
v -0.037079 0.300385 0.310727
v -0.025635 0.296259 0.309164
v -0.013092 0.293354 0.308871
v -0.010239 0.260530 0.327012
v -0.020386 0.262381 0.328313
v -0.030350 0.265024 0.330310
v 0.032043 0.205499 0.340381
v 0.021322 0.202810 0.339348
v 0.010649 0.200915 0.338572
v -0.000000 0.215778 0.334457
v 0.000000 0.231480 0.331625
v -0.000000 0.246450 0.329184
v 0.039845 0.254446 0.335340
v 0.040389 0.239570 0.337208
v 0.041458 0.224083 0.339051
v -0.041458 0.224083 0.339051
v -0.040389 0.239570 0.337208
v -0.039845 0.254446 0.335340
v -0.010649 0.200915 0.338572
v -0.021322 0.202810 0.339348
v -0.032043 0.205499 0.340381
v 0.036539 0.156654 0.363097
v 0.024390 0.154633 0.364291
v 0.012204 0.153210 0.365070
v 0.000000 0.161251 0.357345
v 0.000000 0.172382 0.349952
v 0.000000 0.185539 0.343486
v 0.044339 0.193722 0.344901
v 0.045858 0.180081 0.349439
v 0.047315 0.168295 0.355015
v -0.047315 0.168295 0.355015
v -0.045858 0.180081 0.349439
v -0.044339 0.193722 0.344901
v -0.012204 0.153210 0.365071
v -0.024390 0.154633 0.364291
v -0.036539 0.156654 0.363097
v 0.049724 0.152594 0.369000
v 0.050480 0.148806 0.376946
v 0.050784 0.147131 0.385002
v 0.000000 0.142766 0.389904
v 0.000000 0.143867 0.381935
v 0.000000 0.146994 0.373648
v -0.050784 0.147131 0.385002
v -0.050480 0.148806 0.376946
v -0.049724 0.152594 0.369000
v 0.087196 0.165193 0.362896
v 0.089311 0.161276 0.369554
v 0.089649 0.158386 0.377783
v 0.060469 0.161408 0.359900
v 0.071106 0.163949 0.358641
v 0.079494 0.166595 0.358324
v -0.079494 0.166595 0.358324
v -0.071106 0.163949 0.358641
v -0.060469 0.161408 0.359900
v -0.089649 0.158386 0.377783
v -0.089311 0.161276 0.369554
v -0.087196 0.165193 0.362896
v 0.090114 0.205538 0.358825
v 0.095524 0.197838 0.367839
v 0.098615 0.190210 0.377953
v 0.085581 0.175003 0.356345
v 0.085763 0.184986 0.353929
v 0.084683 0.197413 0.352398
v -0.084683 0.197413 0.352398
v -0.085763 0.184986 0.353929
v -0.085581 0.175003 0.356345
v -0.098615 0.190211 0.377953
v -0.095524 0.197838 0.367839
v -0.090114 0.205538 0.358825
v 0.082556 0.263628 0.361671
v 0.088867 0.254771 0.372462
v 0.093127 0.245549 0.383961
v 0.080713 0.226103 0.351542
v 0.078613 0.241067 0.351767
v 0.076660 0.255909 0.352126
v -0.076660 0.255909 0.352126
v -0.078613 0.241067 0.351767
v -0.080713 0.226103 0.351542
v -0.093127 0.245549 0.383961
v -0.088867 0.254771 0.372462
v -0.082556 0.263628 0.361671
v 0.074040 0.213970 0.346922
v 0.064193 0.213731 0.344101
v 0.053662 0.211625 0.342513
v 0.049374 0.271138 0.335932
v 0.058325 0.273204 0.339893
v 0.066873 0.273256 0.345222
v -0.066873 0.273256 0.345222
v -0.058325 0.273204 0.339893
v -0.049374 0.271138 0.335932
v -0.053662 0.211625 0.342513
v -0.064193 0.213731 0.344101
v -0.074040 0.213970 0.346922
v 0.054670 0.309925 0.320913
v 0.060897 0.313984 0.329713
v 0.066183 0.316553 0.340137
v 0.071951 0.307256 0.351844
v 0.072762 0.296145 0.352182
v 0.073731 0.283741 0.352398
v -0.073731 0.283741 0.352398
v -0.072762 0.296145 0.352182
v -0.071951 0.307256 0.351844
v -0.066183 0.316553 0.340137
v -0.060897 0.313984 0.329713
v -0.054670 0.309925 0.320913
v 0.076198 0.314472 0.363139
v 0.080664 0.310224 0.374863
v 0.083665 0.305292 0.386501
v -0.083665 0.305292 0.386501
v -0.080664 0.310224 0.374863
v -0.076198 0.314472 0.363139
v 0.073176 0.341178 0.386923
v 0.072501 0.343436 0.376251
v 0.071926 0.345902 0.364180
v 0.075215 0.356465 0.355305
v 0.075754 0.362145 0.361230
v 0.075345 0.366732 0.366416
v 0.069463 0.366405 0.376376
v 0.067369 0.363626 0.382906
v 0.066427 0.362043 0.390574
v -0.066427 0.362043 0.390574
v -0.067369 0.363626 0.382906
v -0.069463 0.366405 0.376376
v -0.075345 0.366732 0.366416
v -0.075754 0.362145 0.361230
v -0.075215 0.356465 0.355305
v -0.071926 0.345902 0.364180
v -0.072501 0.343436 0.376251
v -0.073176 0.341178 0.386923
v 0.070346 0.324932 0.351137
v 0.069880 0.332088 0.350627
v 0.070322 0.339220 0.349664
v -0.070322 0.339220 0.349664
v -0.069880 0.332088 0.350627
v -0.070346 0.324932 0.351137
v 0.075644 0.381864 0.382121
v 0.073922 0.381069 0.386844
v 0.072454 0.380957 0.393661
v 0.072672 0.373957 0.374151
v 0.072335 0.377171 0.376630
v 0.074382 0.380331 0.378366
v -0.074382 0.380330 0.378366
v -0.072335 0.377171 0.376630
v -0.072672 0.373957 0.374151
v -0.072454 0.380957 0.393661
v -0.073922 0.381069 0.386844
v -0.075644 0.381864 0.382121
v 0.083702 0.385702 0.378015
v 0.094007 0.389758 0.375336
v 0.106800 0.393970 0.370642
v -0.106800 0.393970 0.370642
v -0.094007 0.389758 0.375336
v -0.083702 0.385702 0.378015
v 0.000000 0.400304 0.032854
v 0.000000 0.418850 0.020199
v 0.000000 0.439985 0.010133
v 0.026679 0.463992 0.005093
v 0.052300 0.462958 0.011812
v 0.075806 0.461534 0.020842
v 0.092641 0.440150 0.036401
v 0.090788 0.423424 0.044386
v 0.090248 0.409018 0.055029
v 0.070862 0.390473 0.062391
v 0.048882 0.386689 0.055725
v 0.024934 0.384418 0.050442
v -0.024934 0.384418 0.050442
v -0.048882 0.386689 0.055725
v -0.070862 0.390473 0.062391
v -0.090248 0.409018 0.055029
v -0.090788 0.423424 0.044386
v -0.092641 0.440150 0.036401
v -0.075806 0.461534 0.020842
v -0.052300 0.462958 0.011812
v -0.026679 0.463992 0.005093
v -0.000000 0.342170 0.113203
v 0.000000 0.354495 0.088282
v 0.000000 0.368382 0.066706
v 0.088625 0.382731 0.085585
v 0.086399 0.370160 0.105635
v 0.083399 0.358628 0.128692
v 0.062256 0.341603 0.150303
v 0.042643 0.336209 0.146103
v 0.021663 0.332779 0.142916
v -0.021663 0.332779 0.142916
v -0.042643 0.336209 0.146103
v -0.062256 0.341603 0.150303
v -0.083399 0.358628 0.128692
v -0.086399 0.370160 0.105635
v -0.088625 0.382731 0.085585
v 0.000000 0.310155 0.236372
v 0.000000 0.315758 0.205828
v 0.000000 0.322826 0.173306
v 0.075848 0.340783 0.183027
v 0.071694 0.334629 0.212779
v 0.067582 0.329858 0.242637
v 0.048097 0.316813 0.266109
v 0.032572 0.310793 0.263122
v 0.016449 0.307081 0.262174
v -0.016449 0.307081 0.262174
v -0.032572 0.310792 0.263122
v -0.048097 0.316813 0.266109
v -0.067582 0.329858 0.242637
v -0.071694 0.334629 0.212779
v -0.075848 0.340783 0.183027
v 0.000000 0.296239 0.302597
v 0.000000 0.299417 0.293832
v -0.000000 0.302399 0.280917
v 0.055449 0.319041 0.291112
v 0.051349 0.314491 0.301467
v 0.048826 0.310208 0.308703
v -0.048826 0.310208 0.308703
v -0.051349 0.314491 0.301467
v -0.055449 0.319041 0.291112
v 0.068263 0.331635 0.295921
v 0.070396 0.337034 0.313573
v 0.072098 0.342789 0.329874
v -0.072098 0.342789 0.329874
v -0.070396 0.337034 0.313573
v -0.068263 0.331635 0.295921
v 0.237773 0.497346 0.285086
v 0.234408 0.493785 0.303403
v 0.231677 0.490957 0.321377
v 0.190690 0.433918 0.323584
v 0.195622 0.432411 0.301879
v 0.200989 0.430081 0.278002
v 0.220574 0.446478 0.255949
v 0.230648 0.465183 0.258556
v 0.237596 0.483809 0.261975
v -0.237596 0.483809 0.261975
v -0.230648 0.465183 0.258556
v -0.220574 0.446478 0.255949
v -0.200989 0.430081 0.278002
v -0.195622 0.432411 0.301879
v -0.190690 0.433918 0.323584
v -0.231677 0.490957 0.321377
v -0.234408 0.493785 0.303403
v -0.237773 0.497346 0.285086
v 0.000000 0.492404 -0.002813
v 0.000000 0.522968 -0.004849
v 0.000000 0.554680 -0.002613
v 0.032692 0.584555 0.007521
v 0.064079 0.580325 0.014120
v 0.092853 0.574215 0.022978
v 0.112958 0.537674 0.025756
v 0.107151 0.509475 0.024043
v 0.101229 0.483279 0.025997
v -0.101229 0.483279 0.025997
v -0.107151 0.509475 0.024043
v -0.112958 0.537674 0.025756
v -0.092853 0.574215 0.022978
v -0.064079 0.580325 0.014120
v -0.032692 0.584555 0.007521
v -0.000000 0.714309 0.230394
v 0.000000 0.709117 0.256902
v 0.000000 0.700117 0.281871
v 0.033871 0.686016 0.304102
v 0.066480 0.683328 0.300864
v 0.096561 0.678869 0.295525
v 0.122739 0.685077 0.267804
v 0.122681 0.693443 0.246086
v 0.122659 0.698220 0.223307
v 0.096350 0.707157 0.202321
v 0.066309 0.712202 0.203004
v 0.033777 0.715134 0.202746
v -0.033777 0.715134 0.202746
v -0.066309 0.712202 0.203004
v -0.096350 0.707157 0.202321
v -0.122659 0.698220 0.223307
v -0.122681 0.693443 0.246086
v -0.122739 0.685078 0.267804
v -0.096561 0.678869 0.295525
v -0.066480 0.683328 0.300864
v -0.033871 0.686016 0.304102
v -0.000000 0.700355 0.114421
v 0.000000 0.709622 0.143702
v 0.000000 0.714665 0.173324
v 0.122657 0.698636 0.175851
v 0.122664 0.693842 0.151791
v 0.122684 0.684592 0.127902
v 0.096506 0.677257 0.099689
v 0.066463 0.682327 0.093661
v 0.033869 0.685297 0.088501
v -0.033869 0.685297 0.088501
v -0.066463 0.682327 0.093661
v -0.096506 0.677257 0.099689
v -0.122684 0.684592 0.127902
v -0.122664 0.693842 0.151791
v -0.122657 0.698636 0.175851
v -0.000000 0.616008 0.018472
v -0.000000 0.643281 0.037273
v 0.000000 0.667013 0.060249
v 0.122698 0.649557 0.081981
v 0.122192 0.624498 0.061573
v 0.120698 0.596436 0.044583
v -0.120698 0.596436 0.044583
v -0.122192 0.624498 0.061573
v -0.122698 0.649557 0.081981
v 0.190760 0.577162 0.336026
v 0.193270 0.573953 0.349968
v 0.196231 0.573368 0.363105
v 0.229280 0.548048 0.350225
v 0.226440 0.549295 0.337940
v 0.224590 0.552213 0.324972
v 0.216455 0.565906 0.316267
v 0.208236 0.572708 0.318100
v 0.199186 0.578508 0.319078
v -0.199186 0.578508 0.319078
v -0.208236 0.572708 0.318100
v -0.216455 0.565906 0.316267
v -0.224590 0.552213 0.324972
v -0.226440 0.549295 0.337940
v -0.229280 0.548048 0.350225
v -0.196231 0.573368 0.363105
v -0.193270 0.573953 0.349968
v -0.190760 0.577162 0.336026
v 0.189172 0.623191 0.273090
v 0.188574 0.608898 0.289877
v 0.188416 0.595153 0.305956
v 0.225121 0.564991 0.297446
v 0.227173 0.574173 0.282960
v 0.229554 0.583672 0.267937
v 0.222903 0.604858 0.254412
v 0.212931 0.615929 0.254151
v 0.201848 0.626084 0.253793
v -0.201848 0.626084 0.253793
v -0.212931 0.615929 0.254151
v -0.222903 0.604858 0.254412
v -0.229554 0.583672 0.267937
v -0.227173 0.574173 0.282960
v -0.225121 0.564991 0.297446
v -0.188416 0.595153 0.305956
v -0.188574 0.608897 0.289877
v -0.189172 0.623191 0.273090
v 0.190613 0.654891 0.199471
v 0.190527 0.651663 0.218613
v 0.190295 0.645455 0.237376
v 0.232705 0.598892 0.236109
v 0.233040 0.603356 0.219353
v 0.232839 0.605622 0.202157
v 0.224490 0.619995 0.184037
v 0.214592 0.632498 0.181910
v 0.203142 0.644036 0.180015
v -0.203142 0.644036 0.180015
v -0.214591 0.632498 0.181910
v -0.224490 0.619995 0.184037
v -0.232839 0.605622 0.202157
v -0.233040 0.603355 0.219353
v -0.232705 0.598892 0.236109
v -0.190295 0.645456 0.237376
v -0.190527 0.651663 0.218613
v -0.190613 0.654892 0.199471
v 0.190240 0.639807 0.123979
v 0.190511 0.648578 0.141936
v 0.190611 0.653554 0.160809
v 0.231721 0.603561 0.167016
v 0.230540 0.599760 0.150335
v 0.228466 0.594927 0.135826
v 0.221182 0.597062 0.121173
v 0.212799 0.605847 0.115418
v 0.201999 0.615715 0.110520
v -0.201999 0.615715 0.110520
v -0.212799 0.605847 0.115418
v -0.221182 0.597062 0.121173
v -0.228466 0.594927 0.135826
v -0.230540 0.599760 0.150335
v -0.231721 0.603561 0.167016
v -0.190611 0.653554 0.160809
v -0.190511 0.648578 0.141936
v -0.190240 0.639807 0.123979
v 0.227464 0.579125 0.121292
v 0.228152 0.562274 0.115498
v 0.227877 0.543151 0.110118
v 0.214648 0.522094 0.092968
v 0.203023 0.525594 0.082376
v 0.191314 0.530745 0.072798
v 0.184120 0.562065 0.070593
v 0.187069 0.586314 0.080266
v 0.188785 0.608293 0.092686
v -0.188785 0.608293 0.092686
v -0.187069 0.586314 0.080266
v -0.184120 0.562065 0.070593
v -0.191314 0.530745 0.072798
v -0.203023 0.525594 0.082376
v -0.214648 0.522094 0.092968
v -0.227877 0.543151 0.110118
v -0.228152 0.562274 0.115498
v -0.227464 0.579125 0.121292
v 0.167376 0.544107 0.056200
v 0.153898 0.551630 0.048617
v 0.137772 0.559349 0.040839
v 0.144239 0.660576 0.106518
v 0.161808 0.649661 0.106698
v 0.176582 0.638038 0.106500
v -0.176582 0.638038 0.106500
v -0.161808 0.649661 0.106698
v -0.144239 0.660576 0.106518
v -0.137772 0.559349 0.040839
v -0.153898 0.551630 0.048617
v -0.167376 0.544107 0.056200
v 0.144373 0.690371 0.194923
v 0.162207 0.679283 0.188933
v 0.177258 0.667389 0.183456
v -0.177258 0.667389 0.183456
v -0.162207 0.679283 0.188933
v -0.144373 0.690371 0.194923
v 0.144479 0.664797 0.279003
v 0.162134 0.655716 0.269467
v 0.176895 0.645925 0.261128
v -0.176895 0.645926 0.261128
v -0.162134 0.655716 0.269467
v -0.144479 0.664798 0.279003
v 0.123061 0.656237 0.306813
v 0.123503 0.637918 0.323788
v 0.124335 0.620318 0.339066
v 0.146756 0.601319 0.343138
v 0.163713 0.595787 0.334091
v 0.177508 0.589889 0.326497
v -0.177508 0.589889 0.326497
v -0.163713 0.595787 0.334091
v -0.146756 0.601319 0.343137
v -0.124335 0.620318 0.339066
v -0.123503 0.637918 0.323788
v -0.123061 0.656237 0.306813
v 0.127719 0.597195 0.364630
v 0.130070 0.593560 0.375366
v 0.132348 0.594509 0.385388
v -0.132348 0.594509 0.385388
v -0.130070 0.593560 0.375366
v -0.127719 0.597195 0.364630
v -0.000000 0.669492 0.326856
v -0.000000 0.649275 0.347250
v -0.000000 0.627886 0.366954
v 0.038224 0.610377 0.379027
v 0.070539 0.611235 0.370578
v 0.100026 0.609549 0.361834
v -0.100026 0.609549 0.361834
v -0.070539 0.611235 0.370578
v -0.038224 0.610377 0.379027
v 0.108447 0.599359 0.397721
v 0.084761 0.596125 0.401199
v 0.061996 0.591478 0.406111
v -0.061996 0.591478 0.406111
v -0.084761 0.596125 0.401199
v -0.108447 0.599359 0.397721
v 0.022405 0.594232 0.396078
v 0.032590 0.588055 0.401139
v 0.038041 0.584478 0.406206
v -0.038041 0.584478 0.406206
v -0.032590 0.588055 0.401139
v -0.022405 0.594232 0.396078
v -0.000000 0.589319 0.400277
v 0.000000 0.580237 0.405657
v -0.000000 0.573347 0.410215
v 0.240586 0.518413 0.278182
v 0.236995 0.533417 0.290357
v 0.231183 0.546493 0.302252
v -0.231183 0.546493 0.302252
v -0.236995 0.533417 0.290357
v -0.240586 0.518413 0.278182
v 0.243536 0.507025 0.253798
v 0.245358 0.512630 0.241186
v 0.246660 0.517908 0.228833
v 0.247438 0.543380 0.226108
v 0.244146 0.561303 0.237076
v 0.238744 0.577669 0.246271
v -0.238744 0.577669 0.246271
v -0.244145 0.561303 0.237076
v -0.247438 0.543380 0.226108
v -0.246660 0.517908 0.228833
v -0.245358 0.512630 0.241186
v -0.243536 0.507025 0.253798
v 0.248780 0.533620 0.203231
v 0.248632 0.539021 0.192643
v 0.248158 0.541338 0.181032
v 0.244653 0.555214 0.172400
v 0.241742 0.571670 0.177919
v 0.237918 0.589100 0.182366
v -0.237918 0.589100 0.182366
v -0.241742 0.571670 0.177919
v -0.244653 0.555214 0.172400
v -0.248158 0.541338 0.181032
v -0.248632 0.539021 0.192643
v -0.248780 0.533620 0.203231
v 0.245362 0.542861 0.152077
v 0.241892 0.540011 0.137117
v 0.236672 0.533498 0.121925
v -0.236672 0.533498 0.121925
v -0.241892 0.540011 0.137117
v -0.245362 0.542861 0.152077
v 0.105368 0.364177 0.269931
v 0.092210 0.351511 0.267478
v 0.079051 0.339197 0.268763
v 0.094909 0.357159 0.158295
v 0.108162 0.366319 0.161402
v 0.120476 0.375443 0.164156
v 0.130856 0.378955 0.192050
v 0.129088 0.377127 0.218147
v 0.126621 0.377382 0.245428
v -0.126621 0.377382 0.245428
v -0.129088 0.377127 0.218147
v -0.130856 0.378955 0.192050
v -0.120476 0.375443 0.164156
v -0.108162 0.366319 0.161402
v -0.094909 0.357159 0.158295
v -0.079051 0.339197 0.268763
v -0.092210 0.351511 0.267478
v -0.105368 0.364177 0.269931
v 0.187357 0.405148 0.195154
v 0.191296 0.409070 0.212157
v 0.197538 0.415669 0.230008
v 0.185171 0.412833 0.257869
v 0.165210 0.402150 0.263357
v 0.144589 0.391626 0.269110
v 0.145659 0.390761 0.169454
v 0.159042 0.396286 0.172144
v 0.172628 0.400457 0.174796
v -0.172628 0.400457 0.174796
v -0.159042 0.396286 0.172144
v -0.145659 0.390761 0.169454
v -0.144589 0.391626 0.269110
v -0.165210 0.402150 0.263357
v -0.185171 0.412833 0.257869
v -0.197538 0.415669 0.230008
v -0.191296 0.409070 0.212157
v -0.187357 0.405148 0.195154
v 0.126534 0.396955 0.342892
v 0.127280 0.392868 0.323720
v 0.125972 0.387115 0.302613
v -0.125972 0.387115 0.302613
v -0.127280 0.392868 0.323720
v -0.126534 0.396955 0.342892
v 0.106742 0.390462 0.360461
v 0.093709 0.382992 0.362411
v 0.082521 0.376223 0.366002
v 0.081351 0.356481 0.333033
v 0.092096 0.363834 0.318286
v 0.104861 0.370840 0.300772
v -0.104861 0.370840 0.300772
v -0.092096 0.363834 0.318286
v -0.081351 0.356481 0.333033
v -0.082521 0.376223 0.366002
v -0.093709 0.382992 0.362411
v -0.106742 0.390462 0.360461
v 0.218615 0.497736 0.099262
v 0.210412 0.476070 0.098742
v 0.202622 0.455666 0.102745
v 0.184319 0.440293 0.103693
v 0.172386 0.441856 0.095486
v 0.159670 0.442080 0.086431
v 0.155584 0.465385 0.066007
v 0.164784 0.488687 0.061800
v 0.172911 0.512508 0.061180
v -0.172911 0.512508 0.061180
v -0.164784 0.488687 0.061800
v -0.155584 0.465385 0.066007
v -0.159670 0.442080 0.086431
v -0.172386 0.441856 0.095486
v -0.184319 0.440293 0.103693
v -0.202622 0.455666 0.102745
v -0.210412 0.476070 0.098742
v -0.218615 0.497736 0.099262
v 0.135412 0.449622 0.059288
v 0.125350 0.455182 0.048390
v 0.112525 0.458218 0.039282
v -0.112525 0.458218 0.039282
v -0.125350 0.455182 0.048390
v -0.135412 0.449622 0.059288
v 0.190365 0.423270 0.124109
v 0.186768 0.412607 0.140166
v 0.185389 0.405786 0.158059
v 0.135316 0.392313 0.142293
v 0.138400 0.404308 0.118920
v 0.141636 0.419516 0.097001
v -0.141636 0.419516 0.097001
v -0.138400 0.404308 0.118920
v -0.135316 0.392313 0.142293
v -0.185389 0.405786 0.158059
v -0.186768 0.412607 0.140166
v -0.190365 0.423270 0.124109
v 0.105358 0.402694 0.073166
v 0.118208 0.411803 0.075518
v 0.130002 0.423711 0.075928
v -0.130002 0.423711 0.075928
v -0.118209 0.411803 0.075518
v -0.105358 0.402694 0.073166
v 0.309474 0.561318 0.136589
v 0.309790 0.565489 0.135418
v 0.310143 0.568672 0.132122
v 0.298415 0.566565 0.133048
v 0.287744 0.562104 0.139023
v 0.278318 0.557143 0.144179
v 0.271961 0.550475 0.153647
v 0.273804 0.548017 0.156462
v 0.275609 0.544729 0.157081
v 0.284078 0.545482 0.152108
v 0.291455 0.549645 0.147437
v 0.299784 0.553368 0.141974
v -0.299784 0.553368 0.141974
v -0.291455 0.549645 0.147437
v -0.284078 0.545482 0.152108
v -0.275609 0.544729 0.157081
v -0.273804 0.548017 0.156462
v -0.271961 0.550475 0.153647
v -0.278318 0.557143 0.144179
v -0.287744 0.562104 0.139023
v -0.298415 0.566564 0.133048
v -0.310143 0.568672 0.132122
v -0.309790 0.565489 0.135418
v -0.309474 0.561318 0.136589
v 0.351249 0.574519 0.107109
v 0.337565 0.575173 0.112957
v 0.323686 0.573545 0.119609
v 0.320103 0.559105 0.129294
v 0.331543 0.560387 0.122755
v 0.342837 0.559764 0.116777
v 0.355738 0.561414 0.111992
v 0.358586 0.565676 0.110548
v 0.361421 0.568938 0.107468
v -0.361421 0.568938 0.107468
v -0.358586 0.565676 0.110548
v -0.355738 0.561414 0.111992
v -0.342837 0.559764 0.116777
v -0.331543 0.560387 0.122755
v -0.320103 0.559105 0.129294
v -0.323686 0.573545 0.119609
v -0.337565 0.575173 0.112957
v -0.351249 0.574519 0.107109
v 0.389869 0.539322 0.098305
v 0.383651 0.552664 0.098723
v 0.374881 0.563356 0.099984
v 0.361907 0.550365 0.108506
v 0.368677 0.541441 0.106389
v 0.373286 0.530321 0.105188
v 0.379807 0.519850 0.104753
v 0.384513 0.521837 0.103793
v 0.389135 0.523274 0.101612
v -0.389135 0.523274 0.101612
v -0.384513 0.521837 0.103793
v -0.379807 0.519850 0.104753
v -0.373286 0.530321 0.105188
v -0.368677 0.541441 0.106389
v -0.361907 0.550365 0.108506
v -0.374881 0.563356 0.099984
v -0.383651 0.552664 0.098723
v -0.389869 0.539322 0.098305
v 0.383542 0.473003 0.098729
v 0.390015 0.489977 0.097918
v 0.393228 0.507243 0.097911
v 0.375211 0.503573 0.104220
v 0.372355 0.489179 0.104509
v 0.366997 0.475053 0.105824
v 0.362595 0.460671 0.108733
v 0.366431 0.459369 0.107569
v 0.370303 0.458154 0.104989
v -0.370303 0.458154 0.104989
v -0.366431 0.459369 0.107569
v -0.362595 0.460671 0.108733
v -0.366997 0.475053 0.105824
v -0.372355 0.489179 0.104509
v -0.375211 0.503573 0.104220
v -0.393228 0.507243 0.097911
v -0.390015 0.489977 0.097918
v -0.383542 0.473003 0.098729
v 0.328638 0.421175 0.118520
v 0.345703 0.431163 0.110751
v 0.361011 0.443166 0.104875
v 0.349022 0.450367 0.113102
v 0.336955 0.440514 0.119378
v 0.323483 0.432345 0.127301
v 0.309174 0.422209 0.137586
v 0.309489 0.418606 0.136622
v 0.309975 0.415467 0.133582
v -0.309975 0.415467 0.133582
v -0.309489 0.418606 0.136622
v -0.309174 0.422209 0.137586
v -0.323483 0.432345 0.127301
v -0.336955 0.440514 0.119378
v -0.349022 0.450367 0.113102
v -0.361011 0.443166 0.104875
v -0.345703 0.431163 0.110751
v -0.328638 0.421175 0.118520
v 0.256375 0.400932 0.161225
v 0.273901 0.403242 0.150994
v 0.292123 0.407284 0.139444
v 0.294358 0.420998 0.147464
v 0.279736 0.417703 0.158220
v 0.265774 0.415861 0.167658
v 0.248929 0.410900 0.176651
v 0.245174 0.406440 0.176840
v 0.242091 0.402651 0.174344
v -0.242091 0.402650 0.174344
v -0.245174 0.406440 0.176840
v -0.248929 0.410900 0.176651
v -0.265774 0.415861 0.167658
v -0.279736 0.417703 0.158220
v -0.294358 0.420998 0.147464
v -0.292123 0.407284 0.139444
v -0.273901 0.403242 0.150994
v -0.256375 0.400932 0.161225
v 0.309368 0.429157 0.134482
v 0.309871 0.432001 0.131121
v 0.310534 0.434308 0.127100
v 0.299193 0.432168 0.132285
v 0.287411 0.429527 0.141838
v 0.276372 0.427912 0.150110
v 0.264036 0.425172 0.160858
v 0.260791 0.422553 0.166008
v 0.257033 0.419287 0.170683
v -0.257033 0.419287 0.170683
v -0.260791 0.422553 0.166008
v -0.264036 0.425172 0.160858
v -0.276372 0.427912 0.150110
v -0.287411 0.429527 0.141838
v -0.299193 0.432168 0.132285
v -0.310534 0.434308 0.127100
v -0.309871 0.432001 0.131121
v -0.309368 0.429157 0.134482
v 0.356504 0.462986 0.107238
v 0.354622 0.463829 0.104981
v 0.353522 0.464416 0.102115
v 0.344588 0.455552 0.102704
v 0.334424 0.447700 0.107935
v 0.323161 0.441178 0.114644
v -0.323161 0.441178 0.114644
v -0.334424 0.447700 0.107935
v -0.344588 0.455552 0.102704
v -0.353522 0.464416 0.102115
v -0.354622 0.463829 0.104981
v -0.356504 0.462986 0.107238
v 0.372078 0.515028 0.103242
v 0.369564 0.512560 0.101075
v 0.367977 0.510274 0.098298
v 0.366932 0.497455 0.095024
v 0.364429 0.486184 0.095395
v 0.359838 0.475084 0.096595
v -0.359838 0.475084 0.096595
v -0.364429 0.486184 0.095395
v -0.366932 0.497455 0.095024
v -0.367977 0.510274 0.098298
v -0.369564 0.512560 0.101075
v -0.372079 0.515028 0.103242
v 0.351199 0.551574 0.110409
v 0.349813 0.546723 0.107846
v 0.349025 0.542323 0.104574
v 0.356203 0.533843 0.098216
v 0.361833 0.526923 0.096526
v 0.365582 0.518295 0.095605
v -0.365582 0.518295 0.095605
v -0.361833 0.526923 0.096526
v -0.356203 0.533843 0.098216
v -0.349024 0.542323 0.104574
v -0.349813 0.546723 0.107846
v -0.351199 0.551574 0.110409
v 0.309390 0.551670 0.133484
v 0.309709 0.546902 0.129908
v 0.310235 0.542561 0.125612
v 0.320264 0.540817 0.115381
v 0.330176 0.541734 0.109872
v 0.339941 0.541187 0.104938
v -0.339941 0.541187 0.104938
v -0.330176 0.541734 0.109872
v -0.320264 0.540817 0.115381
v -0.310235 0.542561 0.125612
v -0.309709 0.546902 0.129908
v -0.309390 0.551670 0.133484
v 0.279213 0.537012 0.153110
v 0.280957 0.533157 0.149301
v 0.282554 0.529619 0.144858
v 0.289487 0.530338 0.136368
v 0.295695 0.533637 0.131772
v 0.302770 0.536509 0.126614
v -0.302770 0.536509 0.126614
v -0.295695 0.533637 0.131772
v -0.289487 0.530338 0.136368
v -0.282554 0.529619 0.144858
v -0.280957 0.533157 0.149301
v -0.279213 0.537012 0.153110
v 0.222104 0.443347 0.212427
v 0.220136 0.439127 0.221782
v 0.215680 0.433875 0.233371
v 0.198662 0.407832 0.185245
v 0.206878 0.413274 0.186490
v 0.213666 0.419170 0.184332
v 0.215611 0.427405 0.186267
v 0.215456 0.430681 0.193215
v 0.217954 0.436737 0.199347
v -0.217954 0.436737 0.199347
v -0.215456 0.430681 0.193215
v -0.215611 0.427405 0.186267
v -0.213666 0.419170 0.184332
v -0.206878 0.413274 0.186490
v -0.198662 0.407832 0.185245
v -0.215680 0.433875 0.233371
v -0.220136 0.439127 0.221782
v -0.222104 0.443347 0.212427
v 0.199814 0.403377 0.173509
v 0.211955 0.402093 0.172869
v 0.225268 0.400789 0.171943
v 0.241861 0.416122 0.177558
v 0.232580 0.418033 0.178239
v 0.225276 0.421040 0.178054
v -0.225276 0.421040 0.178054
v -0.232580 0.418033 0.178239
v -0.241861 0.416122 0.177558
v -0.225268 0.400789 0.171943
v -0.211955 0.402093 0.172869
v -0.199814 0.403377 0.173509
v 0.228909 0.460838 0.207527
v 0.235904 0.478570 0.209824
v 0.242534 0.498666 0.211703
v -0.242534 0.498666 0.211703
v -0.235904 0.478570 0.209824
v -0.228909 0.460838 0.207527
v 0.262880 0.546225 0.151362
v 0.256813 0.541555 0.154302
v 0.251883 0.539079 0.158408
v 0.251048 0.533922 0.169078
v 0.252936 0.528771 0.168527
v 0.254517 0.524477 0.166507
v 0.260609 0.525902 0.162106
v 0.265633 0.531090 0.160564
v 0.271255 0.536131 0.158582
v -0.271256 0.536131 0.158582
v -0.265633 0.531090 0.160564
v -0.260609 0.525902 0.162106
v -0.254517 0.524477 0.166507
v -0.252936 0.528771 0.168527
v -0.251048 0.533922 0.169078
v -0.251883 0.539079 0.158408
v -0.256813 0.541555 0.154302
v -0.262880 0.546225 0.151363
v 0.258297 0.427092 0.157708
v 0.251790 0.427656 0.156918
v 0.247091 0.428781 0.154615
v 0.239964 0.429914 0.157831
v 0.234331 0.429107 0.164192
v 0.227717 0.427800 0.170951
v -0.227717 0.427800 0.170951
v -0.234331 0.429107 0.164192
v -0.239964 0.429914 0.157831
v -0.247091 0.428781 0.154615
v -0.251790 0.427656 0.156918
v -0.258297 0.427092 0.157708
v 0.243279 0.432487 0.150283
v 0.243563 0.435037 0.149211
v 0.244445 0.438088 0.148543
v 0.240116 0.442482 0.152751
v 0.234129 0.443827 0.157968
v 0.228404 0.446059 0.163603
v 0.222507 0.442205 0.172697
v 0.221511 0.436487 0.174142
v 0.220763 0.431494 0.176082
v -0.220763 0.431494 0.176082
v -0.221511 0.436487 0.174142
v -0.222507 0.442205 0.172697
v -0.228404 0.446059 0.163603
v -0.234129 0.443827 0.157968
v -0.240116 0.442482 0.152751
v -0.244445 0.438088 0.148543
v -0.243563 0.435037 0.149211
v -0.243279 0.432487 0.150283
v 0.240436 0.456487 0.145110
v 0.237113 0.458239 0.146214
v 0.234367 0.460501 0.147084
v 0.231771 0.461771 0.152159
v 0.229823 0.459026 0.157225
v 0.227469 0.455502 0.163031
v 0.245425 0.445707 0.147221
v 0.244958 0.449702 0.146254
v 0.243996 0.453075 0.145115
v -0.243996 0.453075 0.145115
v -0.244958 0.449702 0.146254
v -0.245425 0.445707 0.147221
v -0.227469 0.455502 0.163031
v -0.229823 0.459026 0.157225
v -0.231771 0.461771 0.152159
v -0.234367 0.460501 0.147084
v -0.237113 0.458239 0.146214
v -0.240436 0.456487 0.145110
v 0.234806 0.468323 0.147882
v 0.238281 0.473945 0.147909
v 0.242928 0.480128 0.147851
v 0.245930 0.487379 0.152281
v 0.243840 0.488894 0.157268
v 0.242176 0.491129 0.163025
v 0.236564 0.484211 0.170986
v 0.231464 0.473099 0.171737
v 0.227014 0.461818 0.171778
v -0.227014 0.461818 0.171778
v -0.231464 0.473099 0.171737
v -0.236564 0.484211 0.170986
v -0.242176 0.491129 0.163025
v -0.243840 0.488894 0.157268
v -0.245930 0.487380 0.152281
v -0.242928 0.480128 0.147851
v -0.238281 0.473945 0.147909
v -0.234806 0.468323 0.147882
v 0.263263 0.510799 0.151862
v 0.260889 0.513699 0.156023
v 0.258441 0.517026 0.159964
v 0.252540 0.515285 0.165070
v 0.249129 0.509435 0.166700
v 0.245584 0.502596 0.168305
v 0.252582 0.492362 0.147943
v 0.256917 0.497993 0.148056
v 0.261082 0.503342 0.148010
v -0.261082 0.503342 0.148010
v -0.256917 0.497993 0.148056
v -0.252582 0.492362 0.147943
v -0.245584 0.502596 0.168305
v -0.249129 0.509435 0.166700
v -0.252540 0.515285 0.165070
v -0.258441 0.517026 0.159964
v -0.260889 0.513699 0.156023
v -0.263263 0.510799 0.151862
v 0.269518 0.513401 0.146792
v 0.274015 0.518110 0.145346
v 0.278793 0.522538 0.143191
v -0.278793 0.522538 0.143191
v -0.274015 0.518110 0.145346
v -0.269518 0.513401 0.146792
v 0.245795 0.511534 0.198304
v 0.243702 0.504170 0.187133
v 0.242086 0.498532 0.177744
v -0.242086 0.498532 0.177744
v -0.243702 0.504170 0.187133
v -0.245795 0.511534 0.198304
v 0.222465 0.448883 0.196278
v 0.222241 0.450218 0.188289
v 0.222514 0.450664 0.179953
v -0.222514 0.450664 0.179953
v -0.222241 0.450218 0.188289
v -0.222465 0.448883 0.196278
v 0.287636 0.520478 0.127960
v 0.286165 0.522398 0.131650
v 0.285036 0.524319 0.135766
v 0.266608 0.506747 0.143507
v 0.267725 0.505309 0.139568
v 0.269061 0.503724 0.135922
v 0.275377 0.506036 0.131482
v 0.279875 0.510330 0.129827
v 0.284653 0.514392 0.127622
v -0.284653 0.514392 0.127622
v -0.279875 0.510330 0.129827
v -0.275377 0.506036 0.131482
v -0.269061 0.503724 0.135922
v -0.267725 0.505309 0.139568
v -0.266608 0.506747 0.143507
v -0.285036 0.524319 0.135766
v -0.286165 0.522398 0.131650
v -0.287636 0.520478 0.127960
v 0.249420 0.485730 0.143763
v 0.250667 0.485069 0.140105
v 0.252037 0.484080 0.136960
v 0.258496 0.487393 0.134251
v 0.262793 0.492239 0.133961
v 0.266943 0.496963 0.133463
v -0.266943 0.496963 0.133463
v -0.262793 0.492239 0.133961
v -0.258496 0.487393 0.134251
v -0.252037 0.484080 0.136960
v -0.250667 0.485069 0.140105
v -0.249420 0.485730 0.143763
v 0.234584 0.464945 0.143577
v 0.235914 0.465668 0.140128
v 0.237671 0.466211 0.137504
v 0.241205 0.469005 0.135377
v 0.244557 0.472785 0.134866
v 0.249039 0.477417 0.134584
v -0.249039 0.477417 0.134584
v -0.244557 0.472785 0.134866
v -0.241205 0.469005 0.135377
v -0.237671 0.466211 0.137504
v -0.235914 0.465668 0.140128
v -0.234584 0.464945 0.143577
v 0.244095 0.455699 0.142177
v 0.245479 0.456192 0.139536
v 0.247162 0.456750 0.136842
v 0.246102 0.460556 0.134611
v 0.242856 0.462909 0.134875
v 0.240524 0.465020 0.135378
v -0.240524 0.465020 0.135378
v -0.242856 0.462909 0.134875
v -0.246102 0.460556 0.134611
v -0.247162 0.456750 0.136842
v -0.245479 0.456192 0.139536
v -0.244095 0.455700 0.142177
v 0.248766 0.441187 0.143695
v 0.251180 0.441083 0.140016
v 0.253313 0.441468 0.137008
v 0.255871 0.446370 0.134471
v 0.254647 0.450418 0.134376
v 0.252483 0.454307 0.134402
v -0.252483 0.454307 0.134402
v -0.254647 0.450418 0.134376
v -0.255871 0.446370 0.134471
v -0.253313 0.441468 0.137008
v -0.251180 0.441083 0.140016
v -0.248766 0.441187 0.143695
v 0.247064 0.430757 0.147169
v 0.248942 0.431158 0.143343
v 0.250590 0.431767 0.140736
v 0.252468 0.433746 0.137819
v 0.253580 0.435972 0.136287
v 0.255005 0.438925 0.135296
v -0.255005 0.438925 0.135296
v -0.253580 0.435972 0.136287
v -0.252468 0.433746 0.137819
v -0.250590 0.431767 0.140736
v -0.248942 0.431158 0.143343
v -0.247064 0.430757 0.147169
v 0.268166 0.428577 0.150969
v 0.269222 0.429869 0.146664
v 0.270107 0.431527 0.142750
v 0.263753 0.433061 0.141130
v 0.257938 0.432468 0.141027
v 0.254013 0.432307 0.140116
v -0.254013 0.432307 0.140116
v -0.257938 0.432468 0.141027
v -0.263753 0.433061 0.141130
v -0.270107 0.431527 0.142750
v -0.269222 0.429869 0.146664
v -0.268166 0.428577 0.150969
v 0.314059 0.532059 0.109964
v 0.312828 0.534039 0.112957
v 0.311796 0.536193 0.116755
v 0.295326 0.521608 0.121287
v 0.301394 0.524704 0.117229
v 0.308089 0.527450 0.112768
v -0.308089 0.527450 0.112768
v -0.301394 0.524704 0.117229
v -0.295326 0.521608 0.121287
v -0.311796 0.536193 0.116755
v -0.312828 0.534038 0.112957
v -0.314059 0.532059 0.109964
v 0.349020 0.531854 0.092694
v 0.349384 0.533827 0.094459
v 0.349117 0.535951 0.097408
v 0.323664 0.531768 0.103305
v 0.332048 0.532685 0.098943
v 0.340103 0.532028 0.095378
v -0.340103 0.532028 0.095378
v -0.332048 0.532685 0.098943
v -0.323664 0.531768 0.103305
v -0.349117 0.535951 0.097408
v -0.349384 0.533827 0.094459
v -0.349020 0.531854 0.092694
v 0.366402 0.504802 0.088246
v 0.367448 0.505732 0.089470
v 0.367420 0.506857 0.092013
v 0.353641 0.525286 0.090860
v 0.358515 0.519374 0.089747
v 0.361807 0.512147 0.089196
v -0.361807 0.512147 0.089196
v -0.358515 0.519374 0.089747
v -0.353641 0.525286 0.090860
v -0.367420 0.506857 0.092013
v -0.367448 0.505732 0.089470
v -0.366402 0.504802 0.088246
v 0.352568 0.465980 0.092159
v 0.353565 0.465042 0.093352
v 0.353463 0.464787 0.095827
v 0.362755 0.494981 0.089199
v 0.360246 0.485761 0.089771
v 0.355820 0.476663 0.090942
v -0.355820 0.476663 0.090942
v -0.360246 0.485761 0.089771
v -0.362755 0.494981 0.089199
v -0.353463 0.464787 0.095827
v -0.353565 0.465042 0.093352
v -0.352568 0.465980 0.092159
v 0.312169 0.440189 0.112646
v 0.312329 0.438308 0.115211
v 0.311940 0.437148 0.118740
v 0.341548 0.460429 0.095778
v 0.332202 0.453746 0.099749
v 0.321941 0.448088 0.104927
v -0.321941 0.448088 0.104927
v -0.332202 0.453746 0.099749
v -0.341548 0.460429 0.095778
v -0.311940 0.437148 0.118740
v -0.312329 0.438308 0.115211
v -0.312169 0.440189 0.112646
v 0.300393 0.439957 0.119201
v 0.289893 0.437332 0.127214
v 0.280052 0.435426 0.134276
v -0.280052 0.435426 0.134276
v -0.289893 0.437332 0.127214
v -0.300393 0.439957 0.119201
v 0.261977 0.465257 0.130535
v 0.257194 0.462079 0.131528
v 0.252948 0.459536 0.132765
v 0.259840 0.444108 0.133238
v 0.264722 0.446381 0.132122
v 0.270299 0.449180 0.130969
v 0.275323 0.456955 0.128617
v 0.273275 0.461119 0.128541
v 0.270396 0.465064 0.128916
v -0.270396 0.465064 0.128916
v -0.273275 0.461119 0.128541
v -0.275324 0.456954 0.128617
v -0.270299 0.449180 0.130969
v -0.264722 0.446381 0.132122
v -0.259840 0.444108 0.133238
v -0.252948 0.459536 0.132765
v -0.257194 0.462079 0.131528
v -0.261977 0.465257 0.130535
v 0.281641 0.481958 0.125468
v 0.276872 0.477403 0.126978
v 0.271981 0.473032 0.128355
v 0.282248 0.455995 0.126951
v 0.288241 0.459890 0.124000
v 0.294172 0.464066 0.120841
v 0.296728 0.473939 0.119639
v 0.293449 0.478518 0.121119
v 0.290012 0.482610 0.122465
v -0.290012 0.482610 0.122465
v -0.293449 0.478518 0.121119
v -0.296728 0.473939 0.119639
v -0.294172 0.464066 0.120841
v -0.288241 0.459890 0.124000
v -0.282248 0.455995 0.126951
v -0.271981 0.473032 0.128355
v -0.276872 0.477403 0.126978
v -0.281641 0.481958 0.125468
v 0.299611 0.499903 0.118934
v 0.295150 0.495673 0.120606
v 0.290737 0.491199 0.122254
v 0.305681 0.473120 0.115227
v 0.311174 0.477826 0.113071
v 0.316434 0.482472 0.111305
v 0.315767 0.491611 0.112962
v 0.311410 0.495860 0.114902
v 0.307760 0.499853 0.116170
v -0.307760 0.499853 0.116170
v -0.311410 0.495860 0.114902
v -0.315767 0.491611 0.112962
v -0.316434 0.482472 0.111305
v -0.311174 0.477826 0.113071
v -0.305681 0.473120 0.115227
v -0.290737 0.491199 0.122254
v -0.295150 0.495673 0.120606
v -0.299611 0.499903 0.118934
v 0.320043 0.513483 0.110792
v 0.314358 0.510414 0.113412
v 0.309117 0.507239 0.115471
v 0.326097 0.491062 0.108703
v 0.330471 0.494982 0.107496
v 0.334470 0.498689 0.106023
v 0.335208 0.504300 0.105758
v 0.332390 0.508185 0.106743
v 0.329438 0.512436 0.107212
v -0.329438 0.512436 0.107212
v -0.332390 0.508184 0.106743
v -0.335208 0.504300 0.105758
v -0.334470 0.498689 0.106023
v -0.330471 0.494982 0.107496
v -0.326097 0.491062 0.108703
v -0.309117 0.507239 0.115471
v -0.314358 0.510414 0.113412
v -0.320043 0.513483 0.110792
v 0.322817 0.520429 0.107357
v 0.319653 0.523888 0.107317
v 0.317281 0.527080 0.107355
v 0.292806 0.515177 0.122199
v 0.296468 0.511632 0.120134
v 0.300399 0.507757 0.118509
v -0.300399 0.507757 0.118509
v -0.296468 0.511632 0.120134
v -0.292806 0.515177 0.122199
v -0.317281 0.527080 0.107355
v -0.319653 0.523888 0.107317
v -0.322817 0.520429 0.107357
v 0.274151 0.498530 0.129875
v 0.277970 0.494811 0.127516
v 0.282144 0.490725 0.125535
v -0.282144 0.490725 0.125535
v -0.277970 0.494811 0.127516
v -0.274151 0.498530 0.129875
v 0.256546 0.479870 0.132554
v 0.259790 0.476590 0.131226
v 0.263364 0.472857 0.130277
v -0.263364 0.472857 0.130277
v -0.259790 0.476590 0.131226
v -0.256546 0.479870 0.132554
v 0.272822 0.437781 0.135929
v 0.274536 0.442402 0.133114
v 0.275847 0.447437 0.130873
v -0.275847 0.447437 0.130873
v -0.274536 0.442402 0.133114
v -0.272822 0.437781 0.135929
v 0.309247 0.448662 0.111836
v 0.306527 0.455113 0.113412
v 0.303343 0.462004 0.115599
v -0.303343 0.462004 0.115599
v -0.306527 0.455113 0.113412
v -0.309247 0.448662 0.111836
v 0.343923 0.471728 0.095900
v 0.336556 0.476459 0.100432
v 0.328652 0.481715 0.105440
v -0.328652 0.481715 0.105440
v -0.336556 0.476459 0.100432
v -0.343923 0.471728 0.095900
v 0.357503 0.502962 0.092238
v 0.350157 0.502147 0.096802
v 0.342775 0.501665 0.101404
v -0.342775 0.501665 0.101404
v -0.350157 0.502147 0.096802
v -0.357503 0.502962 0.092238
v 0.344104 0.526691 0.094812
v 0.339152 0.523383 0.098512
v 0.332908 0.519963 0.102997
v -0.332908 0.519963 0.102997
v -0.339152 0.523383 0.098512
v -0.344104 0.526691 0.094812
v 0.311948 0.423015 0.102366
v 0.311613 0.415156 0.111321
v 0.311120 0.412545 0.120386
v 0.239299 0.399896 0.159205
v 0.239827 0.403152 0.147722
v 0.241504 0.411523 0.135873
v 0.259347 0.426782 0.120550
v 0.275928 0.428836 0.112737
v 0.293608 0.432635 0.103642
v -0.293608 0.432635 0.103642
v -0.275928 0.428836 0.112737
v -0.259347 0.426782 0.120550
v -0.241504 0.411523 0.135873
v -0.239828 0.403152 0.147722
v -0.239299 0.399896 0.159205
v -0.311120 0.412545 0.120386
v -0.311613 0.415156 0.111321
v -0.311948 0.423015 0.102366
v 0.379395 0.463518 0.082805
v 0.378570 0.458368 0.089036
v 0.376655 0.456784 0.095349
v 0.330778 0.445092 0.087878
v 0.348874 0.453494 0.082721
v 0.365282 0.463128 0.079306
v -0.365282 0.463128 0.079306
v -0.348874 0.453494 0.082721
v -0.330778 0.445092 0.087878
v -0.376655 0.456784 0.095349
v -0.378570 0.458368 0.089036
v -0.379395 0.463518 0.082805
v 0.397983 0.521532 0.083509
v 0.397780 0.522865 0.088372
v 0.396140 0.523769 0.093532
v 0.388978 0.485455 0.077122
v 0.395079 0.497930 0.077752
v 0.397395 0.510694 0.078941
v -0.397395 0.510694 0.078941
v -0.395079 0.497930 0.077752
v -0.388978 0.485455 0.077122
v -0.396140 0.523769 0.093532
v -0.397781 0.522865 0.088372
v -0.397983 0.521532 0.083509
v 0.368986 0.560462 0.082073
v 0.367502 0.567564 0.088987
v 0.365904 0.570639 0.096203
v 0.394988 0.528407 0.078558
v 0.389830 0.537704 0.076934
v 0.381640 0.544498 0.076074
v -0.381640 0.544498 0.076074
v -0.389830 0.537704 0.076934
v -0.394988 0.528407 0.078558
v -0.365904 0.570639 0.096203
v -0.367502 0.567564 0.088987
v -0.368986 0.560462 0.082073
v 0.310591 0.557216 0.100692
v 0.310555 0.566336 0.109482
v 0.310532 0.570170 0.118553
v 0.357169 0.549122 0.078690
v 0.342103 0.547740 0.082436
v 0.326326 0.544821 0.087496
v -0.326326 0.544821 0.087496
v -0.342103 0.547740 0.082436
v -0.357169 0.549122 0.078690
v -0.310532 0.570170 0.118553
v -0.310555 0.566336 0.109482
v -0.310591 0.557216 0.100692
v 0.263067 0.539154 0.122639
v 0.265747 0.547667 0.131283
v 0.268025 0.551310 0.140392
v 0.296122 0.537119 0.100383
v 0.282699 0.533002 0.107016
v 0.270569 0.528678 0.112574
v -0.270569 0.528678 0.112574
v -0.282699 0.533002 0.107016
v -0.296122 0.537119 0.100383
v -0.268025 0.551310 0.140392
v -0.265747 0.547667 0.131283
v -0.263067 0.539154 0.122639
v 0.311074 0.517245 0.089395
v 0.311491 0.489147 0.088250
v 0.311859 0.461268 0.090107
v 0.247764 0.448890 0.117934
v 0.251823 0.475328 0.113779
v 0.255979 0.501767 0.113126
v -0.255979 0.501767 0.113126
v -0.251823 0.475328 0.113779
v -0.247764 0.448890 0.117934
v -0.311859 0.461268 0.090107
v -0.311491 0.489147 0.088250
v -0.311074 0.517245 0.089395
v 0.372593 0.530572 0.073233
v 0.374870 0.510086 0.072372
v 0.377223 0.490124 0.073886
v -0.377223 0.490124 0.073886
v -0.374870 0.510086 0.072372
v -0.372593 0.530572 0.073233
v 0.250509 0.519447 0.116991
v 0.242338 0.515987 0.115396
v 0.234931 0.515411 0.111778
v -0.234931 0.515411 0.111778
v -0.242338 0.515988 0.115396
v -0.250509 0.519447 0.116991
v 0.230705 0.428149 0.126207
v 0.218473 0.430984 0.123422
v 0.206999 0.434393 0.118098
v -0.206999 0.434393 0.118098
v -0.218473 0.430984 0.123422
v -0.230705 0.428149 0.126207
v 0.144893 0.499544 0.449242
v 0.142668 0.492206 0.449768
v 0.139059 0.485474 0.450589
v 0.149540 0.498538 0.443880
v 0.147012 0.490274 0.444477
v 0.142933 0.482675 0.445407
v 0.154788 0.497427 0.437640
v 0.151929 0.488128 0.438310
v 0.147329 0.479562 0.439356
v -0.147329 0.479562 0.439356
v -0.142933 0.482675 0.445407
v -0.139059 0.485474 0.450589
v -0.151929 0.488128 0.438310
v -0.147012 0.490274 0.444477
v -0.142668 0.492206 0.449768
v -0.154788 0.497427 0.437640
v -0.149540 0.498538 0.443880
v -0.144893 0.499544 0.449242
v 0.165052 0.495404 0.423276
v 0.161580 0.484154 0.424055
v 0.156005 0.473783 0.425282
v 0.169649 0.494585 0.415467
v 0.165922 0.482506 0.416275
v 0.159931 0.471379 0.417555
v 0.174010 0.493850 0.407411
v 0.170051 0.481004 0.408235
v 0.163675 0.469184 0.409554
v -0.163675 0.469184 0.409554
v -0.159931 0.471379 0.417555
v -0.156005 0.473783 0.425282
v -0.170051 0.481004 0.408235
v -0.165922 0.482506 0.416275
v -0.161580 0.484154 0.424055
v -0.174010 0.493850 0.407411
v -0.169649 0.494585 0.415467
v -0.165052 0.495404 0.423276
v 0.139280 0.457284 0.428832
v 0.128745 0.451754 0.430981
v 0.117336 0.448299 0.433226
v 0.141925 0.453687 0.421309
v 0.130567 0.447759 0.423602
v 0.118259 0.444055 0.426006
v 0.144461 0.450408 0.413475
v 0.132318 0.444120 0.415896
v 0.119150 0.440193 0.418444
v -0.119150 0.440193 0.418444
v -0.118259 0.444055 0.426006
v -0.117336 0.448299 0.433226
v -0.132318 0.444120 0.415896
v -0.130567 0.447759 0.423602
v -0.128745 0.451754 0.430981
v -0.144461 0.450408 0.413475
v -0.141925 0.453687 0.421309
v -0.139280 0.457284 0.428832
v 0.128051 0.474819 0.452930
v 0.121064 0.471262 0.454339
v 0.113515 0.469045 0.455821
v 0.130595 0.470624 0.448046
v 0.122798 0.466597 0.449628
v 0.114370 0.464085 0.451284
v 0.133497 0.465952 0.442331
v 0.124780 0.461397 0.444112
v 0.115352 0.458553 0.445972
v -0.115352 0.458552 0.445972
v -0.114370 0.464085 0.451284
v -0.113515 0.469045 0.455821
v -0.124780 0.461396 0.444112
v -0.122798 0.466597 0.449628
v -0.121064 0.471262 0.454339
v -0.133497 0.465952 0.442331
v -0.130595 0.470624 0.448046
v -0.128051 0.474819 0.452930
v 0.098042 0.469045 0.458745
v 0.090703 0.471262 0.460050
v 0.083970 0.474819 0.461158
v 0.097022 0.464085 0.454518
v 0.088749 0.466597 0.455949
v 0.081142 0.470624 0.457158
v 0.095874 0.458553 0.449572
v 0.086545 0.461397 0.451150
v 0.077950 0.465952 0.452481
v -0.077950 0.465952 0.452481
v -0.081142 0.470624 0.457158
v -0.083970 0.474819 0.461158
v -0.086545 0.461396 0.451150
v -0.088749 0.466597 0.455949
v -0.090703 0.471262 0.460051
v -0.095874 0.458553 0.449572
v -0.097022 0.464085 0.454518
v -0.098042 0.469045 0.458745
v 0.093665 0.448299 0.437548
v 0.082278 0.451754 0.439434
v 0.071771 0.457284 0.441039
v 0.092697 0.444055 0.430648
v 0.080396 0.447759 0.432685
v 0.069046 0.453687 0.434432
v 0.091790 0.440193 0.423388
v 0.078622 0.444120 0.425573
v 0.066481 0.450408 0.427465
v -0.066481 0.450408 0.427465
v -0.069046 0.453687 0.434432
v -0.071771 0.457284 0.441039
v -0.078622 0.444120 0.425573
v -0.080396 0.447759 0.432685
v -0.082278 0.451754 0.439434
v -0.091790 0.440193 0.423388
v -0.092697 0.444055 0.430648
v -0.093665 0.448299 0.437548
v 0.055086 0.473783 0.443132
v 0.049519 0.484154 0.443633
v 0.046050 0.495404 0.443871
v 0.051052 0.471379 0.436788
v 0.045063 0.482506 0.437394
v 0.041337 0.494585 0.437706
v 0.047268 0.469184 0.430100
v 0.040893 0.481004 0.430825
v 0.036934 0.493850 0.431219
v -0.036934 0.493850 0.431219
v -0.041337 0.494585 0.437706
v -0.046050 0.495404 0.443871
v -0.040893 0.481004 0.430825
v -0.045063 0.482506 0.437394
v -0.049519 0.484154 0.443633
v -0.047268 0.469184 0.430100
v -0.051052 0.471379 0.436788
v -0.055086 0.473783 0.443132
v 0.073313 0.485474 0.462521
v 0.069756 0.492206 0.462791
v 0.067539 0.499544 0.462891
v 0.069079 0.482675 0.458650
v 0.065049 0.490274 0.458951
v 0.062536 0.498538 0.459065
v 0.064299 0.479562 0.454138
v 0.059735 0.488128 0.454484
v 0.056888 0.497427 0.454624
v -0.056888 0.497426 0.454624
v -0.062536 0.498538 0.459065
v -0.067539 0.499544 0.462891
v -0.059735 0.488128 0.454484
v -0.065049 0.490274 0.458951
v -0.069756 0.492206 0.462791
v -0.064299 0.479562 0.454138
v -0.069079 0.482675 0.458650
v -0.073313 0.485474 0.462521
v 0.067539 0.515016 0.462891
v 0.069756 0.522568 0.462791
v 0.073313 0.529563 0.462521
v 0.062536 0.515874 0.459065
v 0.065049 0.524300 0.458951
v 0.069079 0.532099 0.458650
v 0.056888 0.516864 0.454624
v 0.059735 0.526284 0.454484
v 0.064299 0.534998 0.454138
v -0.064299 0.534998 0.454138
v -0.069079 0.532099 0.458650
v -0.073313 0.529563 0.462521
v -0.059735 0.526283 0.454484
v -0.065049 0.524300 0.458951
v -0.069756 0.522568 0.462791
v -0.056888 0.516864 0.454624
v -0.062536 0.515874 0.459065
v -0.067539 0.515016 0.462891
v 0.046050 0.518889 0.443871
v 0.049519 0.530261 0.443633
v 0.055086 0.540782 0.443132
v 0.041337 0.519845 0.437706
v 0.045063 0.532093 0.437394
v 0.051052 0.543428 0.436788
v 0.036934 0.520774 0.431219
v 0.040893 0.533855 0.430825
v 0.047268 0.545966 0.430100
v -0.047268 0.545966 0.430100
v -0.051052 0.543428 0.436788
v -0.055086 0.540782 0.443132
v -0.040893 0.533855 0.430825
v -0.045063 0.532093 0.437394
v -0.049519 0.530261 0.443633
v -0.036934 0.520774 0.431219
v -0.041337 0.519845 0.437706
v -0.046050 0.518889 0.443871
v 0.071771 0.557505 0.441039
v 0.082278 0.563080 0.439434
v 0.093665 0.566552 0.437548
v 0.069046 0.561431 0.434432
v 0.080396 0.567422 0.432685
v 0.092697 0.571149 0.430648
v 0.066481 0.565175 0.427465
v 0.078622 0.571551 0.425573
v 0.091790 0.575510 0.423388
v -0.091790 0.575510 0.423388
v -0.092697 0.571149 0.430648
v -0.093665 0.566552 0.437548
v -0.078622 0.571551 0.425573
v -0.080396 0.567422 0.432685
v -0.082278 0.563080 0.439434
v -0.066481 0.565175 0.427465
v -0.069046 0.561431 0.434432
v -0.071771 0.557505 0.441039
v 0.083970 0.540611 0.461158
v 0.090703 0.544247 0.460050
v 0.098042 0.546494 0.458745
v 0.081142 0.544448 0.457158
v 0.088749 0.548536 0.455949
v 0.097022 0.551070 0.454518
v 0.077950 0.548831 0.452481
v 0.086545 0.553431 0.451150
v 0.095874 0.556292 0.449572
v -0.095874 0.556292 0.449572
v -0.097022 0.551070 0.454518
v -0.098042 0.546494 0.458745
v -0.086545 0.553431 0.451150
v -0.088749 0.548536 0.455949
v -0.090703 0.544247 0.460051
v -0.077950 0.548831 0.452481
v -0.081142 0.544448 0.457158
v -0.083970 0.540611 0.461158
v 0.113515 0.546494 0.455821
v 0.121064 0.544247 0.454339
v 0.128051 0.540611 0.452930
v 0.114370 0.551070 0.451284
v 0.122798 0.548536 0.449628
v 0.130595 0.544448 0.448046
v 0.115352 0.556292 0.445972
v 0.124780 0.553432 0.444112
v 0.133497 0.548831 0.442331
v -0.133497 0.548831 0.442331
v -0.130595 0.544448 0.448046
v -0.128051 0.540611 0.452930
v -0.124780 0.553431 0.444112
v -0.122798 0.548536 0.449628
v -0.121064 0.544247 0.454339
v -0.115352 0.556292 0.445972
v -0.114370 0.551070 0.451284
v -0.113515 0.546494 0.455821
v 0.117336 0.566552 0.433226
v 0.128745 0.563080 0.430981
v 0.139280 0.557505 0.428832
v 0.118259 0.571149 0.426006
v 0.130567 0.567422 0.423602
v 0.141925 0.561431 0.421309
v 0.119150 0.575510 0.418444
v 0.132318 0.571551 0.415896
v 0.144461 0.565175 0.413475
v -0.144461 0.565175 0.413475
v -0.141925 0.561431 0.421309
v -0.139280 0.557504 0.428832
v -0.132318 0.571551 0.415896
v -0.130567 0.567422 0.423602
v -0.128745 0.563080 0.430981
v -0.119150 0.575510 0.418444
v -0.118259 0.571149 0.426006
v -0.117336 0.566552 0.433226
v 0.156005 0.540782 0.425282
v 0.161580 0.530261 0.424055
v 0.165052 0.518889 0.423276
v 0.159931 0.543428 0.417555
v 0.165922 0.532093 0.416275
v 0.169649 0.519845 0.415467
v 0.163675 0.545966 0.409554
v 0.170051 0.533855 0.408235
v 0.174010 0.520774 0.407411
v -0.174010 0.520774 0.407411
v -0.169649 0.519845 0.415467
v -0.165052 0.518889 0.423276
v -0.170051 0.533855 0.408235
v -0.165922 0.532093 0.416275
v -0.161580 0.530261 0.424055
v -0.163675 0.545966 0.409554
v -0.159931 0.543428 0.417555
v -0.156005 0.540782 0.425282
v 0.139059 0.529563 0.450589
v 0.142668 0.522568 0.449768
v 0.144893 0.515016 0.449242
v 0.142933 0.532099 0.445407
v 0.147012 0.524300 0.444477
v 0.149540 0.515874 0.443880
v 0.147329 0.534998 0.439356
v 0.151929 0.526284 0.438310
v 0.154788 0.516864 0.437640
v -0.154788 0.516864 0.437640
v -0.149540 0.515874 0.443880
v -0.144893 0.515016 0.449242
v -0.151929 0.526284 0.438310
v -0.147012 0.524300 0.444477
v -0.142668 0.522568 0.449768
v -0.147329 0.534998 0.439356
v -0.142933 0.532099 0.445407
v -0.139059 0.529563 0.450589
v 0.139315 0.514026 0.456670
v 0.137481 0.520555 0.457106
v 0.134460 0.526617 0.457802
v 0.138064 0.513821 0.458968
v 0.136346 0.520135 0.459378
v 0.133452 0.525991 0.460062
v 0.136777 0.513605 0.460855
v 0.135201 0.519689 0.461225
v 0.132400 0.525299 0.461911
v -0.132400 0.525299 0.461911
v -0.133452 0.525992 0.460062
v -0.134460 0.526617 0.457802
v -0.135201 0.519689 0.461225
v -0.136346 0.520135 0.459378
v -0.137481 0.520555 0.457106
v -0.136777 0.513606 0.460855
v -0.138064 0.513821 0.458968
v -0.139315 0.514026 0.456669
v 0.125065 0.536194 0.459850
v 0.119039 0.539335 0.461109
v 0.112524 0.541267 0.462442
v 0.124411 0.535311 0.462100
v 0.118611 0.538390 0.463359
v 0.112318 0.540258 0.464702
v 0.123694 0.534369 0.463946
v 0.118158 0.537410 0.465187
v 0.112102 0.539176 0.466539
v -0.112102 0.539176 0.466539
v -0.112318 0.540258 0.464702
v -0.112524 0.541267 0.462442
v -0.118158 0.537410 0.465187
v -0.118611 0.538390 0.463359
v -0.119039 0.539335 0.461109
v -0.123694 0.534369 0.463946
v -0.124411 0.535311 0.462100
v -0.125065 0.536194 0.459850
v 0.099255 0.541267 0.465069
v 0.093015 0.539335 0.466236
v 0.087309 0.536194 0.467224
v 0.099494 0.540258 0.467312
v 0.093479 0.538390 0.468447
v 0.087992 0.535311 0.469404
v 0.099696 0.539176 0.469125
v 0.093904 0.537410 0.470215
v 0.088652 0.534369 0.471135
v -0.088652 0.534369 0.471135
v -0.087992 0.535311 0.469404
v -0.087309 0.536194 0.467224
v -0.093904 0.537410 0.470215
v -0.093479 0.538390 0.468447
v -0.093015 0.539335 0.466236
v -0.099696 0.539176 0.469125
v -0.099494 0.540258 0.467312
v -0.099255 0.541267 0.465069
v 0.078265 0.526617 0.468437
v 0.075231 0.520555 0.468677
v 0.073339 0.514026 0.468765
v 0.079226 0.525991 0.470575
v 0.076260 0.520135 0.470805
v 0.074432 0.513821 0.470891
v 0.080126 0.525299 0.472257
v 0.077200 0.519689 0.472473
v 0.075470 0.513605 0.472560
v -0.075470 0.513605 0.472560
v -0.074432 0.513821 0.470891
v -0.073339 0.514026 0.468765
v -0.077200 0.519689 0.472473
v -0.076260 0.520135 0.470805
v -0.075231 0.520555 0.468677
v -0.080126 0.525299 0.472257
v -0.079226 0.525991 0.470575
v -0.078265 0.526617 0.468437
v 0.073339 0.500755 0.468765
v 0.075231 0.494515 0.468677
v 0.078265 0.488809 0.468437
v 0.074432 0.500994 0.470891
v 0.076260 0.494979 0.470805
v 0.079226 0.489492 0.470575
v 0.075470 0.501196 0.472560
v 0.077200 0.495404 0.472473
v 0.080126 0.490152 0.472257
v -0.080126 0.490152 0.472257
v -0.079226 0.489492 0.470575
v -0.078265 0.488809 0.468437
v -0.077200 0.495404 0.472473
v -0.076260 0.494979 0.470805
v -0.075231 0.494515 0.468677
v -0.075470 0.501196 0.472560
v -0.074432 0.500994 0.470891
v -0.073339 0.500756 0.468765
v 0.087309 0.479765 0.467224
v 0.093015 0.476731 0.466236
v 0.099255 0.474839 0.465069
v 0.087992 0.480726 0.469404
v 0.093479 0.477760 0.468447
v 0.099494 0.475932 0.467312
v 0.088652 0.481626 0.471135
v 0.093904 0.478700 0.470215
v 0.099696 0.476970 0.469125
v -0.099696 0.476970 0.469125
v -0.099494 0.475932 0.467312
v -0.099255 0.474839 0.465070
v -0.093904 0.478700 0.470214
v -0.093479 0.477760 0.468447
v -0.093015 0.476731 0.466236
v -0.088652 0.481626 0.471135
v -0.087992 0.480726 0.469404
v -0.087309 0.479765 0.467224
v 0.112524 0.474839 0.462442
v 0.119039 0.476732 0.461109
v 0.125065 0.479765 0.459850
v 0.112318 0.475932 0.464702
v 0.118611 0.477760 0.463359
v 0.124411 0.480726 0.462100
v 0.112102 0.476970 0.466539
v 0.118158 0.478700 0.465187
v 0.123694 0.481626 0.463946
v -0.123694 0.481626 0.463946
v -0.124411 0.480726 0.462101
v -0.125065 0.479765 0.459850
v -0.118158 0.478700 0.465187
v -0.118611 0.477760 0.463359
v -0.119039 0.476731 0.461109
v -0.112102 0.476970 0.466539
v -0.112318 0.475932 0.464702
v -0.112524 0.474839 0.462442
v 0.134460 0.488809 0.457802
v 0.137481 0.494515 0.457106
v 0.139315 0.500755 0.456670
v 0.133452 0.489492 0.460062
v 0.136346 0.494979 0.459378
v 0.138064 0.500994 0.458968
v 0.132400 0.490152 0.461911
v 0.135201 0.495404 0.461225
v 0.136777 0.501196 0.460855
v -0.136777 0.501196 0.460855
v -0.138064 0.500994 0.458968
v -0.139314 0.500755 0.456670
v -0.135201 0.495404 0.461225
v -0.136346 0.494979 0.459378
v -0.137481 0.494515 0.457106
v -0.132400 0.490152 0.461911
v -0.133452 0.489492 0.460062
v -0.134460 0.488809 0.457802
v 0.126748 0.498658 0.466788
v 0.120038 0.501352 0.469628
v 0.123698 0.496626 0.467886
v 0.127501 0.493383 0.465809
v 0.130037 0.497367 0.465097
v 0.130896 0.502052 0.464969
v 0.125907 0.502261 0.467337
v -0.126748 0.498658 0.466788
v -0.130896 0.502052 0.464969
v -0.130037 0.497367 0.465096
v -0.127501 0.493383 0.465809
v -0.123698 0.496626 0.467886
v -0.120038 0.501352 0.469628
v -0.125907 0.502261 0.467337
v 0.114581 0.486524 0.469771
v 0.111101 0.482358 0.469739
v 0.115983 0.483390 0.468520
v 0.120142 0.486064 0.467613
v 0.116675 0.489616 0.469618
v 0.111722 0.493040 0.471654
v 0.110823 0.487208 0.471004
v -0.114581 0.486524 0.469771
v -0.111722 0.493040 0.471654
v -0.116675 0.489616 0.469618
v -0.120142 0.486064 0.467613
v -0.115983 0.483390 0.468520
v -0.111101 0.482358 0.469739
v -0.110823 0.487208 0.471004
v 0.097156 0.486524 0.473498
v 0.099836 0.493040 0.474176
v 0.095121 0.489616 0.474185
v 0.091882 0.486064 0.473572
v 0.095866 0.483390 0.472810
v 0.100551 0.482358 0.472003
v 0.100755 0.487208 0.473166
v -0.097156 0.486525 0.473498
v -0.100551 0.482358 0.472003
v -0.095866 0.483390 0.472810
v -0.091882 0.486064 0.473572
v -0.095121 0.489616 0.474185
v -0.099836 0.493040 0.474176
v -0.100755 0.487208 0.473166
v 0.085022 0.498658 0.475115
v 0.091525 0.501352 0.475349
v 0.085703 0.502261 0.475275
v 0.080857 0.502052 0.474756
v 0.081889 0.497367 0.474660
v 0.084563 0.493383 0.474510
v 0.088111 0.496626 0.475104
v -0.085022 0.498658 0.475115
v -0.084563 0.493383 0.474510
v -0.081889 0.497367 0.474660
v -0.080857 0.502052 0.474756
v -0.085703 0.502261 0.475275
v -0.091525 0.501353 0.475349
v -0.088111 0.496626 0.475104
v 0.085022 0.516125 0.475115
v 0.091525 0.513299 0.475349
v 0.088111 0.518280 0.475104
v 0.084563 0.521760 0.474510
v 0.081889 0.517520 0.474660
v 0.080857 0.512608 0.474756
v 0.085703 0.512347 0.475275
v -0.085022 0.516126 0.475115
v -0.080857 0.512608 0.474756
v -0.081889 0.517520 0.474660
v -0.084563 0.521760 0.474510
v -0.088111 0.518280 0.475104
v -0.091525 0.513299 0.475349
v -0.085703 0.512347 0.475275
v 0.097156 0.528959 0.473498
v 0.099836 0.522041 0.474176
v 0.100755 0.528194 0.473166
v 0.100551 0.533360 0.472003
v 0.095866 0.532322 0.472810
v 0.091882 0.529532 0.473572
v 0.095121 0.525702 0.474185
v -0.097156 0.528959 0.473498
v -0.091882 0.529532 0.473571
v -0.095866 0.532322 0.472810
v -0.100551 0.533361 0.472003
v -0.100755 0.528194 0.473166
v -0.099836 0.522041 0.474176
v -0.095121 0.525702 0.474185
v 0.114581 0.528959 0.469771
v 0.111722 0.522041 0.471654
v 0.116675 0.525702 0.469618
v 0.120142 0.529532 0.467613
v 0.115983 0.532322 0.468520
v 0.111101 0.533361 0.469739
v 0.110823 0.528194 0.471004
v -0.114581 0.528959 0.469771
v -0.111101 0.533361 0.469739
v -0.115983 0.532322 0.468520
v -0.120142 0.529532 0.467613
v -0.116675 0.525702 0.469618
v -0.111722 0.522041 0.471654
v -0.110823 0.528194 0.471004
v 0.126748 0.516125 0.466788
v 0.120038 0.513299 0.469628
v 0.125907 0.512347 0.467337
v 0.130896 0.512608 0.464969
v 0.130037 0.517520 0.465096
v 0.127501 0.521760 0.465809
v 0.123698 0.518280 0.467886
v -0.126748 0.516126 0.466788
v -0.127501 0.521760 0.465809
v -0.130037 0.517520 0.465097
v -0.130896 0.512608 0.464969
v -0.125907 0.512347 0.467337
v -0.120038 0.513299 0.469628
v -0.123698 0.518280 0.467886
v 0.037979 0.146818 0.401342
v 0.036856 0.148923 0.407534
v 0.034986 0.151690 0.413172
v 0.025700 0.145675 0.402573
v 0.025040 0.147844 0.408516
v 0.023853 0.150644 0.413878
v 0.012964 0.144892 0.403427
v 0.012661 0.147104 0.409210
v 0.012085 0.149931 0.414392
v -0.012085 0.149931 0.414392
v -0.023853 0.150644 0.413878
v -0.034986 0.151690 0.413172
v -0.012661 0.147104 0.409210
v -0.025040 0.147844 0.408516
v -0.036856 0.148923 0.407534
v -0.012964 0.144892 0.403427
v -0.025700 0.145675 0.402573
v -0.037979 0.146818 0.401342
v 0.078046 0.153984 0.395893
v 0.073775 0.155779 0.403659
v 0.068332 0.158597 0.410942
v 0.069819 0.151560 0.396986
v 0.066382 0.153426 0.404308
v 0.061846 0.156165 0.411145
v 0.060258 0.149707 0.398379
v 0.057706 0.151653 0.405277
v 0.054130 0.154374 0.411676
v -0.054130 0.154374 0.411676
v -0.061846 0.156165 0.411145
v -0.068332 0.158597 0.410942
v -0.057706 0.151653 0.405277
v -0.066382 0.153426 0.404308
v -0.073775 0.155779 0.403659
v -0.060258 0.149707 0.398379
v -0.069819 0.151560 0.396985
v -0.078046 0.153984 0.395893
v 0.095292 0.173898 0.396981
v 0.089924 0.175263 0.406287
v 0.082707 0.178706 0.414917
v 0.093171 0.166993 0.395885
v 0.087769 0.168600 0.404892
v 0.080718 0.172017 0.413301
v 0.089720 0.161492 0.395292
v 0.084441 0.163197 0.403924
v 0.077715 0.166412 0.412018
v -0.077715 0.166412 0.412018
v -0.080718 0.172017 0.413301
v -0.082707 0.178706 0.414917
v -0.084441 0.163197 0.403924
v -0.087769 0.168600 0.404892
v -0.089924 0.175263 0.406287
v -0.089720 0.161492 0.395292
v -0.093171 0.166993 0.395885
v -0.095292 0.173898 0.396981
v 0.094370 0.217987 0.404274
v 0.089420 0.216435 0.413838
v 0.082291 0.216983 0.422326
v 0.095697 0.204479 0.402332
v 0.090668 0.203756 0.411912
v 0.083469 0.205282 0.420510
v 0.096383 0.192588 0.400343
v 0.091248 0.192741 0.409920
v 0.083993 0.195205 0.418623
v -0.083993 0.195205 0.418623
v -0.083469 0.205282 0.420510
v -0.082291 0.216983 0.422326
v -0.091248 0.192741 0.409920
v -0.090668 0.203756 0.411912
v -0.089420 0.216435 0.413838
v -0.096383 0.192588 0.400343
v -0.095697 0.204479 0.402332
v -0.094370 0.217987 0.404274
v 0.084961 0.282770 0.408693
v 0.080014 0.280688 0.418730
v 0.073071 0.279764 0.427593
v 0.087760 0.266320 0.408170
v 0.082823 0.263981 0.418022
v 0.075813 0.263040 0.426681
v 0.090305 0.249424 0.407275
v 0.085390 0.247025 0.416964
v 0.078350 0.246277 0.425468
v -0.078350 0.246277 0.425468
v -0.075813 0.263040 0.426681
v -0.073071 0.279764 0.427594
v -0.085390 0.247025 0.416964
v -0.082823 0.263981 0.418022
v -0.080014 0.280688 0.418730
v -0.090305 0.249424 0.407275
v -0.087760 0.266320 0.408170
v -0.084961 0.282770 0.408693
v 0.077764 0.389871 0.412821
v 0.091942 0.394508 0.409674
v 0.108257 0.399278 0.406060
v 0.073651 0.394901 0.425601
v 0.088645 0.399592 0.421252
v 0.105541 0.404272 0.416448
v 0.068786 0.401771 0.438279
v 0.085234 0.406224 0.432303
v 0.102777 0.410560 0.426242
v -0.102777 0.410560 0.426242
v -0.105541 0.404272 0.416448
v -0.108257 0.399278 0.406060
v -0.085234 0.406224 0.432303
v -0.088645 0.399592 0.421252
v -0.091942 0.394508 0.409674
v -0.068786 0.401771 0.438279
v -0.073651 0.394901 0.425601
v -0.077764 0.389871 0.412821
v 0.141529 0.410768 0.400122
v 0.157053 0.417992 0.398016
v 0.171825 0.426362 0.395893
v 0.139521 0.415531 0.408672
v 0.155262 0.422650 0.405993
v 0.170071 0.430878 0.403560
v 0.136964 0.421200 0.416725
v 0.152650 0.428050 0.413447
v 0.167251 0.435990 0.410668
v -0.167251 0.435990 0.410668
v -0.170071 0.430878 0.403560
v -0.171825 0.426362 0.395893
v -0.152650 0.428050 0.413447
v -0.155262 0.422650 0.405992
v -0.157053 0.417992 0.398016
v -0.136964 0.421200 0.416724
v -0.139521 0.415531 0.408672
v -0.141529 0.410768 0.400122
v 0.199255 0.446947 0.389883
v 0.211470 0.459258 0.386605
v 0.222049 0.472908 0.384528
v 0.196753 0.450926 0.397785
v 0.208244 0.462774 0.394881
v 0.218038 0.475787 0.393098
v 0.192874 0.455244 0.405147
v 0.203577 0.466502 0.402667
v 0.212560 0.478740 0.401210
v -0.212560 0.478740 0.401210
v -0.218038 0.475787 0.393098
v -0.222049 0.472908 0.384528
v -0.203577 0.466502 0.402667
v -0.208244 0.462774 0.394881
v -0.211470 0.459258 0.386605
v -0.192874 0.455244 0.405147
v -0.196753 0.450926 0.397785
v -0.199255 0.446947 0.389883
v 0.236376 0.503972 0.388006
v 0.239617 0.520137 0.393482
v 0.240207 0.535138 0.399999
v 0.231153 0.504954 0.396213
v 0.234137 0.519967 0.401053
v 0.234750 0.533860 0.406896
v 0.224443 0.505665 0.403815
v 0.227164 0.519337 0.407833
v 0.227809 0.531955 0.412787
v -0.227809 0.531955 0.412787
v -0.234750 0.533860 0.406896
v -0.240207 0.535138 0.399999
v -0.227164 0.519337 0.407833
v -0.234137 0.519967 0.401053
v -0.239617 0.520137 0.393482
v -0.224443 0.505665 0.403815
v -0.231153 0.504954 0.396213
v -0.236376 0.503972 0.388006
v 0.233430 0.557104 0.411696
v 0.226205 0.564075 0.416125
v 0.216612 0.569896 0.420093
v 0.228950 0.554272 0.417944
v 0.222524 0.560877 0.422491
v 0.213703 0.566532 0.426729
v 0.223079 0.550647 0.422787
v 0.217546 0.556876 0.427303
v 0.209623 0.562362 0.431689
v -0.209623 0.562362 0.431689
v -0.213703 0.566532 0.426729
v -0.216612 0.569896 0.420093
v -0.217546 0.556876 0.427303
v -0.222524 0.560877 0.422491
v -0.226205 0.564075 0.416125
v -0.223079 0.550647 0.422787
v -0.228950 0.554272 0.417944
v -0.233430 0.557104 0.411696
v 0.191036 0.582820 0.428266
v 0.176054 0.590897 0.432703
v 0.160708 0.599775 0.437143
v 0.188903 0.579476 0.435429
v 0.173901 0.587594 0.440012
v 0.158461 0.596423 0.444527
v 0.185943 0.575194 0.440749
v 0.171126 0.583207 0.445422
v 0.155794 0.591811 0.449967
v -0.155794 0.591811 0.449967
v -0.158461 0.596423 0.444527
v -0.160708 0.599775 0.437143
v -0.171126 0.583207 0.445421
v -0.173901 0.587594 0.440012
v -0.176054 0.590897 0.432703
v -0.185943 0.575194 0.440749
v -0.188903 0.579476 0.435428
v -0.191036 0.582820 0.428266
v 0.132145 0.618749 0.445264
v 0.119494 0.627724 0.448738
v 0.107610 0.635257 0.451800
v 0.130094 0.614738 0.452639
v 0.117841 0.623146 0.456050
v 0.106494 0.630113 0.459024
v 0.127971 0.609087 0.457976
v 0.116252 0.616760 0.461276
v 0.105564 0.623027 0.464121
v -0.105564 0.623027 0.464121
v -0.106494 0.630113 0.459024
v -0.107610 0.635256 0.451800
v -0.116252 0.616760 0.461276
v -0.117841 0.623146 0.456050
v -0.119494 0.627724 0.448738
v -0.127971 0.609087 0.457976
v -0.130094 0.614738 0.452639
v -0.132145 0.618749 0.445264
v 0.085075 0.642729 0.456651
v 0.074320 0.641764 0.458405
v 0.064124 0.637549 0.459675
v 0.085229 0.636935 0.463672
v 0.075095 0.635979 0.465331
v 0.065431 0.631955 0.466523
v 0.085809 0.629093 0.468512
v 0.076414 0.628188 0.470069
v 0.067396 0.624469 0.471189
v -0.067396 0.624469 0.471189
v -0.065431 0.631955 0.466523
v -0.064124 0.637549 0.459675
v -0.076414 0.628188 0.470069
v -0.075095 0.635979 0.465331
v -0.074320 0.641764 0.458405
v -0.085809 0.629093 0.468512
v -0.085229 0.636935 0.463672
v -0.085075 0.642729 0.456651
v 0.046084 0.619409 0.460679
v 0.038275 0.606951 0.460497
v 0.031094 0.594174 0.459999
v 0.047978 0.614601 0.467450
v 0.040205 0.602616 0.467256
v 0.032937 0.590254 0.466735
v 0.050712 0.608333 0.472093
v 0.043042 0.597098 0.471930
v 0.035744 0.585412 0.471434
v -0.035744 0.585412 0.471434
v -0.032937 0.590254 0.466735
v -0.031094 0.594174 0.459999
v -0.043042 0.597098 0.471930
v -0.040205 0.602616 0.467256
v -0.038275 0.606951 0.460497
v -0.050712 0.608333 0.472093
v -0.047978 0.614601 0.467450
v -0.046084 0.619409 0.460679
v 0.018027 0.573479 0.458504
v 0.011898 0.567012 0.457764
v 0.005914 0.563137 0.457216
v 0.019475 0.569882 0.465084
v 0.013004 0.563205 0.464230
v 0.006514 0.558909 0.463597
v 0.021965 0.565646 0.469717
v 0.015086 0.558603 0.468788
v 0.007798 0.553362 0.468100
v -0.007798 0.553362 0.468100
v -0.006514 0.558909 0.463597
v -0.005914 0.563137 0.457216
v -0.015086 0.558603 0.468788
v -0.013004 0.563205 0.464230
v -0.011898 0.567012 0.457764
v -0.021965 0.565646 0.469717
v -0.019475 0.569882 0.465084
v -0.018027 0.573479 0.458504
v 0.051564 0.566396 0.466458
v 0.057785 0.573183 0.466137
v 0.064277 0.579179 0.465554
v 0.047377 0.570681 0.469983
v 0.054015 0.578803 0.469917
v 0.060889 0.586205 0.469560
v 0.043203 0.575309 0.472741
v 0.050189 0.584801 0.472931
v 0.057402 0.593662 0.472807
v -0.057402 0.593662 0.472807
v -0.060889 0.586205 0.469560
v -0.064277 0.579179 0.465554
v -0.050189 0.584801 0.472931
v -0.054015 0.578803 0.469917
v -0.057785 0.573183 0.466137
v -0.043203 0.575309 0.472741
v -0.047377 0.570681 0.469983
v -0.051564 0.566396 0.466458
v 0.077494 0.587320 0.463816
v 0.084172 0.589146 0.462706
v 0.091027 0.589542 0.461428
v 0.074961 0.596444 0.468099
v 0.082137 0.598755 0.467012
v 0.089509 0.599290 0.465674
v 0.072346 0.606106 0.471622
v 0.080078 0.608932 0.470554
v 0.088042 0.609614 0.469159
v -0.088042 0.609614 0.469159
v -0.089509 0.599290 0.465674
v -0.091027 0.589542 0.461428
v -0.080078 0.608932 0.470554
v -0.082137 0.598754 0.467012
v -0.084172 0.589146 0.462707
v -0.072346 0.606106 0.471622
v -0.074961 0.596444 0.468099
v -0.077494 0.587320 0.463816
v 0.123265 0.578773 0.453937
v 0.123860 0.586446 0.457236
v 0.124759 0.594448 0.459919
v 0.113995 0.583010 0.456336
v 0.114000 0.591492 0.459928
v 0.114279 0.600380 0.462860
v 0.105731 0.586343 0.458307
v 0.105220 0.595480 0.462180
v 0.104921 0.605103 0.465344
v -0.104921 0.605103 0.465344
v -0.114279 0.600380 0.462860
v -0.124759 0.594448 0.459919
v -0.105220 0.595480 0.462180
v -0.114000 0.591492 0.459928
v -0.123860 0.586446 0.457236
v -0.105731 0.586343 0.458307
v -0.113995 0.583010 0.456336
v -0.123265 0.578773 0.453937
v 0.170150 0.556754 0.439564
v 0.174215 0.561027 0.441911
v 0.178370 0.565649 0.443675
v 0.158286 0.562597 0.443536
v 0.161407 0.567572 0.446137
v 0.164685 0.572850 0.448156
v 0.145814 0.568360 0.447445
v 0.147987 0.574200 0.450257
v 0.150394 0.580315 0.452490
v -0.150394 0.580315 0.452490
v -0.164685 0.572849 0.448156
v -0.178370 0.565649 0.443675
v -0.147987 0.574200 0.450257
v -0.161407 0.567572 0.446137
v -0.174215 0.561027 0.441911
v -0.145814 0.568360 0.447445
v -0.158286 0.562597 0.443536
v -0.170150 0.556754 0.439564
v 0.196220 0.534218 0.427429
v 0.202693 0.538040 0.427617
v 0.209515 0.542238 0.427379
v 0.193020 0.540118 0.429803
v 0.199128 0.543891 0.430694
v 0.205467 0.548079 0.431129
v 0.187856 0.545599 0.432581
v 0.193450 0.549315 0.434085
v 0.199172 0.553448 0.435076
v -0.199172 0.553448 0.435076
v -0.205467 0.548079 0.431129
v -0.209515 0.542238 0.427379
v -0.193450 0.549315 0.434085
v -0.199128 0.543891 0.430694
v -0.202693 0.538040 0.427617
v -0.187856 0.545599 0.432581
v -0.193020 0.540118 0.429803
v -0.196220 0.534218 0.427429
v 0.195075 0.501715 0.421509
v 0.201965 0.503361 0.418722
v 0.209352 0.504842 0.415121
v 0.197497 0.511026 0.422313
v 0.204377 0.513511 0.420188
v 0.211781 0.515994 0.417375
v 0.198358 0.519721 0.423652
v 0.205189 0.522926 0.422285
v 0.212530 0.526291 0.420367
v -0.212530 0.526291 0.420367
v -0.211781 0.515994 0.417375
v -0.209352 0.504842 0.415121
v -0.205189 0.522926 0.422285
v -0.204377 0.513511 0.420188
v -0.201965 0.503361 0.418722
v -0.198358 0.519721 0.423652
v -0.197497 0.511026 0.422313
v -0.195075 0.501715 0.421509
v 0.167898 0.464249 0.425054
v 0.174543 0.463145 0.421333
v 0.181377 0.461558 0.416950
v 0.176930 0.473026 0.423274
v 0.183795 0.472509 0.419553
v 0.190926 0.471537 0.415071
v 0.184713 0.482409 0.421998
v 0.191628 0.482516 0.418405
v 0.198900 0.482223 0.413961
v -0.198900 0.482223 0.413961
v -0.190926 0.471537 0.415071
v -0.181377 0.461558 0.416950
v -0.191628 0.482516 0.418405
v -0.183795 0.472509 0.419553
v -0.174543 0.463145 0.421333
v -0.184713 0.482409 0.421998
v -0.176929 0.473026 0.423275
v -0.167898 0.464249 0.425054
v 0.124726 0.440844 0.435397
v 0.127618 0.436734 0.432474
v 0.130803 0.432147 0.428711
v 0.136515 0.444539 0.432265
v 0.140714 0.441366 0.428971
v 0.145118 0.437714 0.424980
v 0.147563 0.449773 0.429567
v 0.152880 0.447386 0.426053
v 0.158350 0.444515 0.421927
v -0.158350 0.444515 0.421927
v -0.145118 0.437714 0.424980
v -0.130803 0.432147 0.428711
v -0.152880 0.447386 0.426053
v -0.140713 0.441366 0.428971
v -0.127618 0.436734 0.432474
v -0.147563 0.449773 0.429567
v -0.136515 0.444539 0.432265
v -0.124726 0.440844 0.435397
v 0.071992 0.442496 0.451418
v 0.068865 0.433025 0.452004
v 0.065978 0.422016 0.451725
v 0.084897 0.439883 0.447623
v 0.083424 0.431840 0.447130
v 0.082457 0.422963 0.445417
v 0.098548 0.438577 0.443311
v 0.098603 0.432010 0.441793
v 0.099167 0.424892 0.439068
v -0.099167 0.424892 0.439068
v -0.082457 0.422963 0.445417
v -0.065978 0.422016 0.451725
v -0.098603 0.432010 0.441793
v -0.083424 0.431840 0.447130
v -0.068865 0.433025 0.452004
v -0.098548 0.438577 0.443311
v -0.084897 0.439883 0.447623
v -0.071992 0.442496 0.451418
v 0.051876 0.450891 0.455103
v 0.045117 0.456311 0.454996
v 0.040022 0.462319 0.454385
v 0.045902 0.441042 0.456293
v 0.037930 0.447561 0.455590
v 0.031538 0.454842 0.454253
v 0.039662 0.429497 0.457541
v 0.030455 0.437555 0.456239
v 0.022163 0.446128 0.454155
v -0.022163 0.446128 0.454155
v -0.031538 0.454842 0.454253
v -0.040022 0.462319 0.454385
v -0.030455 0.437555 0.456239
v -0.037930 0.447561 0.455590
v -0.045117 0.456311 0.454996
v -0.039662 0.429497 0.457541
v -0.045902 0.441042 0.456293
v -0.051876 0.450891 0.455103
v 0.040548 0.551931 0.466116
v 0.035223 0.554660 0.469136
v 0.030059 0.557776 0.471435
v 0.036036 0.544599 0.465451
v 0.029873 0.547168 0.468264
v 0.023759 0.550244 0.470473
v 0.032370 0.537165 0.464517
v 0.025188 0.539740 0.467151
v 0.017549 0.543014 0.469429
v -0.017549 0.543014 0.469429
v -0.023759 0.550244 0.470473
v -0.030059 0.557776 0.471435
v -0.025188 0.539740 0.467151
v -0.029873 0.547168 0.468264
v -0.035223 0.554660 0.469136
v -0.032370 0.537165 0.464517
v -0.036036 0.544599 0.465451
v -0.040548 0.551931 0.466116
v 0.028257 0.521777 0.461978
v 0.019860 0.523694 0.463848
v 0.010339 0.525820 0.465662
v 0.027752 0.513878 0.460484
v 0.019256 0.515042 0.461762
v 0.009859 0.516155 0.462982
v 0.027973 0.505981 0.458945
v 0.019362 0.506353 0.459651
v 0.009895 0.506697 0.460367
v -0.009896 0.506697 0.460367
v -0.009859 0.516155 0.462982
v -0.010339 0.525820 0.465662
v -0.019362 0.506353 0.459651
v -0.019256 0.515042 0.461762
v -0.019860 0.523694 0.463848
v -0.027973 0.505981 0.458945
v -0.027752 0.513878 0.460484
v -0.028257 0.521777 0.461978
v 0.012444 0.466881 0.452608
v 0.023740 0.471388 0.453265
v 0.033384 0.475755 0.454075
v 0.011271 0.477792 0.453797
v 0.021906 0.480251 0.454204
v 0.031300 0.483009 0.454833
v 0.010611 0.487836 0.455652
v 0.020709 0.489012 0.455731
v 0.029786 0.490494 0.456006
v -0.029786 0.490494 0.456006
v -0.031300 0.483009 0.454833
v -0.033384 0.475755 0.454075
v -0.020709 0.489012 0.455731
v -0.021906 0.480251 0.454204
v -0.023740 0.471388 0.453265
v -0.010611 0.487836 0.455652
v -0.011271 0.477792 0.453797
v -0.012444 0.466881 0.452608
v 0.020359 0.165107 0.431063
v 0.013841 0.164051 0.430786
v 0.007001 0.163439 0.430635
v 0.024448 0.161846 0.427513
v 0.016684 0.160803 0.427428
v 0.008458 0.160164 0.427407
v 0.028583 0.158370 0.423211
v 0.019540 0.157336 0.423365
v 0.009916 0.156670 0.423508
v -0.009916 0.156670 0.423508
v -0.008458 0.160164 0.427407
v -0.007001 0.163439 0.430635
v -0.019540 0.157336 0.423365
v -0.016684 0.160803 0.427428
v -0.013841 0.164051 0.430786
v -0.028583 0.158370 0.423211
v -0.024448 0.161846 0.427513
v -0.020359 0.165107 0.431063
v 0.040288 0.175113 0.433851
v 0.036455 0.171449 0.432855
v 0.031793 0.168690 0.432074
v 0.047243 0.170902 0.429375
v 0.042946 0.167579 0.428581
v 0.037701 0.165119 0.428041
v 0.054658 0.166469 0.423922
v 0.049770 0.163510 0.423389
v 0.043819 0.161350 0.423148
v -0.043819 0.161350 0.423148
v -0.037701 0.165119 0.428041
v -0.031793 0.168690 0.432074
v -0.049770 0.163510 0.423389
v -0.042946 0.167579 0.428581
v -0.036455 0.171449 0.432855
v -0.054658 0.166469 0.423922
v -0.047243 0.170902 0.429375
v -0.040288 0.175113 0.433851
v 0.045728 0.199867 0.440030
v 0.045930 0.192685 0.438258
v 0.045099 0.185860 0.436576
v 0.055127 0.194680 0.435327
v 0.054429 0.187615 0.433579
v 0.052954 0.181015 0.431913
v 0.064800 0.189032 0.429532
v 0.063504 0.182084 0.427772
v 0.061450 0.175791 0.426151
v -0.061450 0.175791 0.426151
v -0.052954 0.181015 0.431913
v -0.045099 0.185860 0.436576
v -0.063504 0.182084 0.427772
v -0.054429 0.187615 0.433579
v -0.045930 0.192685 0.438258
v -0.064800 0.189032 0.429532
v -0.055127 0.194680 0.435327
v -0.045728 0.199867 0.440030
v 0.055991 0.279656 0.440739
v 0.046894 0.279923 0.444978
v 0.037879 0.280252 0.447958
v 0.058471 0.263235 0.439643
v 0.049191 0.263708 0.443934
v 0.039944 0.264256 0.447010
v 0.060836 0.247227 0.438353
v 0.051411 0.248117 0.442737
v 0.041961 0.249042 0.445942
v -0.041961 0.249042 0.445942
v -0.039944 0.264256 0.447010
v -0.037879 0.280252 0.447958
v -0.051411 0.248117 0.442737
v -0.049191 0.263708 0.443934
v -0.046894 0.279923 0.444978
v -0.060836 0.247227 0.438353
v -0.058471 0.263235 0.439643
v -0.055991 0.279656 0.440739
v 0.045090 0.212455 0.442577
v 0.055459 0.208250 0.438246
v 0.065622 0.203630 0.432832
v 0.045106 0.218422 0.443297
v 0.055248 0.215245 0.439353
v 0.065254 0.211681 0.434268
v 0.044659 0.225920 0.444041
v 0.054548 0.223676 0.440416
v 0.064336 0.221188 0.435634
v -0.064336 0.221188 0.435634
v -0.065254 0.211681 0.434268
v -0.065622 0.203630 0.432832
v -0.054548 0.223676 0.440416
v -0.055248 0.215245 0.439353
v -0.055459 0.208250 0.438246
v -0.044659 0.225920 0.444041
v -0.045106 0.218422 0.443297
v -0.045090 0.212455 0.442577
v 0.019525 0.330987 0.452132
v 0.012795 0.329174 0.452637
v 0.006330 0.327881 0.452817
v 0.019364 0.320976 0.451855
v 0.012657 0.319972 0.452384
v 0.006251 0.319159 0.452577
v 0.019546 0.309253 0.451803
v 0.012740 0.308768 0.452355
v 0.006282 0.308329 0.452558
v -0.006282 0.308329 0.452558
v -0.006251 0.319159 0.452578
v -0.006330 0.327881 0.452817
v -0.012740 0.308768 0.452355
v -0.012657 0.319972 0.452384
v -0.012795 0.329174 0.452637
v -0.019546 0.309253 0.451803
v -0.019364 0.320976 0.451855
v -0.019525 0.330987 0.452132
v 0.024091 0.250386 0.449455
v 0.022707 0.265144 0.450325
v 0.021313 0.280724 0.451110
v 0.015825 0.250703 0.450139
v 0.014866 0.265390 0.450967
v 0.013904 0.280805 0.451720
v 0.007842 0.250850 0.450390
v 0.007351 0.265523 0.451204
v 0.006860 0.280827 0.451944
v -0.006860 0.280827 0.451944
v -0.013904 0.280805 0.451720
v -0.021313 0.280724 0.451110
v -0.007351 0.265523 0.451204
v -0.014866 0.265390 0.450967
v -0.022707 0.265144 0.450325
v -0.007842 0.250850 0.450390
v -0.015825 0.250703 0.450139
v -0.024091 0.250386 0.449455
v 0.008322 0.216075 0.448646
v 0.016781 0.216733 0.448362
v 0.025550 0.216826 0.447531
v 0.008434 0.221137 0.448918
v 0.017011 0.221566 0.448616
v 0.025879 0.221592 0.447779
v 0.008416 0.228292 0.449221
v 0.016963 0.228462 0.448929
v 0.025775 0.228329 0.448135
v -0.025775 0.228329 0.448135
v -0.025879 0.221592 0.447779
v -0.025550 0.216826 0.447531
v -0.016963 0.228462 0.448929
v -0.017011 0.221566 0.448616
v -0.016781 0.216733 0.448362
v -0.008416 0.228292 0.449221
v -0.008434 0.221137 0.448918
v -0.008322 0.216075 0.448646
v 0.035104 0.362256 0.456313
v 0.034600 0.362848 0.459297
v 0.034424 0.363351 0.462279
v 0.033024 0.357284 0.455814
v 0.032380 0.358262 0.458795
v 0.032170 0.359058 0.461723
v 0.029798 0.352331 0.455299
v 0.029067 0.353970 0.458208
v 0.028853 0.355158 0.461046
v -0.028853 0.355158 0.461046
v -0.032170 0.359058 0.461723
v -0.034424 0.363351 0.462279
v -0.029067 0.353970 0.458208
v -0.032380 0.358262 0.458795
v -0.034600 0.362848 0.459297
v -0.029798 0.352331 0.455299
v -0.033024 0.357284 0.455814
v -0.035104 0.362256 0.456313
v 0.032038 0.384237 0.456631
v 0.032097 0.384187 0.458634
v 0.032253 0.384334 0.461207
v 0.034570 0.378875 0.456809
v 0.034456 0.378986 0.459112
v 0.034465 0.379164 0.461838
v 0.035898 0.373137 0.456840
v 0.035656 0.373376 0.459465
v 0.035579 0.373600 0.462340
v -0.035579 0.373600 0.462340
v -0.034465 0.379164 0.461838
v -0.032253 0.384334 0.461207
v -0.035656 0.373376 0.459465
v -0.034456 0.378986 0.459112
v -0.032097 0.384187 0.458634
v -0.035898 0.373136 0.456840
v -0.034570 0.378876 0.456809
v -0.032038 0.384237 0.456631
v 0.011080 0.393866 0.455519
v 0.013296 0.392930 0.457673
v 0.015050 0.392843 0.460238
v 0.017370 0.393772 0.455692
v 0.018683 0.392900 0.457643
v 0.019914 0.392822 0.460125
v 0.023266 0.392012 0.456005
v 0.023963 0.391410 0.457818
v 0.024720 0.391412 0.460257
v -0.024720 0.391412 0.460257
v -0.019914 0.392822 0.460125
v -0.015050 0.392843 0.460238
v -0.023963 0.391410 0.457818
v -0.018683 0.392900 0.457643
v -0.013296 0.392930 0.457673
v -0.023266 0.392012 0.456005
v -0.017370 0.393772 0.455692
v -0.011080 0.393866 0.455520
v 0.000751 0.384443 0.458455
v 0.001455 0.384053 0.459983
v 0.002071 0.383963 0.462416
v 0.001648 0.386216 0.457501
v 0.003146 0.386169 0.459323
v 0.004374 0.386268 0.461868
v 0.002959 0.389157 0.456486
v 0.005366 0.388994 0.458578
v 0.007148 0.389087 0.461200
v -0.007148 0.389087 0.461200
v -0.004374 0.386268 0.461868
v -0.002071 0.383963 0.462416
v -0.005366 0.388994 0.458578
v -0.003146 0.386169 0.459323
v -0.001455 0.384053 0.459983
v -0.002959 0.389157 0.456486
v -0.001648 0.386216 0.457501
v -0.000751 0.384443 0.458455
v 0.006579 0.338741 0.455185
v 0.013106 0.340667 0.455128
v 0.019481 0.343632 0.455002
v 0.006672 0.341444 0.457345
v 0.013167 0.343440 0.457373
v 0.019277 0.346386 0.457463
v 0.006722 0.343173 0.459793
v 0.013209 0.345194 0.459863
v 0.019224 0.348101 0.460056
v -0.019224 0.348101 0.460055
v -0.019277 0.346386 0.457463
v -0.019481 0.343632 0.455002
v -0.013209 0.345194 0.459863
v -0.013167 0.343440 0.457373
v -0.013106 0.340667 0.455128
v -0.006722 0.343173 0.459793
v -0.006672 0.341444 0.457345
v -0.006579 0.338741 0.455185
v 0.006582 0.346215 0.464447
v 0.012917 0.348172 0.464540
v 0.018756 0.350912 0.464795
v 0.006434 0.348248 0.466435
v 0.012582 0.350053 0.466519
v 0.018170 0.352528 0.466756
v 0.006332 0.350750 0.468273
v 0.012289 0.352274 0.468318
v 0.017515 0.354264 0.468462
v -0.017515 0.354264 0.468462
v -0.018170 0.352528 0.466756
v -0.018756 0.350912 0.464795
v -0.012289 0.352274 0.468319
v -0.012582 0.350053 0.466519
v -0.012917 0.348172 0.464540
v -0.006332 0.350750 0.468273
v -0.006434 0.348248 0.466435
v -0.006582 0.346215 0.464447
v 0.002959 0.383273 0.467937
v 0.003400 0.382050 0.470359
v 0.004213 0.380154 0.472450
v 0.006026 0.385623 0.467329
v 0.006767 0.384524 0.469684
v 0.007918 0.383027 0.471646
v 0.009317 0.388441 0.466581
v 0.010110 0.387337 0.468879
v 0.011113 0.385900 0.470742
v -0.011113 0.385900 0.470742
v -0.007918 0.383027 0.471646
v -0.004213 0.380154 0.472450
v -0.010110 0.387337 0.468879
v -0.006767 0.384524 0.469684
v -0.003400 0.382050 0.470359
v -0.009317 0.388441 0.466581
v -0.006026 0.385623 0.467329
v -0.002959 0.383273 0.467937
v 0.017038 0.392146 0.465491
v 0.017412 0.390862 0.467796
v 0.017483 0.388997 0.469759
v 0.021277 0.392132 0.465353
v 0.021309 0.390825 0.467682
v 0.021004 0.388873 0.469718
v 0.025352 0.390772 0.465491
v 0.025014 0.389554 0.467796
v 0.024350 0.387773 0.469759
v -0.024350 0.387773 0.469759
v -0.021004 0.388873 0.469718
v -0.017483 0.388997 0.469759
v -0.025014 0.389554 0.467796
v -0.021309 0.390825 0.467682
v -0.017412 0.390862 0.467796
v -0.025352 0.390772 0.465491
v -0.021277 0.392132 0.465353
v -0.017038 0.392146 0.465491
v 0.031713 0.383911 0.466579
v 0.030673 0.383158 0.468873
v 0.029034 0.382291 0.470729
v 0.033609 0.378926 0.467310
v 0.032304 0.378476 0.469634
v 0.030227 0.378045 0.471541
v 0.034558 0.373626 0.467875
v 0.033088 0.373472 0.470204
v 0.030729 0.373388 0.472119
v -0.030729 0.373388 0.472119
v -0.030227 0.378045 0.471541
v -0.029034 0.382291 0.470729
v -0.033088 0.373472 0.470204
v -0.032304 0.378476 0.469634
v -0.030673 0.383158 0.468873
v -0.034558 0.373626 0.467875
v -0.033609 0.378926 0.467310
v -0.031713 0.383911 0.466579
v 0.033374 0.364246 0.467691
v 0.031862 0.364670 0.469915
v 0.029393 0.365062 0.471728
v 0.031210 0.360519 0.466955
v 0.029822 0.361231 0.469085
v 0.027559 0.361810 0.470810
v 0.028031 0.357183 0.466077
v 0.026871 0.358183 0.468112
v 0.025040 0.358984 0.469748
v -0.025040 0.358984 0.469748
v -0.027559 0.361810 0.470810
v -0.029393 0.365062 0.471728
v -0.026871 0.358183 0.468112
v -0.029822 0.361231 0.469085
v -0.031862 0.364670 0.469915
v -0.028031 0.357183 0.466077
v -0.031210 0.360519 0.466955
v -0.033374 0.364246 0.467691
v 0.011386 0.376174 0.474689
v 0.017236 0.374918 0.474778
v 0.022707 0.374039 0.474408
v 0.013947 0.380186 0.473860
v 0.018598 0.379152 0.474066
v 0.023213 0.378340 0.473770
v 0.015885 0.383697 0.472733
v 0.019658 0.382983 0.472933
v 0.023443 0.382213 0.472721
v -0.023443 0.382213 0.472721
v -0.023213 0.378340 0.473770
v -0.022707 0.374039 0.474408
v -0.019658 0.382983 0.472933
v -0.018598 0.379152 0.474066
v -0.017236 0.374918 0.474778
v -0.015885 0.383697 0.472733
v -0.013947 0.380186 0.473860
v -0.011386 0.376174 0.474689
v 0.007619 0.366633 0.474458
v 0.007035 0.361782 0.473292
v 0.006620 0.357486 0.471753
v 0.014649 0.366091 0.474308
v 0.013656 0.361926 0.473162
v 0.012807 0.358180 0.471676
v 0.020775 0.365710 0.473888
v 0.019468 0.362107 0.472803
v 0.018141 0.358928 0.471447
v -0.018141 0.358928 0.471447
v -0.012807 0.358180 0.471676
v -0.006620 0.357486 0.471753
v -0.019468 0.362107 0.472803
v -0.013656 0.361926 0.473162
v -0.007035 0.361782 0.473292
v -0.020775 0.365710 0.473888
v -0.014649 0.366091 0.474308
v -0.007619 0.366633 0.474458
v 0.008453 0.403388 0.453719
v 0.016343 0.401330 0.454686
v 0.023328 0.397505 0.455641
v 0.008880 0.412541 0.453859
v 0.017352 0.408468 0.455382
v 0.024978 0.402720 0.456766
v 0.010232 0.423802 0.454004
v 0.019734 0.417260 0.456140
v 0.028418 0.409326 0.457845
v -0.028418 0.409326 0.457845
v -0.024978 0.402720 0.456766
v -0.023328 0.397505 0.455641
v -0.019734 0.417260 0.456140
v -0.017352 0.408468 0.455382
v -0.016343 0.401330 0.454686
v -0.010232 0.423802 0.454004
v -0.008880 0.412541 0.453859
v -0.008453 0.403388 0.453719
v 0.033428 0.386211 0.455618
v 0.036405 0.379631 0.454512
v 0.038200 0.372969 0.453124
v 0.035616 0.388199 0.455924
v 0.038586 0.380412 0.453700
v 0.040575 0.372944 0.451258
v 0.039367 0.390318 0.455205
v 0.041771 0.380994 0.451578
v 0.043740 0.372695 0.448084
v -0.043740 0.372695 0.448084
v -0.040575 0.372944 0.451258
v -0.038200 0.372969 0.453123
v -0.041771 0.380994 0.451578
v -0.038586 0.380412 0.453700
v -0.036405 0.379631 0.454512
v -0.039367 0.390318 0.455205
v -0.035616 0.388199 0.455924
v -0.033428 0.386211 0.455618
v 0.038743 0.360738 0.450766
v 0.037728 0.355012 0.450064
v 0.036087 0.348854 0.449617
v 0.042087 0.359837 0.447646
v 0.041890 0.353851 0.446775
v 0.041398 0.347533 0.446350
v 0.046177 0.358895 0.443410
v 0.046710 0.352744 0.442398
v 0.047105 0.346365 0.441982
v -0.047105 0.346365 0.441982
v -0.041398 0.347533 0.446350
v -0.036087 0.348854 0.449617
v -0.046710 0.352744 0.442398
v -0.041890 0.353851 0.446775
v -0.037728 0.355012 0.450064
v -0.046177 0.358895 0.443410
v -0.042087 0.359837 0.447646
v -0.038743 0.360738 0.450766
v 0.033879 0.332355 0.449117
v 0.034076 0.321672 0.449012
v 0.034810 0.309515 0.448922
v 0.041232 0.331543 0.446195
v 0.041952 0.321217 0.446196
v 0.043141 0.309240 0.446094
v 0.048560 0.330705 0.441986
v 0.049877 0.320673 0.442030
v 0.051572 0.308910 0.441922
v -0.051572 0.308910 0.441922
v -0.043141 0.309240 0.446094
v -0.034810 0.309515 0.448921
v -0.049877 0.320673 0.442030
v -0.041952 0.321217 0.446196
v -0.034076 0.321672 0.449012
v -0.048560 0.330705 0.441986
v -0.041232 0.331543 0.446195
v -0.033879 0.332355 0.449117
v 0.078861 0.310696 0.408763
v 0.075770 0.321525 0.408471
v 0.072845 0.330613 0.408125
v 0.074057 0.309320 0.419104
v 0.071124 0.320484 0.418894
v 0.068384 0.329874 0.418582
v 0.067494 0.308740 0.428362
v 0.064877 0.320124 0.428300
v 0.062492 0.329734 0.428098
v -0.062492 0.329734 0.428098
v -0.068384 0.329874 0.418582
v -0.072845 0.330613 0.408125
v -0.064877 0.320124 0.428300
v -0.071124 0.320484 0.418894
v -0.075770 0.321525 0.408471
v -0.067494 0.308740 0.428362
v -0.074057 0.309320 0.419104
v -0.078861 0.310696 0.408763
v 0.068033 0.344838 0.407779
v 0.066120 0.350670 0.408025
v 0.064324 0.356155 0.408711
v 0.063918 0.344575 0.418174
v 0.062129 0.350640 0.418410
v 0.060405 0.356441 0.419210
v 0.058718 0.344798 0.427807
v 0.057214 0.351043 0.428113
v 0.055714 0.357095 0.429071
v -0.055714 0.357095 0.429071
v -0.060405 0.356441 0.419210
v -0.064324 0.356155 0.408711
v -0.057214 0.351043 0.428113
v -0.062129 0.350640 0.418410
v -0.066120 0.350670 0.408025
v -0.058718 0.344798 0.427807
v -0.063918 0.344575 0.418174
v -0.068033 0.344838 0.407779
v 0.061667 0.379423 0.414817
v 0.057063 0.383005 0.427911
v 0.051223 0.387440 0.440878
v 0.059916 0.373507 0.413592
v 0.055694 0.375906 0.425819
v 0.050776 0.378609 0.437455
v 0.060637 0.367504 0.411754
v 0.056653 0.368947 0.423166
v 0.052117 0.370590 0.433884
v -0.052117 0.370590 0.433884
v -0.050776 0.378609 0.437455
v -0.051223 0.387439 0.440878
v -0.056653 0.368947 0.423166
v -0.055694 0.375906 0.425819
v -0.057063 0.383005 0.427911
v -0.060637 0.367504 0.411754
v -0.059916 0.373507 0.413592
v -0.061667 0.379423 0.414817
v 0.022842 0.211224 0.447134
v 0.015542 0.210973 0.447560
v 0.007847 0.210035 0.447665
v 0.021244 0.209650 0.446489
v 0.014787 0.209253 0.446662
v 0.007570 0.208279 0.446644
v 0.020237 0.208449 0.445115
v 0.014226 0.208005 0.445138
v 0.007332 0.207057 0.445032
v -0.007332 0.207057 0.445032
v -0.007570 0.208279 0.446644
v -0.007847 0.210035 0.447665
v -0.014226 0.208005 0.445138
v -0.014787 0.209253 0.446662
v -0.015542 0.210973 0.447560
v -0.020237 0.208449 0.445115
v -0.021244 0.209650 0.446489
v -0.022842 0.211224 0.447134
v 0.033940 0.192281 0.441915
v 0.034004 0.198711 0.443434
v 0.032516 0.204857 0.444928
v 0.030920 0.193681 0.442480
v 0.030944 0.199567 0.443861
v 0.029508 0.204814 0.445077
v 0.029104 0.194350 0.441726
v 0.029166 0.199741 0.443017
v 0.027836 0.204379 0.444078
v -0.027836 0.204379 0.444078
v -0.029508 0.204814 0.445077
v -0.032516 0.204857 0.444928
v -0.029166 0.199741 0.443017
v -0.030944 0.199567 0.443861
v -0.034004 0.198711 0.443434
v -0.029104 0.194350 0.441726
v -0.030920 0.193681 0.442480
v -0.033940 0.192281 0.441915
v 0.023117 0.174142 0.436663
v 0.026978 0.177272 0.437772
v 0.030209 0.181290 0.439042
v 0.020712 0.175915 0.437059
v 0.024333 0.179082 0.438254
v 0.027392 0.183082 0.439601
v 0.019238 0.177272 0.436274
v 0.022700 0.180406 0.437497
v 0.025651 0.184305 0.438871
v -0.025651 0.184305 0.438871
v -0.027392 0.183082 0.439601
v -0.030209 0.181290 0.439042
v -0.022700 0.180406 0.437497
v -0.024333 0.179082 0.438254
v -0.026978 0.177272 0.437772
v -0.019238 0.177272 0.436275
v -0.020712 0.175915 0.437059
v -0.023117 0.174142 0.436663
v 0.004842 0.168481 0.434355
v 0.009630 0.169058 0.434616
v 0.014312 0.170133 0.435076
v 0.004256 0.170189 0.434677
v 0.008485 0.170759 0.434923
v 0.012661 0.171835 0.435380
v 0.003906 0.171558 0.433990
v 0.007799 0.172123 0.434196
v 0.011666 0.173195 0.434610
v -0.011666 0.173195 0.434610
v -0.012661 0.171835 0.435380
v -0.014312 0.170133 0.435076
v -0.007799 0.172123 0.434196
v -0.008485 0.170759 0.434923
v -0.009630 0.169059 0.434616
v -0.003906 0.171558 0.433990
v -0.004256 0.170189 0.434677
v -0.004842 0.168481 0.434355
v 0.003607 0.173984 0.429767
v 0.007209 0.174539 0.429887
v 0.010804 0.175582 0.430180
v 0.003611 0.175545 0.426873
v 0.007211 0.176100 0.426968
v 0.010788 0.177118 0.427205
v 0.003760 0.177775 0.424256
v 0.007484 0.178343 0.424338
v 0.011135 0.179328 0.424528
v -0.011135 0.179328 0.424529
v -0.010788 0.177118 0.427205
v -0.010804 0.175582 0.430180
v -0.007484 0.178343 0.424338
v -0.007211 0.176100 0.426968
v -0.007209 0.174539 0.429887
v -0.003760 0.177775 0.424256
v -0.003611 0.175545 0.426873
v -0.003607 0.173984 0.429767
v 0.017918 0.179496 0.431563
v 0.021211 0.182441 0.432656
v 0.024045 0.186022 0.433925
v 0.017793 0.180826 0.428359
v 0.020989 0.183572 0.429337
v 0.023707 0.186889 0.430549
v 0.018048 0.182667 0.425419
v 0.021066 0.185074 0.426292
v 0.023541 0.187967 0.427529
v -0.023541 0.187967 0.427529
v -0.023707 0.186889 0.430549
v -0.024045 0.186022 0.433925
v -0.021066 0.185074 0.426292
v -0.020989 0.183572 0.429336
v -0.021211 0.182441 0.432656
v -0.018048 0.182667 0.425419
v -0.017793 0.180826 0.428359
v -0.017918 0.179496 0.431563
v 0.027469 0.194892 0.436623
v 0.027623 0.199506 0.437849
v 0.026443 0.203403 0.438848
v 0.027006 0.195025 0.433056
v 0.027166 0.199222 0.434158
v 0.026005 0.202747 0.435111
v 0.026460 0.194902 0.429674
v 0.026586 0.198538 0.430455
v 0.025410 0.201572 0.431259
v -0.025410 0.201572 0.431259
v -0.026005 0.202747 0.435111
v -0.026443 0.203403 0.438848
v -0.026586 0.198538 0.430455
v -0.027166 0.199222 0.434158
v -0.027623 0.199506 0.437849
v -0.026460 0.194902 0.429674
v -0.027006 0.195025 0.433056
v -0.027469 0.194892 0.436623
v 0.019329 0.206679 0.439706
v 0.013621 0.206213 0.439625
v 0.007031 0.205340 0.439438
v 0.019001 0.205605 0.435971
v 0.013388 0.205097 0.435883
v 0.006910 0.204235 0.435688
v 0.018499 0.203868 0.432080
v 0.013022 0.203298 0.431997
v 0.006718 0.202444 0.431809
v -0.006718 0.202444 0.431809
v -0.006910 0.204235 0.435688
v -0.007031 0.205340 0.439438
v -0.013022 0.203298 0.431997
v -0.013388 0.205097 0.435883
v -0.013621 0.206213 0.439625
v -0.018499 0.203868 0.432080
v -0.019001 0.205605 0.435971
v -0.019329 0.206679 0.439706
v 0.005861 0.195392 0.425244
v 0.005232 0.190436 0.423173
v 0.004606 0.185407 0.422200
v 0.011399 0.196182 0.425395
v 0.010217 0.191166 0.423299
v 0.009049 0.186067 0.422302
v 0.016294 0.196924 0.425489
v 0.014708 0.191994 0.423412
v 0.013170 0.186962 0.422433
v -0.013170 0.186962 0.422433
v -0.009049 0.186067 0.422302
v -0.004606 0.185407 0.422200
v -0.014708 0.191994 0.423412
v -0.010217 0.191166 0.423299
v -0.005232 0.190436 0.423173
v -0.016294 0.196924 0.425489
v -0.011399 0.196182 0.425395
v -0.005861 0.195392 0.425244
v 0.022726 0.192643 0.423542
v 0.022902 0.196472 0.425077
v 0.021221 0.192769 0.423376
v 0.019817 0.188866 0.422733
v 0.022214 0.190161 0.423326
v 0.024166 0.192210 0.424690
v 0.024193 0.194820 0.424763
v -0.022726 0.192643 0.423542
v -0.024166 0.192210 0.424690
v -0.022214 0.190161 0.423326
v -0.019817 0.188866 0.422733
v -0.021221 0.192769 0.423376
v -0.022902 0.196472 0.425077
v -0.024193 0.194820 0.424763
v 0.043064 0.493153 0.457582
v 0.044661 0.487422 0.456928
v 0.046660 0.482048 0.456389
v 0.047208 0.494106 0.458660
v 0.048668 0.488821 0.458142
v 0.050512 0.483890 0.457689
v 0.050212 0.494900 0.459487
v 0.051484 0.489878 0.459056
v 0.053146 0.485189 0.458683
v -0.053146 0.485189 0.458683
v -0.050512 0.483890 0.457689
v -0.046660 0.482048 0.456390
v -0.051484 0.489878 0.459056
v -0.048668 0.488821 0.458142
v -0.044661 0.487422 0.456928
v -0.050212 0.494900 0.459487
v -0.047208 0.494106 0.458660
v -0.043064 0.493153 0.457582
v 0.041193 0.519181 0.460246
v 0.040842 0.512296 0.459623
v 0.041102 0.505626 0.458967
v 0.045810 0.518475 0.460459
v 0.045390 0.511981 0.460075
v 0.045525 0.505717 0.459652
v 0.049447 0.518059 0.460811
v 0.048918 0.511896 0.460561
v 0.048899 0.505940 0.460266
v -0.048899 0.505940 0.460266
v -0.045525 0.505717 0.459652
v -0.041102 0.505626 0.458967
v -0.048918 0.511896 0.460561
v -0.045390 0.511981 0.460075
v -0.040842 0.512296 0.459623
v -0.049447 0.518059 0.460811
v -0.045810 0.518475 0.460459
v -0.041193 0.519181 0.460246
v 0.050159 0.547086 0.462010
v 0.046749 0.540353 0.461781
v 0.044106 0.533334 0.461364
v 0.054081 0.544888 0.461489
v 0.050977 0.538547 0.461392
v 0.048568 0.531894 0.461145
v 0.057427 0.542910 0.461386
v 0.054508 0.536978 0.461366
v 0.052214 0.530731 0.461231
v -0.052214 0.530731 0.461231
v -0.048568 0.531894 0.461145
v -0.044106 0.533334 0.461364
v -0.054508 0.536978 0.461366
v -0.050977 0.538547 0.461392
v -0.046749 0.540353 0.461781
v -0.057427 0.542910 0.461386
v -0.054081 0.544888 0.461489
v -0.050159 0.547086 0.462010
v 0.051930 0.472399 0.455883
v 0.055692 0.468019 0.455687
v 0.060836 0.463785 0.455151
v 0.055350 0.475078 0.457182
v 0.058805 0.471061 0.456942
v 0.063567 0.467124 0.456394
v 0.057662 0.476782 0.458335
v 0.060955 0.472938 0.458183
v 0.065514 0.469177 0.457736
v -0.065514 0.469177 0.457736
v -0.063567 0.467124 0.456394
v -0.060836 0.463785 0.455151
v -0.060955 0.472938 0.458183
v -0.058805 0.471061 0.456942
v -0.055692 0.468019 0.455687
v -0.057662 0.476782 0.458335
v -0.055350 0.475078 0.457182
v -0.051930 0.472399 0.455883
v 0.077026 0.455388 0.451971
v 0.087729 0.451632 0.449337
v 0.099127 0.448835 0.446389
v 0.078723 0.459048 0.453467
v 0.088794 0.455303 0.451102
v 0.099524 0.452430 0.448459
v 0.080035 0.461510 0.455061
v 0.089676 0.457978 0.452845
v 0.099939 0.455274 0.450356
v -0.099939 0.455274 0.450356
v -0.099524 0.452430 0.448458
v -0.099127 0.448835 0.446389
v -0.089676 0.457978 0.452845
v -0.088794 0.455303 0.451102
v -0.087729 0.451632 0.449337
v -0.080035 0.461511 0.455061
v -0.078723 0.459048 0.453467
v -0.077026 0.455388 0.451971
v 0.120844 0.448096 0.440725
v 0.130578 0.450498 0.438251
v 0.139841 0.454545 0.435944
v 0.119917 0.451318 0.443338
v 0.129036 0.453438 0.441046
v 0.137729 0.457146 0.438847
v 0.119408 0.454222 0.445527
v 0.128093 0.456209 0.443348
v 0.136358 0.459693 0.441218
v -0.136358 0.459693 0.441218
v -0.137729 0.457146 0.438847
v -0.139841 0.454545 0.435944
v -0.128093 0.456209 0.443348
v -0.129036 0.453438 0.441046
v -0.130578 0.450498 0.438251
v -0.119408 0.454222 0.445527
v -0.119917 0.451318 0.443338
v -0.120844 0.448096 0.440725
v 0.157836 0.466826 0.431590
v 0.166307 0.474519 0.429629
v 0.173783 0.482780 0.428007
v 0.154752 0.468595 0.434458
v 0.162831 0.475815 0.432374
v 0.169977 0.483584 0.430595
v 0.152521 0.470477 0.436775
v 0.160180 0.477293 0.434582
v 0.166944 0.484635 0.432679
v -0.166944 0.484635 0.432679
v -0.169977 0.483584 0.430595
v -0.173783 0.482780 0.428007
v -0.160180 0.477293 0.434582
v -0.162831 0.475815 0.432374
v -0.166307 0.474519 0.429629
v -0.152521 0.470477 0.436775
v -0.154752 0.468595 0.434458
v -0.157836 0.466826 0.431590
v 0.183819 0.499607 0.426358
v 0.186144 0.507671 0.426375
v 0.187003 0.515301 0.426817
v 0.179546 0.499424 0.428639
v 0.181741 0.507033 0.428514
v 0.182550 0.514261 0.428802
v 0.175957 0.499635 0.430542
v 0.178002 0.506857 0.430370
v 0.178746 0.513733 0.430611
v -0.178746 0.513733 0.430611
v -0.182550 0.514261 0.428802
v -0.187003 0.515301 0.426817
v -0.178002 0.506857 0.430370
v -0.181741 0.507033 0.428515
v -0.186144 0.507671 0.426375
v -0.175957 0.499635 0.430542
v -0.179546 0.499424 0.428639
v -0.183819 0.499607 0.426358
v 0.185330 0.528737 0.428573
v 0.182685 0.534542 0.429941
v 0.178348 0.539914 0.431843
v 0.181044 0.527136 0.430147
v 0.178631 0.532755 0.431286
v 0.174632 0.537943 0.433005
v 0.177369 0.526030 0.431780
v 0.175151 0.531415 0.432807
v 0.171439 0.536381 0.434446
v -0.171439 0.536381 0.434446
v -0.174632 0.537943 0.433004
v -0.178348 0.539914 0.431843
v -0.175151 0.531415 0.432807
v -0.178631 0.532755 0.431286
v -0.182685 0.534542 0.429941
v -0.177369 0.526030 0.431780
v -0.181044 0.527136 0.430147
v -0.185330 0.528737 0.428573
v 0.163246 0.549894 0.437810
v 0.153033 0.554578 0.441586
v 0.142229 0.558980 0.445316
v 0.160543 0.547376 0.438907
v 0.150952 0.551682 0.442763
v 0.140776 0.555675 0.446542
v 0.158198 0.545343 0.440431
v 0.149127 0.549389 0.444412
v 0.139475 0.553116 0.448276
v -0.139475 0.553116 0.448276
v -0.140776 0.555675 0.446542
v -0.142229 0.558980 0.445316
v -0.149127 0.549389 0.444412
v -0.150952 0.551682 0.442763
v -0.153033 0.554578 0.441586
v -0.158199 0.545343 0.440431
v -0.160543 0.547376 0.438907
v -0.163246 0.549894 0.437810
v 0.122430 0.566664 0.450936
v 0.114162 0.569752 0.452625
v 0.106756 0.572170 0.453868
v 0.122032 0.562572 0.451843
v 0.114164 0.565331 0.453166
v 0.107108 0.567485 0.454011
v 0.121624 0.559497 0.453350
v 0.114100 0.562026 0.454364
v 0.107345 0.563990 0.454866
v -0.107345 0.563990 0.454866
v -0.107108 0.567485 0.454011
v -0.106756 0.572170 0.453868
v -0.114100 0.562026 0.454364
v -0.114164 0.565331 0.453166
v -0.114162 0.569752 0.452625
v -0.121624 0.559496 0.453350
v -0.122032 0.562572 0.451843
v -0.122430 0.566664 0.450936
v 0.093682 0.574507 0.455989
v 0.087669 0.574282 0.457087
v 0.081831 0.573103 0.458178
v 0.094690 0.569553 0.455569
v 0.089016 0.569350 0.456551
v 0.083528 0.568309 0.457592
v 0.095492 0.565842 0.455934
v 0.090110 0.565630 0.456807
v 0.084929 0.564650 0.457786
v -0.084929 0.564650 0.457786
v -0.083528 0.568309 0.457592
v -0.081831 0.573103 0.458178
v -0.090110 0.565630 0.456807
v -0.089016 0.569350 0.456551
v -0.087669 0.574282 0.457087
v -0.095492 0.565842 0.455934
v -0.094690 0.569553 0.455569
v -0.093682 0.574507 0.455989
v 0.070226 0.567831 0.460192
v 0.064534 0.563802 0.461015
v 0.059163 0.558946 0.461632
v 0.072662 0.563698 0.459562
v 0.067352 0.560151 0.460367
v 0.062363 0.555810 0.460986
v 0.074746 0.560377 0.459620
v 0.069796 0.557097 0.460338
v 0.065151 0.553077 0.460885
v -0.065151 0.553077 0.460885
v -0.062363 0.555809 0.460986
v -0.059163 0.558946 0.461632
v -0.069796 0.557097 0.460338
v -0.067352 0.560151 0.460367
v -0.064533 0.563802 0.461015
v -0.074746 0.560377 0.459620
v -0.072662 0.563698 0.459562
v -0.070226 0.567831 0.460192
v 0.077912 0.555436 0.459571
v 0.073584 0.552451 0.459984
v 0.069506 0.548834 0.460245
v 0.079089 0.553520 0.458998
v 0.075023 0.550668 0.459220
v 0.071176 0.547227 0.459294
v 0.080101 0.551823 0.458182
v 0.076279 0.549101 0.458199
v 0.072639 0.545829 0.458069
v -0.072639 0.545829 0.458069
v -0.071176 0.547227 0.459294
v -0.069506 0.548834 0.460245
v -0.076279 0.549101 0.458199
v -0.075023 0.550668 0.459220
v -0.073584 0.552451 0.459984
v -0.080101 0.551823 0.458182
v -0.079089 0.553520 0.458998
v -0.077912 0.555436 0.459571
v 0.096530 0.560610 0.456552
v 0.091611 0.560335 0.457308
v 0.086929 0.559388 0.458169
v 0.096823 0.558581 0.456286
v 0.092090 0.558264 0.457040
v 0.087613 0.557326 0.457856
v 0.097025 0.556775 0.455764
v 0.092459 0.556413 0.456541
v 0.088168 0.555484 0.457316
v -0.088168 0.555484 0.457316
v -0.087613 0.557326 0.457856
v -0.086929 0.559388 0.458169
v -0.092459 0.556413 0.456541
v -0.092090 0.558264 0.457040
v -0.091611 0.560335 0.457308
v -0.097025 0.556775 0.455764
v -0.096823 0.558580 0.456286
v -0.096530 0.560610 0.456552
v 0.120726 0.555400 0.454957
v 0.113760 0.557572 0.455710
v 0.107491 0.559197 0.455916
v 0.120233 0.553998 0.454482
v 0.113501 0.555989 0.455295
v 0.107428 0.557426 0.455564
v 0.119722 0.552850 0.453458
v 0.113205 0.554658 0.454409
v 0.107311 0.555898 0.454830
v -0.107311 0.555898 0.454830
v -0.107428 0.557426 0.455564
v -0.107491 0.559197 0.455916
v -0.113205 0.554658 0.454409
v -0.113501 0.555989 0.455295
v -0.113760 0.557572 0.455710
v -0.119722 0.552850 0.453458
v -0.120233 0.553998 0.454482
v -0.120726 0.555400 0.454957
v 0.154125 0.542317 0.441932
v 0.145899 0.546131 0.446058
v 0.137110 0.549623 0.450033
v 0.152246 0.541152 0.441426
v 0.144386 0.544955 0.445531
v 0.135977 0.548426 0.449499
v 0.150428 0.540124 0.440384
v 0.142911 0.543959 0.444427
v 0.134863 0.547446 0.448362
v -0.134863 0.547446 0.448362
v -0.135977 0.548426 0.449499
v -0.137110 0.549623 0.450033
v -0.142911 0.543959 0.444427
v -0.144386 0.544955 0.445531
v -0.145899 0.546131 0.446058
v -0.150428 0.540124 0.440384
v -0.152246 0.541152 0.441426
v -0.154125 0.542317 0.441932
v 0.171311 0.524466 0.433309
v 0.169354 0.529379 0.434242
v 0.166049 0.533947 0.435823
v 0.168706 0.523773 0.432937
v 0.166819 0.528482 0.433829
v 0.163647 0.532904 0.435376
v 0.166269 0.523109 0.432085
v 0.164429 0.527627 0.432936
v 0.161361 0.531925 0.434447
v -0.161361 0.531925 0.434447
v -0.163647 0.532904 0.435376
v -0.166049 0.533947 0.435823
v -0.164429 0.527627 0.432936
v -0.166819 0.528482 0.433829
v -0.169354 0.529379 0.434242
v -0.166269 0.523109 0.432085
v -0.168706 0.523773 0.432937
v -0.171311 0.524466 0.433309
v 0.170118 0.500592 0.432335
v 0.171907 0.507126 0.432115
v 0.172540 0.513334 0.432305
v 0.167605 0.501157 0.432200
v 0.169307 0.507356 0.431924
v 0.169905 0.513222 0.432049
v 0.165251 0.501751 0.431636
v 0.166885 0.507618 0.431291
v 0.167456 0.513137 0.431331
v -0.167456 0.513137 0.431331
v -0.169905 0.513222 0.432049
v -0.172540 0.513335 0.432305
v -0.166885 0.507618 0.431291
v -0.169307 0.507356 0.431924
v -0.171907 0.507126 0.432115
v -0.165251 0.501751 0.431636
v -0.167605 0.501157 0.432199
v -0.170118 0.500592 0.432335
v 0.149156 0.473889 0.438895
v 0.156052 0.480165 0.436626
v 0.162111 0.486911 0.434626
v 0.147620 0.475298 0.438717
v 0.154200 0.481431 0.436491
v 0.159976 0.488001 0.434519
v 0.146131 0.476581 0.438028
v 0.152423 0.482622 0.435878
v 0.157946 0.489065 0.433966
v -0.157946 0.489065 0.433966
v -0.159976 0.488001 0.434519
v -0.162111 0.486911 0.434626
v -0.152423 0.482622 0.435878
v -0.154200 0.481431 0.436491
v -0.156052 0.480165 0.436626
v -0.146131 0.476581 0.438028
v -0.147620 0.475298 0.438717
v -0.149156 0.473889 0.438895
v 0.118825 0.458920 0.447418
v 0.126859 0.460783 0.445370
v 0.134459 0.463982 0.443332
v 0.118539 0.460773 0.447063
v 0.126271 0.462567 0.445063
v 0.133564 0.465653 0.443067
v 0.118249 0.462422 0.446167
v 0.125684 0.464141 0.444210
v 0.132679 0.467125 0.442254
v -0.132679 0.467125 0.442254
v -0.133564 0.465653 0.443067
v -0.134459 0.463982 0.443332
v -0.125684 0.464141 0.444210
v -0.126271 0.462567 0.445063
v -0.126859 0.460783 0.445370
v -0.118249 0.462422 0.446167
v -0.118539 0.460773 0.447063
v -0.118825 0.458920 0.447418
v 0.082056 0.464876 0.456284
v 0.091104 0.461836 0.454253
v 0.100701 0.459584 0.451935
v 0.082932 0.466343 0.455588
v 0.091724 0.463463 0.453656
v 0.101028 0.461352 0.451433
v 0.083757 0.467740 0.454338
v 0.092307 0.464980 0.452511
v 0.101332 0.462970 0.450390
v -0.101332 0.462970 0.450390
v -0.101028 0.461352 0.451433
v -0.100701 0.459584 0.451935
v -0.092307 0.464980 0.452511
v -0.091724 0.463463 0.453656
v -0.091104 0.461836 0.454253
v -0.083757 0.467740 0.454338
v -0.082932 0.466343 0.455588
v -0.082056 0.464876 0.456284
v 0.060794 0.479132 0.458638
v 0.063934 0.475415 0.458727
v 0.068302 0.471830 0.458522
v 0.062127 0.480266 0.457618
v 0.065210 0.476595 0.457781
v 0.069501 0.473066 0.457650
v 0.063383 0.481398 0.456107
v 0.066412 0.477769 0.456322
v 0.070632 0.474286 0.456244
v -0.070632 0.474286 0.456244
v -0.069501 0.473066 0.457650
v -0.068302 0.471830 0.458522
v -0.066412 0.477769 0.456322
v -0.065210 0.476595 0.457781
v -0.063934 0.475416 0.458727
v -0.063383 0.481398 0.456107
v -0.062127 0.480266 0.457618
v -0.060794 0.479132 0.458639
v 0.062520 0.539844 0.460463
v 0.059743 0.534639 0.460466
v 0.057481 0.529135 0.460409
v 0.064423 0.538731 0.459279
v 0.061650 0.533823 0.459245
v 0.059358 0.528621 0.459172
v 0.066066 0.537791 0.457784
v 0.063270 0.533153 0.457692
v 0.060932 0.528221 0.457582
v -0.060932 0.528222 0.457582
v -0.059358 0.528621 0.459172
v -0.057481 0.529135 0.460409
v -0.063270 0.533153 0.457692
v -0.061650 0.533823 0.459245
v -0.059743 0.534639 0.460466
v -0.066066 0.537791 0.457784
v -0.064423 0.538731 0.459279
v -0.062520 0.539844 0.460463
v 0.054587 0.517769 0.460140
v 0.053926 0.512124 0.459936
v 0.053719 0.506618 0.459687
v 0.056438 0.517779 0.458843
v 0.055789 0.512342 0.458589
v 0.055585 0.507018 0.458301
v 0.058002 0.517849 0.457138
v 0.057401 0.512599 0.456805
v 0.057240 0.507442 0.456453
v -0.057240 0.507442 0.456453
v -0.055585 0.507018 0.458301
v -0.053719 0.506618 0.459687
v -0.057401 0.512600 0.456805
v -0.055789 0.512342 0.458589
v -0.053926 0.512124 0.459936
v -0.058002 0.517849 0.457138
v -0.056438 0.517779 0.458843
v -0.054587 0.517769 0.460140
v 0.054466 0.496334 0.459072
v 0.055394 0.491628 0.458773
v 0.056729 0.487201 0.458565
v 0.056216 0.497057 0.457714
v 0.057028 0.492492 0.457488
v 0.058239 0.488185 0.457371
v 0.057827 0.497785 0.455878
v 0.058548 0.493358 0.455727
v 0.059652 0.489169 0.455704
v -0.059652 0.489169 0.455704
v -0.058239 0.488185 0.457371
v -0.056729 0.487201 0.458565
v -0.058548 0.493358 0.455727
v -0.057028 0.492492 0.457488
v -0.055394 0.491628 0.458773
v -0.057827 0.497785 0.455878
v -0.056216 0.497057 0.457714
v -0.054466 0.496334 0.459072
v 0.006010 0.566704 0.440554
v 0.012100 0.570309 0.440942
v 0.018340 0.576512 0.441475
v 0.006430 0.566913 0.431465
v 0.013082 0.570318 0.431758
v 0.020089 0.576267 0.432102
v 0.006808 0.567456 0.422914
v 0.014209 0.570511 0.423045
v 0.022659 0.576032 0.422971
v -0.022659 0.576032 0.422971
v -0.020089 0.576267 0.432102
v -0.018340 0.576512 0.441475
v -0.014209 0.570511 0.423045
v -0.013082 0.570318 0.431758
v -0.012100 0.570309 0.440942
v -0.006808 0.567456 0.422914
v -0.006430 0.566913 0.431465
v -0.006010 0.566704 0.440554
v 0.031391 0.597070 0.442688
v 0.038436 0.609977 0.443153
v 0.046120 0.622597 0.443326
v 0.034245 0.596383 0.433231
v 0.041273 0.609025 0.433900
v 0.048568 0.621219 0.434324
v 0.039714 0.595531 0.423991
v 0.046626 0.607703 0.425215
v 0.052952 0.619032 0.426290
v -0.052952 0.619032 0.426290
v -0.048568 0.621219 0.434324
v -0.046120 0.622598 0.443326
v -0.046626 0.607703 0.425215
v -0.041273 0.609025 0.433900
v -0.038436 0.609977 0.443153
v -0.039714 0.595531 0.423991
v -0.034245 0.596382 0.433231
v -0.031391 0.597070 0.442688
v 0.064377 0.640957 0.442189
v 0.074953 0.645168 0.440804
v 0.086171 0.646025 0.438964
v 0.065981 0.638667 0.433222
v 0.076278 0.642630 0.431750
v 0.087159 0.643461 0.430048
v 0.068196 0.634247 0.425355
v 0.077998 0.637742 0.423674
v 0.088204 0.638736 0.422338
v -0.088204 0.638736 0.422338
v -0.087159 0.643461 0.430048
v -0.086171 0.646025 0.438964
v -0.077998 0.637742 0.423674
v -0.076278 0.642630 0.431750
v -0.074953 0.645168 0.440804
v -0.068196 0.634247 0.425355
v -0.065981 0.638667 0.433222
v -0.064377 0.640957 0.442189
v 0.109598 0.637876 0.433988
v 0.121791 0.629854 0.430877
v 0.134587 0.620451 0.427377
v 0.109557 0.635520 0.425258
v 0.121208 0.627587 0.421997
v 0.133657 0.618266 0.418266
v 0.107783 0.631677 0.418072
v 0.118113 0.623934 0.414416
v 0.129787 0.614726 0.410061
v -0.129787 0.614726 0.410061
v -0.133657 0.618266 0.418266
v -0.134587 0.620451 0.427377
v -0.118113 0.623934 0.414416
v -0.121208 0.627587 0.421997
v -0.121791 0.629853 0.430877
v -0.107783 0.631677 0.418072
v -0.109557 0.635520 0.425258
v -0.109598 0.637876 0.433988
v 0.162694 0.601325 0.419320
v 0.177542 0.592725 0.415010
v 0.192080 0.584990 0.410803
v 0.161744 0.599612 0.409764
v 0.176647 0.591371 0.405322
v 0.191001 0.583931 0.401069
v 0.159131 0.596831 0.399984
v 0.174759 0.589191 0.395114
v 0.189128 0.582165 0.390628
v -0.189128 0.582165 0.390628
v -0.191001 0.583931 0.401069
v -0.192080 0.584990 0.410803
v -0.174759 0.589191 0.395114
v -0.176647 0.591371 0.405322
v -0.177542 0.592725 0.415010
v -0.159131 0.596831 0.399984
v -0.161744 0.599612 0.409764
v -0.162694 0.601325 0.419320
v 0.217816 0.572477 0.403469
v 0.228046 0.566574 0.400013
v 0.236019 0.559286 0.396002
v 0.216191 0.571788 0.393906
v 0.226265 0.565999 0.390641
v 0.234173 0.558814 0.386862
v 0.213557 0.570480 0.383516
v 0.223307 0.564870 0.380462
v 0.231027 0.557901 0.376932
v -0.231027 0.557901 0.376932
v -0.234173 0.558814 0.386862
v -0.236019 0.559286 0.396002
v -0.223307 0.564870 0.380462
v -0.226265 0.565999 0.390641
v -0.228046 0.566574 0.400013
v -0.213557 0.570480 0.383516
v -0.216191 0.571788 0.393906
v -0.217816 0.572477 0.403469
v 0.243805 0.535897 0.384410
v 0.243277 0.519896 0.377600
v 0.239809 0.502708 0.371776
v 0.242094 0.535699 0.375761
v 0.241733 0.519872 0.369139
v 0.238456 0.502854 0.363406
v 0.239195 0.535511 0.366190
v 0.239251 0.520159 0.359590
v 0.236490 0.503585 0.353738
v -0.236490 0.503585 0.353738
v -0.238456 0.502854 0.363406
v -0.239809 0.502708 0.371776
v -0.239251 0.520159 0.359590
v -0.241733 0.519872 0.369139
v -0.243277 0.519896 0.377600
v -0.239195 0.535511 0.366190
v -0.242094 0.535699 0.375761
v -0.243805 0.535897 0.384410
v 0.224256 0.470040 0.367967
v 0.212891 0.455911 0.370139
v 0.200023 0.443299 0.373609
v 0.223230 0.470424 0.359331
v 0.211990 0.456355 0.361222
v 0.199254 0.443783 0.364467
v 0.222289 0.471629 0.348947
v 0.211461 0.457564 0.350363
v 0.199038 0.444915 0.353240
v -0.199038 0.444915 0.353240
v -0.199254 0.443783 0.364467
v -0.200023 0.443299 0.373609
v -0.211461 0.457564 0.350363
v -0.211990 0.456355 0.361222
v -0.212891 0.455911 0.370139
v -0.222289 0.471629 0.348947
v -0.223230 0.470424 0.359331
v -0.224256 0.470040 0.367967
v 0.172418 0.422508 0.380027
v 0.158162 0.414131 0.382185
v 0.143375 0.406877 0.384060
v 0.172005 0.423065 0.371059
v 0.157916 0.414680 0.373680
v 0.143216 0.407336 0.376176
v 0.172028 0.424014 0.359989
v 0.157764 0.415493 0.363303
v 0.142592 0.407879 0.366928
v -0.142592 0.407879 0.366928
v -0.143216 0.407336 0.376176
v -0.143375 0.406877 0.384060
v -0.157764 0.415493 0.363303
v -0.157916 0.414680 0.373680
v -0.158162 0.414131 0.382185
v -0.172028 0.424014 0.359989
v -0.172005 0.423065 0.371059
v -0.172418 0.422508 0.380027
v 0.010736 0.271731 0.323583
v 0.011449 0.280781 0.319369
v 0.012270 0.287911 0.314441
v 0.021287 0.273773 0.324674
v 0.022598 0.283101 0.320170
v 0.024115 0.290539 0.314950
v 0.031469 0.276676 0.326570
v 0.033148 0.286387 0.321904
v 0.035109 0.294257 0.316544
v -0.035109 0.294257 0.316544
v -0.024115 0.290539 0.314950
v -0.012270 0.287911 0.314441
v -0.033148 0.286387 0.321903
v -0.022598 0.283101 0.320170
v -0.011449 0.280781 0.319369
v -0.031469 0.276676 0.326570
v -0.021287 0.273773 0.324674
v -0.010736 0.271731 0.323583
v 0.010312 0.216483 0.334880
v 0.010084 0.232163 0.332120
v 0.010035 0.247123 0.329696
v 0.020646 0.218350 0.335967
v 0.020173 0.233975 0.333409
v 0.020041 0.248909 0.331063
v 0.031020 0.221008 0.337448
v 0.030273 0.236562 0.335203
v 0.029987 0.251465 0.333029
v -0.029987 0.251465 0.333029
v -0.020041 0.248909 0.331063
v -0.010035 0.247123 0.329696
v -0.030273 0.236562 0.335203
v -0.020173 0.233975 0.333410
v -0.010084 0.232163 0.332120
v -0.031020 0.221008 0.337448
v -0.020646 0.218351 0.335967
v -0.010312 0.216483 0.334880
v 0.011826 0.161855 0.357189
v 0.011428 0.173043 0.349949
v 0.011030 0.186240 0.343644
v 0.023653 0.163447 0.356735
v 0.022871 0.174785 0.349900
v 0.022081 0.188091 0.344025
v 0.035482 0.165703 0.356004
v 0.034343 0.177250 0.349750
v 0.033177 0.190711 0.344490
v -0.033177 0.190711 0.344490
v -0.022081 0.188091 0.344025
v -0.011030 0.186241 0.343644
v -0.034343 0.177250 0.349750
v -0.022871 0.174785 0.349900
v -0.011428 0.173043 0.349949
v -0.035482 0.165703 0.356004
v -0.023653 0.163447 0.356735
v -0.011826 0.161855 0.357189
v 0.038510 0.145478 0.386898
v 0.025874 0.144085 0.388458
v 0.012997 0.143124 0.389515
v 0.038135 0.146953 0.378896
v 0.025554 0.145375 0.380481
v 0.012816 0.144278 0.381545
v 0.037450 0.150511 0.370839
v 0.025041 0.148720 0.372313
v 0.012543 0.147466 0.373293
v -0.012543 0.147466 0.373293
v -0.012816 0.144278 0.381545
v -0.012997 0.143124 0.389515
v -0.025041 0.148720 0.372313
v -0.025554 0.145375 0.380481
v -0.025874 0.144085 0.388458
v -0.037450 0.150511 0.370839
v -0.038135 0.146953 0.378896
v -0.038510 0.145478 0.386898
v 0.082447 0.154239 0.379143
v 0.073236 0.151214 0.380919
v 0.062511 0.148959 0.382940
v 0.082424 0.156609 0.371008
v 0.073280 0.153294 0.372752
v 0.062402 0.150827 0.374808
v 0.081103 0.160644 0.363985
v 0.072422 0.157385 0.365206
v 0.061661 0.154814 0.366983
v -0.061661 0.154814 0.366983
v -0.062402 0.150827 0.374808
v -0.062511 0.148959 0.382941
v -0.072422 0.157385 0.365206
v -0.073280 0.153294 0.372752
v -0.073236 0.151214 0.380919
v -0.081103 0.160644 0.363985
v -0.082424 0.156609 0.371008
v -0.082447 0.154239 0.379143
v 0.098542 0.179824 0.377085
v 0.097326 0.171090 0.376748
v 0.094511 0.163965 0.376977
v 0.096174 0.186141 0.367424
v 0.095734 0.176037 0.367590
v 0.093626 0.167728 0.368357
v 0.091462 0.192577 0.358944
v 0.091821 0.181212 0.359751
v 0.090569 0.172002 0.361265
v -0.090569 0.172002 0.361265
v -0.093626 0.167728 0.368357
v -0.094511 0.163965 0.376977
v -0.091821 0.181212 0.359751
v -0.095734 0.176037 0.367590
v -0.097326 0.171090 0.376748
v -0.091462 0.192577 0.358944
v -0.096174 0.186141 0.367424
v -0.098542 0.179824 0.377085
v 0.095068 0.230194 0.382509
v 0.096718 0.215659 0.380874
v 0.097944 0.202234 0.379281
v 0.090832 0.239675 0.371264
v 0.092684 0.224931 0.369955
v 0.094292 0.210874 0.368745
v 0.084448 0.248910 0.360856
v 0.086428 0.234085 0.359977
v 0.088362 0.219509 0.359233
v -0.088362 0.219509 0.359233
v -0.094292 0.210874 0.368745
v -0.097944 0.202234 0.379281
v -0.086428 0.234085 0.359977
v -0.092684 0.224931 0.369955
v -0.096718 0.215659 0.380874
v -0.084448 0.248910 0.360856
v -0.090832 0.239675 0.371264
v -0.095068 0.230194 0.382509
v 0.071862 0.229134 0.346221
v 0.062162 0.229121 0.342827
v 0.051924 0.227094 0.340667
v 0.069829 0.244346 0.345904
v 0.060377 0.244475 0.341970
v 0.050487 0.242525 0.339294
v 0.068109 0.259192 0.345671
v 0.059033 0.259325 0.341127
v 0.049566 0.257384 0.337885
v -0.049566 0.257384 0.337885
v -0.050487 0.242525 0.339294
v -0.051924 0.227094 0.340667
v -0.059033 0.259325 0.341127
v -0.060377 0.244475 0.341970
v -0.062162 0.229121 0.342827
v -0.068109 0.259192 0.345671
v -0.069829 0.244346 0.345904
v -0.071862 0.229134 0.346221
v 0.076144 0.199352 0.348292
v 0.077773 0.186108 0.350564
v 0.078669 0.175058 0.353903
v 0.066266 0.198821 0.346153
v 0.068160 0.185104 0.349175
v 0.069722 0.173300 0.353305
v 0.055504 0.196672 0.345263
v 0.057316 0.182880 0.349045
v 0.058994 0.170912 0.353910
v -0.058994 0.170912 0.353910
v -0.069722 0.173300 0.353305
v -0.078669 0.175058 0.353903
v -0.057316 0.182880 0.349045
v -0.068160 0.185104 0.349175
v -0.077773 0.186108 0.350564
v -0.055504 0.196672 0.345263
v -0.066266 0.198821 0.346153
v -0.076144 0.199352 0.348292
v 0.066087 0.307942 0.341632
v 0.066034 0.297775 0.343083
v 0.066228 0.286173 0.344332
v 0.059923 0.306166 0.332655
v 0.058995 0.296722 0.335484
v 0.058375 0.285713 0.337972
v 0.052992 0.302753 0.325270
v 0.051348 0.293885 0.329412
v 0.050041 0.283340 0.333059
v -0.050041 0.283340 0.333059
v -0.058375 0.285713 0.337972
v -0.066228 0.286173 0.344332
v -0.051348 0.293885 0.329412
v -0.058995 0.296722 0.335484
v -0.066034 0.297775 0.343083
v -0.052992 0.302753 0.325270
v -0.059923 0.306166 0.332655
v -0.066087 0.307942 0.341632
v 0.086278 0.291912 0.386263
v 0.088724 0.277047 0.385801
v 0.091006 0.261369 0.385054
v 0.082832 0.298085 0.374528
v 0.084894 0.284463 0.374056
v 0.086892 0.269858 0.373387
v 0.077757 0.303645 0.362932
v 0.079278 0.291336 0.362663
v 0.080849 0.277883 0.362265
v -0.080849 0.277883 0.362265
v -0.086892 0.269858 0.373387
v -0.091006 0.261369 0.385054
v -0.079278 0.291336 0.362663
v -0.084894 0.284463 0.374056
v -0.088724 0.277047 0.385801
v -0.077757 0.303645 0.362932
v -0.082832 0.298085 0.374528
v -0.086278 0.291912 0.386263
v 0.071215 0.347138 0.387479
v 0.071141 0.349274 0.377582
v 0.071798 0.352178 0.366972
v 0.069531 0.352441 0.388308
v 0.069935 0.354478 0.379322
v 0.071429 0.357580 0.370389
v 0.067979 0.357325 0.389349
v 0.068703 0.359188 0.381131
v 0.070636 0.362232 0.373575
v -0.070636 0.362232 0.373575
v -0.071429 0.357579 0.370388
v -0.071798 0.352178 0.366972
v -0.068703 0.359188 0.381131
v -0.069935 0.354478 0.379322
v -0.071141 0.349274 0.377582
v -0.067979 0.357325 0.389349
v -0.069531 0.352441 0.388308
v -0.071215 0.347138 0.387479
v 0.080909 0.316684 0.386582
v 0.078390 0.320532 0.375117
v 0.074586 0.323638 0.363324
v 0.078140 0.326249 0.386601
v 0.076171 0.329274 0.375328
v 0.073176 0.331604 0.363413
v 0.075515 0.334312 0.386667
v 0.074182 0.336831 0.375591
v 0.072265 0.338943 0.363428
v -0.072265 0.338943 0.363428
v -0.073176 0.331604 0.363413
v -0.074586 0.323638 0.363324
v -0.074182 0.336831 0.375591
v -0.076171 0.329274 0.375328
v -0.078390 0.320532 0.375117
v -0.075515 0.334312 0.386667
v -0.078140 0.326249 0.386601
v -0.080909 0.316684 0.386582
v 0.066744 0.376310 0.393783
v 0.064663 0.371569 0.393090
v 0.064977 0.366793 0.391912
v 0.068240 0.376693 0.386795
v 0.065983 0.372345 0.385943
v 0.066107 0.367995 0.384571
v 0.070430 0.378026 0.381788
v 0.068134 0.374203 0.380566
v 0.068225 0.370353 0.378729
v -0.068225 0.370353 0.378729
v -0.066107 0.367995 0.384571
v -0.064977 0.366793 0.391912
v -0.068134 0.374203 0.380566
v -0.065983 0.372345 0.385943
v -0.064663 0.371569 0.393090
v -0.070430 0.378026 0.381788
v -0.068240 0.376693 0.386795
v -0.066744 0.376310 0.393783
v 0.082582 0.385502 0.392509
v 0.083674 0.385526 0.385875
v 0.084307 0.385975 0.381167
v 0.096148 0.390130 0.390590
v 0.096730 0.390201 0.384008
v 0.096242 0.390486 0.378947
v 0.111728 0.395077 0.388289
v 0.111914 0.395258 0.381489
v 0.110706 0.395429 0.375441
v -0.110706 0.395429 0.375442
v -0.096242 0.390486 0.378947
v -0.084307 0.385975 0.381167
v -0.111914 0.395258 0.381489
v -0.096730 0.390201 0.384008
v -0.083674 0.385526 0.385875
v -0.111728 0.395077 0.388289
v -0.096148 0.390130 0.390590
v -0.082582 0.385502 0.392509
v 0.025852 0.439940 0.012693
v 0.050627 0.439878 0.019150
v 0.073249 0.439911 0.027666
v 0.025428 0.419116 0.022646
v 0.049764 0.419941 0.028740
v 0.071915 0.421363 0.036610
v 0.025197 0.400839 0.035161
v 0.049339 0.402457 0.040854
v 0.071375 0.405177 0.048090
v -0.071375 0.405177 0.048090
v -0.071915 0.421363 0.036610
v -0.073249 0.439911 0.027666
v -0.049339 0.402457 0.040854
v -0.049764 0.419941 0.028740
v -0.050627 0.439878 0.019150
v -0.025197 0.400839 0.035161
v -0.025428 0.419116 0.022646
v -0.025852 0.439939 0.012693
v 0.024453 0.369309 0.068686
v 0.047988 0.372048 0.073560
v 0.069685 0.376542 0.079726
v 0.023735 0.355545 0.090068
v 0.046615 0.358601 0.094492
v 0.067788 0.363521 0.100149
v 0.022798 0.343309 0.114756
v 0.044817 0.346578 0.118635
v 0.065277 0.351758 0.123670
v -0.065277 0.351758 0.123670
v -0.067788 0.363521 0.100149
v -0.069685 0.376542 0.079726
v -0.044817 0.346578 0.118635
v -0.046615 0.358601 0.094492
v -0.047988 0.372048 0.073560
v -0.022798 0.343309 0.114756
v -0.023735 0.355545 0.090068
v -0.024453 0.369309 0.068686
v 0.020365 0.324072 0.174226
v 0.040169 0.327644 0.176580
v 0.058850 0.333294 0.179744
v 0.018996 0.317033 0.206405
v 0.037561 0.320722 0.208033
v 0.055267 0.326633 0.210423
v 0.017658 0.311444 0.236668
v 0.034992 0.315196 0.237885
v 0.051703 0.321296 0.240281
v -0.051703 0.321296 0.240281
v -0.055267 0.326633 0.210423
v -0.058850 0.333294 0.179744
v -0.034992 0.315196 0.237885
v -0.037561 0.320722 0.208033
v -0.040169 0.327644 0.176580
v -0.017658 0.311444 0.236668
v -0.018996 0.317033 0.206405
v -0.020365 0.324072 0.174226
v 0.015438 0.303657 0.280839
v 0.030395 0.307194 0.281462
v 0.044244 0.312600 0.284190
v 0.014591 0.300634 0.293668
v 0.028544 0.303946 0.294004
v 0.041142 0.308801 0.296125
v 0.013842 0.297408 0.302428
v 0.027038 0.300524 0.302652
v 0.038931 0.304994 0.304370
v -0.038931 0.304994 0.304370
v -0.041142 0.308801 0.296125
v -0.044244 0.312600 0.284190
v -0.027038 0.300524 0.302652
v -0.028544 0.303946 0.294004
v -0.030395 0.307194 0.281462
v -0.013842 0.297408 0.302428
v -0.014591 0.300634 0.293668
v -0.015438 0.303657 0.280839
v 0.066250 0.323647 0.338671
v 0.061811 0.320256 0.326754
v 0.056268 0.315531 0.316405
v 0.066726 0.329887 0.336983
v 0.063189 0.325645 0.323357
v 0.058433 0.320302 0.310960
v 0.068285 0.336072 0.334560
v 0.065753 0.330964 0.319039
v 0.062055 0.325208 0.303836
v -0.062055 0.325208 0.303836
v -0.058433 0.320302 0.310960
v -0.056268 0.315531 0.316405
v -0.065753 0.330965 0.319039
v -0.063189 0.325645 0.323358
v -0.061811 0.320256 0.326754
v -0.068285 0.336072 0.334560
v -0.066726 0.329887 0.336983
v -0.066250 0.323647 0.338671
v 0.225095 0.475234 0.318624
v 0.215707 0.460238 0.318588
v 0.204061 0.446336 0.320485
v 0.229061 0.477484 0.299397
v 0.220540 0.461413 0.298332
v 0.209289 0.446130 0.299315
v 0.233552 0.480264 0.279854
v 0.225869 0.462849 0.277548
v 0.215068 0.445733 0.276930
v -0.215068 0.445733 0.276930
v -0.209289 0.446130 0.299315
v -0.204061 0.446336 0.320485
v -0.225869 0.462849 0.277548
v -0.220540 0.461413 0.298332
v -0.215707 0.460238 0.318588
v -0.233552 0.480264 0.279854
v -0.229061 0.477484 0.299397
v -0.225095 0.475234 0.318624
v 0.031345 0.553240 0.000001
v 0.061448 0.549423 0.006723
v 0.089067 0.543983 0.015869
v 0.029689 0.521814 -0.002205
v 0.058218 0.518767 0.004609
v 0.084425 0.514447 0.013918
v 0.028032 0.491618 -0.000156
v 0.054974 0.489548 0.006674
v 0.079736 0.486625 0.015962
v -0.079736 0.486625 0.015962
v -0.084425 0.514447 0.013918
v -0.089067 0.543983 0.015869
v -0.054974 0.489548 0.006674
v -0.058218 0.518767 0.004609
v -0.061448 0.549423 0.006723
v -0.028032 0.491618 -0.000156
v -0.029689 0.521814 -0.002205
v -0.031345 0.553240 0.000001
v 0.033817 0.699188 0.281083
v 0.066381 0.696388 0.278595
v 0.096439 0.691692 0.274229
v 0.033789 0.708165 0.256424
v 0.066330 0.705272 0.254726
v 0.096376 0.700383 0.251412
v 0.033778 0.713347 0.230266
v 0.066311 0.710402 0.229460
v 0.096353 0.705389 0.227350
v -0.096353 0.705389 0.227350
v -0.096376 0.700383 0.251412
v -0.096439 0.691692 0.274229
v -0.066311 0.710402 0.229460
v -0.066330 0.705272 0.254726
v -0.066381 0.696388 0.278596
v -0.033778 0.713347 0.230266
v -0.033789 0.708165 0.256424
v -0.033817 0.699188 0.281083
v 0.033778 0.713755 0.174110
v 0.066311 0.710902 0.175629
v 0.096353 0.705923 0.176627
v 0.033788 0.708746 0.145014
v 0.066328 0.705971 0.147875
v 0.096370 0.701076 0.150671
v 0.033816 0.699472 0.116223
v 0.066374 0.696687 0.120350
v 0.096416 0.691795 0.124883
v -0.096416 0.691795 0.124883
v -0.096370 0.701076 0.150671
v -0.096353 0.705923 0.176627
v -0.066374 0.696687 0.120350
v -0.066328 0.705971 0.147875
v -0.066311 0.710902 0.175629
v -0.033816 0.699472 0.116223
v -0.033788 0.708746 0.145014
v -0.033778 0.713755 0.174110
v 0.033929 0.665863 0.062672
v 0.066556 0.662491 0.068521
v 0.096580 0.657017 0.075667
v 0.033861 0.641914 0.039809
v 0.066397 0.638070 0.046060
v 0.096283 0.632136 0.053993
v 0.033503 0.614471 0.021047
v 0.065675 0.610277 0.027515
v 0.095184 0.604056 0.035988
v -0.095184 0.604056 0.035988
v -0.096283 0.632136 0.053993
v -0.096580 0.657016 0.075667
v -0.065675 0.610277 0.027515
v -0.066397 0.638070 0.046060
v -0.066556 0.662491 0.068521
v -0.033503 0.614471 0.021047
v -0.033861 0.641914 0.039809
v -0.033929 0.665863 0.062672
v 0.206808 0.568347 0.360211
v 0.215878 0.563143 0.357831
v 0.223387 0.556721 0.354869
v 0.203507 0.569029 0.347304
v 0.212388 0.563900 0.345389
v 0.220003 0.557634 0.342756
v 0.200823 0.572104 0.333586
v 0.209683 0.566816 0.332156
v 0.217538 0.560464 0.329897
v -0.217538 0.560464 0.329897
v -0.220003 0.557634 0.342756
v -0.223387 0.556721 0.354869
v -0.209683 0.566816 0.332155
v -0.212388 0.563900 0.345389
v -0.215878 0.563143 0.357831
v -0.200823 0.572104 0.333586
v -0.203506 0.569029 0.347304
v -0.206808 0.568347 0.360211
v 0.198871 0.588709 0.303805
v 0.208341 0.581982 0.303208
v 0.217024 0.574300 0.301856
v 0.199539 0.601294 0.287805
v 0.209567 0.593387 0.287535
v 0.218749 0.584555 0.286707
v 0.200696 0.614380 0.271121
v 0.211302 0.605258 0.271158
v 0.220938 0.595223 0.270874
v -0.220938 0.595223 0.270874
v -0.218749 0.584555 0.286707
v -0.217024 0.574300 0.301856
v -0.211302 0.605258 0.271158
v -0.209567 0.593387 0.287535
v -0.208341 0.581982 0.303208
v -0.200696 0.614380 0.271121
v -0.199539 0.601294 0.287805
v -0.198871 0.588709 0.303805
v 0.202607 0.634877 0.235883
v 0.213976 0.624034 0.236598
v 0.224107 0.612260 0.237385
v 0.202993 0.640643 0.217519
v 0.214482 0.629407 0.218620
v 0.224622 0.617223 0.219902
v 0.203130 0.643617 0.198847
v 0.214627 0.632184 0.200347
v 0.224674 0.619787 0.202080
v -0.224674 0.619787 0.202080
v -0.224622 0.617223 0.219902
v -0.224107 0.612260 0.237385
v -0.214627 0.632184 0.200347
v -0.214482 0.629407 0.218620
v -0.213976 0.624034 0.236598
v -0.203130 0.643617 0.198847
v -0.202993 0.640643 0.217519
v -0.202607 0.634877 0.235883
v 0.203115 0.641995 0.161240
v 0.214491 0.630399 0.163541
v 0.224199 0.617890 0.166038
v 0.202978 0.637019 0.143022
v 0.214199 0.625599 0.145880
v 0.223543 0.613531 0.148940
v 0.202629 0.628479 0.125931
v 0.213591 0.617657 0.129639
v 0.222335 0.606858 0.133715
v -0.222335 0.606858 0.133715
v -0.223543 0.613531 0.148940
v -0.224199 0.617890 0.166038
v -0.213591 0.617656 0.129639
v -0.214199 0.625599 0.145880
v -0.214491 0.630399 0.163541
v -0.202629 0.628479 0.125931
v -0.202978 0.637018 0.143022
v -0.203115 0.641995 0.161240
v 0.218437 0.544082 0.097657
v 0.207601 0.548337 0.087184
v 0.196064 0.554541 0.078218
v 0.220205 0.564676 0.103869
v 0.210357 0.570133 0.094301
v 0.199131 0.577549 0.086449
v 0.220808 0.582773 0.111565
v 0.211884 0.589712 0.103663
v 0.200961 0.598396 0.097279
v -0.200961 0.598396 0.097279
v -0.199131 0.577549 0.086449
v -0.196064 0.554541 0.078218
v -0.211884 0.589712 0.103663
v -0.210357 0.570133 0.094301
v -0.207600 0.548337 0.087184
v -0.220808 0.582773 0.111565
v -0.220205 0.564676 0.103869
v -0.218437 0.544082 0.097657
v 0.141323 0.588007 0.051852
v 0.143231 0.615568 0.067276
v 0.144026 0.640326 0.085902
v 0.157910 0.579204 0.058108
v 0.160221 0.605864 0.071612
v 0.161348 0.629915 0.088140
v 0.171747 0.570425 0.064104
v 0.174416 0.595931 0.075602
v 0.175867 0.619009 0.089975
v -0.175867 0.619009 0.089975
v -0.161348 0.629915 0.088140
v -0.144026 0.640326 0.085902
v -0.174416 0.595931 0.075602
v -0.160221 0.605864 0.071612
v -0.143231 0.615568 0.067276
v -0.171747 0.570425 0.064104
v -0.157910 0.579204 0.058108
v -0.141323 0.588007 0.051852
v 0.144316 0.675049 0.128076
v 0.144356 0.684227 0.150163
v 0.144371 0.689028 0.172529
v 0.162039 0.663838 0.126415
v 0.162157 0.672907 0.146885
v 0.162201 0.677758 0.167820
v 0.176973 0.651808 0.124517
v 0.177174 0.660739 0.143596
v 0.177248 0.665657 0.163366
v -0.177248 0.665657 0.163366
v -0.162201 0.677758 0.167820
v -0.144370 0.689028 0.172529
v -0.177174 0.660739 0.143596
v -0.162157 0.672907 0.146885
v -0.144356 0.684227 0.150163
v -0.176973 0.651808 0.124517
v -0.162039 0.663838 0.126415
v -0.144316 0.675049 0.128076
v 0.144374 0.688945 0.217081
v 0.144386 0.684516 0.238695
v 0.144418 0.676622 0.259442
v 0.162206 0.678150 0.209937
v 0.162198 0.674140 0.230549
v 0.162176 0.666809 0.250486
v 0.177253 0.666559 0.203519
v 0.177213 0.662970 0.223304
v 0.177105 0.656225 0.242582
v -0.177105 0.656225 0.242582
v -0.162176 0.666809 0.250486
v -0.144418 0.676622 0.259442
v -0.177213 0.662970 0.223304
v -0.162198 0.674140 0.230549
v -0.144386 0.684516 0.238695
v -0.177253 0.666559 0.203519
v -0.162206 0.678151 0.209937
v -0.144374 0.688945 0.217081
v 0.144605 0.649086 0.297120
v 0.144924 0.631554 0.313801
v 0.145590 0.614775 0.329116
v 0.162097 0.640900 0.287270
v 0.162221 0.624335 0.303918
v 0.162697 0.608479 0.319497
v 0.176598 0.632120 0.278760
v 0.176427 0.616652 0.295493
v 0.176643 0.601812 0.311385
v -0.176643 0.601812 0.311385
v -0.162697 0.608479 0.319497
v -0.145590 0.614775 0.329116
v -0.176427 0.616652 0.295493
v -0.162221 0.624335 0.303918
v -0.144924 0.631554 0.313801
v -0.176598 0.632120 0.278760
v -0.162097 0.640900 0.287270
v -0.144605 0.649086 0.297120
v 0.152906 0.590554 0.379110
v 0.169873 0.584921 0.372843
v 0.184089 0.578979 0.367363
v 0.150627 0.589931 0.367868
v 0.167514 0.584895 0.360677
v 0.181482 0.579353 0.354507
v 0.148504 0.593168 0.355972
v 0.165382 0.588113 0.347786
v 0.179189 0.582599 0.340875
v -0.179189 0.582599 0.340875
v -0.181482 0.579353 0.354507
v -0.184089 0.578979 0.367363
v -0.165382 0.588113 0.347786
v -0.167514 0.584895 0.360677
v -0.169873 0.584921 0.372843
v -0.148504 0.593168 0.355972
v -0.150627 0.589931 0.367868
v -0.152906 0.590554 0.379110
v 0.035049 0.628251 0.363590
v 0.068179 0.627467 0.356658
v 0.098287 0.624709 0.348347
v 0.034256 0.648688 0.345230
v 0.067137 0.646697 0.340008
v 0.097296 0.643056 0.332695
v 0.033982 0.668649 0.325415
v 0.066674 0.666132 0.321354
v 0.096791 0.661969 0.315053
v -0.096791 0.661969 0.315053
v -0.097296 0.643056 0.332695
v -0.098287 0.624709 0.348347
v -0.066674 0.666132 0.321354
v -0.067137 0.646697 0.340008
v -0.068179 0.627467 0.356658
v -0.033982 0.668649 0.325415
v -0.034256 0.648688 0.345230
v -0.035049 0.628251 0.363590
v 0.065663 0.599133 0.409434
v 0.068476 0.609322 0.412160
v 0.069972 0.619348 0.415162
v 0.084885 0.603208 0.405199
v 0.083723 0.612522 0.408641
v 0.081950 0.622095 0.412326
v 0.104354 0.607011 0.403157
v 0.098797 0.616027 0.407483
v 0.093733 0.624752 0.411570
v -0.093733 0.624752 0.411570
v -0.081950 0.622095 0.412326
v -0.069972 0.619348 0.415162
v -0.098797 0.616027 0.407483
v -0.083723 0.612522 0.408641
v -0.068476 0.609322 0.412160
v -0.104354 0.607011 0.403157
v -0.084885 0.603208 0.405199
v -0.065663 0.599133 0.409434
v 0.058565 0.589384 0.401411
v 0.082799 0.593085 0.395982
v 0.108178 0.595080 0.390746
v 0.053588 0.592038 0.395792
v 0.079216 0.594432 0.389394
v 0.105624 0.595032 0.382563
v 0.046046 0.598668 0.389007
v 0.074639 0.600274 0.381233
v 0.102636 0.599672 0.373092
v -0.102636 0.599672 0.373092
v -0.105624 0.595032 0.382563
v -0.108178 0.595080 0.390746
v -0.074639 0.600274 0.381233
v -0.079216 0.594432 0.389394
v -0.082799 0.593085 0.395982
v -0.046046 0.598668 0.389007
v -0.053588 0.592038 0.395792
v -0.058565 0.589384 0.401411
v 0.013149 0.578983 0.407074
v 0.006601 0.573627 0.410377
v 0.014037 0.575253 0.410306
v 0.023633 0.579220 0.409060
v 0.019348 0.582993 0.404886
v 0.011142 0.586967 0.401822
v 0.007281 0.579668 0.406164
v -0.013149 0.578983 0.407074
v -0.011142 0.586967 0.401822
v -0.019348 0.582993 0.404886
v -0.023633 0.579220 0.409060
v -0.014037 0.575253 0.410306
v -0.006601 0.573627 0.410377
v -0.007281 0.579668 0.406164
v 0.233441 0.536417 0.343247
v 0.235509 0.522416 0.335065
v 0.235062 0.506958 0.327250
v 0.231667 0.538219 0.330035
v 0.235163 0.524821 0.320379
v 0.236290 0.509782 0.310868
v 0.230866 0.541445 0.316220
v 0.235707 0.528404 0.305179
v 0.238286 0.513551 0.294063
v -0.238286 0.513551 0.294063
v -0.236290 0.509782 0.310868
v -0.235062 0.506958 0.327250
v -0.235707 0.528404 0.305179
v -0.235163 0.524821 0.320379
v -0.235509 0.522416 0.335065
v -0.230866 0.541445 0.316220
v -0.231667 0.538219 0.330035
v -0.233441 0.536417 0.343247
v 0.242792 0.524371 0.264169
v 0.244763 0.530862 0.251371
v 0.246393 0.537248 0.238810
v 0.238844 0.539926 0.276552
v 0.240920 0.547265 0.263401
v 0.242837 0.554621 0.250351
v 0.232642 0.553523 0.288460
v 0.234780 0.561742 0.274700
v 0.237012 0.570127 0.260713
v -0.237012 0.570127 0.260713
v -0.242837 0.554621 0.250351
v -0.246393 0.537248 0.238810
v -0.234780 0.561742 0.274700
v -0.240920 0.547266 0.263401
v -0.244763 0.530862 0.251371
v -0.232642 0.553523 0.288460
v -0.238844 0.539926 0.276551
v -0.242792 0.524371 0.264169
v 0.247618 0.549421 0.213696
v 0.247053 0.553609 0.200911
v 0.246041 0.555345 0.187211
v 0.244503 0.566699 0.223329
v 0.244061 0.570357 0.208946
v 0.243079 0.571974 0.193812
v 0.239522 0.583512 0.231197
v 0.239470 0.587411 0.215489
v 0.238851 0.589284 0.199192
v -0.238851 0.589284 0.199192
v -0.243079 0.571974 0.193812
v -0.246041 0.555345 0.187211
v -0.239470 0.587411 0.215489
v -0.244061 0.570357 0.208946
v -0.247053 0.553609 0.200911
v -0.239522 0.583512 0.231197
v -0.244503 0.566699 0.223329
v -0.247618 0.549421 0.213696
v 0.234862 0.546692 0.124830
v 0.233853 0.563545 0.129402
v 0.232021 0.580268 0.133766
v 0.239537 0.551100 0.140660
v 0.237655 0.566723 0.144977
v 0.234998 0.583677 0.148699
v 0.242603 0.553997 0.156714
v 0.240090 0.569735 0.161417
v 0.236785 0.586992 0.165239
v -0.236785 0.586992 0.165239
v -0.234998 0.583677 0.148699
v -0.232021 0.580269 0.133766
v -0.240090 0.569735 0.161417
v -0.237655 0.566723 0.144977
v -0.233853 0.563545 0.129402
v -0.242603 0.553997 0.156714
v -0.239537 0.551100 0.140660
v -0.234862 0.546692 0.124830
v 0.082443 0.340793 0.242708
v 0.086618 0.344461 0.214438
v 0.090837 0.349787 0.185867
v 0.096566 0.352890 0.242785
v 0.100600 0.355386 0.215786
v 0.104430 0.359645 0.188265
v 0.110808 0.365315 0.244257
v 0.114435 0.366546 0.217222
v 0.117479 0.369614 0.190330
v -0.117479 0.369614 0.190330
v -0.104430 0.359645 0.188265
v -0.090837 0.349787 0.185867
v -0.114435 0.366546 0.217222
v -0.100600 0.355386 0.215786
v -0.086618 0.344461 0.214438
v -0.110807 0.365315 0.244257
v -0.096566 0.352890 0.242785
v -0.082443 0.340793 0.242708
v 0.182183 0.407070 0.235638
v 0.163985 0.397863 0.239748
v 0.144954 0.388171 0.243315
v 0.177736 0.402269 0.214916
v 0.161840 0.394797 0.216752
v 0.145183 0.386506 0.217923
v 0.174310 0.399806 0.194875
v 0.159912 0.393960 0.194327
v 0.145165 0.387075 0.193385
v -0.145165 0.387075 0.193385
v -0.145183 0.386506 0.217923
v -0.144954 0.388171 0.243315
v -0.159912 0.393960 0.194327
v -0.161840 0.394797 0.216752
v -0.163985 0.397863 0.239748
v -0.174310 0.399806 0.194875
v -0.177736 0.402269 0.214916
v -0.182183 0.407070 0.235638
v 0.176052 0.423228 0.327329
v 0.160315 0.413882 0.331815
v 0.143624 0.405325 0.337190
v 0.179888 0.420815 0.305700
v 0.162725 0.410801 0.310597
v 0.144881 0.401630 0.316509
v 0.183648 0.417382 0.281966
v 0.164636 0.406694 0.287340
v 0.145036 0.396703 0.293693
v -0.145036 0.396703 0.293693
v -0.144881 0.401630 0.316509
v -0.143624 0.405325 0.337190
v -0.164636 0.406694 0.287340
v -0.162725 0.410801 0.310597
v -0.160315 0.413882 0.331815
v -0.183648 0.417382 0.281966
v -0.179888 0.420815 0.305700
v -0.176052 0.423228 0.327329
v 0.110359 0.388429 0.347851
v 0.095957 0.380228 0.353217
v 0.083977 0.372843 0.359515
v 0.110835 0.384262 0.332405
v 0.096245 0.376000 0.341965
v 0.084221 0.368436 0.351693
v 0.109204 0.378506 0.315792
v 0.094950 0.370513 0.329874
v 0.083269 0.362924 0.343001
v -0.083269 0.362924 0.343001
v -0.084221 0.368436 0.351693
v -0.083977 0.372844 0.359514
v -0.094950 0.370513 0.329874
v -0.096245 0.376000 0.341965
v -0.095957 0.380228 0.353217
v -0.109204 0.378506 0.315792
v -0.110835 0.384262 0.332405
v -0.110359 0.388429 0.347851
v 0.084188 0.350331 0.301442
v 0.079122 0.349897 0.320906
v 0.077464 0.344211 0.307077
v 0.077548 0.340619 0.290130
v 0.087643 0.350703 0.287960
v 0.096988 0.361027 0.291551
v 0.087915 0.356342 0.308401
v -0.084188 0.350331 0.301442
v -0.096988 0.361027 0.291551
v -0.087643 0.350703 0.287960
v -0.077548 0.340620 0.290130
v -0.077464 0.344211 0.307077
v -0.079122 0.349897 0.320906
v -0.087915 0.356342 0.308401
v 0.085874 0.384293 0.371957
v 0.098889 0.389673 0.368526
v 0.089760 0.387208 0.373107
v 0.081113 0.383722 0.375893
v 0.079162 0.381037 0.373802
v 0.080243 0.378755 0.370694
v 0.089550 0.384181 0.368645
v -0.085874 0.384293 0.371957
v -0.080243 0.378755 0.370694
v -0.079162 0.381037 0.373802
v -0.081113 0.383722 0.375893
v -0.089760 0.387208 0.373107
v -0.098889 0.389673 0.368526
v -0.089550 0.384181 0.368645
v 0.207833 0.499867 0.089996
v 0.199669 0.478381 0.090259
v 0.191565 0.458265 0.094678
v 0.196315 0.503038 0.080102
v 0.188263 0.481222 0.081008
v 0.179928 0.460606 0.085860
v 0.184629 0.507321 0.070429
v 0.176511 0.484578 0.071432
v 0.167731 0.462650 0.076312
v -0.167731 0.462650 0.076312
v -0.179928 0.460606 0.085860
v -0.191565 0.458265 0.094678
v -0.176510 0.484578 0.071432
v -0.188263 0.481222 0.081008
v -0.199669 0.478381 0.090259
v -0.184629 0.507321 0.070429
v -0.196315 0.503038 0.080102
v -0.207833 0.499867 0.089996
v 0.132295 0.531148 0.035047
v 0.147900 0.524658 0.043795
v 0.161017 0.518368 0.052390
v 0.125614 0.504351 0.033673
v 0.140563 0.499083 0.042949
v 0.153168 0.493686 0.052295
v 0.118702 0.479761 0.035504
v 0.132761 0.475596 0.044966
v 0.144481 0.470409 0.055166
v -0.144481 0.470409 0.055166
v -0.153168 0.493687 0.052295
v -0.161017 0.518368 0.052390
v -0.132761 0.475596 0.044966
v -0.140563 0.499083 0.042949
v -0.147900 0.524658 0.043795
v -0.118702 0.479761 0.035504
v -0.125614 0.504351 0.033673
v -0.132295 0.531148 0.035047
v 0.172587 0.404986 0.154308
v 0.159849 0.402475 0.150073
v 0.147366 0.398292 0.145977
v 0.174576 0.413341 0.134717
v 0.162363 0.412379 0.129036
v 0.150232 0.409533 0.123529
v 0.178557 0.425201 0.117396
v 0.166510 0.425634 0.110302
v 0.154135 0.424183 0.103029
v -0.154135 0.424183 0.103029
v -0.150232 0.409533 0.123529
v -0.147366 0.398292 0.145977
v -0.166510 0.425634 0.110302
v -0.162363 0.412379 0.129036
v -0.159849 0.402475 0.150073
v -0.178557 0.425201 0.117396
v -0.174576 0.413341 0.134717
v -0.172587 0.404986 0.154308
v 0.098692 0.366871 0.132795
v 0.101913 0.378292 0.109864
v 0.104254 0.390546 0.089860
v 0.111815 0.375789 0.136133
v 0.115075 0.387343 0.113015
v 0.117467 0.399878 0.092564
v 0.123712 0.384567 0.139137
v 0.126923 0.396497 0.115688
v 0.129538 0.410290 0.094291
v -0.129538 0.410290 0.094291
v -0.117467 0.399878 0.092564
v -0.104254 0.390546 0.089860
v -0.126923 0.396497 0.115688
v -0.115075 0.387343 0.113015
v -0.101913 0.378292 0.109864
v -0.123712 0.384567 0.139137
v -0.111815 0.375789 0.136133
v -0.098692 0.366871 0.132795
v 0.114200 0.428572 0.054747
v 0.107914 0.440389 0.044092
v 0.118985 0.438903 0.051906
v 0.126251 0.433346 0.061987
v 0.116737 0.421694 0.062591
v 0.105197 0.414164 0.060091
v 0.105341 0.426074 0.050575
v -0.114200 0.428572 0.054747
v -0.105197 0.414164 0.060091
v -0.116737 0.421694 0.062591
v -0.126251 0.433346 0.061987
v -0.118985 0.438903 0.051906
v -0.107914 0.440389 0.044092
v -0.105341 0.426075 0.050575
v 0.298763 0.564871 0.138631
v 0.288695 0.560504 0.144492
v 0.279805 0.555672 0.149549
v 0.299056 0.561843 0.141823
v 0.289600 0.557647 0.147551
v 0.281242 0.553005 0.152474
v 0.299371 0.557876 0.142860
v 0.290504 0.553904 0.148450
v 0.282656 0.549492 0.153233
v -0.282657 0.549492 0.153233
v -0.281242 0.553005 0.152474
v -0.279805 0.555672 0.149549
v -0.290504 0.553904 0.148450
v -0.289600 0.557647 0.147551
v -0.288695 0.560504 0.144492
v -0.299371 0.557876 0.142860
v -0.299056 0.561843 0.141823
v -0.298763 0.564871 0.138631
v 0.322810 0.571695 0.125195
v 0.321816 0.568378 0.128540
v 0.320861 0.564035 0.129841
v 0.336116 0.573269 0.118376
v 0.334493 0.569871 0.121707
v 0.332901 0.565427 0.123112
v 0.349255 0.572611 0.112267
v 0.347018 0.569219 0.115512
v 0.344793 0.564788 0.116972
v -0.344793 0.564788 0.116972
v -0.332901 0.565427 0.123112
v -0.320860 0.564035 0.129841
v -0.347018 0.569219 0.115512
v -0.334493 0.569871 0.121707
v -0.321816 0.568378 0.128540
v -0.349255 0.572611 0.112267
v -0.336116 0.573269 0.118376
v -0.322810 0.571695 0.125195
v 0.371885 0.561697 0.104395
v 0.368476 0.558718 0.107236
v 0.365025 0.554810 0.108581
v 0.380224 0.551266 0.102729
v 0.376298 0.548704 0.105303
v 0.372305 0.545316 0.106503
v 0.386090 0.538255 0.101969
v 0.381746 0.536216 0.104304
v 0.377319 0.533479 0.105360
v -0.377319 0.533479 0.105360
v -0.372305 0.545316 0.106503
v -0.365025 0.554810 0.108581
v -0.381746 0.536216 0.104304
v -0.376298 0.548704 0.105303
v -0.368476 0.558718 0.107236
v -0.386090 0.538255 0.101970
v -0.380224 0.551266 0.102729
v -0.371885 0.561697 0.104395
v 0.389077 0.506969 0.101324
v 0.384352 0.506185 0.103479
v 0.379561 0.505013 0.104427
v 0.385891 0.490129 0.101449
v 0.381252 0.490023 0.103685
v 0.376579 0.489695 0.104686
v 0.379620 0.473582 0.102500
v 0.375262 0.474152 0.104890
v 0.370908 0.474660 0.105973
v -0.370908 0.474660 0.105973
v -0.376579 0.489695 0.104686
v -0.379561 0.505013 0.104427
v -0.375262 0.474152 0.104890
v -0.381252 0.490023 0.103685
v -0.384352 0.506185 0.103479
v -0.379620 0.473582 0.102500
v -0.385891 0.490129 0.101449
v -0.389077 0.506969 0.101324
v 0.358085 0.444536 0.109337
v 0.354898 0.446343 0.112109
v 0.351770 0.448362 0.113321
v 0.343520 0.432875 0.115585
v 0.341167 0.435207 0.118519
v 0.338895 0.437854 0.119726
v 0.327265 0.423181 0.123684
v 0.325833 0.425961 0.126717
v 0.324515 0.429140 0.127848
v -0.324515 0.429140 0.127848
v -0.338895 0.437854 0.119726
v -0.351770 0.448362 0.113321
v -0.325833 0.425961 0.126717
v -0.341167 0.435207 0.118519
v -0.354898 0.446343 0.112109
v -0.327265 0.423181 0.123684
v -0.343520 0.432875 0.115585
v -0.358085 0.444536 0.109337
v 0.292285 0.409711 0.144983
v 0.292719 0.413117 0.147919
v 0.293413 0.417035 0.148621
v 0.274732 0.405772 0.156600
v 0.276059 0.409364 0.159368
v 0.277766 0.413510 0.159755
v 0.257829 0.403476 0.166898
v 0.260036 0.407191 0.169499
v 0.262761 0.411508 0.169571
v -0.262761 0.411508 0.169571
v -0.277766 0.413510 0.159755
v -0.293413 0.417035 0.148621
v -0.260036 0.407191 0.169499
v -0.276059 0.409364 0.159368
v -0.292719 0.413117 0.147919
v -0.257829 0.403476 0.166898
v -0.274732 0.405772 0.156600
v -0.292285 0.409711 0.144983
v 0.295524 0.424604 0.144827
v 0.296802 0.427715 0.141132
v 0.298068 0.430261 0.136808
v 0.281845 0.421508 0.155218
v 0.283937 0.424790 0.151192
v 0.285846 0.427484 0.146585
v 0.268845 0.419770 0.164290
v 0.271768 0.423108 0.159938
v 0.274344 0.425835 0.155059
v -0.274344 0.425835 0.155059
v -0.285846 0.427484 0.146585
v -0.298068 0.430261 0.136808
v -0.271768 0.423108 0.159938
v -0.283937 0.424790 0.151192
v -0.296802 0.427715 0.141132
v -0.268845 0.419770 0.164290
v -0.281845 0.421508 0.155218
v -0.295524 0.424604 0.144827
v 0.346920 0.452160 0.111617
v 0.345496 0.453659 0.109166
v 0.344727 0.454808 0.106084
v 0.335549 0.442919 0.117679
v 0.334685 0.444964 0.114963
v 0.334324 0.446580 0.111593
v 0.322871 0.435254 0.125331
v 0.322656 0.437745 0.122303
v 0.322773 0.439743 0.118610
v -0.322773 0.439743 0.118610
v -0.334324 0.446580 0.111593
v -0.344727 0.454808 0.106084
v -0.322656 0.437745 0.122303
v -0.334685 0.444964 0.114963
v -0.345496 0.453659 0.109166
v -0.322871 0.435254 0.125331
v -0.335549 0.442919 0.117679
v -0.346920 0.452160 0.111617
v 0.371722 0.501985 0.102943
v 0.369179 0.500361 0.100816
v 0.367583 0.498814 0.098092
v 0.368981 0.488514 0.103250
v 0.366537 0.487755 0.101136
v 0.365020 0.486959 0.098430
v 0.363896 0.475290 0.104552
v 0.361672 0.475369 0.102403
v 0.360321 0.475297 0.099657
v -0.360321 0.475297 0.099657
v -0.365020 0.486959 0.098430
v -0.367583 0.498814 0.098092
v -0.361672 0.475369 0.102403
v -0.366537 0.487755 0.101136
v -0.369179 0.500361 0.100816
v -0.363896 0.475290 0.104552
v -0.368981 0.488514 0.103250
v -0.371722 0.501985 0.102943
v 0.359431 0.545754 0.107127
v 0.357656 0.541277 0.104733
v 0.356581 0.537214 0.101652
v 0.365773 0.537406 0.105061
v 0.363665 0.533474 0.102776
v 0.362352 0.529897 0.099832
v 0.370048 0.527005 0.103877
v 0.367685 0.523755 0.101662
v 0.366197 0.520781 0.098814
v -0.366196 0.520781 0.098814
v -0.362352 0.529897 0.099832
v -0.356581 0.537214 0.101652
v -0.367685 0.523755 0.101662
v -0.363665 0.533474 0.102776
v -0.357656 0.541277 0.104733
v -0.370048 0.527005 0.103877
v -0.365773 0.537406 0.105061
v -0.359431 0.545754 0.107127
v 0.319671 0.554005 0.127137
v 0.319571 0.549058 0.123791
v 0.319777 0.544562 0.119718
v 0.330588 0.555177 0.120844
v 0.330054 0.550127 0.117769
v 0.329922 0.545544 0.113967
v 0.341358 0.554571 0.115102
v 0.340390 0.549539 0.112301
v 0.339922 0.544975 0.108779
v -0.339922 0.544975 0.108779
v -0.329922 0.545544 0.113967
v -0.319777 0.544562 0.119718
v -0.340390 0.549539 0.112301
v -0.330054 0.550127 0.117769
v -0.319571 0.549058 0.123791
v -0.341358 0.554571 0.115102
v -0.330588 0.555177 0.120844
v -0.319671 0.554005 0.127137
v 0.300355 0.548692 0.139442
v 0.292483 0.545220 0.144801
v 0.285520 0.541308 0.149408
v 0.301065 0.544142 0.135711
v 0.293560 0.540905 0.140987
v 0.286941 0.537231 0.145572
v 0.301882 0.539990 0.131272
v 0.294645 0.536959 0.136482
v 0.288282 0.533493 0.141068
v -0.288282 0.533493 0.141069
v -0.286941 0.537231 0.145572
v -0.285520 0.541308 0.149408
v -0.294645 0.536959 0.136482
v -0.293560 0.540905 0.140987
v -0.292483 0.545220 0.144801
v -0.301882 0.539990 0.131272
v -0.301065 0.544142 0.135711
v -0.300355 0.548692 0.139442
v 0.207472 0.422583 0.221830
v 0.201298 0.415304 0.208227
v 0.197821 0.410699 0.195241
v 0.213211 0.428186 0.213470
v 0.208175 0.421004 0.203447
v 0.205764 0.416425 0.193739
v 0.216395 0.432873 0.206030
v 0.212715 0.426163 0.198285
v 0.211651 0.422089 0.190410
v -0.211651 0.422088 0.190410
v -0.205764 0.416425 0.193739
v -0.197821 0.410699 0.195241
v -0.212715 0.426163 0.198285
v -0.208175 0.421004 0.203447
v -0.201298 0.415304 0.208227
v -0.216395 0.432873 0.206030
v -0.213211 0.428186 0.213470
v -0.207472 0.422583 0.221830
v 0.205333 0.405879 0.180805
v 0.215607 0.404285 0.179410
v 0.227961 0.403067 0.178012
v 0.212127 0.410606 0.183101
v 0.220801 0.408414 0.181896
v 0.231970 0.406935 0.180499
v 0.218767 0.416060 0.181883
v 0.226599 0.413344 0.181235
v 0.236761 0.411559 0.180116
v -0.236761 0.411559 0.180116
v -0.231970 0.406935 0.180499
v -0.227961 0.403067 0.178012
v -0.226599 0.413344 0.181235
v -0.220801 0.408414 0.181896
v -0.215607 0.404285 0.179410
v -0.218767 0.416060 0.181883
v -0.212127 0.410606 0.183101
v -0.205333 0.405879 0.180805
v 0.240425 0.488206 0.247192
v 0.234027 0.468828 0.243155
v 0.225280 0.450073 0.239578
v 0.242106 0.492904 0.234711
v 0.235927 0.472994 0.230683
v 0.228139 0.454490 0.227058
v 0.242851 0.497030 0.223218
v 0.236478 0.476595 0.219913
v 0.229153 0.458240 0.216771
v -0.229153 0.458240 0.216771
v -0.228139 0.454490 0.227058
v -0.225280 0.450073 0.239578
v -0.236478 0.476595 0.219913
v -0.235927 0.472994 0.230683
v -0.234027 0.468828 0.243155
v -0.242851 0.497030 0.223218
v -0.242106 0.492904 0.234711
v -0.240425 0.488206 0.247192
v 0.254354 0.536492 0.163518
v 0.256544 0.533031 0.164942
v 0.258542 0.529470 0.164243
v 0.259157 0.540242 0.159781
v 0.261358 0.537735 0.162135
v 0.263474 0.534585 0.162202
v 0.265066 0.545119 0.156809
v 0.267155 0.542825 0.159515
v 0.269199 0.539716 0.159958
v -0.269199 0.539716 0.159958
v -0.263474 0.534585 0.162202
v -0.258542 0.529470 0.164243
v -0.267155 0.542825 0.159515
v -0.261358 0.537735 0.162135
v -0.256544 0.533031 0.164942
v -0.265066 0.545119 0.156809
v -0.259157 0.540242 0.159781
v -0.254354 0.536492 0.163518
v 0.246850 0.419957 0.173495
v 0.251427 0.423007 0.168482
v 0.255329 0.425359 0.163048
v 0.238439 0.421680 0.173673
v 0.243817 0.424346 0.168202
v 0.248361 0.426284 0.162446
v 0.231916 0.424346 0.172545
v 0.238054 0.426436 0.166412
v 0.243211 0.427839 0.160297
v -0.243211 0.427839 0.160297
v -0.248361 0.426284 0.162446
v -0.255329 0.425359 0.163048
v -0.238054 0.426436 0.166412
v -0.243817 0.424346 0.168202
v -0.251427 0.423007 0.168482
v -0.231916 0.424345 0.172545
v -0.238439 0.421680 0.173673
v -0.246850 0.419957 0.173495
v 0.239283 0.438697 0.153812
v 0.233175 0.439634 0.159639
v 0.227181 0.440941 0.165913
v 0.238576 0.435342 0.154782
v 0.232555 0.435728 0.160943
v 0.226464 0.436140 0.167463
v 0.238592 0.432418 0.156013
v 0.232703 0.432213 0.162371
v 0.226342 0.431801 0.169121
v -0.226342 0.431801 0.169121
v -0.226464 0.436140 0.167463
v -0.227181 0.440941 0.165913
v -0.232703 0.432213 0.162371
v -0.232555 0.435728 0.160943
v -0.233175 0.439634 0.159639
v -0.238592 0.432418 0.156013
v -0.238576 0.435342 0.154782
v -0.239283 0.438697 0.153812
v 0.233240 0.458098 0.151073
v 0.231839 0.454801 0.155299
v 0.230136 0.450753 0.159703
v 0.236542 0.455669 0.149452
v 0.235917 0.452205 0.152591
v 0.235094 0.448133 0.155540
v 0.240488 0.454034 0.147438
v 0.240679 0.450622 0.149514
v 0.240596 0.446605 0.151313
v -0.240596 0.446605 0.151313
v -0.235094 0.448133 0.155540
v -0.230136 0.450753 0.159703
v -0.240679 0.450622 0.149514
v -0.235917 0.452205 0.152591
v -0.231839 0.454801 0.155299
v -0.240488 0.454034 0.147438
v -0.236542 0.455669 0.149452
v -0.233240 0.458098 0.151073
v 0.240960 0.480418 0.152465
v 0.238898 0.481029 0.157710
v 0.237256 0.482204 0.163810
v 0.236356 0.473440 0.152654
v 0.234266 0.472925 0.158076
v 0.232449 0.472661 0.164376
v 0.232994 0.467024 0.152629
v 0.230872 0.465292 0.158053
v 0.228692 0.463315 0.164361
v -0.228692 0.463315 0.164361
v -0.232449 0.472661 0.164376
v -0.237256 0.482204 0.163810
v -0.230872 0.465292 0.158053
v -0.234266 0.472925 0.158076
v -0.238898 0.481029 0.157710
v -0.232994 0.467024 0.152629
v -0.236356 0.473440 0.152654
v -0.240960 0.480418 0.152465
v 0.254388 0.511516 0.160777
v 0.250530 0.505566 0.161527
v 0.246562 0.498873 0.162260
v 0.256695 0.508223 0.156475
v 0.252605 0.502383 0.156746
v 0.248395 0.495999 0.156967
v 0.259060 0.505476 0.152206
v 0.254889 0.499865 0.152282
v 0.250572 0.493866 0.152253
v -0.250572 0.493866 0.152253
v -0.248395 0.495999 0.156967
v -0.246562 0.498873 0.162260
v -0.254889 0.499865 0.152282
v -0.252605 0.502383 0.156746
v -0.250530 0.505566 0.161527
v -0.259060 0.505476 0.152206
v -0.256695 0.508223 0.156475
v -0.254388 0.511516 0.160777
v 0.273355 0.532387 0.155818
v 0.267923 0.527481 0.157706
v 0.262943 0.522345 0.159008
v 0.275398 0.528724 0.152068
v 0.270209 0.523974 0.153993
v 0.265377 0.518951 0.155252
v 0.277254 0.525366 0.147727
v 0.272303 0.520780 0.149761
v 0.267655 0.515908 0.151094
v -0.267655 0.515908 0.151094
v -0.265377 0.518951 0.155252
v -0.262943 0.522345 0.159008
v -0.272303 0.520780 0.149761
v -0.270209 0.523974 0.153993
v -0.267922 0.527481 0.157706
v -0.277254 0.525366 0.147727
v -0.275398 0.528724 0.152068
v -0.273355 0.532387 0.155818
v 0.248171 0.521964 0.192769
v 0.246859 0.513596 0.183380
v 0.245799 0.507349 0.175280
v 0.249045 0.528044 0.185163
v 0.248857 0.520079 0.178467
v 0.248698 0.514105 0.172335
v 0.249631 0.531562 0.176861
v 0.250596 0.524764 0.173237
v 0.251399 0.519560 0.169285
v -0.251399 0.519560 0.169285
v -0.248698 0.514105 0.172335
v -0.245799 0.507349 0.175280
v -0.250596 0.524764 0.173237
v -0.248857 0.520079 0.178467
v -0.246859 0.513596 0.183380
v -0.249631 0.531562 0.176861
v -0.249045 0.528044 0.185163
v -0.248171 0.521964 0.192769
v 0.240878 0.495725 0.200029
v 0.234521 0.478250 0.199679
v 0.228039 0.462078 0.198425
v 0.238806 0.491232 0.189122
v 0.232917 0.476518 0.189682
v 0.227084 0.462244 0.189323
v 0.237187 0.487250 0.179417
v 0.231724 0.474544 0.180253
v 0.226564 0.461829 0.180313
v -0.226564 0.461829 0.180313
v -0.227084 0.462244 0.189323
v -0.228039 0.462078 0.198425
v -0.231724 0.474544 0.180253
v -0.232917 0.476519 0.189682
v -0.234521 0.478250 0.199679
v -0.237187 0.487250 0.179417
v -0.238806 0.491232 0.189122
v -0.240878 0.495725 0.200029
v 0.217895 0.437343 0.185429
v 0.218654 0.439787 0.193077
v 0.216957 0.434487 0.188696
v 0.217566 0.432131 0.182840
v 0.218705 0.436790 0.180620
v 0.220059 0.442507 0.179933
v 0.219144 0.441822 0.186803
v -0.217895 0.437343 0.185429
v -0.220059 0.442507 0.179933
v -0.218705 0.436790 0.180620
v -0.217565 0.432131 0.182840
v -0.216957 0.434487 0.188696
v -0.218654 0.439787 0.193077
v -0.219144 0.441822 0.186803
v 0.279971 0.520359 0.138803
v 0.275260 0.516072 0.141041
v 0.270831 0.511516 0.142576
v 0.281084 0.518538 0.134694
v 0.276365 0.514366 0.136967
v 0.271936 0.509938 0.138561
v 0.282517 0.516680 0.130941
v 0.277760 0.512587 0.133203
v 0.273297 0.508250 0.134833
v -0.273297 0.508250 0.134834
v -0.271936 0.509938 0.138561
v -0.270831 0.511516 0.142576
v -0.277760 0.512587 0.133203
v -0.276365 0.514366 0.136967
v -0.275260 0.516072 0.141041
v -0.282517 0.516680 0.130941
v -0.281085 0.518538 0.134694
v -0.279971 0.520359 0.138803
v 0.262504 0.501807 0.143940
v 0.258376 0.496678 0.144022
v 0.254067 0.491330 0.143911
v 0.263645 0.500520 0.140089
v 0.259550 0.495564 0.140258
v 0.255278 0.490421 0.140216
v 0.264970 0.499050 0.136562
v 0.260877 0.494226 0.136868
v 0.256620 0.489241 0.136961
v -0.256620 0.489240 0.136961
v -0.255278 0.490421 0.140216
v -0.254067 0.491330 0.143911
v -0.260877 0.494226 0.136868
v -0.259550 0.495564 0.140258
v -0.258376 0.496678 0.144022
v -0.264970 0.499050 0.136562
v -0.263645 0.500520 0.140089
v -0.262504 0.501807 0.143940
v 0.244440 0.479921 0.143698
v 0.239772 0.474246 0.143690
v 0.236222 0.469120 0.143675
v 0.245720 0.479562 0.140044
v 0.241091 0.474244 0.140054
v 0.237582 0.469510 0.140114
v 0.247135 0.478812 0.136978
v 0.242603 0.473831 0.137097
v 0.239247 0.469563 0.137342
v -0.239247 0.469563 0.137341
v -0.237582 0.469510 0.140114
v -0.236222 0.469120 0.143675
v -0.242603 0.473831 0.137097
v -0.241091 0.474244 0.140054
v -0.239772 0.474246 0.143690
v -0.247135 0.478812 0.136978
v -0.245720 0.479562 0.140044
v -0.244440 0.479921 0.143698
v 0.235352 0.461964 0.143334
v 0.237829 0.459780 0.142939
v 0.241037 0.457858 0.142451
v 0.236537 0.462864 0.140011
v 0.238888 0.460702 0.139816
v 0.242145 0.458650 0.139628
v 0.238249 0.463694 0.137328
v 0.240493 0.461554 0.137061
v 0.243737 0.459378 0.136906
v -0.243737 0.459378 0.136906
v -0.242145 0.458650 0.139628
v -0.241037 0.457858 0.142451
v -0.240493 0.461554 0.137061
v -0.238888 0.460702 0.139816
v -0.237829 0.459780 0.142939
v -0.238249 0.463694 0.137328
v -0.236537 0.462864 0.140011
v -0.235352 0.461964 0.143334
v 0.246390 0.452817 0.142450
v 0.247952 0.449210 0.142947
v 0.248778 0.445165 0.143374
v 0.248187 0.452954 0.139600
v 0.250086 0.449115 0.139746
v 0.251117 0.445015 0.139886
v 0.250026 0.453371 0.136814
v 0.252086 0.449462 0.136822
v 0.253223 0.445373 0.136878
v -0.253223 0.445374 0.136878
v -0.251117 0.445015 0.139886
v -0.248778 0.445165 0.143374
v -0.252086 0.449462 0.136822
v -0.250086 0.449115 0.139746
v -0.247952 0.449210 0.142946
v -0.250026 0.453371 0.136814
v -0.248187 0.452954 0.139600
v -0.246390 0.452817 0.142450
v 0.247945 0.437732 0.143973
v 0.246903 0.434866 0.144454
v 0.246369 0.432553 0.145426
v 0.250313 0.437693 0.140191
v 0.249147 0.434919 0.140648
v 0.248449 0.432753 0.141641
v 0.252390 0.438062 0.137275
v 0.251121 0.435280 0.137903
v 0.250298 0.433182 0.139084
v -0.250298 0.433182 0.139084
v -0.248449 0.432753 0.141641
v -0.246369 0.432553 0.145426
v -0.251121 0.435280 0.137903
v -0.249147 0.434919 0.140648
v -0.246903 0.434866 0.144454
v -0.252390 0.438062 0.137275
v -0.250313 0.437693 0.140191
v -0.247945 0.437732 0.143973
v 0.249580 0.429448 0.149701
v 0.253982 0.428635 0.152023
v 0.260203 0.428339 0.152872
v 0.251216 0.430093 0.145695
v 0.255384 0.429535 0.147810
v 0.261421 0.429466 0.148558
v 0.252613 0.430975 0.142611
v 0.256556 0.430701 0.144211
v 0.262444 0.430899 0.144678
v -0.262444 0.430898 0.144678
v -0.261421 0.429466 0.148558
v -0.260203 0.428339 0.152872
v -0.256556 0.430701 0.144211
v -0.255384 0.429535 0.147810
v -0.253982 0.428635 0.152023
v -0.252613 0.430975 0.142611
v -0.251216 0.430093 0.145695
v -0.249580 0.429448 0.149701
v 0.303721 0.533856 0.122184
v 0.296711 0.531087 0.127290
v 0.290553 0.527903 0.131881
v 0.304839 0.531736 0.118250
v 0.297860 0.529017 0.123258
v 0.291700 0.525899 0.127789
v 0.306251 0.529737 0.115036
v 0.299351 0.527023 0.119848
v 0.293200 0.523932 0.124217
v -0.293200 0.523932 0.124217
v -0.291700 0.525899 0.127789
v -0.290553 0.527903 0.131881
v -0.299351 0.527024 0.119848
v -0.297860 0.529017 0.123258
v -0.296711 0.531087 0.127290
v -0.306251 0.529737 0.115036
v -0.304839 0.531736 0.118250
v -0.303721 0.533856 0.122184
v 0.340366 0.538359 0.101194
v 0.330754 0.538885 0.105916
v 0.320994 0.538004 0.111222
v 0.340827 0.536180 0.098024
v 0.331435 0.536703 0.102506
v 0.321874 0.535831 0.107599
v 0.340886 0.534214 0.095922
v 0.331954 0.534774 0.100048
v 0.322800 0.533889 0.104848
v -0.322800 0.533889 0.104848
v -0.321874 0.535831 0.107599
v -0.320994 0.538004 0.111222
v -0.331954 0.534774 0.100048
v -0.331435 0.536703 0.102506
v -0.330754 0.538885 0.105916
v -0.340886 0.534214 0.095922
v -0.340827 0.536180 0.098024
v -0.340366 0.538359 0.101194
v 0.365685 0.516426 0.092380
v 0.361964 0.524700 0.093220
v 0.356395 0.531326 0.094806
v 0.365719 0.514969 0.089768
v 0.362028 0.522952 0.090533
v 0.356531 0.529349 0.092014
v 0.364741 0.513638 0.088472
v 0.361166 0.521303 0.089148
v 0.355863 0.527480 0.090484
v -0.355863 0.527480 0.090484
v -0.356531 0.529349 0.092014
v -0.356395 0.531326 0.094806
v -0.361166 0.521303 0.089148
v -0.362028 0.522952 0.090533
v -0.361964 0.524700 0.093220
v -0.364741 0.513638 0.088472
v -0.365719 0.514969 0.089768
v -0.365685 0.516426 0.092380
v 0.360051 0.474796 0.093562
v 0.364590 0.485509 0.092363
v 0.367055 0.496379 0.091943
v 0.360121 0.474727 0.091163
v 0.364638 0.485094 0.089956
v 0.367089 0.495607 0.089476
v 0.359046 0.475232 0.090066
v 0.363536 0.485118 0.088861
v 0.366001 0.495140 0.088327
v -0.366001 0.495140 0.088327
v -0.367089 0.495607 0.089476
v -0.367055 0.496379 0.091943
v -0.363536 0.485118 0.088861
v -0.364638 0.485094 0.089956
v -0.364590 0.485509 0.092363
v -0.359046 0.475232 0.090066
v -0.360121 0.474727 0.091163
v -0.360051 0.474796 0.093562
v 0.323690 0.442105 0.110815
v 0.334845 0.448378 0.104386
v 0.344927 0.455945 0.099406
v 0.323969 0.443098 0.107593
v 0.335043 0.449163 0.101468
v 0.345070 0.456485 0.096749
v 0.323539 0.444858 0.105468
v 0.334377 0.450729 0.099737
v 0.344211 0.457778 0.095339
v -0.344211 0.457777 0.095339
v -0.345070 0.456485 0.096749
v -0.344927 0.455945 0.099406
v -0.334377 0.450729 0.099737
v -0.335043 0.449163 0.101468
v -0.334845 0.448378 0.104386
v -0.323539 0.444858 0.105468
v -0.323969 0.443098 0.107593
v -0.323690 0.442105 0.110815
v 0.277730 0.429400 0.145478
v 0.288511 0.430972 0.137346
v 0.300063 0.433490 0.127968
v 0.278614 0.430768 0.141270
v 0.289216 0.432334 0.133309
v 0.300598 0.434777 0.124162
v 0.279296 0.432586 0.137524
v 0.289639 0.434243 0.129881
v 0.300731 0.436708 0.121146
v -0.300731 0.436708 0.121146
v -0.300598 0.434777 0.124162
v -0.300063 0.433490 0.127968
v -0.289639 0.434243 0.129881
v -0.289216 0.432334 0.133309
v -0.288511 0.430972 0.137346
v -0.279296 0.432586 0.137524
v -0.278614 0.430768 0.141270
v -0.277730 0.429400 0.145478
v 0.255978 0.456002 0.132595
v 0.258284 0.452128 0.132541
v 0.259646 0.448100 0.132717
v 0.260340 0.458426 0.131242
v 0.262829 0.454545 0.131132
v 0.264382 0.450506 0.131369
v 0.265252 0.461480 0.130097
v 0.267939 0.457574 0.129886
v 0.269726 0.453490 0.130108
v -0.269726 0.453490 0.130108
v -0.264382 0.450506 0.131369
v -0.259646 0.448100 0.132717
v -0.267939 0.457574 0.129886
v -0.262829 0.454545 0.131132
v -0.258284 0.452128 0.132541
v -0.265252 0.461480 0.130097
v -0.260340 0.458426 0.131242
v -0.255978 0.456002 0.132595
v 0.275503 0.469077 0.127509
v 0.278548 0.465085 0.126898
v 0.280876 0.460807 0.126665
v 0.280494 0.473413 0.125906
v 0.283682 0.469373 0.125025
v 0.286307 0.464970 0.124376
v 0.285340 0.477960 0.124196
v 0.288657 0.473884 0.123055
v 0.291598 0.469372 0.121963
v -0.291598 0.469372 0.121963
v -0.286307 0.464970 0.124376
v -0.280876 0.460807 0.126665
v -0.288657 0.473884 0.123055
v -0.283682 0.469373 0.125025
v -0.278548 0.465085 0.126898
v -0.285340 0.477960 0.124196
v -0.280494 0.473413 0.125906
v -0.275503 0.469078 0.127509
v 0.294500 0.487250 0.120786
v 0.298053 0.483170 0.119328
v 0.301684 0.478585 0.117577
v 0.298886 0.491755 0.119175
v 0.302530 0.487705 0.117699
v 0.306490 0.483177 0.115793
v 0.303272 0.495999 0.117635
v 0.306956 0.491982 0.116226
v 0.311174 0.487568 0.114262
v -0.311174 0.487568 0.114262
v -0.306490 0.483177 0.115793
v -0.301684 0.478585 0.117577
v -0.306956 0.491982 0.116226
v -0.302530 0.487705 0.117699
v -0.298053 0.483170 0.119328
v -0.303272 0.495999 0.117635
v -0.298886 0.491755 0.119175
v -0.294500 0.487250 0.120786
v 0.312462 0.503247 0.114721
v 0.315985 0.499258 0.113655
v 0.320315 0.495215 0.111806
v 0.317530 0.506337 0.112986
v 0.320848 0.502330 0.112150
v 0.324924 0.498507 0.110468
v 0.323130 0.509334 0.110604
v 0.326213 0.505272 0.109982
v 0.329750 0.501603 0.108574
v -0.329750 0.501603 0.108574
v -0.324924 0.498507 0.110468
v -0.320315 0.495215 0.111806
v -0.326213 0.505272 0.109982
v -0.320848 0.502331 0.112150
v -0.315984 0.499258 0.113655
v -0.323130 0.509334 0.110604
v -0.317530 0.506337 0.112986
v -0.312462 0.503247 0.114721
v 0.310456 0.524565 0.111557
v 0.304124 0.521756 0.115497
v 0.298252 0.518633 0.119076
v 0.313352 0.521179 0.111063
v 0.307380 0.518272 0.114449
v 0.301749 0.515110 0.117474
v 0.316678 0.517461 0.110879
v 0.310906 0.514440 0.113823
v 0.305485 0.511245 0.116322
v -0.305485 0.511245 0.116322
v -0.301749 0.515110 0.117474
v -0.298252 0.518633 0.119076
v -0.310906 0.514440 0.113823
v -0.307380 0.518272 0.114449
v -0.304124 0.521756 0.115497
v -0.316678 0.517461 0.110879
v -0.313352 0.521179 0.111063
v -0.310456 0.524565 0.111557
v 0.278494 0.502998 0.128572
v 0.282372 0.499315 0.126089
v 0.286594 0.495283 0.123995
v 0.283000 0.507304 0.126899
v 0.286862 0.503670 0.124408
v 0.291050 0.499702 0.122321
v 0.287745 0.511384 0.124795
v 0.291530 0.507801 0.122435
v 0.295617 0.503890 0.120497
v -0.295617 0.503890 0.120497
v -0.291050 0.499702 0.122321
v -0.286594 0.495283 0.123995
v -0.291530 0.507801 0.122435
v -0.286862 0.503670 0.124408
v -0.282372 0.499315 0.126089
v -0.287745 0.511384 0.124795
v -0.283000 0.507304 0.126899
v -0.278494 0.502998 0.128572
v 0.269889 0.493955 0.130867
v 0.265606 0.489304 0.131606
v 0.261194 0.484601 0.132150
v 0.273571 0.490230 0.128723
v 0.269112 0.485630 0.129731
v 0.264537 0.481065 0.130560
v 0.277614 0.486120 0.126950
v 0.272978 0.481551 0.128225
v 0.268231 0.477103 0.129341
v -0.268231 0.477103 0.129341
v -0.264537 0.481065 0.130560
v -0.261194 0.484601 0.132150
v -0.272978 0.481551 0.128225
v -0.269112 0.485630 0.129731
v -0.265606 0.489304 0.131606
v -0.277614 0.486120 0.126950
v -0.273571 0.490230 0.128722
v -0.269889 0.493955 0.130867
v 0.249482 0.462591 0.132984
v 0.253691 0.465434 0.131880
v 0.258426 0.468914 0.131058
v 0.246129 0.465219 0.133382
v 0.250212 0.468417 0.132427
v 0.254896 0.472294 0.131785
v 0.243385 0.467451 0.134127
v 0.247113 0.470933 0.133360
v 0.251679 0.475199 0.132899
v -0.251679 0.475199 0.132899
v -0.254896 0.472294 0.131785
v -0.258426 0.468914 0.131058
v -0.247113 0.470933 0.133360
v -0.250212 0.468417 0.132427
v -0.253691 0.465434 0.131880
v -0.243385 0.467451 0.134127
v -0.246129 0.465219 0.133382
v -0.249482 0.462591 0.132984
v 0.255474 0.434301 0.137767
v 0.259804 0.435080 0.138100
v 0.265650 0.436246 0.137851
v 0.257135 0.437008 0.135717
v 0.261881 0.438421 0.135543
v 0.267752 0.440232 0.134960
v 0.258807 0.440341 0.134211
v 0.263724 0.442274 0.133522
v 0.269496 0.444663 0.132616
v -0.269496 0.444663 0.132616
v -0.267752 0.440232 0.134960
v -0.265650 0.436246 0.137851
v -0.263724 0.442274 0.133522
v -0.261881 0.438421 0.135543
v -0.259804 0.435080 0.138100
v -0.258807 0.440341 0.134211
v -0.257135 0.437008 0.135717
v -0.255474 0.434301 0.137767
v 0.299534 0.444958 0.118498
v 0.298181 0.451168 0.118781
v 0.296378 0.457799 0.119684
v 0.290041 0.442008 0.125413
v 0.289942 0.447793 0.124377
v 0.289406 0.453987 0.123956
v 0.281044 0.439664 0.131563
v 0.281999 0.444901 0.129417
v 0.282528 0.450542 0.127869
v -0.282528 0.450542 0.127869
v -0.289406 0.453987 0.123956
v -0.296378 0.457799 0.119684
v -0.281999 0.444901 0.129417
v -0.289942 0.447793 0.124377
v -0.298181 0.451168 0.118781
v -0.281044 0.439664 0.131563
v -0.290041 0.442008 0.125413
v -0.299534 0.444958 0.118498
v 0.336583 0.464824 0.098410
v 0.330049 0.470452 0.102523
v 0.322986 0.476579 0.107146
v 0.328120 0.458638 0.101820
v 0.322707 0.464831 0.105314
v 0.316785 0.471502 0.109356
v 0.318890 0.453231 0.106254
v 0.314783 0.459688 0.108909
v 0.310190 0.466603 0.112148
v -0.310190 0.466603 0.112148
v -0.316785 0.471502 0.109356
v -0.322986 0.476579 0.107146
v -0.314783 0.459688 0.108909
v -0.322707 0.464831 0.105314
v -0.330049 0.470452 0.102523
v -0.318890 0.453231 0.106254
v -0.328120 0.458638 0.101820
v -0.336583 0.464824 0.098410
v 0.356744 0.495151 0.092461
v 0.349057 0.495735 0.097147
v 0.341180 0.496842 0.102007
v 0.354139 0.487154 0.093064
v 0.346221 0.489225 0.097871
v 0.337891 0.491861 0.103034
v 0.349826 0.479253 0.094165
v 0.341997 0.482757 0.098929
v 0.333651 0.486813 0.104137
v -0.333651 0.486813 0.104137
v -0.337891 0.491861 0.103034
v -0.341180 0.496842 0.102007
v -0.341997 0.482757 0.098929
v -0.346221 0.489225 0.097871
v -0.349057 0.495735 0.097147
v -0.349826 0.479253 0.094165
v -0.354139 0.487154 0.093064
v -0.356744 0.495151 0.092461
v 0.349346 0.522460 0.093519
v 0.343384 0.519189 0.097777
v 0.336446 0.515770 0.102675
v 0.353524 0.516899 0.092715
v 0.346865 0.514064 0.097244
v 0.339511 0.511127 0.102250
v 0.356348 0.510305 0.092311
v 0.349293 0.508315 0.096877
v 0.341899 0.506388 0.101677
v -0.341899 0.506388 0.101677
v -0.339511 0.511127 0.102250
v -0.336446 0.515770 0.102675
v -0.349293 0.508315 0.096877
v -0.346865 0.514064 0.097244
v -0.343384 0.519189 0.097777
v -0.356348 0.510305 0.092311
v -0.353524 0.516899 0.092715
v -0.349346 0.522460 0.093519
v 0.330814 0.527856 0.100565
v 0.324500 0.529179 0.103094
v 0.326025 0.526327 0.103418
v 0.329126 0.523410 0.103310
v 0.334545 0.526344 0.099507
v 0.338090 0.529322 0.096702
v 0.331550 0.530169 0.099392
v -0.330814 0.527856 0.100565
v -0.338090 0.529322 0.096702
v -0.334545 0.526344 0.099507
v -0.329126 0.523410 0.103310
v -0.326025 0.526327 0.103418
v -0.324500 0.529179 0.103094
v -0.331550 0.530169 0.099392
v 0.292232 0.406552 0.131238
v 0.273654 0.402513 0.142431
v 0.255853 0.400328 0.152306
v 0.292558 0.409225 0.121544
v 0.273953 0.405263 0.132149
v 0.256232 0.403246 0.141441
v 0.293039 0.417266 0.111849
v 0.274733 0.413400 0.121725
v 0.257424 0.411469 0.130299
v -0.257424 0.411469 0.130299
v -0.256232 0.403246 0.141441
v -0.255853 0.400328 0.152306
v -0.274733 0.413400 0.121725
v -0.273953 0.405263 0.132149
v -0.273654 0.402513 0.142431
v -0.293039 0.417266 0.111849
v -0.292558 0.409225 0.121544
v -0.292232 0.406552 0.131238
v 0.363378 0.442717 0.098776
v 0.347483 0.430640 0.104060
v 0.329790 0.420575 0.111247
v 0.364992 0.444709 0.091833
v 0.348700 0.432929 0.096414
v 0.330604 0.423066 0.102877
v 0.365683 0.450920 0.085018
v 0.349211 0.439918 0.088928
v 0.330969 0.430590 0.094668
v -0.330969 0.430590 0.094668
v -0.330604 0.423066 0.102877
v -0.329790 0.420575 0.111247
v -0.349211 0.439918 0.088928
v -0.348700 0.432929 0.096414
v -0.347483 0.430640 0.104060
v -0.365683 0.450920 0.085018
v -0.364992 0.444709 0.091833
v -0.363378 0.442717 0.098776
v 0.396345 0.507014 0.093321
v 0.393190 0.489705 0.093159
v 0.386633 0.472681 0.093640
v 0.398143 0.506786 0.088158
v 0.395184 0.490150 0.087754
v 0.388679 0.473743 0.087845
v 0.398456 0.507387 0.083150
v 0.395836 0.492408 0.082401
v 0.389513 0.477536 0.082092
v -0.389513 0.477536 0.082092
v -0.388679 0.473743 0.087845
v -0.386633 0.472681 0.093640
v -0.395836 0.492408 0.082401
v -0.395184 0.490150 0.087754
v -0.393190 0.489705 0.093159
v -0.398456 0.507387 0.083150
v -0.398143 0.506786 0.088158
v -0.396345 0.507014 0.093321
v 0.377189 0.563236 0.094099
v 0.386236 0.552533 0.093378
v 0.392671 0.539166 0.093404
v 0.378931 0.560601 0.087520
v 0.387996 0.550418 0.087400
v 0.394342 0.537629 0.087940
v 0.380332 0.554639 0.081196
v 0.389081 0.545762 0.081644
v 0.394920 0.534428 0.082729
v -0.394920 0.534428 0.082729
v -0.394342 0.537629 0.087940
v -0.392671 0.539166 0.093404
v -0.389081 0.545762 0.081644
v -0.387996 0.550418 0.087400
v -0.386236 0.552533 0.093378
v -0.380332 0.554639 0.081196
v -0.378931 0.560601 0.087520
v -0.377189 0.563236 0.094099
v 0.324338 0.573290 0.111847
v 0.338707 0.574960 0.105524
v 0.352832 0.574352 0.100128
v 0.324882 0.569502 0.103005
v 0.339695 0.571311 0.097112
v 0.354174 0.570940 0.092280
v 0.325489 0.560554 0.094436
v 0.340752 0.562735 0.088992
v 0.355534 0.562968 0.084742
v -0.355534 0.562968 0.084742
v -0.354174 0.570940 0.092280
v -0.352832 0.574352 0.100128
v -0.340752 0.562735 0.088992
v -0.339695 0.571311 0.097112
v -0.338707 0.574960 0.105524
v -0.325489 0.560554 0.094436
v -0.324882 0.569502 0.103005
v -0.324338 0.573290 0.111847
v 0.276742 0.556827 0.136396
v 0.286704 0.561835 0.131192
v 0.297954 0.566295 0.125128
v 0.274989 0.553173 0.127475
v 0.285539 0.558112 0.122229
v 0.297395 0.562496 0.116059
v 0.272964 0.544387 0.119005
v 0.284215 0.549110 0.113661
v 0.296773 0.553371 0.107319
v -0.296773 0.553371 0.107319
v -0.297395 0.562496 0.116059
v -0.297954 0.566295 0.125128
v -0.284215 0.549110 0.113661
v -0.285539 0.558112 0.122229
v -0.286704 0.561835 0.131192
v -0.272964 0.544387 0.119005
v -0.274989 0.553173 0.127475
v -0.276742 0.556827 0.136396
v 0.295473 0.513002 0.096469
v 0.294834 0.484513 0.095758
v 0.294211 0.456207 0.098174
v 0.280986 0.509022 0.103546
v 0.279191 0.480644 0.103416
v 0.277457 0.452404 0.106516
v 0.267769 0.505284 0.109481
v 0.264781 0.477572 0.109873
v 0.261881 0.449939 0.113610
v -0.261881 0.449939 0.113610
v -0.277457 0.452404 0.106516
v -0.294211 0.456206 0.098174
v -0.264781 0.477572 0.109873
v -0.279191 0.480644 0.103416
v -0.294834 0.484513 0.095758
v -0.267769 0.505284 0.109481
v -0.280986 0.509022 0.103546
v -0.295473 0.513002 0.096469
v 0.327493 0.521669 0.083303
v 0.343880 0.525770 0.078491
v 0.359243 0.528940 0.075091
v 0.328800 0.494440 0.082019
v 0.345841 0.500004 0.077293
v 0.361552 0.505373 0.074076
v 0.329985 0.467471 0.083570
v 0.347642 0.474550 0.078744
v 0.363748 0.482202 0.075545
v -0.363748 0.482203 0.075545
v -0.361552 0.505373 0.074076
v -0.359243 0.528940 0.075091
v -0.347642 0.474550 0.078744
v -0.345841 0.500004 0.077293
v -0.343880 0.525770 0.078491
v -0.329985 0.467471 0.083570
v -0.328800 0.494440 0.082019
v -0.327493 0.521669 0.083303
v 0.390080 0.515850 0.073006
v 0.383057 0.530017 0.072969
v 0.390366 0.526205 0.073996
v 0.394916 0.518330 0.075929
v 0.392914 0.507221 0.074448
v 0.387099 0.498182 0.073639
v 0.384749 0.513713 0.072158
v -0.390080 0.515850 0.073006
v -0.387099 0.498182 0.073639
v -0.392914 0.507221 0.074448
v -0.394916 0.518330 0.075929
v -0.390366 0.526205 0.073996
v -0.383057 0.530017 0.072969
v -0.384749 0.513713 0.072158
v 0.241086 0.528421 0.122355
v 0.245763 0.535918 0.135272
v 0.249183 0.539201 0.148114
v 0.247230 0.529434 0.123708
v 0.251142 0.537332 0.134392
v 0.254237 0.540960 0.145299
v 0.254534 0.533671 0.124072
v 0.257808 0.541887 0.133372
v 0.260521 0.545579 0.143073
v -0.260521 0.545579 0.143073
v -0.254237 0.540960 0.145299
v -0.249183 0.539201 0.148114
v -0.257808 0.541887 0.133372
v -0.251142 0.537332 0.134392
v -0.245763 0.535918 0.135272
v -0.254534 0.533671 0.124072
v -0.247230 0.529434 0.123708
v -0.241086 0.528421 0.122355
v 0.227800 0.496227 0.106374
v 0.236463 0.496495 0.111207
v 0.245667 0.498596 0.113617
v 0.220365 0.474402 0.105946
v 0.230119 0.473629 0.111282
v 0.240409 0.473967 0.114125
v 0.213246 0.453041 0.109893
v 0.223931 0.450770 0.115392
v 0.235252 0.449263 0.118367
v -0.235252 0.449263 0.118367
v -0.240409 0.473967 0.114125
v -0.245667 0.498596 0.113617
v -0.223931 0.450770 0.115392
v -0.230119 0.473629 0.111282
v -0.236463 0.496495 0.111207
v -0.213246 0.453041 0.109893
v -0.220365 0.474402 0.105946
v -0.227800 0.496228 0.106374
v 0.197904 0.404831 0.160400
v 0.198962 0.410419 0.144984
v 0.202123 0.420169 0.130262
v 0.210661 0.402920 0.161912
v 0.211556 0.407530 0.148480
v 0.214250 0.416626 0.134983
v 0.224315 0.400994 0.162029
v 0.225031 0.404820 0.149799
v 0.227221 0.413468 0.137220
v -0.227221 0.413468 0.137220
v -0.214250 0.416626 0.134983
v -0.202123 0.420169 0.130262
v -0.225031 0.404820 0.149799
v -0.211556 0.407530 0.148480
v -0.198962 0.410419 0.144984
v -0.224315 0.400994 0.162029
v -0.210661 0.402920 0.161912
v -0.197904 0.404831 0.160400
s 0
f 3523 3524 3527 3526
f 3524 3525 3528 3527
f 3526 3527 3530 3529
f 3527 3528 3531 3530
f 47 511 3523 510
f 511 512 3524 3523
f 512 513 3525 3524
f 513 1 514 3525
f 3525 514 515 3528
f 3528 515 516 3531
f 3531 516 3 517
f 3530 3531 517 518
f 3529 3530 518 519
f 508 3529 519 45
f 509 3526 3529 508
f 510 3523 3526 509
f 3532 3533 3536 3535
f 3533 3534 3537 3536
f 3535 3536 3539 3538
f 3536 3537 3540 3539
f 4 523 3532 522
f 523 524 3533 3532
f 524 525 3534 3533
f 525 2 526 3534
f 3534 526 527 3537
f 3537 527 528 3540
f 3540 528 48 529
f 3539 3540 529 530
f 3538 3539 530 531
f 520 3538 531 46
f 521 3535 3538 520
f 522 3532 3535 521
f 3541 3542 3545 3544
f 3542 3543 3546 3545
f 3544 3545 3548 3547
f 3545 3546 3549 3548
f 45 519 3541 534
f 519 518 3542 3541
f 518 517 3543 3542
f 517 3 535 3543
f 3543 535 536 3546
f 3546 536 537 3549
f 3549 537 5 538
f 3548 3549 538 539
f 3547 3548 539 540
f 532 3547 540 43
f 533 3544 3547 532
f 534 3541 3544 533
f 3550 3551 3554 3553
f 3551 3552 3555 3554
f 3553 3554 3557 3556
f 3554 3555 3558 3557
f 6 544 3550 543
f 544 545 3551 3550
f 545 546 3552 3551
f 546 4 522 3552
f 3552 522 521 3555
f 3555 521 520 3558
f 3558 520 46 547
f 3557 3558 547 548
f 3556 3557 548 549
f 541 3556 549 44
f 542 3553 3556 541
f 543 3550 3553 542
f 3559 3560 3563 3562
f 3560 3561 3564 3563
f 3562 3563 3566 3565
f 3563 3564 3567 3566
f 3 550 3559 535
f 550 551 3560 3559
f 551 552 3561 3560
f 552 9 553 3561
f 3561 553 554 3564
f 3564 554 555 3567
f 3567 555 7 556
f 3566 3567 556 557
f 3565 3566 557 558
f 537 3565 558 5
f 536 3562 3565 537
f 535 3559 3562 536
f 3568 3569 3572 3571
f 3569 3570 3573 3572
f 3571 3572 3575 3574
f 3572 3573 3576 3575
f 8 562 3568 561
f 562 563 3569 3568
f 563 564 3570 3569
f 564 10 565 3570
f 3570 565 566 3573
f 3573 566 567 3576
f 3576 567 4 546
f 3575 3576 546 545
f 3574 3575 545 544
f 559 3574 544 6
f 560 3571 3574 559
f 561 3568 3571 560
f 3577 3578 3581 3580
f 3578 3579 3582 3581
f 3580 3581 3584 3583
f 3581 3582 3585 3584
f 1 568 3577 514
f 568 569 3578 3577
f 569 570 3579 3578
f 570 11 571 3579
f 3579 571 572 3582
f 3582 572 573 3585
f 3585 573 9 552
f 3584 3585 552 551
f 3583 3584 551 550
f 516 3583 550 3
f 515 3580 3583 516
f 514 3577 3580 515
f 3586 3587 3590 3589
f 3587 3588 3591 3590
f 3589 3590 3593 3592
f 3590 3591 3594 3593
f 10 574 3586 565
f 574 575 3587 3586
f 575 576 3588 3587
f 576 12 577 3588
f 3588 577 578 3591
f 3591 578 579 3594
f 3594 579 2 525
f 3593 3594 525 524
f 3592 3593 524 523
f 567 3592 523 4
f 566 3589 3592 567
f 565 3586 3589 566
f 3595 3596 3599 3598
f 3596 3597 3600 3599
f 3598 3599 3602 3601
f 3599 3600 3603 3602
f 11 580 3595 571
f 580 581 3596 3595
f 581 582 3597 3596
f 582 13 583 3597
f 3597 583 584 3600
f 3600 584 585 3603
f 3603 585 15 586
f 3602 3603 586 587
f 3601 3602 587 588
f 573 3601 588 9
f 572 3598 3601 573
f 571 3595 3598 572
f 3604 3605 3608 3607
f 3605 3606 3609 3608
f 3607 3608 3611 3610
f 3608 3609 3612 3611
f 16 592 3604 591
f 592 593 3605 3604
f 593 594 3606 3605
f 594 14 595 3606
f 3606 595 596 3609
f 3609 596 597 3612
f 3612 597 12 576
f 3611 3612 576 575
f 3610 3611 575 574
f 589 3610 574 10
f 590 3607 3610 589
f 591 3604 3607 590
f 3613 3614 3617 3616
f 3614 3615 3618 3617
f 3616 3617 3620 3619
f 3617 3618 3621 3620
f 9 588 3613 553
f 588 587 3614 3613
f 587 586 3615 3614
f 586 15 598 3615
f 3615 598 599 3618
f 3618 599 600 3621
f 3621 600 17 601
f 3620 3621 601 602
f 3619 3620 602 603
f 555 3619 603 7
f 554 3616 3619 555
f 553 3613 3616 554
f 3622 3623 3626 3625
f 3623 3624 3627 3626
f 3625 3626 3629 3628
f 3626 3627 3630 3629
f 18 607 3622 606
f 607 608 3623 3622
f 608 609 3624 3623
f 609 16 591 3624
f 3624 591 590 3627
f 3627 590 589 3630
f 3630 589 10 564
f 3629 3630 564 563
f 3628 3629 563 562
f 604 3628 562 8
f 605 3625 3628 604
f 606 3622 3625 605
f 3631 3632 3635 3634
f 3632 3633 3636 3635
f 3634 3635 3638 3637
f 3635 3636 3639 3638
f 15 610 3631 598
f 610 611 3632 3631
f 611 612 3633 3632
f 612 21 613 3633
f 3633 613 614 3636
f 3636 614 615 3639
f 3639 615 19 616
f 3638 3639 616 617
f 3637 3638 617 618
f 600 3637 618 17
f 599 3634 3637 600
f 598 3631 3634 599
f 3640 3641 3644 3643
f 3641 3642 3645 3644
f 3643 3644 3647 3646
f 3644 3645 3648 3647
f 20 622 3640 621
f 622 623 3641 3640
f 623 624 3642 3641
f 624 22 625 3642
f 3642 625 626 3645
f 3645 626 627 3648
f 3648 627 16 609
f 3647 3648 609 608
f 3646 3647 608 607
f 619 3646 607 18
f 620 3643 3646 619
f 621 3640 3643 620
f 3649 3650 3653 3652
f 3650 3651 3654 3653
f 3652 3653 3656 3655
f 3653 3654 3657 3656
f 13 628 3649 583
f 628 629 3650 3649
f 629 630 3651 3650
f 630 23 631 3651
f 3651 631 632 3654
f 3654 632 633 3657
f 3657 633 21 612
f 3656 3657 612 611
f 3655 3656 611 610
f 585 3655 610 15
f 584 3652 3655 585
f 583 3649 3652 584
f 3658 3659 3662 3661
f 3659 3660 3663 3662
f 3661 3662 3665 3664
f 3662 3663 3666 3665
f 22 634 3658 625
f 634 635 3659 3658
f 635 636 3660 3659
f 636 24 637 3660
f 3660 637 638 3663
f 3663 638 639 3666
f 3666 639 14 594
f 3665 3666 594 593
f 3664 3665 593 592
f 627 3664 592 16
f 626 3661 3664 627
f 625 3658 3661 626
f 3667 3668 3671 3670
f 3668 3669 3672 3671
f 3670 3671 3674 3673
f 3671 3672 3675 3674
f 23 640 3667 631
f 640 641 3668 3667
f 641 642 3669 3668
f 642 25 643 3669
f 3669 643 644 3672
f 3672 644 645 3675
f 3675 645 27 646
f 3674 3675 646 647
f 3673 3674 647 648
f 633 3673 648 21
f 632 3670 3673 633
f 631 3667 3670 632
f 3676 3677 3680 3679
f 3677 3678 3681 3680
f 3679 3680 3683 3682
f 3680 3681 3684 3683
f 28 652 3676 651
f 652 653 3677 3676
f 653 654 3678 3677
f 654 26 655 3678
f 3678 655 656 3681
f 3681 656 657 3684
f 3684 657 24 636
f 3683 3684 636 635
f 3682 3683 635 634
f 649 3682 634 22
f 650 3679 3682 649
f 651 3676 3679 650
f 3685 3686 3689 3688
f 3686 3687 3690 3689
f 3688 3689 3692 3691
f 3689 3690 3693 3692
f 21 648 3685 613
f 648 647 3686 3685
f 647 646 3687 3686
f 646 27 658 3687
f 3687 658 659 3690
f 3690 659 660 3693
f 3693 660 29 661
f 3692 3693 661 662
f 3691 3692 662 663
f 615 3691 663 19
f 614 3688 3691 615
f 613 3685 3688 614
f 3694 3695 3698 3697
f 3695 3696 3699 3698
f 3697 3698 3701 3700
f 3698 3699 3702 3701
f 30 667 3694 666
f 667 668 3695 3694
f 668 669 3696 3695
f 669 28 651 3696
f 3696 651 650 3699
f 3699 650 649 3702
f 3702 649 22 624
f 3701 3702 624 623
f 3700 3701 623 622
f 664 3700 622 20
f 665 3697 3700 664
f 666 3694 3697 665
f 3703 3704 3707 3706
f 3704 3705 3708 3707
f 3706 3707 3710 3709
f 3707 3708 3711 3710
f 27 670 3703 658
f 670 671 3704 3703
f 671 672 3705 3704
f 672 33 673 3705
f 3705 673 674 3708
f 3708 674 675 3711
f 3711 675 31 676
f 3710 3711 676 677
f 3709 3710 677 678
f 660 3709 678 29
f 659 3706 3709 660
f 658 3703 3706 659
f 3712 3713 3716 3715
f 3713 3714 3717 3716
f 3715 3716 3719 3718
f 3716 3717 3720 3719
f 32 682 3712 681
f 682 683 3713 3712
f 683 684 3714 3713
f 684 34 685 3714
f 3714 685 686 3717
f 3717 686 687 3720
f 3720 687 28 669
f 3719 3720 669 668
f 3718 3719 668 667
f 679 3718 667 30
f 680 3715 3718 679
f 681 3712 3715 680
f 3721 3722 3725 3724
f 3722 3723 3726 3725
f 3724 3725 3728 3727
f 3725 3726 3729 3728
f 25 688 3721 643
f 688 689 3722 3721
f 689 690 3723 3722
f 690 35 691 3723
f 3723 691 692 3726
f 3726 692 693 3729
f 3729 693 33 672
f 3728 3729 672 671
f 3727 3728 671 670
f 645 3727 670 27
f 644 3724 3727 645
f 643 3721 3724 644
f 3730 3731 3734 3733
f 3731 3732 3735 3734
f 3733 3734 3737 3736
f 3734 3735 3738 3737
f 34 694 3730 685
f 694 695 3731 3730
f 695 696 3732 3731
f 696 36 697 3732
f 3732 697 698 3735
f 3735 698 699 3738
f 3738 699 26 654
f 3737 3738 654 653
f 3736 3737 653 652
f 687 3736 652 28
f 686 3733 3736 687
f 685 3730 3733 686
f 3739 3740 3743 3742
f 3740 3741 3744 3743
f 3742 3743 3746 3745
f 3743 3744 3747 3746
f 35 700 3739 691
f 700 701 3740 3739
f 701 702 3741 3740
f 702 37 703 3741
f 3741 703 704 3744
f 3744 704 705 3747
f 3747 705 39 706
f 3746 3747 706 707
f 3745 3746 707 708
f 693 3745 708 33
f 692 3742 3745 693
f 691 3739 3742 692
f 3748 3749 3752 3751
f 3749 3750 3753 3752
f 3751 3752 3755 3754
f 3752 3753 3756 3755
f 40 712 3748 711
f 712 713 3749 3748
f 713 714 3750 3749
f 714 38 715 3750
f 3750 715 716 3753
f 3753 716 717 3756
f 3756 717 36 696
f 3755 3756 696 695
f 3754 3755 695 694
f 709 3754 694 34
f 710 3751 3754 709
f 711 3748 3751 710
f 3757 3758 3761 3760
f 3758 3759 3762 3761
f 3760 3761 3764 3763
f 3761 3762 3765 3764
f 33 708 3757 673
f 708 707 3758 3757
f 707 706 3759 3758
f 706 39 718 3759
f 3759 718 719 3762
f 3762 719 720 3765
f 3765 720 41 721
f 3764 3765 721 722
f 3763 3764 722 723
f 675 3763 723 31
f 674 3760 3763 675
f 673 3757 3760 674
f 3766 3767 3770 3769
f 3767 3768 3771 3770
f 3769 3770 3773 3772
f 3770 3771 3774 3773
f 42 727 3766 726
f 727 728 3767 3766
f 728 729 3768 3767
f 729 40 711 3768
f 3768 711 710 3771
f 3771 710 709 3774
f 3774 709 34 684
f 3773 3774 684 683
f 3772 3773 683 682
f 724 3772 682 32
f 725 3769 3772 724
f 726 3766 3769 725
f 3775 3776 3779 3778
f 3776 3777 3780 3779
f 3778 3779 3782 3781
f 3779 3780 3783 3782
f 39 730 3775 718
f 730 731 3776 3775
f 731 732 3777 3776
f 732 45 534 3777
f 3777 534 533 3780
f 3780 533 532 3783
f 3783 532 43 733
f 3782 3783 733 734
f 3781 3782 734 735
f 720 3781 735 41
f 719 3778 3781 720
f 718 3775 3778 719
f 3784 3785 3788 3787
f 3785 3786 3789 3788
f 3787 3788 3791 3790
f 3788 3789 3792 3791
f 44 549 3784 738
f 549 548 3785 3784
f 548 547 3786 3785
f 547 46 739 3786
f 3786 739 740 3789
f 3789 740 741 3792
f 3792 741 40 729
f 3791 3792 729 728
f 3790 3791 728 727
f 736 3790 727 42
f 737 3787 3790 736
f 738 3784 3787 737
f 3793 3794 3797 3796
f 3794 3795 3798 3797
f 3796 3797 3800 3799
f 3797 3798 3801 3800
f 37 742 3793 703
f 742 743 3794 3793
f 743 744 3795 3794
f 744 47 510 3795
f 3795 510 509 3798
f 3798 509 508 3801
f 3801 508 45 732
f 3800 3801 732 731
f 3799 3800 731 730
f 705 3799 730 39
f 704 3796 3799 705
f 703 3793 3796 704
f 3802 3803 3806 3805
f 3803 3804 3807 3806
f 3805 3806 3809 3808
f 3806 3807 3810 3809
f 46 531 3802 739
f 531 530 3803 3802
f 530 529 3804 3803
f 529 48 745 3804
f 3804 745 746 3807
f 3807 746 747 3810
f 3810 747 38 714
f 3809 3810 714 713
f 3808 3809 713 712
f 741 3808 712 40
f 740 3805 3808 741
f 739 3802 3805 740
f 3811 3812 3815 3814
f 3812 3813 3816 3815
f 3814 3815 3818 3817
f 3815 3816 3819 3818
f 47 744 3811 750
f 744 743 3812 3811
f 743 742 3813 3812
f 742 37 751 3813
f 3813 751 752 3816
f 3816 752 753 3819
f 3819 753 51 754
f 3818 3819 754 755
f 3817 3818 755 756
f 748 3817 756 49
f 749 3814 3817 748
f 750 3811 3814 749
f 3820 3821 3824 3823
f 3821 3822 3825 3824
f 3823 3824 3827 3826
f 3824 3825 3828 3827
f 52 760 3820 759
f 760 761 3821 3820
f 761 762 3822 3821
f 762 38 747 3822
f 3822 747 746 3825
f 3825 746 745 3828
f 3828 745 48 763
f 3827 3828 763 764
f 3826 3827 764 765
f 757 3826 765 50
f 758 3823 3826 757
f 759 3820 3823 758
f 3829 3830 3833 3832
f 3830 3831 3834 3833
f 3832 3833 3836 3835
f 3833 3834 3837 3836
f 37 702 3829 751
f 702 701 3830 3829
f 701 700 3831 3830
f 700 35 766 3831
f 3831 766 767 3834
f 3834 767 768 3837
f 3837 768 53 769
f 3836 3837 769 770
f 3835 3836 770 771
f 753 3835 771 51
f 752 3832 3835 753
f 751 3829 3832 752
f 3838 3839 3842 3841
f 3839 3840 3843 3842
f 3841 3842 3845 3844
f 3842 3843 3846 3845
f 54 775 3838 774
f 775 776 3839 3838
f 776 777 3840 3839
f 777 36 717 3840
f 3840 717 716 3843
f 3843 716 715 3846
f 3846 715 38 762
f 3845 3846 762 761
f 3844 3845 761 760
f 772 3844 760 52
f 773 3841 3844 772
f 774 3838 3841 773
f 3847 3848 3851 3850
f 3848 3849 3852 3851
f 3850 3851 3854 3853
f 3851 3852 3855 3854
f 35 690 3847 766
f 690 689 3848 3847
f 689 688 3849 3848
f 688 25 778 3849
f 3849 778 779 3852
f 3852 779 780 3855
f 3855 780 55 781
f 3854 3855 781 782
f 3853 3854 782 783
f 768 3853 783 53
f 767 3850 3853 768
f 766 3847 3850 767
f 3856 3857 3860 3859
f 3857 3858 3861 3860
f 3859 3860 3863 3862
f 3860 3861 3864 3863
f 56 787 3856 786
f 787 788 3857 3856
f 788 789 3858 3857
f 789 26 699 3858
f 3858 699 698 3861
f 3861 698 697 3864
f 3864 697 36 777
f 3863 3864 777 776
f 3862 3863 776 775
f 784 3862 775 54
f 785 3859 3862 784
f 786 3856 3859 785
f 3865 3866 3869 3868
f 3866 3867 3870 3869
f 3868 3869 3872 3871
f 3869 3870 3873 3872
f 25 642 3865 778
f 642 641 3866 3865
f 641 640 3867 3866
f 640 23 790 3867
f 3867 790 791 3870
f 3870 791 792 3873
f 3873 792 57 793
f 3872 3873 793 794
f 3871 3872 794 795
f 780 3871 795 55
f 779 3868 3871 780
f 778 3865 3868 779
f 3874 3875 3878 3877
f 3875 3876 3879 3878
f 3877 3878 3881 3880
f 3878 3879 3882 3881
f 58 799 3874 798
f 799 800 3875 3874
f 800 801 3876 3875
f 801 24 657 3876
f 3876 657 656 3879
f 3879 656 655 3882
f 3882 655 26 789
f 3881 3882 789 788
f 3880 3881 788 787
f 796 3880 787 56
f 797 3877 3880 796
f 798 3874 3877 797
f 3883 3884 3887 3886
f 3884 3885 3888 3887
f 3886 3887 3890 3889
f 3887 3888 3891 3890
f 23 630 3883 790
f 630 629 3884 3883
f 629 628 3885 3884
f 628 13 802 3885
f 3885 802 803 3888
f 3888 803 804 3891
f 3891 804 59 805
f 3890 3891 805 806
f 3889 3890 806 807
f 792 3889 807 57
f 791 3886 3889 792
f 790 3883 3886 791
f 3892 3893 3896 3895
f 3893 3894 3897 3896
f 3895 3896 3899 3898
f 3896 3897 3900 3899
f 60 811 3892 810
f 811 812 3893 3892
f 812 813 3894 3893
f 813 14 639 3894
f 3894 639 638 3897
f 3897 638 637 3900
f 3900 637 24 801
f 3899 3900 801 800
f 3898 3899 800 799
f 808 3898 799 58
f 809 3895 3898 808
f 810 3892 3895 809
f 3901 3902 3905 3904
f 3902 3903 3906 3905
f 3904 3905 3908 3907
f 3905 3906 3909 3908
f 13 582 3901 802
f 582 581 3902 3901
f 581 580 3903 3902
f 580 11 814 3903
f 3903 814 815 3906
f 3906 815 816 3909
f 3909 816 63 817
f 3908 3909 817 818
f 3907 3908 818 819
f 804 3907 819 59
f 803 3904 3907 804
f 802 3901 3904 803
f 3910 3911 3914 3913
f 3911 3912 3915 3914
f 3913 3914 3917 3916
f 3914 3915 3918 3917
f 64 823 3910 822
f 823 824 3911 3910
f 824 825 3912 3911
f 825 12 597 3912
f 3912 597 596 3915
f 3915 596 595 3918
f 3918 595 14 813
f 3917 3918 813 812
f 3916 3917 812 811
f 820 3916 811 60
f 821 3913 3916 820
f 822 3910 3913 821
f 3919 3920 3923 3922
f 3920 3921 3924 3923
f 3922 3923 3926 3925
f 3923 3924 3927 3926
f 11 570 3919 814
f 570 569 3920 3919
f 569 568 3921 3920
f 568 1 826 3921
f 3921 826 827 3924
f 3924 827 828 3927
f 3927 828 65 829
f 3926 3927 829 830
f 3925 3926 830 831
f 816 3925 831 63
f 815 3922 3925 816
f 814 3919 3922 815
f 3928 3929 3932 3931
f 3929 3930 3933 3932
f 3931 3932 3935 3934
f 3932 3933 3936 3935
f 66 835 3928 834
f 835 836 3929 3928
f 836 837 3930 3929
f 837 2 579 3930
f 3930 579 578 3933
f 3933 578 577 3936
f 3936 577 12 825
f 3935 3936 825 824
f 3934 3935 824 823
f 832 3934 823 64
f 833 3931 3934 832
f 834 3928 3931 833
f 3937 3938 3941 3940
f 3938 3939 3942 3941
f 3940 3941 3944 3943
f 3941 3942 3945 3944
f 1 513 3937 826
f 513 512 3938 3937
f 512 511 3939 3938
f 511 47 750 3939
f 3939 750 749 3942
f 3942 749 748 3945
f 3945 748 49 838
f 3944 3945 838 839
f 3943 3944 839 840
f 828 3943 840 65
f 827 3940 3943 828
f 826 3937 3940 827
f 3946 3947 3950 3949
f 3947 3948 3951 3950
f 3949 3950 3953 3952
f 3950 3951 3954 3953
f 50 765 3946 843
f 765 764 3947 3946
f 764 763 3948 3947
f 763 48 528 3948
f 3948 528 527 3951
f 3951 527 526 3954
f 3954 526 2 837
f 3953 3954 837 836
f 3952 3953 836 835
f 841 3952 835 66
f 842 3949 3952 841
f 843 3946 3949 842
f 3956 3957 3955 3961
f 3958 3959 3955 3957
f 3960 3961 3955 3959
f 61 847 3956 846
f 847 848 3957 3956
f 846 3956 3961 845
f 65 840 3958 849
f 840 839 3959 3958
f 849 3958 3957 848
f 49 844 3960 838
f 844 845 3961 3960
f 838 3960 3959 839
f 3963 3964 3962 3968
f 3965 3966 3962 3964
f 3967 3968 3962 3966
f 50 843 3963 852
f 843 842 3964 3963
f 852 3963 3968 851
f 66 853 3965 841
f 853 854 3966 3965
f 841 3965 3964 842
f 62 850 3967 855
f 850 851 3968 3967
f 855 3967 3966 854
f 3970 3971 3969 3975
f 3972 3973 3969 3971
f 3974 3975 3969 3973
f 63 831 3970 858
f 831 830 3971 3970
f 858 3970 3975 857
f 65 849 3972 829
f 849 848 3973 3972
f 829 3972 3971 830
f 61 856 3974 847
f 856 857 3975 3974
f 847 3974 3973 848
f 3977 3978 3976 3982
f 3979 3980 3976 3978
f 3981 3982 3976 3980
f 62 855 3977 861
f 855 854 3978 3977
f 861 3977 3982 860
f 66 834 3979 853
f 834 833 3980 3979
f 853 3979 3978 854
f 64 859 3981 832
f 859 860 3982 3981
f 832 3981 3980 833
f 3984 3985 3983 3989
f 3986 3987 3983 3985
f 3988 3989 3983 3987
f 61 862 3984 856
f 862 863 3985 3984
f 856 3984 3989 857
f 59 819 3986 864
f 819 818 3987 3986
f 864 3986 3985 863
f 63 858 3988 817
f 858 857 3989 3988
f 817 3988 3987 818
f 3991 3992 3990 3996
f 3993 3994 3990 3992
f 3995 3996 3990 3994
f 64 822 3991 859
f 822 821 3992 3991
f 859 3991 3996 860
f 60 865 3993 820
f 865 866 3994 3993
f 820 3993 3992 821
f 62 861 3995 867
f 861 860 3996 3995
f 867 3995 3994 866
f 3998 3999 3997 4003
f 4000 4001 3997 3999
f 4002 4003 3997 4001
f 61 868 3998 862
f 868 869 3999 3998
f 862 3998 4003 863
f 57 807 4000 870
f 807 806 4001 4000
f 870 4000 3999 869
f 59 864 4002 805
f 864 863 4003 4002
f 805 4002 4001 806
f 4005 4006 4004 4010
f 4007 4008 4004 4006
f 4009 4010 4004 4008
f 60 810 4005 865
f 810 809 4006 4005
f 865 4005 4010 866
f 58 871 4007 808
f 871 872 4008 4007
f 808 4007 4006 809
f 62 867 4009 873
f 867 866 4010 4009
f 873 4009 4008 872
f 4012 4013 4011 4017
f 4014 4015 4011 4013
f 4016 4017 4011 4015
f 61 874 4012 868
f 874 875 4013 4012
f 868 4012 4017 869
f 55 795 4014 876
f 795 794 4015 4014
f 876 4014 4013 875
f 57 870 4016 793
f 870 869 4017 4016
f 793 4016 4015 794
f 4019 4020 4018 4024
f 4021 4022 4018 4020
f 4023 4024 4018 4022
f 58 798 4019 871
f 798 797 4020 4019
f 871 4019 4024 872
f 56 877 4021 796
f 877 878 4022 4021
f 796 4021 4020 797
f 62 873 4023 879
f 873 872 4024 4023
f 879 4023 4022 878
f 4026 4027 4025 4031
f 4028 4029 4025 4027
f 4030 4031 4025 4029
f 61 880 4026 874
f 880 881 4027 4026
f 874 4026 4031 875
f 53 783 4028 882
f 783 782 4029 4028
f 882 4028 4027 881
f 55 876 4030 781
f 876 875 4031 4030
f 781 4030 4029 782
f 4033 4034 4032 4038
f 4035 4036 4032 4034
f 4037 4038 4032 4036
f 56 786 4033 877
f 786 785 4034 4033
f 877 4033 4038 878
f 54 883 4035 784
f 883 884 4036 4035
f 784 4035 4034 785
f 62 879 4037 885
f 879 878 4038 4037
f 885 4037 4036 884
f 4040 4041 4039 4045
f 4042 4043 4039 4041
f 4044 4045 4039 4043
f 61 886 4040 880
f 886 887 4041 4040
f 880 4040 4045 881
f 51 771 4042 888
f 771 770 4043 4042
f 888 4042 4041 887
f 53 882 4044 769
f 882 881 4045 4044
f 769 4044 4043 770
f 4047 4048 4046 4052
f 4049 4050 4046 4048
f 4051 4052 4046 4050
f 54 774 4047 883
f 774 773 4048 4047
f 883 4047 4052 884
f 52 889 4049 772
f 889 890 4050 4049
f 772 4049 4048 773
f 62 885 4051 891
f 885 884 4052 4051
f 891 4051 4050 890
f 4054 4055 4053 4059
f 4056 4057 4053 4055
f 4058 4059 4053 4057
f 61 846 4054 886
f 846 845 4055 4054
f 886 4054 4059 887
f 49 756 4056 844
f 756 755 4057 4056
f 844 4056 4055 845
f 51 888 4058 754
f 888 887 4059 4058
f 754 4058 4057 755
f 4061 4062 4060 4066
f 4063 4064 4060 4062
f 4065 4066 4060 4064
f 52 759 4061 889
f 759 758 4062 4061
f 889 4061 4066 890
f 50 852 4063 757
f 852 851 4064 4063
f 757 4063 4062 758
f 62 891 4065 850
f 891 890 4066 4065
f 850 4065 4064 851
f 4067 4068 4071 4070
f 4068 4069 4072 4071
f 4070 4071 4074 4073
f 4071 4072 4075 4074
f 89 895 4067 894
f 895 896 4068 4067
f 896 897 4069 4068
f 897 174 898 4069
f 4069 898 899 4072
f 4072 899 900 4075
f 4075 900 176 901
f 4074 4075 901 902
f 4073 4074 902 903
f 892 4073 903 91
f 893 4070 4073 892
f 894 4067 4070 893
f 4076 4077 4080 4079
f 4077 4078 4081 4080
f 4079 4080 4083 4082
f 4080 4081 4084 4083
f 176 904 4076 901
f 904 905 4077 4076
f 905 906 4078 4077
f 906 175 907 4078
f 4078 907 908 4081
f 4081 908 909 4084
f 4084 909 90 910
f 4083 4084 910 911
f 4082 4083 911 912
f 903 4082 912 91
f 902 4079 4082 903
f 901 4076 4079 902
f 4085 4086 4089 4088
f 4086 4087 4090 4089
f 4088 4089 4092 4091
f 4089 4090 4093 4092
f 87 916 4085 915
f 916 917 4086 4085
f 917 918 4087 4086
f 918 172 919 4087
f 4087 919 920 4090
f 4090 920 921 4093
f 4093 921 174 897
f 4092 4093 897 896
f 4091 4092 896 895
f 913 4091 895 89
f 914 4088 4091 913
f 915 4085 4088 914
f 4094 4095 4098 4097
f 4095 4096 4099 4098
f 4097 4098 4101 4100
f 4098 4099 4102 4101
f 175 922 4094 907
f 922 923 4095 4094
f 923 924 4096 4095
f 924 173 925 4096
f 4096 925 926 4099
f 4099 926 927 4102
f 4102 927 88 928
f 4101 4102 928 929
f 4100 4101 929 930
f 909 4100 930 90
f 908 4097 4100 909
f 907 4094 4097 908
f 4103 4104 4107 4106
f 4104 4105 4108 4107
f 4106 4107 4110 4109
f 4107 4108 4111 4110
f 85 934 4103 933
f 934 935 4104 4103
f 935 936 4105 4104
f 936 170 937 4105
f 4105 937 938 4108
f 4108 938 939 4111
f 4111 939 172 918
f 4110 4111 918 917
f 4109 4110 917 916
f 931 4109 916 87
f 932 4106 4109 931
f 933 4103 4106 932
f 4112 4113 4116 4115
f 4113 4114 4117 4116
f 4115 4116 4119 4118
f 4116 4117 4120 4119
f 173 940 4112 925
f 940 941 4113 4112
f 941 942 4114 4113
f 942 171 943 4114
f 4114 943 944 4117
f 4117 944 945 4120
f 4120 945 86 946
f 4119 4120 946 947
f 4118 4119 947 948
f 927 4118 948 88
f 926 4115 4118 927
f 925 4112 4115 926
f 4121 4122 4125 4124
f 4122 4123 4126 4125
f 4124 4125 4128 4127
f 4125 4126 4129 4128
f 83 952 4121 951
f 952 953 4122 4121
f 953 954 4123 4122
f 954 168 955 4123
f 4123 955 956 4126
f 4126 956 957 4129
f 4129 957 170 936
f 4128 4129 936 935
f 4127 4128 935 934
f 949 4127 934 85
f 950 4124 4127 949
f 951 4121 4124 950
f 4130 4131 4134 4133
f 4131 4132 4135 4134
f 4133 4134 4137 4136
f 4134 4135 4138 4137
f 171 958 4130 943
f 958 959 4131 4130
f 959 960 4132 4131
f 960 169 961 4132
f 4132 961 962 4135
f 4135 962 963 4138
f 4138 963 84 964
f 4137 4138 964 965
f 4136 4137 965 966
f 945 4136 966 86
f 944 4133 4136 945
f 943 4130 4133 944
f 4139 4140 4143 4142
f 4140 4141 4144 4143
f 4142 4143 4146 4145
f 4143 4144 4147 4146
f 81 970 4139 969
f 970 971 4140 4139
f 971 972 4141 4140
f 972 166 973 4141
f 4141 973 974 4144
f 4144 974 975 4147
f 4147 975 168 954
f 4146 4147 954 953
f 4145 4146 953 952
f 967 4145 952 83
f 968 4142 4145 967
f 969 4139 4142 968
f 4148 4149 4152 4151
f 4149 4150 4153 4152
f 4151 4152 4155 4154
f 4152 4153 4156 4155
f 169 976 4148 961
f 976 977 4149 4148
f 977 978 4150 4149
f 978 167 979 4150
f 4150 979 980 4153
f 4153 980 981 4156
f 4156 981 82 982
f 4155 4156 982 983
f 4154 4155 983 984
f 963 4154 984 84
f 962 4151 4154 963
f 961 4148 4151 962
f 4157 4158 4161 4160
f 4158 4159 4162 4161
f 4160 4161 4164 4163
f 4161 4162 4165 4164
f 79 988 4157 987
f 988 989 4158 4157
f 989 990 4159 4158
f 990 92 991 4159
f 4159 991 992 4162
f 4162 992 993 4165
f 4165 993 146 994
f 4164 4165 994 995
f 4163 4164 995 996
f 985 4163 996 164
f 986 4160 4163 985
f 987 4157 4160 986
f 4166 4167 4170 4169
f 4167 4168 4171 4170
f 4169 4170 4173 4172
f 4170 4171 4174 4173
f 147 1000 4166 999
f 1000 1001 4167 4166
f 1001 1002 4168 4167
f 1002 93 1003 4168
f 4168 1003 1004 4171
f 4171 1004 1005 4174
f 4174 1005 80 1006
f 4173 4174 1006 1007
f 4172 4173 1007 1008
f 997 4172 1008 165
f 998 4169 4172 997
f 999 4166 4169 998
f 4175 4176 4179 4178
f 4176 4177 4180 4179
f 4178 4179 4182 4181
f 4179 4180 4183 4182
f 92 1009 4175 991
f 1009 1010 4176 4175
f 1010 1011 4177 4176
f 1011 94 1012 4177
f 4177 1012 1013 4180
f 4180 1013 1014 4183
f 4183 1014 148 1015
f 4182 4183 1015 1016
f 4181 4182 1016 1017
f 993 4181 1017 146
f 992 4178 4181 993
f 991 4175 4178 992
f 4184 4185 4188 4187
f 4185 4186 4189 4188
f 4187 4188 4191 4190
f 4188 4189 4192 4191
f 149 1021 4184 1020
f 1021 1022 4185 4184
f 1022 1023 4186 4185
f 1023 95 1024 4186
f 4186 1024 1025 4189
f 4189 1025 1026 4192
f 4192 1026 93 1002
f 4191 4192 1002 1001
f 4190 4191 1001 1000
f 1018 4190 1000 147
f 1019 4187 4190 1018
f 1020 4184 4187 1019
f 4193 4194 4197 4196
f 4194 4195 4198 4197
f 4196 4197 4200 4199
f 4197 4198 4201 4200
f 94 1027 4193 1012
f 1027 1028 4194 4193
f 1028 1029 4195 4194
f 1029 96 1030 4195
f 4195 1030 1031 4198
f 4198 1031 1032 4201
f 4201 1032 150 1033
f 4200 4201 1033 1034
f 4199 4200 1034 1035
f 1014 4199 1035 148
f 1013 4196 4199 1014
f 1012 4193 4196 1013
f 4202 4203 4206 4205
f 4203 4204 4207 4206
f 4205 4206 4209 4208
f 4206 4207 4210 4209
f 151 1039 4202 1038
f 1039 1040 4203 4202
f 1040 1041 4204 4203
f 1041 97 1042 4204
f 4204 1042 1043 4207
f 4207 1043 1044 4210
f 4210 1044 95 1023
f 4209 4210 1023 1022
f 4208 4209 1022 1021
f 1036 4208 1021 149
f 1037 4205 4208 1036
f 1038 4202 4205 1037
f 4211 4212 4215 4214
f 4212 4213 4216 4215
f 4214 4215 4218 4217
f 4215 4216 4219 4218
f 96 1045 4211 1030
f 1045 1046 4212 4211
f 1046 1047 4213 4212
f 1047 98 1048 4213
f 4213 1048 1049 4216
f 4216 1049 1050 4219
f 4219 1050 152 1051
f 4218 4219 1051 1052
f 4217 4218 1052 1053
f 1032 4217 1053 150
f 1031 4214 4217 1032
f 1030 4211 4214 1031
f 4220 4221 4224 4223
f 4221 4222 4225 4224
f 4223 4224 4227 4226
f 4224 4225 4228 4227
f 153 1057 4220 1056
f 1057 1058 4221 4220
f 1058 1059 4222 4221
f 1059 99 1060 4222
f 4222 1060 1061 4225
f 4225 1061 1062 4228
f 4228 1062 97 1041
f 4227 4228 1041 1040
f 4226 4227 1040 1039
f 1054 4226 1039 151
f 1055 4223 4226 1054
f 1056 4220 4223 1055
f 4229 4230 4233 4232
f 4230 4231 4234 4233
f 4232 4233 4236 4235
f 4233 4234 4237 4236
f 98 1063 4229 1048
f 1063 1064 4230 4229
f 1064 1065 4231 4230
f 1065 100 1066 4231
f 4231 1066 1067 4234
f 4234 1067 1068 4237
f 4237 1068 154 1069
f 4236 4237 1069 1070
f 4235 4236 1070 1071
f 1050 4235 1071 152
f 1049 4232 4235 1050
f 1048 4229 4232 1049
f 4238 4239 4242 4241
f 4239 4240 4243 4242
f 4241 4242 4245 4244
f 4242 4243 4246 4245
f 155 1075 4238 1074
f 1075 1076 4239 4238
f 1076 1077 4240 4239
f 1077 101 1078 4240
f 4240 1078 1079 4243
f 4243 1079 1080 4246
f 4246 1080 99 1059
f 4245 4246 1059 1058
f 4244 4245 1058 1057
f 1072 4244 1057 153
f 1073 4241 4244 1072
f 1074 4238 4241 1073
f 4247 4248 4251 4250
f 4248 4249 4252 4251
f 4250 4251 4254 4253
f 4251 4252 4255 4254
f 100 1081 4247 1066
f 1081 1082 4248 4247
f 1082 1083 4249 4248
f 1083 102 1084 4249
f 4249 1084 1085 4252
f 4252 1085 1086 4255
f 4255 1086 156 1087
f 4254 4255 1087 1088
f 4253 4254 1088 1089
f 1068 4253 1089 154
f 1067 4250 4253 1068
f 1066 4247 4250 1067
f 4256 4257 4260 4259
f 4257 4258 4261 4260
f 4259 4260 4263 4262
f 4260 4261 4264 4263
f 157 1093 4256 1092
f 1093 1094 4257 4256
f 1094 1095 4258 4257
f 1095 103 1096 4258
f 4258 1096 1097 4261
f 4261 1097 1098 4264
f 4264 1098 101 1077
f 4263 4264 1077 1076
f 4262 4263 1076 1075
f 1090 4262 1075 155
f 1091 4259 4262 1090
f 1092 4256 4259 1091
f 4265 4266 4269 4268
f 4266 4267 4270 4269
f 4268 4269 4272 4271
f 4269 4270 4273 4272
f 102 1099 4265 1084
f 1099 1100 4266 4265
f 1100 1101 4267 4266
f 1101 104 1102 4267
f 4267 1102 1103 4270
f 4270 1103 1104 4273
f 4273 1104 158 1105
f 4272 4273 1105 1106
f 4271 4272 1106 1107
f 1086 4271 1107 156
f 1085 4268 4271 1086
f 1084 4265 4268 1085
f 4274 4275 4278 4277
f 4275 4276 4279 4278
f 4277 4278 4281 4280
f 4278 4279 4282 4281
f 159 1111 4274 1110
f 1111 1112 4275 4274
f 1112 1113 4276 4275
f 1113 105 1114 4276
f 4276 1114 1115 4279
f 4279 1115 1116 4282
f 4282 1116 103 1095
f 4281 4282 1095 1094
f 4280 4281 1094 1093
f 1108 4280 1093 157
f 1109 4277 4280 1108
f 1110 4274 4277 1109
f 4283 4284 4287 4286
f 4284 4285 4288 4287
f 4286 4287 4290 4289
f 4287 4288 4291 4290
f 104 1117 4283 1102
f 1117 1118 4284 4283
f 1118 1119 4285 4284
f 1119 106 1120 4285
f 4285 1120 1121 4288
f 4288 1121 1122 4291
f 4291 1122 160 1123
f 4290 4291 1123 1124
f 4289 4290 1124 1125
f 1104 4289 1125 158
f 1103 4286 4289 1104
f 1102 4283 4286 1103
f 4292 4293 4296 4295
f 4293 4294 4297 4296
f 4295 4296 4299 4298
f 4296 4297 4300 4299
f 161 1129 4292 1128
f 1129 1130 4293 4292
f 1130 1131 4294 4293
f 1131 107 1132 4294
f 4294 1132 1133 4297
f 4297 1133 1134 4300
f 4300 1134 105 1113
f 4299 4300 1113 1112
f 4298 4299 1112 1111
f 1126 4298 1111 159
f 1127 4295 4298 1126
f 1128 4292 4295 1127
f 4301 4302 4305 4304
f 4302 4303 4306 4305
f 4304 4305 4308 4307
f 4305 4306 4309 4308
f 106 1135 4301 1120
f 1135 1136 4302 4301
f 1136 1137 4303 4302
f 1137 108 1138 4303
f 4303 1138 1139 4306
f 4306 1139 1140 4309
f 4309 1140 162 1141
f 4308 4309 1141 1142
f 4307 4308 1142 1143
f 1122 4307 1143 160
f 1121 4304 4307 1122
f 1120 4301 4304 1121
f 4310 4311 4314 4313
f 4311 4312 4315 4314
f 4313 4314 4317 4316
f 4314 4315 4318 4317
f 163 1147 4310 1146
f 1147 1148 4311 4310
f 1148 1149 4312 4311
f 1149 109 1150 4312
f 4312 1150 1151 4315
f 4315 1151 1152 4318
f 4318 1152 107 1131
f 4317 4318 1131 1130
f 4316 4317 1130 1129
f 1144 4316 1129 161
f 1145 4313 4316 1144
f 1146 4310 4313 1145
f 4319 4320 4323 4322
f 4320 4321 4324 4323
f 4322 4323 4326 4325
f 4323 4324 4327 4326
f 108 1153 4319 1138
f 1153 1154 4320 4319
f 1154 1155 4321 4320
f 1155 67 1156 4321
f 4321 1156 1157 4324
f 4324 1157 1158 4327
f 4327 1158 68 1159
f 4326 4327 1159 1160
f 4325 4326 1160 1161
f 1140 4325 1161 162
f 1139 4322 4325 1140
f 1138 4319 4322 1139
f 4328 4329 4332 4331
f 4329 4330 4333 4332
f 4331 4332 4335 4334
f 4332 4333 4336 4335
f 68 1158 4328 1164
f 1158 1157 4329 4328
f 1157 1156 4330 4329
f 1156 67 1165 4330
f 4330 1165 1166 4333
f 4333 1166 1167 4336
f 4336 1167 109 1149
f 4335 4336 1149 1148
f 4334 4335 1148 1147
f 1162 4334 1147 163
f 1163 4331 4334 1162
f 1164 4328 4331 1163
f 4337 4338 4341 4340
f 4338 4339 4342 4341
f 4340 4341 4344 4343
f 4341 4342 4345 4344
f 110 1171 4337 1170
f 1171 1172 4338 4337
f 1172 1173 4339 4338
f 1173 128 1174 4339
f 4339 1174 1175 4342
f 4342 1175 1176 4345
f 4345 1176 160 1143
f 4344 4345 1143 1142
f 4343 4344 1142 1141
f 1168 4343 1141 162
f 1169 4340 4343 1168
f 1170 4337 4340 1169
f 4346 4347 4350 4349
f 4347 4348 4351 4350
f 4349 4350 4353 4352
f 4350 4351 4354 4353
f 161 1177 4346 1144
f 1177 1178 4347 4346
f 1178 1179 4348 4347
f 1179 129 1180 4348
f 4348 1180 1181 4351
f 4351 1181 1182 4354
f 4354 1182 111 1183
f 4353 4354 1183 1184
f 4352 4353 1184 1185
f 1146 4352 1185 163
f 1145 4349 4352 1146
f 1144 4346 4349 1145
f 4355 4356 4359 4358
f 4356 4357 4360 4359
f 4358 4359 4362 4361
f 4359 4360 4363 4362
f 128 1186 4355 1174
f 1186 1187 4356 4355
f 1187 1188 4357 4356
f 1188 179 1189 4357
f 4357 1189 1190 4360
f 4360 1190 1191 4363
f 4363 1191 158 1125
f 4362 4363 1125 1124
f 4361 4362 1124 1123
f 1176 4361 1123 160
f 1175 4358 4361 1176
f 1174 4355 4358 1175
f 4364 4365 4368 4367
f 4365 4366 4369 4368
f 4367 4368 4371 4370
f 4368 4369 4372 4371
f 159 1192 4364 1126
f 1192 1193 4365 4364
f 1193 1194 4366 4365
f 1194 180 1195 4366
f 4366 1195 1196 4369
f 4369 1196 1197 4372
f 4372 1197 129 1179
f 4371 4372 1179 1178
f 4370 4371 1178 1177
f 1128 4370 1177 161
f 1127 4367 4370 1128
f 1126 4364 4367 1127
f 4373 4374 4377 4376
f 4374 4375 4378 4377
f 4376 4377 4380 4379
f 4377 4378 4381 4380
f 126 1201 4373 1200
f 1201 1202 4374 4373
f 1202 1203 4375 4374
f 1203 156 1107 4375
f 4375 1107 1106 4378
f 4378 1106 1105 4381
f 4381 1105 158 1191
f 4380 4381 1191 1190
f 4379 4380 1190 1189
f 1198 4379 1189 179
f 1199 4376 4379 1198
f 1200 4373 4376 1199
f 4382 4383 4386 4385
f 4383 4384 4387 4386
f 4385 4386 4389 4388
f 4386 4387 4390 4389
f 159 1110 4382 1192
f 1110 1109 4383 4382
f 1109 1108 4384 4383
f 1108 157 1204 4384
f 4384 1204 1205 4387
f 4387 1205 1206 4390
f 4390 1206 127 1207
f 4389 4390 1207 1208
f 4388 4389 1208 1209
f 1194 4388 1209 180
f 1193 4385 4388 1194
f 1192 4382 4385 1193
f 4391 4392 4395 4394
f 4392 4393 4396 4395
f 4394 4395 4398 4397
f 4395 4396 4399 4398
f 124 1213 4391 1212
f 1213 1214 4392 4391
f 1214 1215 4393 4392
f 1215 154 1089 4393
f 4393 1089 1088 4396
f 4396 1088 1087 4399
f 4399 1087 156 1203
f 4398 4399 1203 1202
f 4397 4398 1202 1201
f 1210 4397 1201 126
f 1211 4394 4397 1210
f 1212 4391 4394 1211
f 4400 4401 4404 4403
f 4401 4402 4405 4404
f 4403 4404 4407 4406
f 4404 4405 4408 4407
f 157 1092 4400 1204
f 1092 1091 4401 4400
f 1091 1090 4402 4401
f 1090 155 1216 4402
f 4402 1216 1217 4405
f 4405 1217 1218 4408
f 4408 1218 125 1219
f 4407 4408 1219 1220
f 4406 4407 1220 1221
f 1206 4406 1221 127
f 1205 4403 4406 1206
f 1204 4400 4403 1205
f 4409 4410 4413 4412
f 4410 4411 4414 4413
f 4412 4413 4416 4415
f 4413 4414 4417 4416
f 122 1225 4409 1224
f 1225 1226 4410 4409
f 1226 1227 4411 4410
f 1227 152 1071 4411
f 4411 1071 1070 4414
f 4414 1070 1069 4417
f 4417 1069 154 1215
f 4416 4417 1215 1214
f 4415 4416 1214 1213
f 1222 4415 1213 124
f 1223 4412 4415 1222
f 1224 4409 4412 1223
f 4418 4419 4422 4421
f 4419 4420 4423 4422
f 4421 4422 4425 4424
f 4422 4423 4426 4425
f 155 1074 4418 1216
f 1074 1073 4419 4418
f 1073 1072 4420 4419
f 1072 153 1228 4420
f 4420 1228 1229 4423
f 4423 1229 1230 4426
f 4426 1230 123 1231
f 4425 4426 1231 1232
f 4424 4425 1232 1233
f 1218 4424 1233 125
f 1217 4421 4424 1218
f 1216 4418 4421 1217
f 4427 4428 4431 4430
f 4428 4429 4432 4431
f 4430 4431 4434 4433
f 4431 4432 4435 4434
f 120 1237 4427 1236
f 1237 1238 4428 4427
f 1238 1239 4429 4428
f 1239 150 1053 4429
f 4429 1053 1052 4432
f 4432 1052 1051 4435
f 4435 1051 152 1227
f 4434 4435 1227 1226
f 4433 4434 1226 1225
f 1234 4433 1225 122
f 1235 4430 4433 1234
f 1236 4427 4430 1235
f 4436 4437 4440 4439
f 4437 4438 4441 4440
f 4439 4440 4443 4442
f 4440 4441 4444 4443
f 153 1056 4436 1228
f 1056 1055 4437 4436
f 1055 1054 4438 4437
f 1054 151 1240 4438
f 4438 1240 1241 4441
f 4441 1241 1242 4444
f 4444 1242 121 1243
f 4443 4444 1243 1244
f 4442 4443 1244 1245
f 1230 4442 1245 123
f 1229 4439 4442 1230
f 1228 4436 4439 1229
f 4445 4446 4449 4448
f 4446 4447 4450 4449
f 4448 4449 4452 4451
f 4449 4450 4453 4452
f 118 1249 4445 1248
f 1249 1250 4446 4445
f 1250 1251 4447 4446
f 1251 148 1035 4447
f 4447 1035 1034 4450
f 4450 1034 1033 4453
f 4453 1033 150 1239
f 4452 4453 1239 1238
f 4451 4452 1238 1237
f 1246 4451 1237 120
f 1247 4448 4451 1246
f 1248 4445 4448 1247
f 4454 4455 4458 4457
f 4455 4456 4459 4458
f 4457 4458 4461 4460
f 4458 4459 4462 4461
f 151 1038 4454 1240
f 1038 1037 4455 4454
f 1037 1036 4456 4455
f 1036 149 1252 4456
f 4456 1252 1253 4459
f 4459 1253 1254 4462
f 4462 1254 119 1255
f 4461 4462 1255 1256
f 4460 4461 1256 1257
f 1242 4460 1257 121
f 1241 4457 4460 1242
f 1240 4454 4457 1241
f 4463 4464 4467 4466
f 4464 4465 4468 4467
f 4466 4467 4470 4469
f 4467 4468 4471 4470
f 116 1261 4463 1260
f 1261 1262 4464 4463
f 1262 1263 4465 4464
f 1263 146 1017 4465
f 4465 1017 1016 4468
f 4468 1016 1015 4471
f 4471 1015 148 1251
f 4470 4471 1251 1250
f 4469 4470 1250 1249
f 1258 4469 1249 118
f 1259 4466 4469 1258
f 1260 4463 4466 1259
f 4472 4473 4476 4475
f 4473 4474 4477 4476
f 4475 4476 4479 4478
f 4476 4477 4480 4479
f 149 1020 4472 1252
f 1020 1019 4473 4472
f 1019 1018 4474 4473
f 1018 147 1264 4474
f 4474 1264 1265 4477
f 4477 1265 1266 4480
f 4480 1266 117 1267
f 4479 4480 1267 1268
f 4478 4479 1268 1269
f 1254 4478 1269 119
f 1253 4475 4478 1254
f 1252 4472 4475 1253
f 4481 4482 4485 4484
f 4482 4483 4486 4485
f 4484 4485 4488 4487
f 4485 4486 4489 4488
f 114 1273 4481 1272
f 1273 1274 4482 4481
f 1274 1275 4483 4482
f 1275 164 996 4483
f 4483 996 995 4486
f 4486 995 994 4489
f 4489 994 146 1263
f 4488 4489 1263 1262
f 4487 4488 1262 1261
f 1270 4487 1261 116
f 1271 4484 4487 1270
f 1272 4481 4484 1271
f 4490 4491 4494 4493
f 4491 4492 4495 4494
f 4493 4494 4497 4496
f 4494 4495 4498 4497
f 147 999 4490 1264
f 999 998 4491 4490
f 998 997 4492 4491
f 997 165 1276 4492
f 4492 1276 1277 4495
f 4495 1277 1278 4498
f 4498 1278 115 1279
f 4497 4498 1279 1280
f 4496 4497 1280 1281
f 1266 4496 1281 117
f 1265 4493 4496 1266
f 1264 4490 4493 1265
f 4499 4500 4503 4502
f 4500 4501 4504 4503
f 4502 4503 4506 4505
f 4503 4504 4507 4506
f 114 1282 4499 1273
f 1282 1283 4500 4499
f 1283 1284 4501 4500
f 1284 181 1285 4501
f 4501 1285 1286 4504
f 4504 1286 1287 4507
f 4507 1287 177 1288
f 4506 4507 1288 1289
f 4505 4506 1289 1290
f 1275 4505 1290 164
f 1274 4502 4505 1275
f 1273 4499 4502 1274
f 4508 4509 4512 4511
f 4509 4510 4513 4512
f 4511 4512 4515 4514
f 4512 4513 4516 4515
f 177 1294 4508 1293
f 1294 1295 4509 4508
f 1295 1296 4510 4509
f 1296 182 1297 4510
f 4510 1297 1298 4513
f 4513 1298 1299 4516
f 4516 1299 115 1278
f 4515 4516 1278 1277
f 4514 4515 1277 1276
f 1291 4514 1276 165
f 1292 4511 4514 1291
f 1293 4508 4511 1292
f 4517 4518 4521 4520
f 4518 4519 4522 4521
f 4520 4521 4524 4523
f 4521 4522 4525 4524
f 110 1170 4517 1302
f 1170 1169 4518 4517
f 1169 1168 4519 4518
f 1168 162 1161 4519
f 4519 1161 1160 4522
f 4522 1160 1159 4525
f 4525 1159 68 1303
f 4524 4525 1303 1304
f 4523 4524 1304 1305
f 1300 4523 1305 112
f 1301 4520 4523 1300
f 1302 4517 4520 1301
f 4526 4527 4530 4529
f 4527 4528 4531 4530
f 4529 4530 4533 4532
f 4530 4531 4534 4533
f 68 1164 4526 1308
f 1164 1163 4527 4526
f 1163 1162 4528 4527
f 1162 163 1185 4528
f 4528 1185 1184 4531
f 4531 1184 1183 4534
f 4534 1183 111 1309
f 4533 4534 1309 1310
f 4532 4533 1310 1311
f 1306 4532 1311 113
f 1307 4529 4532 1306
f 1308 4526 4529 1307
f 4535 4536 4539 4538
f 4536 4537 4540 4539
f 4538 4539 4542 4541
f 4539 4540 4543 4542
f 112 1305 4535 1314
f 1305 1304 4536 4535
f 1304 1303 4537 4536
f 1303 68 1315 4537
f 4537 1315 1316 4540
f 4540 1316 1317 4543
f 4543 1317 178 1318
f 4542 4543 1318 1319
f 4541 4542 1319 1320
f 1312 4541 1320 183
f 1313 4538 4541 1312
f 1314 4535 4538 1313
f 4544 4545 4548 4547
f 4545 4546 4549 4548
f 4547 4548 4551 4550
f 4548 4549 4552 4551
f 178 1317 4544 1323
f 1317 1316 4545 4544
f 1316 1315 4546 4545
f 1315 68 1308 4546
f 4546 1308 1307 4549
f 4549 1307 1306 4552
f 4552 1306 113 1324
f 4551 4552 1324 1325
f 4550 4551 1325 1326
f 1321 4550 1326 184
f 1322 4547 4550 1321
f 1323 4544 4547 1322
f 4553 4554 4557 4556
f 4554 4555 4558 4557
f 4556 4557 4560 4559
f 4557 4558 4561 4560
f 177 1287 4553 1329
f 1287 1286 4554 4553
f 1286 1285 4555 4554
f 1285 181 1330 4555
f 4555 1330 1331 4558
f 4558 1331 1332 4561
f 4561 1332 183 1320
f 4560 4561 1320 1319
f 4559 4560 1319 1318
f 1327 4559 1318 178
f 1328 4556 4559 1327
f 1329 4553 4556 1328
f 4562 4563 4566 4565
f 4563 4564 4567 4566
f 4565 4566 4569 4568
f 4566 4567 4570 4569
f 184 1333 4562 1321
f 1333 1334 4563 4562
f 1334 1335 4564 4563
f 1335 182 1296 4564
f 4564 1296 1295 4567
f 4567 1295 1294 4570
f 4570 1294 177 1329
f 4569 4570 1329 1328
f 4568 4569 1328 1327
f 1323 4568 1327 178
f 1322 4565 4568 1323
f 1321 4562 4565 1322
f 4571 4572 4575 4574
f 4572 4573 4576 4575
f 4574 4575 4578 4577
f 4575 4576 4579 4578
f 135 1339 4571 1338
f 1339 1340 4572 4571
f 1340 1341 4573 4572
f 1341 137 1342 4573
f 4573 1342 1343 4576
f 4576 1343 1344 4579
f 4579 1344 176 900
f 4578 4579 900 899
f 4577 4578 899 898
f 1336 4577 898 174
f 1337 4574 4577 1336
f 1338 4571 4574 1337
f 4580 4581 4584 4583
f 4581 4582 4585 4584
f 4583 4584 4587 4586
f 4584 4585 4588 4587
f 176 1344 4580 904
f 1344 1343 4581 4580
f 1343 1342 4582 4581
f 1342 137 1345 4582
f 4582 1345 1346 4585
f 4585 1346 1347 4588
f 4588 1347 136 1348
f 4587 4588 1348 1349
f 4586 4587 1349 1350
f 906 4586 1350 175
f 905 4583 4586 906
f 904 4580 4583 905
f 4589 4590 4593 4592
f 4590 4591 4594 4593
f 4592 4593 4596 4595
f 4593 4594 4597 4596
f 133 1354 4589 1353
f 1354 1355 4590 4589
f 1355 1356 4591 4590
f 1356 135 1338 4591
f 4591 1338 1337 4594
f 4594 1337 1336 4597
f 4597 1336 174 921
f 4596 4597 921 920
f 4595 4596 920 919
f 1351 4595 919 172
f 1352 4592 4595 1351
f 1353 4589 4592 1352
f 4598 4599 4602 4601
f 4599 4600 4603 4602
f 4601 4602 4605 4604
f 4602 4603 4606 4605
f 175 1350 4598 922
f 1350 1349 4599 4598
f 1349 1348 4600 4599
f 1348 136 1357 4600
f 4600 1357 1358 4603
f 4603 1358 1359 4606
f 4606 1359 134 1360
f 4605 4606 1360 1361
f 4604 4605 1361 1362
f 924 4604 1362 173
f 923 4601 4604 924
f 922 4598 4601 923
f 4607 4608 4611 4610
f 4608 4609 4612 4611
f 4610 4611 4614 4613
f 4611 4612 4615 4614
f 131 1366 4607 1365
f 1366 1367 4608 4607
f 1367 1368 4609 4608
f 1368 133 1353 4609
f 4609 1353 1352 4612
f 4612 1352 1351 4615
f 4615 1351 172 939
f 4614 4615 939 938
f 4613 4614 938 937
f 1363 4613 937 170
f 1364 4610 4613 1363
f 1365 4607 4610 1364
f 4616 4617 4620 4619
f 4617 4618 4621 4620
f 4619 4620 4623 4622
f 4620 4621 4624 4623
f 173 1362 4616 940
f 1362 1361 4617 4616
f 1361 1360 4618 4617
f 1360 134 1369 4618
f 4618 1369 1370 4621
f 4621 1370 1371 4624
f 4624 1371 132 1372
f 4623 4624 1372 1373
f 4622 4623 1373 1374
f 942 4622 1374 171
f 941 4619 4622 942
f 940 4616 4619 941
f 4625 4626 4629 4628
f 4626 4627 4630 4629
f 4628 4629 4632 4631
f 4629 4630 4633 4632
f 166 1375 4625 973
f 1375 1376 4626 4625
f 1376 1377 4627 4626
f 1377 187 1378 4627
f 4627 1378 1379 4630
f 4630 1379 1380 4633
f 4633 1380 185 1381
f 4632 4633 1381 1382
f 4631 4632 1382 1383
f 975 4631 1383 168
f 974 4628 4631 975
f 973 4625 4628 974
f 4634 4635 4638 4637
f 4635 4636 4639 4638
f 4637 4638 4641 4640
f 4638 4639 4642 4641
f 186 1387 4634 1386
f 1387 1388 4635 4634
f 1388 1389 4636 4635
f 1389 188 1390 4636
f 4636 1390 1391 4639
f 4639 1391 1392 4642
f 4642 1392 167 978
f 4641 4642 978 977
f 4640 4641 977 976
f 1384 4640 976 169
f 1385 4637 4640 1384
f 1386 4634 4637 1385
f 4643 4644 4647 4646
f 4644 4645 4648 4647
f 4646 4647 4650 4649
f 4647 4648 4651 4650
f 131 1365 4643 1395
f 1365 1364 4644 4643
f 1364 1363 4645 4644
f 1363 170 957 4645
f 4645 957 956 4648
f 4648 956 955 4651
f 4651 955 168 1383
f 4650 4651 1383 1382
f 4649 4650 1382 1381
f 1393 4649 1381 185
f 1394 4646 4649 1393
f 1395 4643 4646 1394
f 4652 4653 4656 4655
f 4653 4654 4657 4656
f 4655 4656 4659 4658
f 4656 4657 4660 4659
f 169 960 4652 1384
f 960 959 4653 4652
f 959 958 4654 4653
f 958 171 1374 4654
f 4654 1374 1373 4657
f 4657 1373 1372 4660
f 4660 1372 132 1396
f 4659 4660 1396 1397
f 4658 4659 1397 1398
f 1386 4658 1398 186
f 1385 4655 4658 1386
f 1384 4652 4655 1385
f 4661 4662 4665 4664
f 4662 4663 4666 4665
f 4664 4665 4668 4667
f 4665 4666 4669 4668
f 144 1402 4661 1401
f 1402 1403 4662 4661
f 1403 1404 4663 4662
f 1404 190 1405 4663
f 4663 1405 1406 4666
f 4666 1406 1407 4669
f 4669 1407 189 1408
f 4668 4669 1408 1409
f 4667 4668 1409 1410
f 1399 4667 1410 187
f 1400 4664 4667 1399
f 1401 4661 4664 1400
f 4670 4671 4674 4673
f 4671 4672 4675 4674
f 4673 4674 4677 4676
f 4674 4675 4678 4677
f 189 1407 4670 1413
f 1407 1406 4671 4670
f 1406 1405 4672 4671
f 1405 190 1414 4672
f 4672 1414 1415 4675
f 4675 1415 1416 4678
f 4678 1416 145 1417
f 4677 4678 1417 1418
f 4676 4677 1418 1419
f 1411 4676 1419 188
f 1412 4673 4676 1411
f 1413 4670 4673 1412
f 4679 4680 4683 4682
f 4680 4681 4684 4683
f 4682 4683 4686 4685
f 4683 4684 4687 4686
f 185 1380 4679 1422
f 1380 1379 4680 4679
f 1379 1378 4681 4680
f 1378 187 1410 4681
f 4681 1410 1409 4684
f 4684 1409 1408 4687
f 4687 1408 189 1423
f 4686 4687 1423 1424
f 4685 4686 1424 1425
f 1420 4685 1425 69
f 1421 4682 4685 1420
f 1422 4679 4682 1421
f 4688 4689 4692 4691
f 4689 4690 4693 4692
f 4691 4692 4695 4694
f 4692 4693 4696 4695
f 189 1413 4688 1423
f 1413 1412 4689 4688
f 1412 1411 4690 4689
f 1411 188 1389 4690
f 4690 1389 1388 4693
f 4693 1388 1387 4696
f 4696 1387 186 1426
f 4695 4696 1426 1427
f 4694 4695 1427 1428
f 1425 4694 1428 69
f 1424 4691 4694 1425
f 1423 4688 4691 1424
f 4697 4698 4701 4700
f 4698 4699 4702 4701
f 4700 4701 4704 4703
f 4701 4702 4705 4704
f 130 1432 4697 1431
f 1432 1433 4698 4697
f 1433 1434 4699 4698
f 1434 131 1395 4699
f 4699 1395 1394 4702
f 4702 1394 1393 4705
f 4705 1393 185 1422
f 4704 4705 1422 1421
f 4703 4704 1421 1420
f 1429 4703 1420 69
f 1430 4700 4703 1429
f 1431 4697 4700 1430
f 4706 4707 4710 4709
f 4707 4708 4711 4710
f 4709 4710 4713 4712
f 4710 4711 4714 4713
f 186 1398 4706 1426
f 1398 1397 4707 4706
f 1397 1396 4708 4707
f 1396 132 1435 4708
f 4708 1435 1436 4711
f 4711 1436 1437 4714
f 4714 1437 130 1431
f 4713 4714 1431 1430
f 4712 4713 1430 1429
f 1428 4712 1429 69
f 1427 4709 4712 1428
f 1426 4706 4709 1427
f 4715 4716 4719 4718
f 4716 4717 4720 4719
f 4718 4719 4722 4721
f 4719 4720 4723 4722
f 142 1441 4715 1440
f 1441 1442 4716 4715
f 1442 1443 4717 4716
f 1443 193 1444 4717
f 4717 1444 1445 4720
f 4720 1445 1446 4723
f 4723 1446 191 1447
f 4722 4723 1447 1448
f 4721 4722 1448 1449
f 1438 4721 1449 144
f 1439 4718 4721 1438
f 1440 4715 4718 1439
f 4724 4725 4728 4727
f 4725 4726 4729 4728
f 4727 4728 4731 4730
f 4728 4729 4732 4731
f 192 1453 4724 1452
f 1453 1454 4725 4724
f 1454 1455 4726 4725
f 1455 194 1456 4726
f 4726 1456 1457 4729
f 4729 1457 1458 4732
f 4732 1458 143 1459
f 4731 4732 1459 1460
f 4730 4731 1460 1461
f 1450 4730 1461 145
f 1451 4727 4730 1450
f 1452 4724 4727 1451
f 4733 4734 4737 4736
f 4734 4735 4738 4737
f 4736 4737 4740 4739
f 4737 4738 4741 4740
f 140 1465 4733 1464
f 1465 1466 4734 4733
f 1466 1467 4735 4734
f 1467 195 1468 4735
f 4735 1468 1469 4738
f 4738 1469 1470 4741
f 4741 1470 193 1443
f 4740 4741 1443 1442
f 4739 4740 1442 1441
f 1462 4739 1441 142
f 1463 4736 4739 1462
f 1464 4733 4736 1463
f 4742 4743 4746 4745
f 4743 4744 4747 4746
f 4745 4746 4749 4748
f 4746 4747 4750 4749
f 194 1471 4742 1456
f 1471 1472 4743 4742
f 1472 1473 4744 4743
f 1473 196 1474 4744
f 4744 1474 1475 4747
f 4747 1475 1476 4750
f 4750 1476 141 1477
f 4749 4750 1477 1478
f 4748 4749 1478 1479
f 1458 4748 1479 143
f 1457 4745 4748 1458
f 1456 4742 4745 1457
f 4751 4752 4755 4754
f 4752 4753 4756 4755
f 4754 4755 4758 4757
f 4755 4756 4759 4758
f 139 1483 4751 1482
f 1483 1484 4752 4751
f 1484 1485 4753 4752
f 1485 197 1486 4753
f 4753 1486 1487 4756
f 4756 1487 1488 4759
f 4759 1488 195 1467
f 4758 4759 1467 1466
f 4757 4758 1466 1465
f 1480 4757 1465 140
f 1481 4754 4757 1480
f 1482 4751 4754 1481
f 4760 4761 4764 4763
f 4761 4762 4765 4764
f 4763 4764 4767 4766
f 4764 4765 4768 4767
f 196 1489 4760 1474
f 1489 1490 4761 4760
f 1490 1491 4762 4761
f 1491 198 1492 4762
f 4762 1492 1493 4765
f 4765 1493 1494 4768
f 4768 1494 139 1495
f 4767 4768 1495 1496
f 4766 4767 1496 1497
f 1476 4766 1497 141
f 1475 4763 4766 1476
f 1474 4760 4763 1475
f 4769 4770 4773 4772
f 4770 4771 4774 4773
f 4772 4773 4776 4775
f 4773 4774 4777 4776
f 138 1501 4769 1500
f 1501 1502 4770 4769
f 1502 1503 4771 4770
f 1503 71 1504 4771
f 4771 1504 1505 4774
f 4774 1505 1506 4777
f 4777 1506 197 1485
f 4776 4777 1485 1484
f 4775 4776 1484 1483
f 1498 4775 1483 139
f 1499 4772 4775 1498
f 1500 4769 4772 1499
f 4778 4779 4782 4781
f 4779 4780 4783 4782
f 4781 4782 4785 4784
f 4782 4783 4786 4785
f 198 1507 4778 1492
f 1507 1508 4779 4778
f 1508 1509 4780 4779
f 1509 71 1503 4780
f 4780 1503 1502 4783
f 4783 1502 1501 4786
f 4786 1501 138 1500
f 4785 4786 1500 1499
f 4784 4785 1499 1498
f 1494 4784 1498 139
f 1493 4781 4784 1494
f 1492 4778 4781 1493
f 4787 4788 4791 4790
f 4788 4789 4792 4791
f 4790 4791 4794 4793
f 4791 4792 4795 4794
f 190 1404 4787 1512
f 1404 1403 4788 4787
f 1403 1402 4789 4788
f 1402 144 1449 4789
f 4789 1449 1448 4792
f 4792 1448 1447 4795
f 4795 1447 191 1513
f 4794 4795 1513 1514
f 4793 4794 1514 1515
f 1510 4793 1515 70
f 1511 4790 4793 1510
f 1512 4787 4790 1511
f 4796 4797 4800 4799
f 4797 4798 4801 4800
f 4799 4800 4803 4802
f 4800 4801 4804 4803
f 192 1452 4796 1518
f 1452 1451 4797 4796
f 1451 1450 4798 4797
f 1450 145 1416 4798
f 4798 1416 1415 4801
f 4801 1415 1414 4804
f 4804 1414 190 1512
f 4803 4804 1512 1511
f 4802 4803 1511 1510
f 1516 4802 1510 70
f 1517 4799 4802 1516
f 1518 4796 4799 1517
f 4805 4806 4809 4808
f 4806 4807 4810 4809
f 4808 4809 4812 4811
f 4809 4810 4813 4812
f 70 1515 4805 1521
f 1515 1514 4806 4805
f 1514 1513 4807 4806
f 1513 191 1522 4807
f 4807 1522 1523 4810
f 4810 1523 1524 4813
f 4813 1524 206 1525
f 4812 4813 1525 1526
f 4811 4812 1526 1527
f 1519 4811 1527 208
f 1520 4808 4811 1519
f 1521 4805 4808 1520
f 4814 4815 4818 4817
f 4815 4816 4819 4818
f 4817 4818 4821 4820
f 4818 4819 4822 4821
f 207 1531 4814 1530
f 1531 1532 4815 4814
f 1532 1533 4816 4815
f 1533 192 1518 4816
f 4816 1518 1517 4819
f 4819 1517 1516 4822
f 4822 1516 70 1521
f 4821 4822 1521 1520
f 4820 4821 1520 1519
f 1528 4820 1519 208
f 1529 4817 4820 1528
f 1530 4814 4817 1529
f 4823 4824 4827 4826
f 4824 4825 4828 4827
f 4826 4827 4830 4829
f 4827 4828 4831 4830
f 71 1534 4823 1504
f 1534 1535 4824 4823
f 1535 1536 4825 4824
f 1536 199 1537 4825
f 4825 1537 1538 4828
f 4828 1538 1539 4831
f 4831 1539 200 1540
f 4830 4831 1540 1541
f 4829 4830 1541 1542
f 1506 4829 1542 197
f 1505 4826 4829 1506
f 1504 4823 4826 1505
f 4832 4833 4836 4835
f 4833 4834 4837 4836
f 4835 4836 4839 4838
f 4836 4837 4840 4839
f 201 1546 4832 1545
f 1546 1547 4833 4832
f 1547 1548 4834 4833
f 1548 199 1536 4834
f 4834 1536 1535 4837
f 4837 1535 1534 4840
f 4840 1534 71 1509
f 4839 4840 1509 1508
f 4838 4839 1508 1507
f 1543 4838 1507 198
f 1544 4835 4838 1543
f 1545 4832 4835 1544
f 4841 4842 4845 4844
f 4842 4843 4846 4845
f 4844 4845 4848 4847
f 4845 4846 4849 4848
f 197 1542 4841 1486
f 1542 1541 4842 4841
f 1541 1540 4843 4842
f 1540 200 1549 4843
f 4843 1549 1550 4846
f 4846 1550 1551 4849
f 4849 1551 202 1552
f 4848 4849 1552 1553
f 4847 4848 1553 1554
f 1488 4847 1554 195
f 1487 4844 4847 1488
f 1486 4841 4844 1487
f 4850 4851 4854 4853
f 4851 4852 4855 4854
f 4853 4854 4857 4856
f 4854 4855 4858 4857
f 203 1558 4850 1557
f 1558 1559 4851 4850
f 1559 1560 4852 4851
f 1560 201 1545 4852
f 4852 1545 1544 4855
f 4855 1544 1543 4858
f 4858 1543 198 1491
f 4857 4858 1491 1490
f 4856 4857 1490 1489
f 1555 4856 1489 196
f 1556 4853 4856 1555
f 1557 4850 4853 1556
f 4859 4860 4863 4862
f 4860 4861 4864 4863
f 4862 4863 4866 4865
f 4863 4864 4867 4866
f 195 1554 4859 1468
f 1554 1553 4860 4859
f 1553 1552 4861 4860
f 1552 202 1561 4861
f 4861 1561 1562 4864
f 4864 1562 1563 4867
f 4867 1563 204 1564
f 4866 4867 1564 1565
f 4865 4866 1565 1566
f 1470 4865 1566 193
f 1469 4862 4865 1470
f 1468 4859 4862 1469
f 4868 4869 4872 4871
f 4869 4870 4873 4872
f 4871 4872 4875 4874
f 4872 4873 4876 4875
f 205 1570 4868 1569
f 1570 1571 4869 4868
f 1571 1572 4870 4869
f 1572 203 1557 4870
f 4870 1557 1556 4873
f 4873 1556 1555 4876
f 4876 1555 196 1473
f 4875 4876 1473 1472
f 4874 4875 1472 1471
f 1567 4874 1471 194
f 1568 4871 4874 1567
f 1569 4868 4871 1568
f 4877 4878 4881 4880
f 4878 4879 4882 4881
f 4880 4881 4884 4883
f 4881 4882 4885 4884
f 193 1566 4877 1444
f 1566 1565 4878 4877
f 1565 1564 4879 4878
f 1564 204 1573 4879
f 4879 1573 1574 4882
f 4882 1574 1575 4885
f 4885 1575 206 1524
f 4884 4885 1524 1523
f 4883 4884 1523 1522
f 1446 4883 1522 191
f 1445 4880 4883 1446
f 1444 4877 4880 1445
f 4886 4887 4890 4889
f 4887 4888 4891 4890
f 4889 4890 4893 4892
f 4890 4891 4894 4893
f 207 1576 4886 1531
f 1576 1577 4887 4886
f 1577 1578 4888 4887
f 1578 205 1569 4888
f 4888 1569 1568 4891
f 4891 1568 1567 4894
f 4894 1567 194 1455
f 4893 4894 1455 1454
f 4892 4893 1454 1453
f 1533 4892 1453 192
f 1532 4889 4892 1533
f 1531 4886 4889 1532
f 4895 4896 4899 4898
f 4896 4897 4900 4899
f 4898 4899 4902 4901
f 4899 4900 4903 4902
f 199 1579 4895 1537
f 1579 1580 4896 4895
f 1580 1581 4897 4896
f 1581 204 1563 4897
f 4897 1563 1562 4900
f 4900 1562 1561 4903
f 4903 1561 202 1551
f 4902 4903 1551 1550
f 4901 4902 1550 1549
f 1539 4901 1549 200
f 1538 4898 4901 1539
f 1537 4895 4898 1538
f 4904 4905 4908 4907
f 4905 4906 4909 4908
f 4907 4908 4911 4910
f 4908 4909 4912 4911
f 203 1572 4904 1558
f 1572 1571 4905 4904
f 1571 1570 4906 4905
f 1570 205 1582 4906
f 4906 1582 1583 4909
f 4909 1583 1584 4912
f 4912 1584 199 1548
f 4911 4912 1548 1547
f 4910 4911 1547 1546
f 1560 4910 1546 201
f 1559 4907 4910 1560
f 1558 4904 4907 1559
f 4913 4914 4917 4916
f 4914 4915 4918 4917
f 4916 4917 4920 4919
f 4917 4918 4921 4920
f 199 1585 4913 1579
f 1585 1586 4914 4913
f 1586 1587 4915 4914
f 1587 208 1527 4915
f 4915 1527 1526 4918
f 4918 1526 1525 4921
f 4921 1525 206 1575
f 4920 4921 1575 1574
f 4919 4920 1574 1573
f 1581 4919 1573 204
f 1580 4916 4919 1581
f 1579 4913 4916 1580
f 4922 4923 4926 4925
f 4923 4924 4927 4926
f 4925 4926 4929 4928
f 4926 4927 4930 4929
f 207 1530 4922 1576
f 1530 1529 4923 4922
f 1529 1528 4924 4923
f 1528 208 1587 4924
f 4924 1587 1586 4927
f 4927 1586 1585 4930
f 4930 1585 199 1584
f 4929 4930 1584 1583
f 4928 4929 1583 1582
f 1578 4928 1582 205
f 1577 4925 4928 1578
f 1576 4922 4925 1577
f 4931 4932 4935 4934
f 4932 4933 4936 4935
f 4934 4935 4938 4937
f 4935 4936 4939 4938
f 139 1482 4931 1590
f 1482 1481 4932 4931
f 1481 1480 4933 4932
f 1480 140 1591 4933
f 4933 1591 1592 4936
f 4936 1592 1593 4939
f 4939 1593 164 1290
f 4938 4939 1290 1289
f 4937 4938 1289 1288
f 1588 4937 1288 177
f 1589 4934 4937 1588
f 1590 4931 4934 1589
f 4940 4941 4944 4943
f 4941 4942 4945 4944
f 4943 4944 4947 4946
f 4944 4945 4948 4947
f 165 1594 4940 1291
f 1594 1595 4941 4940
f 1595 1596 4942 4941
f 1596 141 1497 4942
f 4942 1497 1496 4945
f 4945 1496 1495 4948
f 4948 1495 139 1590
f 4947 4948 1590 1589
f 4946 4947 1589 1588
f 1293 4946 1588 177
f 1292 4943 4946 1293
f 1291 4940 4943 1292
f 4949 4950 4953 4952
f 4950 4951 4954 4953
f 4952 4953 4956 4955
f 4953 4954 4957 4956
f 140 1464 4949 1591
f 1464 1463 4950 4949
f 1463 1462 4951 4950
f 1462 142 1597 4951
f 4951 1597 1598 4954
f 4954 1598 1599 4957
f 4957 1599 211 1600
f 4956 4957 1600 1601
f 4955 4956 1601 1602
f 1593 4955 1602 164
f 1592 4952 4955 1593
f 1591 4949 4952 1592
f 4958 4959 4962 4961
f 4959 4960 4963 4962
f 4961 4962 4965 4964
f 4962 4963 4966 4965
f 212 1606 4958 1605
f 1606 1607 4959 4958
f 1607 1608 4960 4959
f 1608 143 1479 4960
f 4960 1479 1478 4963
f 4963 1478 1477 4966
f 4966 1477 141 1596
f 4965 4966 1596 1595
f 4964 4965 1595 1594
f 1603 4964 1594 165
f 1604 4961 4964 1603
f 1605 4958 4961 1604
f 4967 4968 4971 4970
f 4968 4969 4972 4971
f 4970 4971 4974 4973
f 4971 4972 4975 4974
f 142 1440 4967 1597
f 1440 1439 4968 4967
f 1439 1438 4969 4968
f 1438 144 1609 4969
f 4969 1609 1610 4972
f 4972 1610 1611 4975
f 4975 1611 213 1612
f 4974 4975 1612 1613
f 4973 4974 1613 1614
f 1599 4973 1614 211
f 1598 4970 4973 1599
f 1597 4967 4970 1598
f 4976 4977 4980 4979
f 4977 4978 4981 4980
f 4979 4980 4983 4982
f 4980 4981 4984 4983
f 214 1618 4976 1617
f 1618 1619 4977 4976
f 1619 1620 4978 4977
f 1620 145 1461 4978
f 4978 1461 1460 4981
f 4981 1460 1459 4984
f 4984 1459 143 1608
f 4983 4984 1608 1607
f 4982 4983 1607 1606
f 1615 4982 1606 212
f 1616 4979 4982 1615
f 1617 4976 4979 1616
f 4985 4986 4989 4988
f 4986 4987 4990 4989
f 4988 4989 4992 4991
f 4989 4990 4993 4992
f 144 1401 4985 1609
f 1401 1400 4986 4985
f 1400 1399 4987 4986
f 1399 187 1377 4987
f 4987 1377 1376 4990
f 4990 1376 1375 4993
f 4993 1375 166 1621
f 4992 4993 1621 1622
f 4991 4992 1622 1623
f 1611 4991 1623 213
f 1610 4988 4991 1611
f 1609 4985 4988 1610
f 4994 4995 4998 4997
f 4995 4996 4999 4998
f 4997 4998 5001 5000
f 4998 4999 5002 5001
f 167 1392 4994 1626
f 1392 1391 4995 4994
f 1391 1390 4996 4995
f 1390 188 1419 4996
f 4996 1419 1418 4999
f 4999 1418 1417 5002
f 5002 1417 145 1620
f 5001 5002 1620 1619
f 5000 5001 1619 1618
f 1624 5000 1618 214
f 1625 4997 5000 1624
f 1626 4994 4997 1625
f 5003 5004 5007 5006
f 5004 5005 5008 5007
f 5006 5007 5010 5009
f 5007 5008 5011 5010
f 81 1627 5003 970
f 1627 1628 5004 5003
f 1628 1629 5005 5004
f 1629 209 1630 5005
f 5005 1630 1631 5008
f 5008 1631 1632 5011
f 5011 1632 213 1623
f 5010 5011 1623 1622
f 5009 5010 1622 1621
f 972 5009 1621 166
f 971 5006 5009 972
f 970 5003 5006 971
f 5012 5013 5016 5015
f 5013 5014 5017 5016
f 5015 5016 5019 5018
f 5016 5017 5020 5019
f 214 1633 5012 1624
f 1633 1634 5013 5012
f 1634 1635 5014 5013
f 1635 210 1636 5014
f 5014 1636 1637 5017
f 5017 1637 1638 5020
f 5020 1638 82 981
f 5019 5020 981 980
f 5018 5019 980 979
f 1626 5018 979 167
f 1625 5015 5018 1626
f 1624 5012 5015 1625
f 5021 5022 5025 5024
f 5022 5023 5026 5025
f 5024 5025 5028 5027
f 5025 5026 5029 5028
f 209 1639 5021 1630
f 1639 1640 5022 5021
f 1640 1641 5023 5022
f 1641 215 1642 5023
f 5023 1642 1643 5026
f 5026 1643 1644 5029
f 5029 1644 211 1614
f 5028 5029 1614 1613
f 5027 5028 1613 1612
f 1632 5027 1612 213
f 1631 5024 5027 1632
f 1630 5021 5024 1631
f 5030 5031 5034 5033
f 5031 5032 5035 5034
f 5033 5034 5037 5036
f 5034 5035 5038 5037
f 212 1645 5030 1615
f 1645 1646 5031 5030
f 1646 1647 5032 5031
f 1647 216 1648 5032
f 5032 1648 1649 5035
f 5035 1649 1650 5038
f 5038 1650 210 1635
f 5037 5038 1635 1634
f 5036 5037 1634 1633
f 1617 5036 1633 214
f 1616 5033 5036 1617
f 1615 5030 5033 1616
f 5039 5040 5043 5042
f 5040 5041 5044 5043
f 5042 5043 5046 5045
f 5043 5044 5047 5046
f 79 987 5039 1653
f 987 986 5040 5039
f 986 985 5041 5040
f 985 164 1602 5041
f 5041 1602 1601 5044
f 5044 1601 1600 5047
f 5047 1600 211 1644
f 5046 5047 1644 1643
f 5045 5046 1643 1642
f 1651 5045 1642 215
f 1652 5042 5045 1651
f 1653 5039 5042 1652
f 5048 5049 5052 5051
f 5049 5050 5053 5052
f 5051 5052 5055 5054
f 5052 5053 5056 5055
f 212 1605 5048 1645
f 1605 1604 5049 5048
f 1604 1603 5050 5049
f 1603 165 1008 5050
f 5050 1008 1007 5053
f 5053 1007 1006 5056
f 5056 1006 80 1654
f 5055 5056 1654 1655
f 5054 5055 1655 1656
f 1647 5054 1656 216
f 1646 5051 5054 1647
f 1645 5048 5051 1646
f 5057 5058 5061 5060
f 5058 5059 5062 5061
f 5060 5061 5064 5063
f 5061 5062 5065 5064
f 131 1434 5057 1659
f 1434 1433 5058 5057
f 1433 1432 5059 5058
f 1432 130 1660 5059
f 5059 1660 1661 5062
f 5062 1661 1662 5065
f 5065 1662 72 1663
f 5064 5065 1663 1664
f 5063 5064 1664 1665
f 1657 5063 1665 222
f 1658 5060 5063 1657
f 1659 5057 5060 1658
f 5066 5067 5070 5069
f 5067 5068 5071 5070
f 5069 5070 5073 5072
f 5070 5071 5074 5073
f 72 1662 5066 1668
f 1662 1661 5067 5066
f 1661 1660 5068 5067
f 1660 130 1437 5068
f 5068 1437 1436 5071
f 5071 1436 1435 5074
f 5074 1435 132 1669
f 5073 5074 1669 1670
f 5072 5073 1670 1671
f 1666 5072 1671 223
f 1667 5069 5072 1666
f 1668 5066 5069 1667
f 5075 5076 5079 5078
f 5076 5077 5080 5079
f 5078 5079 5082 5081
f 5079 5080 5083 5082
f 133 1368 5075 1674
f 1368 1367 5076 5075
f 1367 1366 5077 5076
f 1366 131 1659 5077
f 5077 1659 1658 5080
f 5080 1658 1657 5083
f 5083 1657 222 1675
f 5082 5083 1675 1676
f 5081 5082 1676 1677
f 1672 5081 1677 220
f 1673 5078 5081 1672
f 1674 5075 5078 1673
f 5084 5085 5088 5087
f 5085 5086 5089 5088
f 5087 5088 5091 5090
f 5088 5089 5092 5091
f 223 1671 5084 1680
f 1671 1670 5085 5084
f 1670 1669 5086 5085
f 1669 132 1371 5086
f 5086 1371 1370 5089
f 5089 1370 1369 5092
f 5092 1369 134 1681
f 5091 5092 1681 1682
f 5090 5091 1682 1683
f 1678 5090 1683 221
f 1679 5087 5090 1678
f 1680 5084 5087 1679
f 5093 5094 5097 5096
f 5094 5095 5098 5097
f 5096 5097 5100 5099
f 5097 5098 5101 5100
f 135 1356 5093 1686
f 1356 1355 5094 5093
f 1355 1354 5095 5094
f 1354 133 1674 5095
f 5095 1674 1673 5098
f 5098 1673 1672 5101
f 5101 1672 220 1687
f 5100 5101 1687 1688
f 5099 5100 1688 1689
f 1684 5099 1689 218
f 1685 5096 5099 1684
f 1686 5093 5096 1685
f 5102 5103 5106 5105
f 5103 5104 5107 5106
f 5105 5106 5109 5108
f 5106 5107 5110 5109
f 221 1683 5102 1692
f 1683 1682 5103 5102
f 1682 1681 5104 5103
f 1681 134 1359 5104
f 5104 1359 1358 5107
f 5107 1358 1357 5110
f 5110 1357 136 1693
f 5109 5110 1693 1694
f 5108 5109 1694 1695
f 1690 5108 1695 219
f 1691 5105 5108 1690
f 1692 5102 5105 1691
f 5111 5112 5115 5114
f 5112 5113 5116 5115
f 5114 5115 5118 5117
f 5115 5116 5119 5118
f 137 1341 5111 1698
f 1341 1340 5112 5111
f 1340 1339 5113 5112
f 1339 135 1686 5113
f 5113 1686 1685 5116
f 5116 1685 1684 5119
f 5119 1684 218 1699
f 5118 5119 1699 1700
f 5117 5118 1700 1701
f 1696 5117 1701 217
f 1697 5114 5117 1696
f 1698 5111 5114 1697
f 5120 5121 5124 5123
f 5121 5122 5125 5124
f 5123 5124 5127 5126
f 5124 5125 5128 5127
f 219 1695 5120 1704
f 1695 1694 5121 5120
f 1694 1693 5122 5121
f 1693 136 1347 5122
f 5122 1347 1346 5125
f 5125 1346 1345 5128
f 5128 1345 137 1698
f 5127 5128 1698 1697
f 5126 5127 1697 1696
f 1702 5126 1696 217
f 1703 5123 5126 1702
f 1704 5120 5123 1703
f 5129 5130 5133 5132
f 5130 5131 5134 5133
f 5132 5133 5136 5135
f 5133 5134 5137 5136
f 217 1701 5129 1707
f 1701 1700 5130 5129
f 1700 1699 5131 5130
f 1699 218 1708 5131
f 5131 1708 1709 5134
f 5134 1709 1710 5137
f 5137 1710 229 1711
f 5136 5137 1711 1712
f 5135 5136 1712 1713
f 1705 5135 1713 231
f 1706 5132 5135 1705
f 1707 5129 5132 1706
f 5138 5139 5142 5141
f 5139 5140 5143 5142
f 5141 5142 5145 5144
f 5142 5143 5146 5145
f 230 1717 5138 1716
f 1717 1718 5139 5138
f 1718 1719 5140 5139
f 1719 219 1704 5140
f 5140 1704 1703 5143
f 5143 1703 1702 5146
f 5146 1702 217 1707
f 5145 5146 1707 1706
f 5144 5145 1706 1705
f 1714 5144 1705 231
f 1715 5141 5144 1714
f 1716 5138 5141 1715
f 5147 5148 5151 5150
f 5148 5149 5152 5151
f 5150 5151 5154 5153
f 5151 5152 5155 5154
f 218 1689 5147 1708
f 1689 1688 5148 5147
f 1688 1687 5149 5148
f 1687 220 1720 5149
f 5149 1720 1721 5152
f 5152 1721 1722 5155
f 5155 1722 227 1723
f 5154 5155 1723 1724
f 5153 5154 1724 1725
f 1710 5153 1725 229
f 1709 5150 5153 1710
f 1708 5147 5150 1709
f 5156 5157 5160 5159
f 5157 5158 5161 5160
f 5159 5160 5163 5162
f 5160 5161 5164 5163
f 228 1729 5156 1728
f 1729 1730 5157 5156
f 1730 1731 5158 5157
f 1731 221 1692 5158
f 5158 1692 1691 5161
f 5161 1691 1690 5164
f 5164 1690 219 1719
f 5163 5164 1719 1718
f 5162 5163 1718 1717
f 1726 5162 1717 230
f 1727 5159 5162 1726
f 1728 5156 5159 1727
f 5165 5166 5169 5168
f 5166 5167 5170 5169
f 5168 5169 5172 5171
f 5169 5170 5173 5172
f 220 1677 5165 1720
f 1677 1676 5166 5165
f 1676 1675 5167 5166
f 1675 222 1732 5167
f 5167 1732 1733 5170
f 5170 1733 1734 5173
f 5173 1734 225 1735
f 5172 5173 1735 1736
f 5171 5172 1736 1737
f 1722 5171 1737 227
f 1721 5168 5171 1722
f 1720 5165 5168 1721
f 5174 5175 5178 5177
f 5175 5176 5179 5178
f 5177 5178 5181 5180
f 5178 5179 5182 5181
f 226 1741 5174 1740
f 1741 1742 5175 5174
f 1742 1743 5176 5175
f 1743 223 1680 5176
f 5176 1680 1679 5179
f 5179 1679 1678 5182
f 5182 1678 221 1731
f 5181 5182 1731 1730
f 5180 5181 1730 1729
f 1738 5180 1729 228
f 1739 5177 5180 1738
f 1740 5174 5177 1739
f 5183 5184 5187 5186
f 5184 5185 5188 5187
f 5186 5187 5190 5189
f 5187 5188 5191 5190
f 222 1665 5183 1732
f 1665 1664 5184 5183
f 1664 1663 5185 5184
f 1663 72 1744 5185
f 5185 1744 1745 5188
f 5188 1745 1746 5191
f 5191 1746 224 1747
f 5190 5191 1747 1748
f 5189 5190 1748 1749
f 1734 5189 1749 225
f 1733 5186 5189 1734
f 1732 5183 5186 1733
f 5192 5193 5196 5195
f 5193 5194 5197 5196
f 5195 5196 5199 5198
f 5196 5197 5200 5199
f 224 1746 5192 1752
f 1746 1745 5193 5192
f 1745 1744 5194 5193
f 1744 72 1668 5194
f 5194 1668 1667 5197
f 5197 1667 1666 5200
f 5200 1666 223 1743
f 5199 5200 1743 1742
f 5198 5199 1742 1741
f 1750 5198 1741 226
f 1751 5195 5198 1750
f 1752 5192 5195 1751
f 5201 5202 5205 5204
f 5202 5203 5206 5205
f 5204 5205 5208 5207
f 5205 5206 5209 5208
f 224 1753 5201 1747
f 1753 1754 5202 5201
f 1754 1755 5203 5202
f 1755 231 1713 5203
f 5203 1713 1712 5206
f 5206 1712 1711 5209
f 5209 1711 229 1756
f 5208 5209 1756 1757
f 5207 5208 1757 1758
f 1749 5207 1758 225
f 1748 5204 5207 1749
f 1747 5201 5204 1748
f 5210 5211 5214 5213
f 5211 5212 5215 5214
f 5213 5214 5217 5216
f 5214 5215 5218 5217
f 230 1716 5210 1761
f 1716 1715 5211 5210
f 1715 1714 5212 5211
f 1714 231 1755 5212
f 5212 1755 1754 5215
f 5215 1754 1753 5218
f 5218 1753 224 1752
f 5217 5218 1752 1751
f 5216 5217 1751 1750
f 1759 5216 1750 226
f 1760 5213 5216 1759
f 1761 5210 5213 1760
f 5220 5221 5219 5225
f 5222 5223 5219 5221
f 5224 5225 5219 5223
f 225 1758 5220 1735
f 1758 1757 5221 5220
f 1735 5220 5225 1736
f 229 1725 5222 1756
f 1725 1724 5223 5222
f 1756 5222 5221 1757
f 227 1737 5224 1723
f 1737 1736 5225 5224
f 1723 5224 5223 1724
f 5227 5228 5226 5232
f 5229 5230 5226 5228
f 5231 5232 5226 5230
f 228 1728 5227 1738
f 1728 1727 5228 5227
f 1738 5227 5232 1739
f 230 1761 5229 1726
f 1761 1760 5230 5229
f 1726 5229 5228 1727
f 226 1740 5231 1759
f 1740 1739 5232 5231
f 1759 5231 5230 1760
f 5233 5234 5237 5236
f 5234 5235 5238 5237
f 5236 5237 5240 5239
f 5237 5238 5241 5240
f 183 1332 5233 1764
f 1332 1331 5234 5233
f 1331 1330 5235 5234
f 1330 181 1765 5235
f 5235 1765 1766 5238
f 5238 1766 1767 5241
f 5241 1767 234 1768
f 5240 5241 1768 1769
f 5239 5240 1769 1770
f 1762 5239 1770 232
f 1763 5236 5239 1762
f 1764 5233 5236 1763
f 5242 5243 5246 5245
f 5243 5244 5247 5246
f 5245 5246 5249 5248
f 5246 5247 5250 5249
f 235 1774 5242 1773
f 1774 1775 5243 5242
f 1775 1776 5244 5243
f 1776 182 1335 5244
f 5244 1335 1334 5247
f 5247 1334 1333 5250
f 5250 1333 184 1777
f 5249 5250 1777 1778
f 5248 5249 1778 1779
f 1771 5248 1779 233
f 1772 5245 5248 1771
f 1773 5242 5245 1772
f 5251 5252 5255 5254
f 5252 5253 5256 5255
f 5254 5255 5258 5257
f 5255 5256 5259 5258
f 112 1314 5251 1782
f 1314 1313 5252 5251
f 1313 1312 5253 5252
f 1312 183 1764 5253
f 5253 1764 1763 5256
f 5256 1763 1762 5259
f 5259 1762 232 1783
f 5258 5259 1783 1784
f 5257 5258 1784 1785
f 1780 5257 1785 254
f 1781 5254 5257 1780
f 1782 5251 5254 1781
f 5260 5261 5264 5263
f 5261 5262 5265 5264
f 5263 5264 5267 5266
f 5264 5265 5268 5267
f 233 1779 5260 1788
f 1779 1778 5261 5260
f 1778 1777 5262 5261
f 1777 184 1326 5262
f 5262 1326 1325 5265
f 5265 1325 1324 5268
f 5268 1324 113 1789
f 5267 5268 1789 1790
f 5266 5267 1790 1791
f 1786 5266 1791 255
f 1787 5263 5266 1786
f 1788 5260 5263 1787
f 5269 5270 5273 5272
f 5270 5271 5274 5273
f 5272 5273 5276 5275
f 5273 5274 5277 5276
f 110 1302 5269 1794
f 1302 1301 5270 5269
f 1301 1300 5271 5270
f 1300 112 1782 5271
f 5271 1782 1781 5274
f 5274 1781 1780 5277
f 5277 1780 254 1795
f 5276 5277 1795 1796
f 5275 5276 1796 1797
f 1792 5275 1797 256
f 1793 5272 5275 1792
f 1794 5269 5272 1793
f 5278 5279 5282 5281
f 5279 5280 5283 5282
f 5281 5282 5285 5284
f 5282 5283 5286 5285
f 255 1791 5278 1800
f 1791 1790 5279 5278
f 1790 1789 5280 5279
f 1789 113 1311 5280
f 5280 1311 1310 5283
f 5283 1310 1309 5286
f 5286 1309 111 1801
f 5285 5286 1801 1802
f 5284 5285 1802 1803
f 1798 5284 1803 257
f 1799 5281 5284 1798
f 1800 5278 5281 1799
f 5287 5288 5291 5290
f 5288 5289 5292 5291
f 5290 5291 5294 5293
f 5291 5292 5295 5294
f 181 1284 5287 1765
f 1284 1283 5288 5287
f 1283 1282 5289 5288
f 1282 114 1804 5289
f 5289 1804 1805 5292
f 5292 1805 1806 5295
f 5295 1806 252 1807
f 5294 5295 1807 1808
f 5293 5294 1808 1809
f 1767 5293 1809 234
f 1766 5290 5293 1767
f 1765 5287 5290 1766
f 5296 5297 5300 5299
f 5297 5298 5301 5300
f 5299 5300 5303 5302
f 5300 5301 5304 5303
f 253 1813 5296 1812
f 1813 1814 5297 5296
f 1814 1815 5298 5297
f 1815 115 1299 5298
f 5298 1299 1298 5301
f 5301 1298 1297 5304
f 5304 1297 182 1776
f 5303 5304 1776 1775
f 5302 5303 1775 1774
f 1810 5302 1774 235
f 1811 5299 5302 1810
f 1812 5296 5299 1811
f 5305 5306 5309 5308
f 5306 5307 5310 5309
f 5308 5309 5312 5311
f 5309 5310 5313 5312
f 114 1272 5305 1804
f 1272 1271 5306 5305
f 1271 1270 5307 5306
f 1270 116 1816 5307
f 5307 1816 1817 5310
f 5310 1817 1818 5313
f 5313 1818 250 1819
f 5312 5313 1819 1820
f 5311 5312 1820 1821
f 1806 5311 1821 252
f 1805 5308 5311 1806
f 1804 5305 5308 1805
f 5314 5315 5318 5317
f 5315 5316 5319 5318
f 5317 5318 5321 5320
f 5318 5319 5322 5321
f 251 1825 5314 1824
f 1825 1826 5315 5314
f 1826 1827 5316 5315
f 1827 117 1281 5316
f 5316 1281 1280 5319
f 5319 1280 1279 5322
f 5322 1279 115 1815
f 5321 5322 1815 1814
f 5320 5321 1814 1813
f 1822 5320 1813 253
f 1823 5317 5320 1822
f 1824 5314 5317 1823
f 5323 5324 5327 5326
f 5324 5325 5328 5327
f 5326 5327 5330 5329
f 5327 5328 5331 5330
f 116 1260 5323 1816
f 1260 1259 5324 5323
f 1259 1258 5325 5324
f 1258 118 1828 5325
f 5325 1828 1829 5328
f 5328 1829 1830 5331
f 5331 1830 248 1831
f 5330 5331 1831 1832
f 5329 5330 1832 1833
f 1818 5329 1833 250
f 1817 5326 5329 1818
f 1816 5323 5326 1817
f 5332 5333 5336 5335
f 5333 5334 5337 5336
f 5335 5336 5339 5338
f 5336 5337 5340 5339
f 249 1837 5332 1836
f 1837 1838 5333 5332
f 1838 1839 5334 5333
f 1839 119 1269 5334
f 5334 1269 1268 5337
f 5337 1268 1267 5340
f 5340 1267 117 1827
f 5339 5340 1827 1826
f 5338 5339 1826 1825
f 1834 5338 1825 251
f 1835 5335 5338 1834
f 1836 5332 5335 1835
f 5341 5342 5345 5344
f 5342 5343 5346 5345
f 5344 5345 5348 5347
f 5345 5346 5349 5348
f 118 1248 5341 1828
f 1248 1247 5342 5341
f 1247 1246 5343 5342
f 1246 120 1840 5343
f 5343 1840 1841 5346
f 5346 1841 1842 5349
f 5349 1842 246 1843
f 5348 5349 1843 1844
f 5347 5348 1844 1845
f 1830 5347 1845 248
f 1829 5344 5347 1830
f 1828 5341 5344 1829
f 5350 5351 5354 5353
f 5351 5352 5355 5354
f 5353 5354 5357 5356
f 5354 5355 5358 5357
f 247 1849 5350 1848
f 1849 1850 5351 5350
f 1850 1851 5352 5351
f 1851 121 1257 5352
f 5352 1257 1256 5355
f 5355 1256 1255 5358
f 5358 1255 119 1839
f 5357 5358 1839 1838
f 5356 5357 1838 1837
f 1846 5356 1837 249
f 1847 5353 5356 1846
f 1848 5350 5353 1847
f 5359 5360 5363 5362
f 5360 5361 5364 5363
f 5362 5363 5366 5365
f 5363 5364 5367 5366
f 120 1236 5359 1840
f 1236 1235 5360 5359
f 1235 1234 5361 5360
f 1234 122 1852 5361
f 5361 1852 1853 5364
f 5364 1853 1854 5367
f 5367 1854 244 1855
f 5366 5367 1855 1856
f 5365 5366 1856 1857
f 1842 5365 1857 246
f 1841 5362 5365 1842
f 1840 5359 5362 1841
f 5368 5369 5372 5371
f 5369 5370 5373 5372
f 5371 5372 5375 5374
f 5372 5373 5376 5375
f 245 1861 5368 1860
f 1861 1862 5369 5368
f 1862 1863 5370 5369
f 1863 123 1245 5370
f 5370 1245 1244 5373
f 5373 1244 1243 5376
f 5376 1243 121 1851
f 5375 5376 1851 1850
f 5374 5375 1850 1849
f 1858 5374 1849 247
f 1859 5371 5374 1858
f 1860 5368 5371 1859
f 5377 5378 5381 5380
f 5378 5379 5382 5381
f 5380 5381 5384 5383
f 5381 5382 5385 5384
f 122 1224 5377 1852
f 1224 1223 5378 5377
f 1223 1222 5379 5378
f 1222 124 1864 5379
f 5379 1864 1865 5382
f 5382 1865 1866 5385
f 5385 1866 242 1867
f 5384 5385 1867 1868
f 5383 5384 1868 1869
f 1854 5383 1869 244
f 1853 5380 5383 1854
f 1852 5377 5380 1853
f 5386 5387 5390 5389
f 5387 5388 5391 5390
f 5389 5390 5393 5392
f 5390 5391 5394 5393
f 243 1873 5386 1872
f 1873 1874 5387 5386
f 1874 1875 5388 5387
f 1875 125 1233 5388
f 5388 1233 1232 5391
f 5391 1232 1231 5394
f 5394 1231 123 1863
f 5393 5394 1863 1862
f 5392 5393 1862 1861
f 1870 5392 1861 245
f 1871 5389 5392 1870
f 1872 5386 5389 1871
f 5395 5396 5399 5398
f 5396 5397 5400 5399
f 5398 5399 5402 5401
f 5399 5400 5403 5402
f 124 1212 5395 1864
f 1212 1211 5396 5395
f 1211 1210 5397 5396
f 1210 126 1876 5397
f 5397 1876 1877 5400
f 5400 1877 1878 5403
f 5403 1878 240 1879
f 5402 5403 1879 1880
f 5401 5402 1880 1881
f 1866 5401 1881 242
f 1865 5398 5401 1866
f 1864 5395 5398 1865
f 5404 5405 5408 5407
f 5405 5406 5409 5408
f 5407 5408 5411 5410
f 5408 5409 5412 5411
f 241 1885 5404 1884
f 1885 1886 5405 5404
f 1886 1887 5406 5405
f 1887 127 1221 5406
f 5406 1221 1220 5409
f 5409 1220 1219 5412
f 5412 1219 125 1875
f 5411 5412 1875 1874
f 5410 5411 1874 1873
f 1882 5410 1873 243
f 1883 5407 5410 1882
f 1884 5404 5407 1883
f 5413 5414 5417 5416
f 5414 5415 5418 5417
f 5416 5417 5420 5419
f 5417 5418 5421 5420
f 126 1200 5413 1876
f 1200 1199 5414 5413
f 1199 1198 5415 5414
f 1198 179 1888 5415
f 5415 1888 1889 5418
f 5418 1889 1890 5421
f 5421 1890 236 1891
f 5420 5421 1891 1892
f 5419 5420 1892 1893
f 1878 5419 1893 240
f 1877 5416 5419 1878
f 1876 5413 5416 1877
f 5422 5423 5426 5425
f 5423 5424 5427 5426
f 5425 5426 5429 5428
f 5426 5427 5430 5429
f 237 1897 5422 1896
f 1897 1898 5423 5422
f 1898 1899 5424 5423
f 1899 180 1209 5424
f 5424 1209 1208 5427
f 5427 1208 1207 5430
f 5430 1207 127 1887
f 5429 5430 1887 1886
f 5428 5429 1886 1885
f 1894 5428 1885 241
f 1895 5425 5428 1894
f 1896 5422 5425 1895
f 5431 5432 5435 5434
f 5432 5433 5436 5435
f 5434 5435 5438 5437
f 5435 5436 5439 5438
f 179 1188 5431 1888
f 1188 1187 5432 5431
f 1187 1186 5433 5432
f 1186 128 1900 5433
f 5433 1900 1901 5436
f 5436 1901 1902 5439
f 5439 1902 238 1903
f 5438 5439 1903 1904
f 5437 5438 1904 1905
f 1890 5437 1905 236
f 1889 5434 5437 1890
f 1888 5431 5434 1889
f 5440 5441 5444 5443
f 5441 5442 5445 5444
f 5443 5444 5447 5446
f 5444 5445 5448 5447
f 239 1909 5440 1908
f 1909 1910 5441 5440
f 1910 1911 5442 5441
f 1911 129 1197 5442
f 5442 1197 1196 5445
f 5445 1196 1195 5448
f 5448 1195 180 1899
f 5447 5448 1899 1898
f 5446 5447 1898 1897
f 1906 5446 1897 237
f 1907 5443 5446 1906
f 1908 5440 5443 1907
f 5449 5450 5453 5452
f 5450 5451 5454 5453
f 5452 5453 5456 5455
f 5453 5454 5457 5456
f 128 1173 5449 1900
f 1173 1172 5450 5449
f 1172 1171 5451 5450
f 1171 110 1794 5451
f 5451 1794 1793 5454
f 5454 1793 1792 5457
f 5457 1792 256 1912
f 5456 5457 1912 1913
f 5455 5456 1913 1914
f 1902 5455 1914 238
f 1901 5452 5455 1902
f 1900 5449 5452 1901
f 5458 5459 5462 5461
f 5459 5460 5463 5462
f 5461 5462 5465 5464
f 5462 5463 5466 5465
f 257 1803 5458 1917
f 1803 1802 5459 5458
f 1802 1801 5460 5459
f 1801 111 1182 5460
f 5460 1182 1181 5463
f 5463 1181 1180 5466
f 5466 1180 129 1911
f 5465 5466 1911 1910
f 5464 5465 1910 1909
f 1915 5464 1909 239
f 1916 5461 5464 1915
f 1917 5458 5461 1916
f 5467 5468 5471 5470
f 5468 5469 5472 5471
f 5470 5471 5474 5473
f 5471 5472 5475 5474
f 238 1914 5467 1920
f 1914 1913 5468 5467
f 1913 1912 5469 5468
f 1912 256 1921 5469
f 5469 1921 1922 5472
f 5472 1922 1923 5475
f 5475 1923 258 1924
f 5474 5475 1924 1925
f 5473 5474 1925 1926
f 1918 5473 1926 276
f 1919 5470 5473 1918
f 1920 5467 5470 1919
f 5476 5477 5480 5479
f 5477 5478 5481 5480
f 5479 5480 5483 5482
f 5480 5481 5484 5483
f 259 1930 5476 1929
f 1930 1931 5477 5476
f 1931 1932 5478 5477
f 1932 257 1917 5478
f 5478 1917 1916 5481
f 5481 1916 1915 5484
f 5484 1915 239 1933
f 5483 5484 1933 1934
f 5482 5483 1934 1935
f 1927 5482 1935 277
f 1928 5479 5482 1927
f 1929 5476 5479 1928
f 5485 5486 5489 5488
f 5486 5487 5490 5489
f 5488 5489 5492 5491
f 5489 5490 5493 5492
f 236 1905 5485 1938
f 1905 1904 5486 5485
f 1904 1903 5487 5486
f 1903 238 1920 5487
f 5487 1920 1919 5490
f 5490 1919 1918 5493
f 5493 1918 276 1939
f 5492 5493 1939 1940
f 5491 5492 1940 1941
f 1936 5491 1941 278
f 1937 5488 5491 1936
f 1938 5485 5488 1937
f 5494 5495 5498 5497
f 5495 5496 5499 5498
f 5497 5498 5501 5500
f 5498 5499 5502 5501
f 277 1935 5494 1944
f 1935 1934 5495 5494
f 1934 1933 5496 5495
f 1933 239 1908 5496
f 5496 1908 1907 5499
f 5499 1907 1906 5502
f 5502 1906 237 1945
f 5501 5502 1945 1946
f 5500 5501 1946 1947
f 1942 5500 1947 279
f 1943 5497 5500 1942
f 1944 5494 5497 1943
f 5503 5504 5507 5506
f 5504 5505 5508 5507
f 5506 5507 5510 5509
f 5507 5508 5511 5510
f 240 1893 5503 1950
f 1893 1892 5504 5503
f 1892 1891 5505 5504
f 1891 236 1938 5505
f 5505 1938 1937 5508
f 5508 1937 1936 5511
f 5511 1936 278 1951
f 5510 5511 1951 1952
f 5509 5510 1952 1953
f 1948 5509 1953 274
f 1949 5506 5509 1948
f 1950 5503 5506 1949
f 5512 5513 5516 5515
f 5513 5514 5517 5516
f 5515 5516 5519 5518
f 5516 5517 5520 5519
f 279 1947 5512 1956
f 1947 1946 5513 5512
f 1946 1945 5514 5513
f 1945 237 1896 5514
f 5514 1896 1895 5517
f 5517 1895 1894 5520
f 5520 1894 241 1957
f 5519 5520 1957 1958
f 5518 5519 1958 1959
f 1954 5518 1959 275
f 1955 5515 5518 1954
f 1956 5512 5515 1955
f 5521 5522 5525 5524
f 5522 5523 5526 5525
f 5524 5525 5528 5527
f 5525 5526 5529 5528
f 242 1881 5521 1962
f 1881 1880 5522 5521
f 1880 1879 5523 5522
f 1879 240 1950 5523
f 5523 1950 1949 5526
f 5526 1949 1948 5529
f 5529 1948 274 1963
f 5528 5529 1963 1964
f 5527 5528 1964 1965
f 1960 5527 1965 272
f 1961 5524 5527 1960
f 1962 5521 5524 1961
f 5530 5531 5534 5533
f 5531 5532 5535 5534
f 5533 5534 5537 5536
f 5534 5535 5538 5537
f 275 1959 5530 1968
f 1959 1958 5531 5530
f 1958 1957 5532 5531
f 1957 241 1884 5532
f 5532 1884 1883 5535
f 5535 1883 1882 5538
f 5538 1882 243 1969
f 5537 5538 1969 1970
f 5536 5537 1970 1971
f 1966 5536 1971 273
f 1967 5533 5536 1966
f 1968 5530 5533 1967
f 5539 5540 5543 5542
f 5540 5541 5544 5543
f 5542 5543 5546 5545
f 5543 5544 5547 5546
f 244 1869 5539 1974
f 1869 1868 5540 5539
f 1868 1867 5541 5540
f 1867 242 1962 5541
f 5541 1962 1961 5544
f 5544 1961 1960 5547
f 5547 1960 272 1975
f 5546 5547 1975 1976
f 5545 5546 1976 1977
f 1972 5545 1977 270
f 1973 5542 5545 1972
f 1974 5539 5542 1973
f 5548 5549 5552 5551
f 5549 5550 5553 5552
f 5551 5552 5555 5554
f 5552 5553 5556 5555
f 273 1971 5548 1980
f 1971 1970 5549 5548
f 1970 1969 5550 5549
f 1969 243 1872 5550
f 5550 1872 1871 5553
f 5553 1871 1870 5556
f 5556 1870 245 1981
f 5555 5556 1981 1982
f 5554 5555 1982 1983
f 1978 5554 1983 271
f 1979 5551 5554 1978
f 1980 5548 5551 1979
f 5557 5558 5561 5560
f 5558 5559 5562 5561
f 5560 5561 5564 5563
f 5561 5562 5565 5564
f 246 1857 5557 1986
f 1857 1856 5558 5557
f 1856 1855 5559 5558
f 1855 244 1974 5559
f 5559 1974 1973 5562
f 5562 1973 1972 5565
f 5565 1972 270 1987
f 5564 5565 1987 1988
f 5563 5564 1988 1989
f 1984 5563 1989 268
f 1985 5560 5563 1984
f 1986 5557 5560 1985
f 5566 5567 5570 5569
f 5567 5568 5571 5570
f 5569 5570 5573 5572
f 5570 5571 5574 5573
f 271 1983 5566 1992
f 1983 1982 5567 5566
f 1982 1981 5568 5567
f 1981 245 1860 5568
f 5568 1860 1859 5571
f 5571 1859 1858 5574
f 5574 1858 247 1993
f 5573 5574 1993 1994
f 5572 5573 1994 1995
f 1990 5572 1995 269
f 1991 5569 5572 1990
f 1992 5566 5569 1991
f 5575 5576 5579 5578
f 5576 5577 5580 5579
f 5578 5579 5582 5581
f 5579 5580 5583 5582
f 248 1845 5575 1998
f 1845 1844 5576 5575
f 1844 1843 5577 5576
f 1843 246 1986 5577
f 5577 1986 1985 5580
f 5580 1985 1984 5583
f 5583 1984 268 1999
f 5582 5583 1999 2000
f 5581 5582 2000 2001
f 1996 5581 2001 266
f 1997 5578 5581 1996
f 1998 5575 5578 1997
f 5584 5585 5588 5587
f 5585 5586 5589 5588
f 5587 5588 5591 5590
f 5588 5589 5592 5591
f 269 1995 5584 2004
f 1995 1994 5585 5584
f 1994 1993 5586 5585
f 1993 247 1848 5586
f 5586 1848 1847 5589
f 5589 1847 1846 5592
f 5592 1846 249 2005
f 5591 5592 2005 2006
f 5590 5591 2006 2007
f 2002 5590 2007 267
f 2003 5587 5590 2002
f 2004 5584 5587 2003
f 5593 5594 5597 5596
f 5594 5595 5598 5597
f 5596 5597 5600 5599
f 5597 5598 5601 5600
f 250 1833 5593 2010
f 1833 1832 5594 5593
f 1832 1831 5595 5594
f 1831 248 1998 5595
f 5595 1998 1997 5598
f 5598 1997 1996 5601
f 5601 1996 266 2011
f 5600 5601 2011 2012
f 5599 5600 2012 2013
f 2008 5599 2013 264
f 2009 5596 5599 2008
f 2010 5593 5596 2009
f 5602 5603 5606 5605
f 5603 5604 5607 5606
f 5605 5606 5609 5608
f 5606 5607 5610 5609
f 267 2007 5602 2016
f 2007 2006 5603 5602
f 2006 2005 5604 5603
f 2005 249 1836 5604
f 5604 1836 1835 5607
f 5607 1835 1834 5610
f 5610 1834 251 2017
f 5609 5610 2017 2018
f 5608 5609 2018 2019
f 2014 5608 2019 265
f 2015 5605 5608 2014
f 2016 5602 5605 2015
f 5611 5612 5615 5614
f 5612 5613 5616 5615
f 5614 5615 5618 5617
f 5615 5616 5619 5618
f 252 1821 5611 2022
f 1821 1820 5612 5611
f 1820 1819 5613 5612
f 1819 250 2010 5613
f 5613 2010 2009 5616
f 5616 2009 2008 5619
f 5619 2008 264 2023
f 5618 5619 2023 2024
f 5617 5618 2024 2025
f 2020 5617 2025 262
f 2021 5614 5617 2020
f 2022 5611 5614 2021
f 5620 5621 5624 5623
f 5621 5622 5625 5624
f 5623 5624 5627 5626
f 5624 5625 5628 5627
f 265 2019 5620 2028
f 2019 2018 5621 5620
f 2018 2017 5622 5621
f 2017 251 1824 5622
f 5622 1824 1823 5625
f 5625 1823 1822 5628
f 5628 1822 253 2029
f 5627 5628 2029 2030
f 5626 5627 2030 2031
f 2026 5626 2031 263
f 2027 5623 5626 2026
f 2028 5620 5623 2027
f 5629 5630 5633 5632
f 5630 5631 5634 5633
f 5632 5633 5636 5635
f 5633 5634 5637 5636
f 234 1809 5629 2034
f 1809 1808 5630 5629
f 1808 1807 5631 5630
f 1807 252 2022 5631
f 5631 2022 2021 5634
f 5634 2021 2020 5637
f 5637 2020 262 2035
f 5636 5637 2035 2036
f 5635 5636 2036 2037
f 2032 5635 2037 280
f 2033 5632 5635 2032
f 2034 5629 5632 2033
f 5638 5639 5642 5641
f 5639 5640 5643 5642
f 5641 5642 5645 5644
f 5642 5643 5646 5645
f 263 2031 5638 2040
f 2031 2030 5639 5638
f 2030 2029 5640 5639
f 2029 253 1812 5640
f 5640 1812 1811 5643
f 5643 1811 1810 5646
f 5646 1810 235 2041
f 5645 5646 2041 2042
f 5644 5645 2042 2043
f 2038 5644 2043 281
f 2039 5641 5644 2038
f 2040 5638 5641 2039
f 5647 5648 5651 5650
f 5648 5649 5652 5651
f 5650 5651 5654 5653
f 5651 5652 5655 5654
f 256 1797 5647 1921
f 1797 1796 5648 5647
f 1796 1795 5649 5648
f 1795 254 2044 5649
f 5649 2044 2045 5652
f 5652 2045 2046 5655
f 5655 2046 260 2047
f 5654 5655 2047 2048
f 5653 5654 2048 2049
f 1923 5653 2049 258
f 1922 5650 5653 1923
f 1921 5647 5650 1922
f 5656 5657 5660 5659
f 5657 5658 5661 5660
f 5659 5660 5663 5662
f 5660 5661 5664 5663
f 261 2053 5656 2052
f 2053 2054 5657 5656
f 2054 2055 5658 5657
f 2055 255 1800 5658
f 5658 1800 1799 5661
f 5661 1799 1798 5664
f 5664 1798 257 1932
f 5663 5664 1932 1931
f 5662 5663 1931 1930
f 2050 5662 1930 259
f 2051 5659 5662 2050
f 2052 5656 5659 2051
f 5665 5666 5669 5668
f 5666 5667 5670 5669
f 5668 5669 5672 5671
f 5669 5670 5673 5672
f 254 1785 5665 2044
f 1785 1784 5666 5665
f 1784 1783 5667 5666
f 1783 232 2056 5667
f 5667 2056 2057 5670
f 5670 2057 2058 5673
f 5673 2058 282 2059
f 5672 5673 2059 2060
f 5671 5672 2060 2061
f 2046 5671 2061 260
f 2045 5668 5671 2046
f 2044 5665 5668 2045
f 5674 5675 5678 5677
f 5675 5676 5679 5678
f 5677 5678 5681 5680
f 5678 5679 5682 5681
f 283 2065 5674 2064
f 2065 2066 5675 5674
f 2066 2067 5676 5675
f 2067 233 1788 5676
f 5676 1788 1787 5679
f 5679 1787 1786 5682
f 5682 1786 255 2055
f 5681 5682 2055 2054
f 5680 5681 2054 2053
f 2062 5680 2053 261
f 2063 5677 5680 2062
f 2064 5674 5677 2063
f 5683 5684 5687 5686
f 5684 5685 5688 5687
f 5686 5687 5690 5689
f 5687 5688 5691 5690
f 232 1770 5683 2056
f 1770 1769 5684 5683
f 1769 1768 5685 5684
f 1768 234 2034 5685
f 5685 2034 2033 5688
f 5688 2033 2032 5691
f 5691 2032 280 2068
f 5690 5691 2068 2069
f 5689 5690 2069 2070
f 2058 5689 2070 282
f 2057 5686 5689 2058
f 2056 5683 5686 2057
f 5692 5693 5696 5695
f 5693 5694 5697 5696
f 5695 5696 5699 5698
f 5696 5697 5700 5699
f 281 2043 5692 2073
f 2043 2042 5693 5692
f 2042 2041 5694 5693
f 2041 235 1773 5694
f 5694 1773 1772 5697
f 5697 1772 1771 5700
f 5700 1771 233 2067
f 5699 5700 2067 2066
f 5698 5699 2066 2065
f 2071 5698 2065 283
f 2072 5695 5698 2071
f 2073 5692 5695 2072
f 5701 5702 5705 5704
f 5702 5703 5706 5705
f 5704 5705 5708 5707
f 5705 5706 5709 5708
f 67 1155 5701 2076
f 1155 1154 5702 5701
f 1154 1153 5703 5702
f 1153 108 2077 5703
f 5703 2077 2078 5706
f 5706 2078 2079 5709
f 5709 2079 284 2080
f 5708 5709 2080 2081
f 5707 5708 2081 2082
f 2074 5707 2082 73
f 2075 5704 5707 2074
f 2076 5701 5704 2075
f 5710 5711 5714 5713
f 5711 5712 5715 5714
f 5713 5714 5717 5716
f 5714 5715 5718 5717
f 285 2086 5710 2085
f 2086 2087 5711 5710
f 2087 2088 5712 5711
f 2088 109 1167 5712
f 5712 1167 1166 5715
f 5715 1166 1165 5718
f 5718 1165 67 2076
f 5717 5718 2076 2075
f 5716 5717 2075 2074
f 2083 5716 2074 73
f 2084 5713 5716 2083
f 2085 5710 5713 2084
f 5719 5720 5723 5722
f 5720 5721 5724 5723
f 5722 5723 5726 5725
f 5723 5724 5727 5726
f 108 1137 5719 2077
f 1137 1136 5720 5719
f 1136 1135 5721 5720
f 1135 106 2089 5721
f 5721 2089 2090 5724
f 5724 2090 2091 5727
f 5727 2091 286 2092
f 5726 5727 2092 2093
f 5725 5726 2093 2094
f 2079 5725 2094 284
f 2078 5722 5725 2079
f 2077 5719 5722 2078
f 5728 5729 5732 5731
f 5729 5730 5733 5732
f 5731 5732 5735 5734
f 5732 5733 5736 5735
f 287 2098 5728 2097
f 2098 2099 5729 5728
f 2099 2100 5730 5729
f 2100 107 1152 5730
f 5730 1152 1151 5733
f 5733 1151 1150 5736
f 5736 1150 109 2088
f 5735 5736 2088 2087
f 5734 5735 2087 2086
f 2095 5734 2086 285
f 2096 5731 5734 2095
f 2097 5728 5731 2096
f 5737 5738 5741 5740
f 5738 5739 5742 5741
f 5740 5741 5744 5743
f 5741 5742 5745 5744
f 106 1119 5737 2089
f 1119 1118 5738 5737
f 1118 1117 5739 5738
f 1117 104 2101 5739
f 5739 2101 2102 5742
f 5742 2102 2103 5745
f 5745 2103 288 2104
f 5744 5745 2104 2105
f 5743 5744 2105 2106
f 2091 5743 2106 286
f 2090 5740 5743 2091
f 2089 5737 5740 2090
f 5746 5747 5750 5749
f 5747 5748 5751 5750
f 5749 5750 5753 5752
f 5750 5751 5754 5753
f 289 2110 5746 2109
f 2110 2111 5747 5746
f 2111 2112 5748 5747
f 2112 105 1134 5748
f 5748 1134 1133 5751
f 5751 1133 1132 5754
f 5754 1132 107 2100
f 5753 5754 2100 2099
f 5752 5753 2099 2098
f 2107 5752 2098 287
f 2108 5749 5752 2107
f 2109 5746 5749 2108
f 5755 5756 5759 5758
f 5756 5757 5760 5759
f 5758 5759 5762 5761
f 5759 5760 5763 5762
f 104 1101 5755 2101
f 1101 1100 5756 5755
f 1100 1099 5757 5756
f 1099 102 2113 5757
f 5757 2113 2114 5760
f 5760 2114 2115 5763
f 5763 2115 290 2116
f 5762 5763 2116 2117
f 5761 5762 2117 2118
f 2103 5761 2118 288
f 2102 5758 5761 2103
f 2101 5755 5758 2102
f 5764 5765 5768 5767
f 5765 5766 5769 5768
f 5767 5768 5771 5770
f 5768 5769 5772 5771
f 291 2122 5764 2121
f 2122 2123 5765 5764
f 2123 2124 5766 5765
f 2124 103 1116 5766
f 5766 1116 1115 5769
f 5769 1115 1114 5772
f 5772 1114 105 2112
f 5771 5772 2112 2111
f 5770 5771 2111 2110
f 2119 5770 2110 289
f 2120 5767 5770 2119
f 2121 5764 5767 2120
f 5773 5774 5777 5776
f 5774 5775 5778 5777
f 5776 5777 5780 5779
f 5777 5778 5781 5780
f 102 1083 5773 2113
f 1083 1082 5774 5773
f 1082 1081 5775 5774
f 1081 100 2125 5775
f 5775 2125 2126 5778
f 5778 2126 2127 5781
f 5781 2127 292 2128
f 5780 5781 2128 2129
f 5779 5780 2129 2130
f 2115 5779 2130 290
f 2114 5776 5779 2115
f 2113 5773 5776 2114
f 5782 5783 5786 5785
f 5783 5784 5787 5786
f 5785 5786 5789 5788
f 5786 5787 5790 5789
f 293 2134 5782 2133
f 2134 2135 5783 5782
f 2135 2136 5784 5783
f 2136 101 1098 5784
f 5784 1098 1097 5787
f 5787 1097 1096 5790
f 5790 1096 103 2124
f 5789 5790 2124 2123
f 5788 5789 2123 2122
f 2131 5788 2122 291
f 2132 5785 5788 2131
f 2133 5782 5785 2132
f 5791 5792 5795 5794
f 5792 5793 5796 5795
f 5794 5795 5798 5797
f 5795 5796 5799 5798
f 100 1065 5791 2125
f 1065 1064 5792 5791
f 1064 1063 5793 5792
f 1063 98 2137 5793
f 5793 2137 2138 5796
f 5796 2138 2139 5799
f 5799 2139 294 2140
f 5798 5799 2140 2141
f 5797 5798 2141 2142
f 2127 5797 2142 292
f 2126 5794 5797 2127
f 2125 5791 5794 2126
f 5800 5801 5804 5803
f 5801 5802 5805 5804
f 5803 5804 5807 5806
f 5804 5805 5808 5807
f 295 2146 5800 2145
f 2146 2147 5801 5800
f 2147 2148 5802 5801
f 2148 99 1080 5802
f 5802 1080 1079 5805
f 5805 1079 1078 5808
f 5808 1078 101 2136
f 5807 5808 2136 2135
f 5806 5807 2135 2134
f 2143 5806 2134 293
f 2144 5803 5806 2143
f 2145 5800 5803 2144
f 5809 5810 5813 5812
f 5810 5811 5814 5813
f 5812 5813 5816 5815
f 5813 5814 5817 5816
f 98 1047 5809 2137
f 1047 1046 5810 5809
f 1046 1045 5811 5810
f 1045 96 2149 5811
f 5811 2149 2150 5814
f 5814 2150 2151 5817
f 5817 2151 296 2152
f 5816 5817 2152 2153
f 5815 5816 2153 2154
f 2139 5815 2154 294
f 2138 5812 5815 2139
f 2137 5809 5812 2138
f 5818 5819 5822 5821
f 5819 5820 5823 5822
f 5821 5822 5825 5824
f 5822 5823 5826 5825
f 297 2158 5818 2157
f 2158 2159 5819 5818
f 2159 2160 5820 5819
f 2160 97 1062 5820
f 5820 1062 1061 5823
f 5823 1061 1060 5826
f 5826 1060 99 2148
f 5825 5826 2148 2147
f 5824 5825 2147 2146
f 2155 5824 2146 295
f 2156 5821 5824 2155
f 2157 5818 5821 2156
f 5827 5828 5831 5830
f 5828 5829 5832 5831
f 5830 5831 5834 5833
f 5831 5832 5835 5834
f 96 1029 5827 2149
f 1029 1028 5828 5827
f 1028 1027 5829 5828
f 1027 94 2161 5829
f 5829 2161 2162 5832
f 5832 2162 2163 5835
f 5835 2163 298 2164
f 5834 5835 2164 2165
f 5833 5834 2165 2166
f 2151 5833 2166 296
f 2150 5830 5833 2151
f 2149 5827 5830 2150
f 5836 5837 5840 5839
f 5837 5838 5841 5840
f 5839 5840 5843 5842
f 5840 5841 5844 5843
f 299 2170 5836 2169
f 2170 2171 5837 5836
f 2171 2172 5838 5837
f 2172 95 1044 5838
f 5838 1044 1043 5841
f 5841 1043 1042 5844
f 5844 1042 97 2160
f 5843 5844 2160 2159
f 5842 5843 2159 2158
f 2167 5842 2158 297
f 2168 5839 5842 2167
f 2169 5836 5839 2168
f 5845 5846 5849 5848
f 5846 5847 5850 5849
f 5848 5849 5852 5851
f 5849 5850 5853 5852
f 94 1011 5845 2161
f 1011 1010 5846 5845
f 1010 1009 5847 5846
f 1009 92 2173 5847
f 5847 2173 2174 5850
f 5850 2174 2175 5853
f 5853 2175 300 2176
f 5852 5853 2176 2177
f 5851 5852 2177 2178
f 2163 5851 2178 298
f 2162 5848 5851 2163
f 2161 5845 5848 2162
f 5854 5855 5858 5857
f 5855 5856 5859 5858
f 5857 5858 5861 5860
f 5858 5859 5862 5861
f 301 2182 5854 2181
f 2182 2183 5855 5854
f 2183 2184 5856 5855
f 2184 93 1026 5856
f 5856 1026 1025 5859
f 5859 1025 1024 5862
f 5862 1024 95 2172
f 5861 5862 2172 2171
f 5860 5861 2171 2170
f 2179 5860 2170 299
f 2180 5857 5860 2179
f 2181 5854 5857 2180
f 5863 5864 5867 5866
f 5864 5865 5868 5867
f 5866 5867 5870 5869
f 5867 5868 5871 5870
f 308 2188 5863 2187
f 2188 2189 5864 5863
f 2189 2190 5865 5864
f 2190 309 2191 5865
f 5865 2191 2192 5868
f 5868 2192 2193 5871
f 5871 2193 328 2194
f 5870 5871 2194 2195
f 5869 5870 2195 2196
f 2185 5869 2196 338
f 2186 5866 5869 2185
f 2187 5863 5866 2186
f 5872 5873 5876 5875
f 5873 5874 5877 5876
f 5875 5876 5879 5878
f 5876 5877 5880 5879
f 329 2200 5872 2199
f 2200 2201 5873 5872
f 2201 2202 5874 5873
f 2202 309 2190 5874
f 5874 2190 2189 5877
f 5877 2189 2188 5880
f 5880 2188 308 2203
f 5879 5880 2203 2204
f 5878 5879 2204 2205
f 2197 5878 2205 339
f 2198 5875 5878 2197
f 2199 5872 5875 2198
f 5881 5882 5885 5884
f 5882 5883 5886 5885
f 5884 5885 5888 5887
f 5885 5886 5889 5888
f 307 2209 5881 2208
f 2209 2210 5882 5881
f 2210 2211 5883 5882
f 2211 308 2187 5883
f 5883 2187 2186 5886
f 5886 2186 2185 5889
f 5889 2185 338 2212
f 5888 5889 2212 2213
f 5887 5888 2213 2214
f 2206 5887 2214 336
f 2207 5884 5887 2206
f 2208 5881 5884 2207
f 5890 5891 5894 5893
f 5891 5892 5895 5894
f 5893 5894 5897 5896
f 5894 5895 5898 5897
f 339 2205 5890 2217
f 2205 2204 5891 5890
f 2204 2203 5892 5891
f 2203 308 2211 5892
f 5892 2211 2210 5895
f 5895 2210 2209 5898
f 5898 2209 307 2218
f 5897 5898 2218 2219
f 5896 5897 2219 2220
f 2215 5896 2220 337
f 2216 5893 5896 2215
f 2217 5890 5893 2216
f 5899 5900 5903 5902
f 5900 5901 5904 5903
f 5902 5903 5906 5905
f 5903 5904 5907 5906
f 306 2224 5899 2223
f 2224 2225 5900 5899
f 2225 2226 5901 5900
f 2226 307 2208 5901
f 5901 2208 2207 5904
f 5904 2207 2206 5907
f 5907 2206 336 2227
f 5906 5907 2227 2228
f 5905 5906 2228 2229
f 2221 5905 2229 340
f 2222 5902 5905 2221
f 2223 5899 5902 2222
f 5908 5909 5912 5911
f 5909 5910 5913 5912
f 5911 5912 5915 5914
f 5912 5913 5916 5915
f 337 2220 5908 2232
f 2220 2219 5909 5908
f 2219 2218 5910 5909
f 2218 307 2226 5910
f 5910 2226 2225 5913
f 5913 2225 2224 5916
f 5916 2224 306 2233
f 5915 5916 2233 2234
f 5914 5915 2234 2235
f 2230 5914 2235 341
f 2231 5911 5914 2230
f 2232 5908 5911 2231
f 5917 5918 5921 5920
f 5918 5919 5922 5921
f 5920 5921 5924 5923
f 5921 5922 5925 5924
f 89 894 5917 2238
f 894 893 5918 5917
f 893 892 5919 5918
f 892 91 2239 5919
f 5919 2239 2240 5922
f 5922 2240 2241 5925
f 5925 2241 306 2223
f 5924 5925 2223 2222
f 5923 5924 2222 2221
f 2236 5923 2221 340
f 2237 5920 5923 2236
f 2238 5917 5920 2237
f 5926 5927 5930 5929
f 5927 5928 5931 5930
f 5929 5930 5933 5932
f 5930 5931 5934 5933
f 306 2241 5926 2233
f 2241 2240 5927 5926
f 2240 2239 5928 5927
f 2239 91 912 5928
f 5928 912 911 5931
f 5931 911 910 5934
f 5934 910 90 2242
f 5933 5934 2242 2243
f 5932 5933 2243 2244
f 2235 5932 2244 341
f 2234 5929 5932 2235
f 2233 5926 5929 2234
f 5935 5936 5939 5938
f 5936 5937 5940 5939
f 5938 5939 5942 5941
f 5939 5940 5943 5942
f 87 915 5935 2247
f 915 914 5936 5935
f 914 913 5937 5936
f 913 89 2238 5937
f 5937 2238 2237 5940
f 5940 2237 2236 5943
f 5943 2236 340 2248
f 5942 5943 2248 2249
f 5941 5942 2249 2250
f 2245 5941 2250 334
f 2246 5938 5941 2245
f 2247 5935 5938 2246
f 5944 5945 5948 5947
f 5945 5946 5949 5948
f 5947 5948 5951 5950
f 5948 5949 5952 5951
f 341 2244 5944 2253
f 2244 2243 5945 5944
f 2243 2242 5946 5945
f 2242 90 930 5946
f 5946 930 929 5949
f 5949 929 928 5952
f 5952 928 88 2254
f 5951 5952 2254 2255
f 5950 5951 2255 2256
f 2251 5950 2256 335
f 2252 5947 5950 2251
f 2253 5944 5947 2252
f 5953 5954 5957 5956
f 5954 5955 5958 5957
f 5956 5957 5960 5959
f 5957 5958 5961 5960
f 85 933 5953 2259
f 933 932 5954 5953
f 932 931 5955 5954
f 931 87 2247 5955
f 5955 2247 2246 5958
f 5958 2246 2245 5961
f 5961 2245 334 2260
f 5960 5961 2260 2261
f 5959 5960 2261 2262
f 2257 5959 2262 330
f 2258 5956 5959 2257
f 2259 5953 5956 2258
f 5962 5963 5966 5965
f 5963 5964 5967 5966
f 5965 5966 5969 5968
f 5966 5967 5970 5969
f 335 2256 5962 2265
f 2256 2255 5963 5962
f 2255 2254 5964 5963
f 2254 88 948 5964
f 5964 948 947 5967
f 5967 947 946 5970
f 5970 946 86 2266
f 5969 5970 2266 2267
f 5968 5969 2267 2268
f 2263 5968 2268 331
f 2264 5965 5968 2263
f 2265 5962 5965 2264
f 5971 5972 5975 5974
f 5972 5973 5976 5975
f 5974 5975 5978 5977
f 5975 5976 5979 5978
f 83 951 5971 2271
f 951 950 5972 5971
f 950 949 5973 5972
f 949 85 2259 5973
f 5973 2259 2258 5976
f 5976 2258 2257 5979
f 5979 2257 330 2272
f 5978 5979 2272 2273
f 5977 5978 2273 2274
f 2269 5977 2274 332
f 2270 5974 5977 2269
f 2271 5971 5974 2270
f 5980 5981 5984 5983
f 5981 5982 5985 5984
f 5983 5984 5987 5986
f 5984 5985 5988 5987
f 331 2268 5980 2277
f 2268 2267 5981 5980
f 2267 2266 5982 5981
f 2266 86 966 5982
f 5982 966 965 5985
f 5985 965 964 5988
f 5988 964 84 2278
f 5987 5988 2278 2279
f 5986 5987 2279 2280
f 2275 5986 2280 333
f 2276 5983 5986 2275
f 2277 5980 5983 2276
f 5989 5990 5993 5992
f 5990 5991 5994 5993
f 5992 5993 5996 5995
f 5993 5994 5997 5996
f 330 2281 5989 2272
f 2281 2282 5990 5989
f 2282 2283 5991 5990
f 2283 336 2214 5991
f 5991 2214 2213 5994
f 5994 2213 2212 5997
f 5997 2212 338 2284
f 5996 5997 2284 2285
f 5995 5996 2285 2286
f 2274 5995 2286 332
f 2273 5992 5995 2274
f 2272 5989 5992 2273
f 5998 5999 6002 6001
f 5999 6000 6003 6002
f 6001 6002 6005 6004
f 6002 6003 6006 6005
f 339 2217 5998 2289
f 2217 2216 5999 5998
f 2216 2215 6000 5999
f 2215 337 2290 6000
f 6000 2290 2291 6003
f 6003 2291 2292 6006
f 6006 2292 331 2277
f 6005 6006 2277 2276
f 6004 6005 2276 2275
f 2287 6004 2275 333
f 2288 6001 6004 2287
f 2289 5998 6001 2288
f 6007 6008 6011 6010
f 6008 6009 6012 6011
f 6010 6011 6014 6013
f 6011 6012 6015 6014
f 330 2262 6007 2281
f 2262 2261 6008 6007
f 2261 2260 6009 6008
f 2260 334 2250 6009
f 6009 2250 2249 6012
f 6012 2249 2248 6015
f 6015 2248 340 2229
f 6014 6015 2229 2228
f 6013 6014 2228 2227
f 2283 6013 2227 336
f 2282 6010 6013 2283
f 2281 6007 6010 2282
f 6016 6017 6020 6019
f 6017 6018 6021 6020
f 6019 6020 6023 6022
f 6020 6021 6024 6023
f 341 2253 6016 2230
f 2253 2252 6017 6016
f 2252 2251 6018 6017
f 2251 335 2265 6018
f 6018 2265 2264 6021
f 6021 2264 2263 6024
f 6024 2263 331 2292
f 6023 6024 2292 2291
f 6022 6023 2291 2290
f 2232 6022 2290 337
f 2231 6019 6022 2232
f 2230 6016 6019 2231
f 6025 6026 6029 6028
f 6026 6027 6030 6029
f 6028 6029 6032 6031
f 6029 6030 6033 6032
f 326 2296 6025 2295
f 2296 2297 6026 6025
f 2297 2298 6027 6026
f 2298 332 2286 6027
f 6027 2286 2285 6030
f 6030 2285 2284 6033
f 6033 2284 338 2196
f 6032 6033 2196 2195
f 6031 6032 2195 2194
f 2293 6031 2194 328
f 2294 6028 6031 2293
f 2295 6025 6028 2294
f 6034 6035 6038 6037
f 6035 6036 6039 6038
f 6037 6038 6041 6040
f 6038 6039 6042 6041
f 339 2289 6034 2197
f 2289 2288 6035 6034
f 2288 2287 6036 6035
f 2287 333 2299 6036
f 6036 2299 2300 6039
f 6039 2300 2301 6042
f 6042 2301 327 2302
f 6041 6042 2302 2303
f 6040 6041 2303 2304
f 2199 6040 2304 329
f 2198 6037 6040 2199
f 2197 6034 6037 2198
f 6043 6044 6047 6046
f 6044 6045 6048 6047
f 6046 6047 6050 6049
f 6047 6048 6051 6050
f 81 969 6043 2307
f 969 968 6044 6043
f 968 967 6045 6044
f 967 83 2271 6045
f 6045 2271 2270 6048
f 6048 2270 2269 6051
f 6051 2269 332 2298
f 6050 6051 2298 2297
f 6049 6050 2297 2296
f 2305 6049 2296 326
f 2306 6046 6049 2305
f 2307 6043 6046 2306
f 6052 6053 6056 6055
f 6053 6054 6057 6056
f 6055 6056 6059 6058
f 6056 6057 6060 6059
f 333 2280 6052 2299
f 2280 2279 6053 6052
f 2279 2278 6054 6053
f 2278 84 984 6054
f 6054 984 983 6057
f 6057 983 982 6060
f 6060 982 82 2308
f 6059 6060 2308 2309
f 6058 6059 2309 2310
f 2301 6058 2310 327
f 2300 6055 6058 2301
f 2299 6052 6055 2300
f 6061 6062 6065 6064
f 6062 6063 6066 6065
f 6064 6065 6068 6067
f 6065 6066 6069 6068
f 209 2311 6061 1639
f 2311 2312 6062 6061
f 2312 2313 6063 6062
f 2313 342 2314 6063
f 6063 2314 2315 6066
f 6066 2315 2316 6069
f 6069 2316 344 2317
f 6068 6069 2317 2318
f 6067 6068 2318 2319
f 1641 6067 2319 215
f 1640 6064 6067 1641
f 1639 6061 6064 1640
f 6070 6071 6074 6073
f 6071 6072 6075 6074
f 6073 6074 6077 6076
f 6074 6075 6078 6077
f 345 2323 6070 2322
f 2323 2324 6071 6070
f 2324 2325 6072 6071
f 2325 343 2326 6072
f 6072 2326 2327 6075
f 6075 2327 2328 6078
f 6078 2328 210 1650
f 6077 6078 1650 1649
f 6076 6077 1649 1648
f 2320 6076 1648 216
f 2321 6073 6076 2320
f 2322 6070 6073 2321
f 6079 6080 6083 6082
f 6080 6081 6084 6083
f 6082 6083 6086 6085
f 6083 6084 6087 6086
f 81 2307 6079 1627
f 2307 2306 6080 6079
f 2306 2305 6081 6080
f 2305 326 2329 6081
f 6081 2329 2330 6084
f 6084 2330 2331 6087
f 6087 2331 342 2313
f 6086 6087 2313 2312
f 6085 6086 2312 2311
f 1629 6085 2311 209
f 1628 6082 6085 1629
f 1627 6079 6082 1628
f 6088 6089 6092 6091
f 6089 6090 6093 6092
f 6091 6092 6095 6094
f 6092 6093 6096 6095
f 343 2332 6088 2326
f 2332 2333 6089 6088
f 2333 2334 6090 6089
f 2334 327 2310 6090
f 6090 2310 2309 6093
f 6093 2309 2308 6096
f 6096 2308 82 1638
f 6095 6096 1638 1637
f 6094 6095 1637 1636
f 2328 6094 1636 210
f 2327 6091 6094 2328
f 2326 6088 6091 2327
f 6097 6098 6101 6100
f 6098 6099 6102 6101
f 6100 6101 6104 6103
f 6101 6102 6105 6104
f 79 1653 6097 2337
f 1653 1652 6098 6097
f 1652 1651 6099 6098
f 1651 215 2319 6099
f 6099 2319 2318 6102
f 6102 2318 2317 6105
f 6105 2317 344 2338
f 6104 6105 2338 2339
f 6103 6104 2339 2340
f 2335 6103 2340 346
f 2336 6100 6103 2335
f 2337 6097 6100 2336
f 6106 6107 6110 6109
f 6107 6108 6111 6110
f 6109 6110 6113 6112
f 6110 6111 6114 6113
f 345 2322 6106 2343
f 2322 2321 6107 6106
f 2321 2320 6108 6107
f 2320 216 1656 6108
f 6108 1656 1655 6111
f 6111 1655 1654 6114
f 6114 1654 80 2344
f 6113 6114 2344 2345
f 6112 6113 2345 2346
f 2341 6112 2346 347
f 2342 6109 6112 2341
f 2343 6106 6109 2342
f 6115 6116 6119 6118
f 6116 6117 6120 6119
f 6118 6119 6122 6121
f 6119 6120 6123 6122
f 79 2337 6115 988
f 2337 2336 6116 6115
f 2336 2335 6117 6116
f 2335 346 2347 6117
f 6117 2347 2348 6120
f 6120 2348 2349 6123
f 6123 2349 300 2175
f 6122 6123 2175 2174
f 6121 6122 2174 2173
f 990 6121 2173 92
f 989 6118 6121 990
f 988 6115 6118 989
f 6124 6125 6128 6127
f 6125 6126 6129 6128
f 6127 6128 6131 6130
f 6128 6129 6132 6131
f 301 2350 6124 2182
f 2350 2351 6125 6124
f 2351 2352 6126 6125
f 2352 347 2346 6126
f 6126 2346 2345 6129
f 6129 2345 2344 6132
f 6132 2344 80 1005
f 6131 6132 1005 1004
f 6130 6131 1004 1003
f 2184 6130 1003 93
f 2183 6127 6130 2184
f 2182 6124 6127 2183
f 6133 6134 6137 6136
f 6134 6135 6138 6137
f 6136 6137 6140 6139
f 6137 6138 6141 6140
f 77 2356 6133 2355
f 2356 2357 6134 6133
f 2357 2358 6135 6134
f 2358 324 2359 6135
f 6135 2359 2360 6138
f 6138 2360 2361 6141
f 6141 2361 352 2362
f 6140 6141 2362 2363
f 6139 6140 2363 2364
f 2353 6139 2364 304
f 2354 6136 6139 2353
f 2355 6133 6136 2354
f 6142 6143 6146 6145
f 6143 6144 6147 6146
f 6145 6146 6149 6148
f 6146 6147 6150 6149
f 353 2368 6142 2367
f 2368 2369 6143 6142
f 2369 2370 6144 6143
f 2370 325 2371 6144
f 6144 2371 2372 6147
f 6147 2372 2373 6150
f 6150 2373 77 2355
f 6149 6150 2355 2354
f 6148 6149 2354 2353
f 2365 6148 2353 304
f 2366 6145 6148 2365
f 2367 6142 6145 2366
f 6151 6152 6155 6154
f 6152 6153 6156 6155
f 6154 6155 6158 6157
f 6155 6156 6159 6158
f 304 2364 6151 2376
f 2364 2363 6152 6151
f 2363 2362 6153 6152
f 2362 352 2377 6153
f 6153 2377 2378 6156
f 6156 2378 2379 6159
f 6159 2379 350 2380
f 6158 6159 2380 2381
f 6157 6158 2381 2382
f 2374 6157 2382 78
f 2375 6154 6157 2374
f 2376 6151 6154 2375
f 6160 6161 6164 6163
f 6161 6162 6165 6164
f 6163 6164 6167 6166
f 6164 6165 6168 6167
f 351 2386 6160 2385
f 2386 2387 6161 6160
f 2387 2388 6162 6161
f 2388 353 2367 6162
f 6162 2367 2366 6165
f 6165 2366 2365 6168
f 6168 2365 304 2376
f 6167 6168 2376 2375
f 6166 6167 2375 2374
f 2383 6166 2374 78
f 2384 6163 6166 2383
f 2385 6160 6163 2384
f 6169 6170 6173 6172
f 6170 6171 6174 6173
f 6172 6173 6176 6175
f 6173 6174 6177 6176
f 78 2382 6169 2391
f 2382 2381 6170 6169
f 2381 2380 6171 6170
f 2380 350 2392 6171
f 6171 2392 2393 6174
f 6174 2393 2394 6177
f 6177 2394 348 2395
f 6176 6177 2395 2396
f 6175 6176 2396 2397
f 2389 6175 2397 305
f 2390 6172 6175 2389
f 2391 6169 6172 2390
f 6178 6179 6182 6181
f 6179 6180 6183 6182
f 6181 6182 6185 6184
f 6182 6183 6186 6185
f 349 2401 6178 2400
f 2401 2402 6179 6178
f 2402 2403 6180 6179
f 2403 351 2385 6180
f 6180 2385 2384 6183
f 6183 2384 2383 6186
f 6186 2383 78 2391
f 6185 6186 2391 2390
f 6184 6185 2390 2389
f 2398 6184 2389 305
f 2399 6181 6184 2398
f 2400 6178 6181 2399
f 6187 6188 6191 6190
f 6188 6189 6192 6191
f 6190 6191 6194 6193
f 6191 6192 6195 6194
f 305 2397 6187 2406
f 2397 2396 6188 6187
f 2396 2395 6189 6188
f 2395 348 2407 6189
f 6189 2407 2408 6192
f 6192 2408 2409 6195
f 6195 2409 328 2193
f 6194 6195 2193 2192
f 6193 6194 2192 2191
f 2404 6193 2191 309
f 2405 6190 6193 2404
f 2406 6187 6190 2405
f 6196 6197 6200 6199
f 6197 6198 6201 6200
f 6199 6200 6203 6202
f 6200 6201 6204 6203
f 329 2410 6196 2200
f 2410 2411 6197 6196
f 2411 2412 6198 6197
f 2412 349 2400 6198
f 6198 2400 2399 6201
f 6201 2399 2398 6204
f 6204 2398 305 2406
f 6203 6204 2406 2405
f 6202 6203 2405 2404
f 2202 6202 2404 309
f 2201 6199 6202 2202
f 2200 6196 6199 2201
f 6205 6206 6209 6208
f 6206 6207 6210 6209
f 6208 6209 6212 6211
f 6209 6210 6213 6212
f 326 2295 6205 2329
f 2295 2294 6206 6205
f 2294 2293 6207 6206
f 2293 328 2409 6207
f 6207 2409 2408 6210
f 6210 2408 2407 6213
f 6213 2407 348 2413
f 6212 6213 2413 2414
f 6211 6212 2414 2415
f 2331 6211 2415 342
f 2330 6208 6211 2331
f 2329 6205 6208 2330
f 6214 6215 6218 6217
f 6215 6216 6219 6218
f 6217 6218 6221 6220
f 6218 6219 6222 6221
f 349 2412 6214 2418
f 2412 2411 6215 6214
f 2411 2410 6216 6215
f 2410 329 2304 6216
f 6216 2304 2303 6219
f 6219 2303 2302 6222
f 6222 2302 327 2334
f 6221 6222 2334 2333
f 6220 6221 2333 2332
f 2416 6220 2332 343
f 2417 6217 6220 2416
f 2418 6214 6217 2417
f 6223 6224 6227 6226
f 6224 6225 6228 6227
f 6226 6227 6230 6229
f 6227 6228 6231 6230
f 296 2166 6223 2421
f 2166 2165 6224 6223
f 2165 2164 6225 6224
f 2164 298 2422 6225
f 6225 2422 2423 6228
f 6228 2423 2424 6231
f 6231 2424 318 2425
f 6230 6231 2425 2426
f 6229 6230 2426 2427
f 2419 6229 2427 310
f 2420 6226 6229 2419
f 2421 6223 6226 2420
f 6232 6233 6236 6235
f 6233 6234 6237 6236
f 6235 6236 6239 6238
f 6236 6237 6240 6239
f 319 2431 6232 2430
f 2431 2432 6233 6232
f 2432 2433 6234 6233
f 2433 299 2169 6234
f 6234 2169 2168 6237
f 6237 2168 2167 6240
f 6240 2167 297 2434
f 6239 6240 2434 2435
f 6238 6239 2435 2436
f 2428 6238 2436 311
f 2429 6235 6238 2428
f 2430 6232 6235 2429
f 6241 6242 6245 6244
f 6242 6243 6246 6245
f 6244 6245 6248 6247
f 6245 6246 6249 6248
f 76 2440 6241 2439
f 2440 2441 6242 6241
f 2441 2442 6243 6242
f 2442 316 2443 6243
f 6243 2443 2444 6246
f 6246 2444 2445 6249
f 6249 2445 324 2358
f 6248 6249 2358 2357
f 6247 6248 2357 2356
f 2437 6247 2356 77
f 2438 6244 6247 2437
f 2439 6241 6244 2438
f 6250 6251 6254 6253
f 6251 6252 6255 6254
f 6253 6254 6257 6256
f 6254 6255 6258 6257
f 325 2446 6250 2371
f 2446 2447 6251 6250
f 2447 2448 6252 6251
f 2448 317 2449 6252
f 6252 2449 2450 6255
f 6255 2450 2451 6258
f 6258 2451 76 2439
f 6257 6258 2439 2438
f 6256 6257 2438 2437
f 2373 6256 2437 77
f 2372 6253 6256 2373
f 2371 6250 6253 2372
f 6259 6260 6263 6262
f 6260 6261 6264 6263
f 6262 6263 6266 6265
f 6263 6264 6267 6266
f 302 2455 6259 2454
f 2455 2456 6260 6259
f 2456 2457 6261 6260
f 2457 358 2458 6261
f 6261 2458 2459 6264
f 6264 2459 2460 6267
f 6267 2460 356 2461
f 6266 6267 2461 2462
f 6265 6266 2462 2463
f 2452 6265 2463 303
f 2453 6262 6265 2452
f 2454 6259 6262 2453
f 6268 6269 6272 6271
f 6269 6270 6273 6272
f 6271 6272 6275 6274
f 6272 6273 6276 6275
f 357 2467 6268 2466
f 2467 2468 6269 6268
f 2468 2469 6270 6269
f 2469 359 2470 6270
f 6270 2470 2471 6273
f 6273 2471 2472 6276
f 6276 2472 302 2454
f 6275 6276 2454 2453
f 6274 6275 2453 2452
f 2464 6274 2452 303
f 2465 6271 6274 2464
f 2466 6268 6271 2465
f 6277 6278 6281 6280
f 6278 6279 6282 6281
f 6280 6281 6284 6283
f 6281 6282 6285 6284
f 303 2463 6277 2475
f 2463 2462 6278 6277
f 2462 2461 6279 6278
f 2461 356 2476 6279
f 6279 2476 2477 6282
f 6282 2477 2478 6285
f 6285 2478 354 2479
f 6284 6285 2479 2480
f 6283 6284 2480 2481
f 2473 6283 2481 75
f 2474 6280 6283 2473
f 2475 6277 6280 2474
f 6286 6287 6290 6289
f 6287 6288 6291 6290
f 6289 6290 6293 6292
f 6290 6291 6294 6293
f 355 2485 6286 2484
f 2485 2486 6287 6286
f 2486 2487 6288 6287
f 2487 357 2466 6288
f 6288 2466 2465 6291
f 6291 2465 2464 6294
f 6294 2464 303 2475
f 6293 6294 2475 2474
f 6292 6293 2474 2473
f 2482 6292 2473 75
f 2483 6289 6292 2482
f 2484 6286 6289 2483
f 6295 6296 6299 6298
f 6296 6297 6300 6299
f 6298 6299 6302 6301
f 6299 6300 6303 6302
f 75 2481 6295 2490
f 2481 2480 6296 6295
f 2480 2479 6297 6296
f 2479 354 2491 6297
f 6297 2491 2492 6300
f 6300 2492 2493 6303
f 6303 2493 316 2442
f 6302 6303 2442 2441
f 6301 6302 2441 2440
f 2488 6301 2440 76
f 2489 6298 6301 2488
f 2490 6295 6298 2489
f 6304 6305 6308 6307
f 6305 6306 6309 6308
f 6307 6308 6311 6310
f 6308 6309 6312 6311
f 317 2494 6304 2449
f 2494 2495 6305 6304
f 2495 2496 6306 6305
f 2496 355 2484 6306
f 6306 2484 2483 6309
f 6309 2483 2482 6312
f 6312 2482 75 2490
f 6311 6312 2490 2489
f 6310 6311 2489 2488
f 2451 6310 2488 76
f 2450 6307 6310 2451
f 2449 6304 6307 2450
f 6313 6314 6317 6316
f 6314 6315 6318 6317
f 6316 6317 6320 6319
f 6317 6318 6321 6320
f 292 2142 6313 2499
f 2142 2141 6314 6313
f 2141 2140 6315 6314
f 2140 294 2500 6315
f 6315 2500 2501 6318
f 6318 2501 2502 6321
f 6321 2502 362 2503
f 6320 6321 2503 2504
f 6319 6320 2504 2505
f 2497 6319 2505 364
f 2498 6316 6319 2497
f 2499 6313 6316 2498
f 6322 6323 6326 6325
f 6323 6324 6327 6326
f 6325 6326 6329 6328
f 6326 6327 6330 6329
f 363 2509 6322 2508
f 2509 2510 6323 6322
f 2510 2511 6324 6323
f 2511 295 2145 6324
f 6324 2145 2144 6327
f 6327 2144 2143 6330
f 6330 2143 293 2512
f 6329 6330 2512 2513
f 6328 6329 2513 2514
f 2506 6328 2514 365
f 2507 6325 6328 2506
f 2508 6322 6325 2507
f 6331 6332 6335 6334
f 6332 6333 6336 6335
f 6334 6335 6338 6337
f 6335 6336 6339 6338
f 364 2505 6331 2517
f 2505 2504 6332 6331
f 2504 2503 6333 6332
f 2503 362 2518 6333
f 6333 2518 2519 6336
f 6336 2519 2520 6339
f 6339 2520 368 2521
f 6338 6339 2521 2522
f 6337 6338 2522 2523
f 2515 6337 2523 366
f 2516 6334 6337 2515
f 2517 6331 6334 2516
f 6340 6341 6344 6343
f 6341 6342 6345 6344
f 6343 6344 6347 6346
f 6344 6345 6348 6347
f 369 2527 6340 2526
f 2527 2528 6341 6340
f 2528 2529 6342 6341
f 2529 363 2508 6342
f 6342 2508 2507 6345
f 6345 2507 2506 6348
f 6348 2506 365 2530
f 6347 6348 2530 2531
f 6346 6347 2531 2532
f 2524 6346 2532 367
f 2525 6343 6346 2524
f 2526 6340 6343 2525
f 6349 6350 6353 6352
f 6350 6351 6354 6353
f 6352 6353 6356 6355
f 6353 6354 6357 6356
f 366 2523 6349 2535
f 2523 2522 6350 6349
f 2522 2521 6351 6350
f 2521 368 2536 6351
f 6351 2536 2537 6354
f 6354 2537 2538 6357
f 6357 2538 370 2539
f 6356 6357 2539 2540
f 6355 6356 2540 2541
f 2533 6355 2541 372
f 2534 6352 6355 2533
f 2535 6349 6352 2534
f 6358 6359 6362 6361
f 6359 6360 6363 6362
f 6361 6362 6365 6364
f 6362 6363 6366 6365
f 371 2545 6358 2544
f 2545 2546 6359 6358
f 2546 2547 6360 6359
f 2547 369 2526 6360
f 6360 2526 2525 6363
f 6363 2525 2524 6366
f 6366 2524 367 2548
f 6365 6366 2548 2549
f 6364 6365 2549 2550
f 2542 6364 2550 373
f 2543 6361 6364 2542
f 2544 6358 6361 2543
f 6367 6368 6371 6370
f 6368 6369 6372 6371
f 6370 6371 6374 6373
f 6371 6372 6375 6374
f 372 2541 6367 2553
f 2541 2540 6368 6367
f 2540 2539 6369 6368
f 2539 370 2554 6369
f 6369 2554 2555 6372
f 6372 2555 2556 6375
f 6375 2556 376 2557
f 6374 6375 2557 2558
f 6373 6374 2558 2559
f 2551 6373 2559 374
f 2552 6370 6373 2551
f 2553 6367 6370 2552
f 6376 6377 6380 6379
f 6377 6378 6381 6380
f 6379 6380 6383 6382
f 6380 6381 6384 6383
f 377 2563 6376 2562
f 2563 2564 6377 6376
f 2564 2565 6378 6377
f 2565 371 2544 6378
f 6378 2544 2543 6381
f 6381 2543 2542 6384
f 6384 2542 373 2566
f 6383 6384 2566 2567
f 6382 6383 2567 2568
f 2560 6382 2568 375
f 2561 6379 6382 2560
f 2562 6376 6379 2561
f 6385 6386 6389 6388
f 6386 6387 6390 6389
f 6388 6389 6392 6391
f 6389 6390 6393 6392
f 314 2572 6385 2571
f 2572 2573 6386 6385
f 2573 2574 6387 6386
f 2574 378 2575 6387
f 6387 2575 2576 6390
f 6390 2576 2577 6393
f 6393 2577 374 2559
f 6392 6393 2559 2558
f 6391 6392 2558 2557
f 2569 6391 2557 376
f 2570 6388 6391 2569
f 2571 6385 6388 2570
f 6394 6395 6398 6397
f 6395 6396 6399 6398
f 6397 6398 6401 6400
f 6398 6399 6402 6401
f 375 2578 6394 2560
f 2578 2579 6395 6394
f 2579 2580 6396 6395
f 2580 379 2581 6396
f 6396 2581 2582 6399
f 6399 2582 2583 6402
f 6402 2583 315 2584
f 6401 6402 2584 2585
f 6400 6401 2585 2586
f 2562 6400 2586 377
f 2561 6397 6400 2562
f 2560 6394 6397 2561
f 6403 6404 6407 6406
f 6404 6405 6408 6407
f 6406 6407 6410 6409
f 6407 6408 6411 6410
f 316 2493 6403 2589
f 2493 2492 6404 6403
f 2492 2491 6405 6404
f 2491 354 2590 6405
f 6405 2590 2591 6408
f 6408 2591 2592 6411
f 6411 2592 374 2577
f 6410 6411 2577 2576
f 6409 6410 2576 2575
f 2587 6409 2575 378
f 2588 6406 6409 2587
f 2589 6403 6406 2588
f 6412 6413 6416 6415
f 6413 6414 6417 6416
f 6415 6416 6419 6418
f 6416 6417 6420 6419
f 375 2593 6412 2578
f 2593 2594 6413 6412
f 2594 2595 6414 6413
f 2595 355 2496 6414
f 6414 2496 2495 6417
f 6417 2495 2494 6420
f 6420 2494 317 2596
f 6419 6420 2596 2597
f 6418 6419 2597 2598
f 2580 6418 2598 379
f 2579 6415 6418 2580
f 2578 6412 6415 2579
f 6421 6422 6425 6424
f 6422 6423 6426 6425
f 6424 6425 6428 6427
f 6425 6426 6429 6428
f 354 2478 6421 2590
f 2478 2477 6422 6421
f 2477 2476 6423 6422
f 2476 356 2599 6423
f 6423 2599 2600 6426
f 6426 2600 2601 6429
f 6429 2601 372 2553
f 6428 6429 2553 2552
f 6427 6428 2552 2551
f 2592 6427 2551 374
f 2591 6424 6427 2592
f 2590 6421 6424 2591
f 6430 6431 6434 6433
f 6431 6432 6435 6434
f 6433 6434 6437 6436
f 6434 6435 6438 6437
f 373 2602 6430 2566
f 2602 2603 6431 6430
f 2603 2604 6432 6431
f 2604 357 2487 6432
f 6432 2487 2486 6435
f 6435 2486 2485 6438
f 6438 2485 355 2595
f 6437 6438 2595 2594
f 6436 6437 2594 2593
f 2568 6436 2593 375
f 2567 6433 6436 2568
f 2566 6430 6433 2567
f 6439 6440 6443 6442
f 6440 6441 6444 6443
f 6442 6443 6446 6445
f 6443 6444 6447 6446
f 356 2460 6439 2599
f 2460 2459 6440 6439
f 2459 2458 6441 6440
f 2458 358 2605 6441
f 6441 2605 2606 6444
f 6444 2606 2607 6447
f 6447 2607 366 2535
f 6446 6447 2535 2534
f 6445 6446 2534 2533
f 2601 6445 2533 372
f 2600 6442 6445 2601
f 2599 6439 6442 2600
f 6448 6449 6452 6451
f 6449 6450 6453 6452
f 6451 6452 6455 6454
f 6452 6453 6456 6455
f 367 2608 6448 2548
f 2608 2609 6449 6448
f 2609 2610 6450 6449
f 2610 359 2469 6450
f 6450 2469 2468 6453
f 6453 2468 2467 6456
f 6456 2467 357 2604
f 6455 6456 2604 2603
f 6454 6455 2603 2602
f 2550 6454 2602 373
f 2549 6451 6454 2550
f 2548 6448 6451 2549
f 6457 6458 6461 6460
f 6458 6459 6462 6461
f 6460 6461 6464 6463
f 6461 6462 6465 6464
f 358 2611 6457 2605
f 2611 2612 6458 6457
f 2612 2613 6459 6458
f 2613 360 2614 6459
f 6459 2614 2615 6462
f 6462 2615 2616 6465
f 6465 2616 364 2517
f 6464 6465 2517 2516
f 6463 6464 2516 2515
f 2607 6463 2515 366
f 2606 6460 6463 2607
f 2605 6457 6460 2606
f 6466 6467 6470 6469
f 6467 6468 6471 6470
f 6469 6470 6473 6472
f 6470 6471 6474 6473
f 365 2617 6466 2530
f 2617 2618 6467 6466
f 2618 2619 6468 6467
f 2619 361 2620 6468
f 6468 2620 2621 6471
f 6471 2621 2622 6474
f 6474 2622 359 2610
f 6473 6474 2610 2609
f 6472 6473 2609 2608
f 2532 6472 2608 367
f 2531 6469 6472 2532
f 2530 6466 6469 2531
f 6475 6476 6479 6478
f 6476 6477 6480 6479
f 6478 6479 6482 6481
f 6479 6480 6483 6482
f 290 2130 6475 2625
f 2130 2129 6476 6475
f 2129 2128 6477 6476
f 2128 292 2499 6477
f 6477 2499 2498 6480
f 6480 2498 2497 6483
f 6483 2497 364 2616
f 6482 6483 2616 2615
f 6481 6482 2615 2614
f 2623 6481 2614 360
f 2624 6478 6481 2623
f 2625 6475 6478 2624
f 6484 6485 6488 6487
f 6485 6486 6489 6488
f 6487 6488 6491 6490
f 6488 6489 6492 6491
f 365 2514 6484 2617
f 2514 2513 6485 6484
f 2513 2512 6486 6485
f 2512 293 2133 6486
f 6486 2133 2132 6489
f 6489 2132 2131 6492
f 6492 2131 291 2626
f 6491 6492 2626 2627
f 6490 6491 2627 2628
f 2619 6490 2628 361
f 2618 6487 6490 2619
f 2617 6484 6487 2618
f 6493 6494 6497 6496
f 6494 6495 6498 6497
f 6496 6497 6500 6499
f 6497 6498 6501 6500
f 74 2632 6493 2631
f 2632 2633 6494 6493
f 2633 2634 6495 6494
f 2634 360 2613 6495
f 6495 2613 2612 6498
f 6498 2612 2611 6501
f 6501 2611 358 2457
f 6500 6501 2457 2456
f 6499 6500 2456 2455
f 2629 6499 2455 302
f 2630 6496 6499 2629
f 2631 6493 6496 2630
f 6502 6503 6506 6505
f 6503 6504 6507 6506
f 6505 6506 6509 6508
f 6506 6507 6510 6509
f 359 2622 6502 2470
f 2622 2621 6503 6502
f 2621 2620 6504 6503
f 2620 361 2635 6504
f 6504 2635 2636 6507
f 6507 2636 2637 6510
f 6510 2637 74 2631
f 6509 6510 2631 2630
f 6508 6509 2630 2629
f 2472 6508 2629 302
f 2471 6505 6508 2472
f 2470 6502 6505 2471
f 6511 6512 6515 6514
f 6512 6513 6516 6515
f 6514 6515 6518 6517
f 6515 6516 6519 6518
f 284 2094 6511 2640
f 2094 2093 6512 6511
f 2093 2092 6513 6512
f 2092 286 2106 6513
f 6513 2106 2105 6516
f 6516 2105 2104 6519
f 6519 2104 288 2118
f 6518 6519 2118 2117
f 6517 6518 2117 2116
f 2638 6517 2116 290
f 2639 6514 6517 2638
f 2640 6511 6514 2639
f 6520 6521 6524 6523
f 6521 6522 6525 6524
f 6523 6524 6527 6526
f 6524 6525 6528 6527
f 289 2109 6520 2119
f 2109 2108 6521 6520
f 2108 2107 6522 6521
f 2107 287 2097 6522
f 6522 2097 2096 6525
f 6525 2096 2095 6528
f 6528 2095 285 2641
f 6527 6528 2641 2642
f 6526 6527 2642 2643
f 2121 6526 2643 291
f 2120 6523 6526 2121
f 2119 6520 6523 2120
f 6529 6530 6533 6532
f 6530 6531 6534 6533
f 6532 6533 6536 6535
f 6533 6534 6537 6536
f 284 2640 6529 2646
f 2640 2639 6530 6529
f 2639 2638 6531 6530
f 2638 290 2625 6531
f 6531 2625 2624 6534
f 6534 2624 2623 6537
f 6537 2623 360 2634
f 6536 6537 2634 2633
f 6535 6536 2633 2632
f 2644 6535 2632 74
f 2645 6532 6535 2644
f 2646 6529 6532 2645
f 6538 6539 6542 6541
f 6539 6540 6543 6542
f 6541 6542 6545 6544
f 6542 6543 6546 6545
f 361 2628 6538 2635
f 2628 2627 6539 6538
f 2627 2626 6540 6539
f 2626 291 2643 6540
f 6540 2643 2642 6543
f 6543 2642 2641 6546
f 6546 2641 285 2647
f 6545 6546 2647 2648
f 6544 6545 2648 2649
f 2637 6544 2649 74
f 2636 6541 6544 2637
f 2635 6538 6541 2636
f 6548 6549 6547 6553
f 6550 6551 6547 6549
f 6552 6553 6547 6551
f 73 2082 6548 2652
f 2082 2081 6549 6548
f 2652 6548 6553 2651
f 284 2646 6550 2080
f 2646 2645 6551 6550
f 2080 6550 6549 2081
f 74 2650 6552 2644
f 2650 2651 6553 6552
f 2644 6552 6551 2645
f 6555 6556 6554 6560
f 6557 6558 6554 6556
f 6559 6560 6554 6558
f 74 2649 6555 2650
f 2649 2648 6556 6555
f 2650 6555 6560 2651
f 285 2085 6557 2647
f 2085 2084 6558 6557
f 2647 6557 6556 2648
f 73 2652 6559 2083
f 2652 2651 6560 6559
f 2083 6559 6558 2084
f 6561 6562 6565 6564
f 6562 6563 6566 6565
f 6564 6565 6568 6567
f 6565 6566 6569 6568
f 294 2154 6561 2500
f 2154 2153 6562 6561
f 2153 2152 6563 6562
f 2152 296 2421 6563
f 6563 2421 2420 6566
f 6566 2420 2419 6569
f 6569 2419 310 2653
f 6568 6569 2653 2654
f 6567 6568 2654 2655
f 2502 6567 2655 362
f 2501 6564 6567 2502
f 2500 6561 6564 2501
f 6570 6571 6574 6573
f 6571 6572 6575 6574
f 6573 6574 6577 6576
f 6574 6575 6578 6577
f 311 2436 6570 2658
f 2436 2435 6571 6570
f 2435 2434 6572 6571
f 2434 297 2157 6572
f 6572 2157 2156 6575
f 6575 2156 2155 6578
f 6578 2155 295 2511
f 6577 6578 2511 2510
f 6576 6577 2510 2509
f 2656 6576 2509 363
f 2657 6573 6576 2656
f 2658 6570 6573 2657
f 6579 6580 6583 6582
f 6580 6581 6584 6583
f 6582 6583 6586 6585
f 6583 6584 6587 6586
f 310 2659 6579 2653
f 2659 2660 6580 6579
f 2660 2661 6581 6580
f 2661 312 2662 6581
f 6581 2662 2663 6584
f 6584 2663 2664 6587
f 6587 2664 368 2520
f 6586 6587 2520 2519
f 6585 6586 2519 2518
f 2655 6585 2518 362
f 2654 6582 6585 2655
f 2653 6579 6582 2654
f 6588 6589 6592 6591
f 6589 6590 6593 6592
f 6591 6592 6595 6594
f 6592 6593 6596 6595
f 369 2665 6588 2527
f 2665 2666 6589 6588
f 2666 2667 6590 6589
f 2667 313 2668 6590
f 6590 2668 2669 6593
f 6593 2669 2670 6596
f 6596 2670 311 2658
f 6595 6596 2658 2657
f 6594 6595 2657 2656
f 2529 6594 2656 363
f 2528 6591 6594 2529
f 2527 6588 6591 2528
f 6597 6598 6601 6600
f 6598 6599 6602 6601
f 6600 6601 6604 6603
f 6601 6602 6605 6604
f 312 2671 6597 2662
f 2671 2672 6598 6597
f 2672 2673 6599 6598
f 2673 382 2674 6599
f 6599 2674 2675 6602
f 6602 2675 2676 6605
f 6605 2676 370 2538
f 6604 6605 2538 2537
f 6603 6604 2537 2536
f 2664 6603 2536 368
f 2663 6600 6603 2664
f 2662 6597 6600 2663
f 6606 6607 6610 6609
f 6607 6608 6611 6610
f 6609 6610 6613 6612
f 6610 6611 6614 6613
f 371 2677 6606 2545
f 2677 2678 6607 6606
f 2678 2679 6608 6607
f 2679 383 2680 6608
f 6608 2680 2681 6611
f 6611 2681 2682 6614
f 6614 2682 313 2667
f 6613 6614 2667 2666
f 6612 6613 2666 2665
f 2547 6612 2665 369
f 2546 6609 6612 2547
f 2545 6606 6609 2546
f 6615 6616 6619 6618
f 6616 6617 6620 6619
f 6618 6619 6622 6621
f 6619 6620 6623 6622
f 314 2571 6615 2685
f 2571 2570 6616 6615
f 2570 2569 6617 6616
f 2569 376 2556 6617
f 6617 2556 2555 6620
f 6620 2555 2554 6623
f 6623 2554 370 2676
f 6622 6623 2676 2675
f 6621 6622 2675 2674
f 2683 6621 2674 382
f 2684 6618 6621 2683
f 2685 6615 6618 2684
f 6624 6625 6628 6627
f 6625 6626 6629 6628
f 6627 6628 6631 6630
f 6628 6629 6632 6631
f 371 2565 6624 2677
f 2565 2564 6625 6624
f 2564 2563 6626 6625
f 2563 377 2586 6626
f 6626 2586 2585 6629
f 6629 2585 2584 6632
f 6632 2584 315 2686
f 6631 6632 2686 2687
f 6630 6631 2687 2688
f 2679 6630 2688 383
f 2678 6627 6630 2679
f 2677 6624 6627 2678
f 6633 6634 6637 6636
f 6634 6635 6638 6637
f 6636 6637 6640 6639
f 6637 6638 6641 6640
f 348 2394 6633 2691
f 2394 2393 6634 6633
f 2393 2392 6635 6634
f 2392 350 2692 6635
f 6635 2692 2693 6638
f 6638 2693 2694 6641
f 6641 2694 386 2695
f 6640 6641 2695 2696
f 6639 6640 2696 2697
f 2689 6639 2697 384
f 2690 6636 6639 2689
f 2691 6633 6636 2690
f 6642 6643 6646 6645
f 6643 6644 6647 6646
f 6645 6646 6649 6648
f 6646 6647 6650 6649
f 387 2701 6642 2700
f 2701 2702 6643 6642
f 2702 2703 6644 6643
f 2703 351 2403 6644
f 6644 2403 2402 6647
f 6647 2402 2401 6650
f 6650 2401 349 2704
f 6649 6650 2704 2705
f 6648 6649 2705 2706
f 2698 6648 2706 385
f 2699 6645 6648 2698
f 2700 6642 6645 2699
f 6651 6652 6655 6654
f 6652 6653 6656 6655
f 6654 6655 6658 6657
f 6655 6656 6659 6658
f 318 2710 6651 2709
f 2710 2711 6652 6651
f 2711 2712 6653 6652
f 2712 384 2697 6653
f 6653 2697 2696 6656
f 6656 2696 2695 6659
f 6659 2695 386 2713
f 6658 6659 2713 2714
f 6657 6658 2714 2715
f 2707 6657 2715 320
f 2708 6654 6657 2707
f 2709 6651 6654 2708
f 6660 6661 6664 6663
f 6661 6662 6665 6664
f 6663 6664 6667 6666
f 6664 6665 6668 6667
f 387 2700 6660 2718
f 2700 2699 6661 6660
f 2699 2698 6662 6661
f 2698 385 2719 6662
f 6662 2719 2720 6665
f 6665 2720 2721 6668
f 6668 2721 319 2722
f 6667 6668 2722 2723
f 6666 6667 2723 2724
f 2716 6666 2724 321
f 2717 6663 6666 2716
f 2718 6660 6663 2717
f 6669 6670 6673 6672
f 6670 6671 6674 6673
f 6672 6673 6676 6675
f 6673 6674 6677 6676
f 298 2178 6669 2422
f 2178 2177 6670 6669
f 2177 2176 6671 6670
f 2176 300 2725 6671
f 6671 2725 2726 6674
f 6674 2726 2727 6677
f 6677 2727 384 2712
f 6676 6677 2712 2711
f 6675 6676 2711 2710
f 2424 6675 2710 318
f 2423 6672 6675 2424
f 2422 6669 6672 2423
f 6678 6679 6682 6681
f 6679 6680 6683 6682
f 6681 6682 6685 6684
f 6682 6683 6686 6685
f 385 2728 6678 2719
f 2728 2729 6679 6678
f 2729 2730 6680 6679
f 2730 301 2181 6680
f 6680 2181 2180 6683
f 6683 2180 2179 6686
f 6686 2179 299 2433
f 6685 6686 2433 2432
f 6684 6685 2432 2431
f 2721 6684 2431 319
f 2720 6681 6684 2721
f 2719 6678 6681 2720
f 6687 6688 6691 6690
f 6688 6689 6692 6691
f 6690 6691 6694 6693
f 6691 6692 6695 6694
f 300 2731 6687 2725
f 2731 2732 6688 6687
f 2732 2733 6689 6688
f 2733 344 2316 6689
f 6689 2316 2315 6692
f 6692 2315 2314 6695
f 6695 2314 342 2734
f 6694 6695 2734 2735
f 6693 6694 2735 2736
f 2727 6693 2736 384
f 2726 6690 6693 2727
f 2725 6687 6690 2726
f 6696 6697 6700 6699
f 6697 6698 6701 6700
f 6699 6700 6703 6702
f 6700 6701 6704 6703
f 343 2325 6696 2739
f 2325 2324 6697 6696
f 2324 2323 6698 6697
f 2323 345 2740 6698
f 6698 2740 2741 6701
f 6701 2741 2742 6704
f 6704 2742 301 2730
f 6703 6704 2730 2729
f 6702 6703 2729 2728
f 2737 6702 2728 385
f 2738 6699 6702 2737
f 2739 6696 6699 2738
f 6706 6707 6705 6711
f 6708 6709 6705 6707
f 6710 6711 6705 6709
f 342 2415 6706 2734
f 2415 2414 6707 6706
f 2734 6706 6711 2735
f 348 2691 6708 2413
f 2691 2690 6709 6708
f 2413 6708 6707 2414
f 384 2736 6710 2689
f 2736 2735 6711 6710
f 2689 6710 6709 2690
f 6713 6714 6712 6718
f 6715 6716 6712 6714
f 6717 6718 6712 6716
f 385 2706 6713 2737
f 2706 2705 6714 6713
f 2737 6713 6718 2738
f 349 2418 6715 2704
f 2418 2417 6716 6715
f 2704 6715 6714 2705
f 343 2739 6717 2416
f 2739 2738 6718 6717
f 2416 6717 6716 2417
f 6720 6721 6719 6725
f 6722 6723 6719 6721
f 6724 6725 6719 6723
f 300 2349 6720 2731
f 2349 2348 6721 6720
f 2731 6720 6725 2732
f 346 2340 6722 2347
f 2340 2339 6723 6722
f 2347 6722 6721 2348
f 344 2733 6724 2338
f 2733 2732 6725 6724
f 2338 6724 6723 2339
f 6727 6728 6726 6732
f 6729 6730 6726 6728
f 6731 6732 6726 6730
f 345 2343 6727 2740
f 2343 2342 6728 6727
f 2740 6727 6732 2741
f 347 2352 6729 2341
f 2352 2351 6730 6729
f 2341 6729 6728 2342
f 301 2742 6731 2350
f 2742 2741 6732 6731
f 2350 6731 6730 2351
f 6733 6734 6737 6736
f 6734 6735 6738 6737
f 6736 6737 6740 6739
f 6737 6738 6741 6740
f 314 2743 6733 2572
f 2743 2744 6734 6733
f 2744 2745 6735 6734
f 2745 322 2746 6735
f 6735 2746 2747 6738
f 6738 2747 2748 6741
f 6741 2748 380 2749
f 6740 6741 2749 2750
f 6739 6740 2750 2751
f 2574 6739 2751 378
f 2573 6736 6739 2574
f 2572 6733 6736 2573
f 6742 6743 6746 6745
f 6743 6744 6747 6746
f 6745 6746 6749 6748
f 6746 6747 6750 6749
f 381 2755 6742 2754
f 2755 2756 6743 6742
f 2756 2757 6744 6743
f 2757 323 2758 6744
f 6744 2758 2759 6747
f 6747 2759 2760 6750
f 6750 2760 315 2583
f 6749 6750 2583 2582
f 6748 6749 2582 2581
f 2752 6748 2581 379
f 2753 6745 6748 2752
f 2754 6742 6745 2753
f 6751 6752 6755 6754
f 6752 6753 6756 6755
f 6754 6755 6758 6757
f 6755 6756 6759 6758
f 316 2589 6751 2443
f 2589 2588 6752 6751
f 2588 2587 6753 6752
f 2587 378 2751 6753
f 6753 2751 2750 6756
f 6756 2750 2749 6759
f 6759 2749 380 2761
f 6758 6759 2761 2762
f 6757 6758 2762 2763
f 2445 6757 2763 324
f 2444 6754 6757 2445
f 2443 6751 6754 2444
f 6760 6761 6764 6763
f 6761 6762 6765 6764
f 6763 6764 6767 6766
f 6764 6765 6768 6767
f 381 2754 6760 2766
f 2754 2753 6761 6760
f 2753 2752 6762 6761
f 2752 379 2598 6762
f 6762 2598 2597 6765
f 6765 2597 2596 6768
f 6768 2596 317 2448
f 6767 6768 2448 2447
f 6766 6767 2447 2446
f 2764 6766 2446 325
f 2765 6763 6766 2764
f 2766 6760 6763 2765
f 6769 6770 6773 6772
f 6770 6771 6774 6773
f 6772 6773 6776 6775
f 6773 6774 6777 6776
f 320 2715 6769 2769
f 2715 2714 6770 6769
f 2714 2713 6771 6770
f 2713 386 2770 6771
f 6771 2770 2771 6774
f 6774 2771 2772 6777
f 6777 2772 380 2748
f 6776 6777 2748 2747
f 6775 6776 2747 2746
f 2767 6775 2746 322
f 2768 6772 6775 2767
f 2769 6769 6772 2768
f 6778 6779 6782 6781
f 6779 6780 6783 6782
f 6781 6782 6785 6784
f 6782 6783 6786 6785
f 381 2773 6778 2755
f 2773 2774 6779 6778
f 2774 2775 6780 6779
f 2775 387 2718 6780
f 6780 2718 2717 6783
f 6783 2717 2716 6786
f 6786 2716 321 2776
f 6785 6786 2776 2777
f 6784 6785 2777 2778
f 2757 6784 2778 323
f 2756 6781 6784 2757
f 2755 6778 6781 2756
f 6787 6788 6791 6790
f 6788 6789 6792 6791
f 6790 6791 6794 6793
f 6791 6792 6795 6794
f 350 2379 6787 2692
f 2379 2378 6788 6787
f 2378 2377 6789 6788
f 2377 352 2779 6789
f 6789 2779 2780 6792
f 6792 2780 2781 6795
f 6795 2781 380 2772
f 6794 6795 2772 2771
f 6793 6794 2771 2770
f 2694 6793 2770 386
f 2693 6790 6793 2694
f 2692 6787 6790 2693
f 6796 6797 6800 6799
f 6797 6798 6801 6800
f 6799 6800 6803 6802
f 6800 6801 6804 6803
f 381 2782 6796 2773
f 2782 2783 6797 6796
f 2783 2784 6798 6797
f 2784 353 2388 6798
f 6798 2388 2387 6801
f 6801 2387 2386 6804
f 6804 2386 351 2703
f 6803 6804 2703 2702
f 6802 6803 2702 2701
f 2775 6802 2701 387
f 2774 6799 6802 2775
f 2773 6796 6799 2774
f 6806 6807 6805 6811
f 6808 6809 6805 6807
f 6810 6811 6805 6809
f 324 2763 6806 2359
f 2763 2762 6807 6806
f 2359 6806 6811 2360
f 380 2781 6808 2761
f 2781 2780 6809 6808
f 2761 6808 6807 2762
f 352 2361 6810 2779
f 2361 2360 6811 6810
f 2779 6810 6809 2780
f 6813 6814 6812 6818
f 6815 6816 6812 6814
f 6817 6818 6812 6816
f 353 2784 6813 2368
f 2784 2783 6814 6813
f 2368 6813 6818 2369
f 381 2766 6815 2782
f 2766 2765 6816 6815
f 2782 6815 6814 2783
f 325 2370 6817 2764
f 2370 2369 6818 6817
f 2764 6817 6816 2765
f 6819 6820 6823 6822
f 6820 6821 6824 6823
f 6822 6823 6826 6825
f 6823 6824 6827 6826
f 400 2788 6819 2787
f 2788 2789 6820 6819
f 2789 2790 6821 6820
f 2790 388 2791 6821
f 6821 2791 2792 6824
f 6824 2792 2793 6827
f 6827 2793 414 2794
f 6826 6827 2794 2795
f 6825 6826 2795 2796
f 2785 6825 2796 402
f 2786 6822 6825 2785
f 2787 6819 6822 2786
f 6828 6829 6832 6831
f 6829 6830 6833 6832
f 6831 6832 6835 6834
f 6832 6833 6836 6835
f 415 2800 6828 2799
f 2800 2801 6829 6828
f 2801 2802 6830 6829
f 2802 389 2803 6830
f 6830 2803 2804 6833
f 6833 2804 2805 6836
f 6836 2805 401 2806
f 6835 6836 2806 2807
f 6834 6835 2807 2808
f 2797 6834 2808 403
f 2798 6831 6834 2797
f 2799 6828 6831 2798
f 6837 6838 6841 6840
f 6838 6839 6842 6841
f 6840 6841 6844 6843
f 6841 6842 6845 6844
f 400 2787 6837 2811
f 2787 2786 6838 6837
f 2786 2785 6839 6838
f 2785 402 2812 6839
f 6839 2812 2813 6842
f 6842 2813 2814 6845
f 6845 2814 404 2815
f 6844 6845 2815 2816
f 6843 6844 2816 2817
f 2809 6843 2817 398
f 2810 6840 6843 2809
f 2811 6837 6840 2810
f 6846 6847 6850 6849
f 6847 6848 6851 6850
f 6849 6850 6853 6852
f 6850 6851 6854 6853
f 405 2821 6846 2820
f 2821 2822 6847 6846
f 2822 2823 6848 6847
f 2823 403 2808 6848
f 6848 2808 2807 6851
f 6851 2807 2806 6854
f 6854 2806 401 2824
f 6853 6854 2824 2825
f 6852 6853 2825 2826
f 2818 6852 2826 399
f 2819 6849 6852 2818
f 2820 6846 6849 2819
f 6855 6856 6859 6858
f 6856 6857 6860 6859
f 6858 6859 6862 6861
f 6859 6860 6863 6862
f 398 2817 6855 2829
f 2817 2816 6856 6855
f 2816 2815 6857 6856
f 2815 404 2830 6857
f 6857 2830 2831 6860
f 6860 2831 2832 6863
f 6863 2832 406 2833
f 6862 6863 2833 2834
f 6861 6862 2834 2835
f 2827 6861 2835 396
f 2828 6858 6861 2827
f 2829 6855 6858 2828
f 6864 6865 6868 6867
f 6865 6866 6869 6868
f 6867 6868 6871 6870
f 6868 6869 6872 6871
f 407 2839 6864 2838
f 2839 2840 6865 6864
f 2840 2841 6866 6865
f 2841 405 2820 6866
f 6866 2820 2819 6869
f 6869 2819 2818 6872
f 6872 2818 399 2842
f 6871 6872 2842 2843
f 6870 6871 2843 2844
f 2836 6870 2844 397
f 2837 6867 6870 2836
f 2838 6864 6867 2837
f 6873 6874 6877 6876
f 6874 6875 6878 6877
f 6876 6877 6880 6879
f 6877 6878 6881 6880
f 396 2835 6873 2847
f 2835 2834 6874 6873
f 2834 2833 6875 6874
f 2833 406 2848 6875
f 6875 2848 2849 6878
f 6878 2849 2850 6881
f 6881 2850 408 2851
f 6880 6881 2851 2852
f 6879 6880 2852 2853
f 2845 6879 2853 394
f 2846 6876 6879 2845
f 2847 6873 6876 2846
f 6882 6883 6886 6885
f 6883 6884 6887 6886
f 6885 6886 6889 6888
f 6886 6887 6890 6889
f 409 2857 6882 2856
f 2857 2858 6883 6882
f 2858 2859 6884 6883
f 2859 407 2838 6884
f 6884 2838 2837 6887
f 6887 2837 2836 6890
f 6890 2836 397 2860
f 6889 6890 2860 2861
f 6888 6889 2861 2862
f 2854 6888 2862 395
f 2855 6885 6888 2854
f 2856 6882 6885 2855
f 6891 6892 6895 6894
f 6892 6893 6896 6895
f 6894 6895 6898 6897
f 6895 6896 6899 6898
f 394 2853 6891 2865
f 2853 2852 6892 6891
f 2852 2851 6893 6892
f 2851 408 2866 6893
f 6893 2866 2867 6896
f 6896 2867 2868 6899
f 6899 2868 410 2869
f 6898 6899 2869 2870
f 6897 6898 2870 2871
f 2863 6897 2871 392
f 2864 6894 6897 2863
f 2865 6891 6894 2864
f 6900 6901 6904 6903
f 6901 6902 6905 6904
f 6903 6904 6907 6906
f 6904 6905 6908 6907
f 411 2875 6900 2874
f 2875 2876 6901 6900
f 2876 2877 6902 6901
f 2877 409 2856 6902
f 6902 2856 2855 6905
f 6905 2855 2854 6908
f 6908 2854 395 2878
f 6907 6908 2878 2879
f 6906 6907 2879 2880
f 2872 6906 2880 393
f 2873 6903 6906 2872
f 2874 6900 6903 2873
f 6909 6910 6913 6912
f 6910 6911 6914 6913
f 6912 6913 6916 6915
f 6913 6914 6917 6916
f 392 2871 6909 2883
f 2871 2870 6910 6909
f 2870 2869 6911 6910
f 2869 410 2884 6911
f 6911 2884 2885 6914
f 6914 2885 2886 6917
f 6917 2886 412 2887
f 6916 6917 2887 2888
f 6915 6916 2888 2889
f 2881 6915 2889 390
f 2882 6912 6915 2881
f 2883 6909 6912 2882
f 6918 6919 6922 6921
f 6919 6920 6923 6922
f 6921 6922 6925 6924
f 6922 6923 6926 6925
f 413 2893 6918 2892
f 2893 2894 6919 6918
f 2894 2895 6920 6919
f 2895 411 2874 6920
f 6920 2874 2873 6923
f 6923 2873 2872 6926
f 6926 2872 393 2896
f 6925 6926 2896 2897
f 6924 6925 2897 2898
f 2890 6924 2898 391
f 2891 6921 6924 2890
f 2892 6918 6921 2891
f 6927 6928 6931 6930
f 6928 6929 6932 6931
f 6930 6931 6934 6933
f 6931 6932 6935 6934
f 410 2899 6927 2884
f 2899 2900 6928 6927
f 2900 2901 6929 6928
f 2901 420 2902 6929
f 6929 2902 2903 6932
f 6932 2903 2904 6935
f 6935 2904 418 2905
f 6934 6935 2905 2906
f 6933 6934 2906 2907
f 2886 6933 2907 412
f 2885 6930 6933 2886
f 2884 6927 6930 2885
f 6936 6937 6940 6939
f 6937 6938 6941 6940
f 6939 6940 6943 6942
f 6940 6941 6944 6943
f 419 2911 6936 2910
f 2911 2912 6937 6936
f 2912 2913 6938 6937
f 2913 421 2914 6938
f 6938 2914 2915 6941
f 6941 2915 2916 6944
f 6944 2916 411 2895
f 6943 6944 2895 2894
f 6942 6943 2894 2893
f 2908 6942 2893 413
f 2909 6939 6942 2908
f 2910 6936 6939 2909
f 6945 6946 6949 6948
f 6946 6947 6950 6949
f 6948 6949 6952 6951
f 6949 6950 6953 6952
f 408 2917 6945 2866
f 2917 2918 6946 6945
f 2918 2919 6947 6946
f 2919 422 2920 6947
f 6947 2920 2921 6950
f 6950 2921 2922 6953
f 6953 2922 420 2901
f 6952 6953 2901 2900
f 6951 6952 2900 2899
f 2868 6951 2899 410
f 2867 6948 6951 2868
f 2866 6945 6948 2867
f 6954 6955 6958 6957
f 6955 6956 6959 6958
f 6957 6958 6961 6960
f 6958 6959 6962 6961
f 421 2923 6954 2914
f 2923 2924 6955 6954
f 2924 2925 6956 6955
f 2925 423 2926 6956
f 6956 2926 2927 6959
f 6959 2927 2928 6962
f 6962 2928 409 2877
f 6961 6962 2877 2876
f 6960 6961 2876 2875
f 2916 6960 2875 411
f 2915 6957 6960 2916
f 2914 6954 6957 2915
f 6963 6964 6967 6966
f 6964 6965 6968 6967
f 6966 6967 6970 6969
f 6967 6968 6971 6970
f 406 2929 6963 2848
f 2929 2930 6964 6963
f 2930 2931 6965 6964
f 2931 424 2932 6965
f 6965 2932 2933 6968
f 6968 2933 2934 6971
f 6971 2934 422 2919
f 6970 6971 2919 2918
f 6969 6970 2918 2917
f 2850 6969 2917 408
f 2849 6966 6969 2850
f 2848 6963 6966 2849
f 6972 6973 6976 6975
f 6973 6974 6977 6976
f 6975 6976 6979 6978
f 6976 6977 6980 6979
f 423 2935 6972 2926
f 2935 2936 6973 6972
f 2936 2937 6974 6973
f 2937 425 2938 6974
f 6974 2938 2939 6977
f 6977 2939 2940 6980
f 6980 2940 407 2859
f 6979 6980 2859 2858
f 6978 6979 2858 2857
f 2928 6978 2857 409
f 2927 6975 6978 2928
f 2926 6972 6975 2927
f 6981 6982 6985 6984
f 6982 6983 6986 6985
f 6984 6985 6988 6987
f 6985 6986 6989 6988
f 404 2941 6981 2830
f 2941 2942 6982 6981
f 2942 2943 6983 6982
f 2943 426 2944 6983
f 6983 2944 2945 6986
f 6986 2945 2946 6989
f 6989 2946 424 2931
f 6988 6989 2931 2930
f 6987 6988 2930 2929
f 2832 6987 2929 406
f 2831 6984 6987 2832
f 2830 6981 6984 2831
f 6990 6991 6994 6993
f 6991 6992 6995 6994
f 6993 6994 6997 6996
f 6994 6995 6998 6997
f 425 2947 6990 2938
f 2947 2948 6991 6990
f 2948 2949 6992 6991
f 2949 427 2950 6992
f 6992 2950 2951 6995
f 6995 2951 2952 6998
f 6998 2952 405 2841
f 6997 6998 2841 2840
f 6996 6997 2840 2839
f 2940 6996 2839 407
f 2939 6993 6996 2940
f 2938 6990 6993 2939
f 6999 7000 7003 7002
f 7000 7001 7004 7003
f 7002 7003 7006 7005
f 7003 7004 7007 7006
f 402 2953 6999 2812
f 2953 2954 7000 6999
f 2954 2955 7001 7000
f 2955 428 2956 7001
f 7001 2956 2957 7004
f 7004 2957 2958 7007
f 7007 2958 426 2943
f 7006 7007 2943 2942
f 7005 7006 2942 2941
f 2814 7005 2941 404
f 2813 7002 7005 2814
f 2812 6999 7002 2813
f 7008 7009 7012 7011
f 7009 7010 7013 7012
f 7011 7012 7015 7014
f 7012 7013 7016 7015
f 427 2959 7008 2950
f 2959 2960 7009 7008
f 2960 2961 7010 7009
f 2961 429 2962 7010
f 7010 2962 2963 7013
f 7013 2963 2964 7016
f 7016 2964 403 2823
f 7015 7016 2823 2822
f 7014 7015 2822 2821
f 2952 7014 2821 405
f 2951 7011 7014 2952
f 2950 7008 7011 2951
f 7017 7018 7021 7020
f 7018 7019 7022 7021
f 7020 7021 7024 7023
f 7021 7022 7025 7024
f 402 2796 7017 2953
f 2796 2795 7018 7017
f 2795 2794 7019 7018
f 2794 414 2965 7019
f 7019 2965 2966 7022
f 7022 2966 2967 7025
f 7025 2967 416 2968
f 7024 7025 2968 2969
f 7023 7024 2969 2970
f 2955 7023 2970 428
f 2954 7020 7023 2955
f 2953 7017 7020 2954
f 7026 7027 7030 7029
f 7027 7028 7031 7030
f 7029 7030 7033 7032
f 7030 7031 7034 7033
f 417 2974 7026 2973
f 2974 2975 7027 7026
f 2975 2976 7028 7027
f 2976 415 2799 7028
f 7028 2799 2798 7031
f 7031 2798 2797 7034
f 7034 2797 403 2964
f 7033 7034 2964 2963
f 7032 7033 2963 2962
f 2971 7032 2962 429
f 2972 7029 7032 2971
f 2973 7026 7029 2972
f 7035 7036 7039 7038
f 7036 7037 7040 7039
f 7038 7039 7042 7041
f 7039 7040 7043 7042
f 318 2709 7035 2979
f 2709 2708 7036 7035
f 2708 2707 7037 7036
f 2707 320 2980 7037
f 7037 2980 2981 7040
f 7040 2981 2982 7043
f 7043 2982 444 2983
f 7042 7043 2983 2984
f 7041 7042 2984 2985
f 2977 7041 2985 442
f 2978 7038 7041 2977
f 2979 7035 7038 2978
f 7044 7045 7048 7047
f 7045 7046 7049 7048
f 7047 7048 7051 7050
f 7048 7049 7052 7051
f 445 2989 7044 2988
f 2989 2990 7045 7044
f 2990 2991 7046 7045
f 2991 321 2724 7046
f 7046 2724 2723 7049
f 7049 2723 2722 7052
f 7052 2722 319 2992
f 7051 7052 2992 2993
f 7050 7051 2993 2994
f 2986 7050 2994 443
f 2987 7047 7050 2986
f 2988 7044 7047 2987
f 7053 7054 7057 7056
f 7054 7055 7058 7057
f 7056 7057 7060 7059
f 7057 7058 7061 7060
f 320 2995 7053 2980
f 2995 2996 7054 7053
f 2996 2997 7055 7054
f 2997 390 2889 7055
f 7055 2889 2888 7058
f 7058 2888 2887 7061
f 7061 2887 412 2998
f 7060 7061 2998 2999
f 7059 7060 2999 3000
f 2982 7059 3000 444
f 2981 7056 7059 2982
f 2980 7053 7056 2981
f 7062 7063 7066 7065
f 7063 7064 7067 7066
f 7065 7066 7069 7068
f 7066 7067 7070 7069
f 413 2892 7062 3003
f 2892 2891 7063 7062
f 2891 2890 7064 7063
f 2890 391 3004 7064
f 7064 3004 3005 7067
f 7067 3005 3006 7070
f 7070 3006 321 2991
f 7069 7070 2991 2990
f 7068 7069 2990 2989
f 3001 7068 2989 445
f 3002 7065 7068 3001
f 3003 7062 7065 3002
f 7071 7072 7075 7074
f 7072 7073 7076 7075
f 7074 7075 7078 7077
f 7075 7076 7079 7078
f 310 2427 7071 2659
f 2427 2426 7072 7071
f 2426 2425 7073 7072
f 2425 318 2979 7073
f 7073 2979 2978 7076
f 7076 2978 2977 7079
f 7079 2977 442 3007
f 7078 7079 3007 3008
f 7077 7078 3008 3009
f 2661 7077 3009 312
f 2660 7074 7077 2661
f 2659 7071 7074 2660
f 7080 7081 7084 7083
f 7081 7082 7085 7084
f 7083 7084 7087 7086
f 7084 7085 7088 7087
f 443 2994 7080 3012
f 2994 2993 7081 7080
f 2993 2992 7082 7081
f 2992 319 2430 7082
f 7082 2430 2429 7085
f 7085 2429 2428 7088
f 7088 2428 311 2670
f 7087 7088 2670 2669
f 7086 7087 2669 2668
f 3010 7086 2668 313
f 3011 7083 7086 3010
f 3012 7080 7083 3011
f 7089 7090 7093 7092
f 7090 7091 7094 7093
f 7092 7093 7096 7095
f 7093 7094 7097 7096
f 382 3016 7089 3015
f 3016 3017 7090 7089
f 3017 3018 7091 7090
f 3018 430 3019 7091
f 7091 3019 3020 7094
f 7094 3020 3021 7097
f 7097 3021 414 2793
f 7096 7097 2793 2792
f 7095 7096 2792 2791
f 3013 7095 2791 388
f 3014 7092 7095 3013
f 3015 7089 7092 3014
f 7098 7099 7102 7101
f 7099 7100 7103 7102
f 7101 7102 7105 7104
f 7102 7103 7106 7105
f 415 3022 7098 2800
f 3022 3023 7099 7098
f 3023 3024 7100 7099
f 3024 431 3025 7100
f 7100 3025 3026 7103
f 7103 3026 3027 7106
f 7106 3027 383 3028
f 7105 7106 3028 3029
f 7104 7105 3029 3030
f 2802 7104 3030 389
f 2801 7101 7104 2802
f 2800 7098 7101 2801
f 7107 7108 7111 7110
f 7108 7109 7112 7111
f 7110 7111 7114 7113
f 7111 7112 7115 7114
f 412 2907 7107 2998
f 2907 2906 7108 7107
f 2906 2905 7109 7108
f 2905 418 3031 7109
f 7109 3031 3032 7112
f 7112 3032 3033 7115
f 7115 3033 440 3034
f 7114 7115 3034 3035
f 7113 7114 3035 3036
f 3000 7113 3036 444
f 2999 7110 7113 3000
f 2998 7107 7110 2999
f 7116 7117 7120 7119
f 7117 7118 7121 7120
f 7119 7120 7123 7122
f 7120 7121 7124 7123
f 441 3040 7116 3039
f 3040 3041 7117 7116
f 3041 3042 7118 7117
f 3042 419 2910 7118
f 7118 2910 2909 7121
f 7121 2909 2908 7124
f 7124 2908 413 3003
f 7123 7124 3003 3002
f 7122 7123 3002 3001
f 3037 7122 3001 445
f 3038 7119 7122 3037
f 3039 7116 7119 3038
f 7125 7126 7129 7128
f 7126 7127 7130 7129
f 7128 7129 7132 7131
f 7129 7130 7133 7132
f 438 3046 7125 3045
f 3046 3047 7126 7125
f 3047 3048 7127 7126
f 3048 446 3049 7127
f 7127 3049 3050 7130
f 7130 3050 3051 7133
f 7133 3051 444 3036
f 7132 7133 3036 3035
f 7131 7132 3035 3034
f 3043 7131 3034 440
f 3044 7128 7131 3043
f 3045 7125 7128 3044
f 7134 7135 7138 7137
f 7135 7136 7139 7138
f 7137 7138 7141 7140
f 7138 7139 7142 7141
f 445 3052 7134 3037
f 3052 3053 7135 7134
f 3053 3054 7136 7135
f 3054 447 3055 7136
f 7136 3055 3056 7139
f 7139 3056 3057 7142
f 7142 3057 439 3058
f 7141 7142 3058 3059
f 7140 7141 3059 3060
f 3039 7140 3060 441
f 3038 7137 7140 3039
f 3037 7134 7137 3038
f 7143 7144 7147 7146
f 7144 7145 7148 7147
f 7146 7147 7150 7149
f 7147 7148 7151 7150
f 434 3064 7143 3063
f 3064 3065 7144 7143
f 3065 3066 7145 7144
f 3066 446 3048 7145
f 7145 3048 3047 7148
f 7148 3047 3046 7151
f 7151 3046 438 3067
f 7150 7151 3067 3068
f 7149 7150 3068 3069
f 3061 7149 3069 436
f 3062 7146 7149 3061
f 3063 7143 7146 3062
f 7152 7153 7156 7155
f 7153 7154 7157 7156
f 7155 7156 7159 7158
f 7156 7157 7160 7159
f 439 3057 7152 3072
f 3057 3056 7153 7152
f 3056 3055 7154 7153
f 3055 447 3073 7154
f 7154 3073 3074 7157
f 7157 3074 3075 7160
f 7160 3075 435 3076
f 7159 7160 3076 3077
f 7158 7159 3077 3078
f 3070 7158 3078 437
f 3071 7155 7158 3070
f 3072 7152 7155 3071
f 7161 7162 7165 7164
f 7162 7163 7166 7165
f 7164 7165 7168 7167
f 7165 7166 7169 7168
f 432 3082 7161 3081
f 3082 3083 7162 7161
f 3083 3084 7163 7162
f 3084 448 3085 7163
f 7163 3085 3086 7166
f 7166 3086 3087 7169
f 7169 3087 446 3066
f 7168 7169 3066 3065
f 7167 7168 3065 3064
f 3079 7167 3064 434
f 3080 7164 7167 3079
f 3081 7161 7164 3080
f 7170 7171 7174 7173
f 7171 7172 7175 7174
f 7173 7174 7177 7176
f 7174 7175 7178 7177
f 447 3088 7170 3073
f 3088 3089 7171 7170
f 3089 3090 7172 7171
f 3090 449 3091 7172
f 7172 3091 3092 7175
f 7175 3092 3093 7178
f 7178 3093 433 3094
f 7177 7178 3094 3095
f 7176 7177 3095 3096
f 3075 7176 3096 435
f 3074 7173 7176 3075
f 3073 7170 7173 3074
f 7179 7180 7183 7182
f 7180 7181 7184 7183
f 7182 7183 7186 7185
f 7183 7184 7187 7186
f 430 3100 7179 3099
f 3100 3101 7180 7179
f 3101 3102 7181 7180
f 3102 448 3084 7181
f 7181 3084 3083 7184
f 7184 3083 3082 7187
f 7187 3082 432 3103
f 7186 7187 3103 3104
f 7185 7186 3104 3105
f 3097 7185 3105 450
f 3098 7182 7185 3097
f 3099 7179 7182 3098
f 7188 7189 7192 7191
f 7189 7190 7193 7192
f 7191 7192 7195 7194
f 7192 7193 7196 7195
f 433 3093 7188 3108
f 3093 3092 7189 7188
f 3092 3091 7190 7189
f 3091 449 3109 7190
f 7190 3109 3110 7193
f 7193 3110 3111 7196
f 7196 3111 431 3112
f 7195 7196 3112 3113
f 7194 7195 3113 3114
f 3106 7194 3114 451
f 3107 7191 7194 3106
f 3108 7188 7191 3107
f 7197 7198 7201 7200
f 7198 7199 7202 7201
f 7200 7201 7204 7203
f 7201 7202 7205 7204
f 414 3021 7197 2965
f 3021 3020 7198 7197
f 3020 3019 7199 7198
f 3019 430 3099 7199
f 7199 3099 3098 7202
f 7202 3098 3097 7205
f 7205 3097 450 3115
f 7204 7205 3115 3116
f 7203 7204 3116 3117
f 2967 7203 3117 416
f 2966 7200 7203 2967
f 2965 7197 7200 2966
f 7206 7207 7210 7209
f 7207 7208 7211 7210
f 7209 7210 7213 7212
f 7210 7211 7214 7213
f 451 3114 7206 3120
f 3114 3113 7207 7206
f 3113 3112 7208 7207
f 3112 431 3024 7208
f 7208 3024 3023 7211
f 7211 3023 3022 7214
f 7214 3022 415 2976
f 7213 7214 2976 2975
f 7212 7213 2975 2974
f 3118 7212 2974 417
f 3119 7209 7212 3118
f 3120 7206 7209 3119
f 7215 7216 7219 7218
f 7216 7217 7220 7219
f 7218 7219 7222 7221
f 7219 7220 7223 7222
f 312 3121 7215 2671
f 3121 3122 7216 7215
f 3122 3123 7217 7216
f 3123 448 3102 7217
f 7217 3102 3101 7220
f 7220 3101 3100 7223
f 7223 3100 430 3018
f 7222 7223 3018 3017
f 7221 7222 3017 3016
f 2673 7221 3016 382
f 2672 7218 7221 2673
f 2671 7215 7218 2672
f 7224 7225 7228 7227
f 7225 7226 7229 7228
f 7227 7228 7231 7230
f 7228 7229 7232 7231
f 431 3111 7224 3025
f 3111 3110 7225 7224
f 3110 3109 7226 7225
f 3109 449 3124 7226
f 7226 3124 3125 7229
f 7229 3125 3126 7232
f 7232 3126 313 2682
f 7231 7232 2682 2681
f 7230 7231 2681 2680
f 3027 7230 2680 383
f 3026 7227 7230 3027
f 3025 7224 7227 3026
f 7233 7234 7237 7236
f 7234 7235 7238 7237
f 7236 7237 7240 7239
f 7237 7238 7241 7240
f 312 3009 7233 3121
f 3009 3008 7234 7233
f 3008 3007 7235 7234
f 3007 442 3127 7235
f 7235 3127 3128 7238
f 7238 3128 3129 7241
f 7241 3129 446 3087
f 7240 7241 3087 3086
f 7239 7240 3086 3085
f 3123 7239 3085 448
f 3122 7236 7239 3123
f 3121 7233 7236 3122
f 7242 7243 7246 7245
f 7243 7244 7247 7246
f 7245 7246 7249 7248
f 7246 7247 7250 7249
f 447 3130 7242 3088
f 3130 3131 7243 7242
f 3131 3132 7244 7243
f 3132 443 3012 7244
f 7244 3012 3011 7247
f 7247 3011 3010 7250
f 7250 3010 313 3126
f 7249 7250 3126 3125
f 7248 7249 3125 3124
f 3090 7248 3124 449
f 3089 7245 7248 3090
f 3088 7242 7245 3089
f 7252 7253 7251 7257
f 7254 7255 7251 7253
f 7256 7257 7251 7255
f 442 2985 7252 3127
f 2985 2984 7253 7252
f 3127 7252 7257 3128
f 444 3051 7254 2983
f 3051 3050 7255 7254
f 2983 7254 7253 2984
f 446 3129 7256 3049
f 3129 3128 7257 7256
f 3049 7256 7255 3050
f 7259 7260 7258 7264
f 7261 7262 7258 7260
f 7263 7264 7258 7262
f 447 3054 7259 3130
f 3054 3053 7260 7259
f 3130 7259 7264 3131
f 445 2988 7261 3052
f 2988 2987 7262 7261
f 3052 7261 7260 3053
f 443 3132 7263 2986
f 3132 3131 7264 7263
f 2986 7263 7262 2987
f 7265 7266 7269 7268
f 7266 7267 7270 7269
f 7268 7269 7272 7271
f 7269 7270 7273 7272
f 416 3117 7265 3135
f 3117 3116 7266 7265
f 3116 3115 7267 7266
f 3115 450 3136 7267
f 7267 3136 3137 7270
f 7270 3137 3138 7273
f 7273 3138 452 3139
f 7272 7273 3139 3140
f 7271 7272 3140 3141
f 3133 7271 3141 476
f 3134 7268 7271 3133
f 3135 7265 7268 3134
f 7274 7275 7278 7277
f 7275 7276 7279 7278
f 7277 7278 7281 7280
f 7278 7279 7282 7281
f 453 3145 7274 3144
f 3145 3146 7275 7274
f 3146 3147 7276 7275
f 3147 451 3120 7276
f 7276 3120 3119 7279
f 7279 3119 3118 7282
f 7282 3118 417 3148
f 7281 7282 3148 3149
f 7280 7281 3149 3150
f 3142 7280 3150 477
f 3143 7277 7280 3142
f 3144 7274 7277 3143
f 7283 7284 7287 7286
f 7284 7285 7288 7287
f 7286 7287 7290 7289
f 7287 7288 7291 7290
f 450 3105 7283 3136
f 3105 3104 7284 7283
f 3104 3103 7285 7284
f 3103 432 3151 7285
f 7285 3151 3152 7288
f 7288 3152 3153 7291
f 7291 3153 462 3154
f 7290 7291 3154 3155
f 7289 7290 3155 3156
f 3138 7289 3156 452
f 3137 7286 7289 3138
f 3136 7283 7286 3137
f 7292 7293 7296 7295
f 7293 7294 7297 7296
f 7295 7296 7299 7298
f 7296 7297 7300 7299
f 463 3160 7292 3159
f 3160 3161 7293 7292
f 3161 3162 7294 7293
f 3162 433 3108 7294
f 7294 3108 3107 7297
f 7297 3107 3106 7300
f 7300 3106 451 3147
f 7299 7300 3147 3146
f 7298 7299 3146 3145
f 3157 7298 3145 453
f 3158 7295 7298 3157
f 3159 7292 7295 3158
f 7301 7302 7305 7304
f 7302 7303 7306 7305
f 7304 7305 7308 7307
f 7305 7306 7309 7308
f 432 3081 7301 3151
f 3081 3080 7302 7301
f 3080 3079 7303 7302
f 3079 434 3163 7303
f 7303 3163 3164 7306
f 7306 3164 3165 7309
f 7309 3165 460 3166
f 7308 7309 3166 3167
f 7307 7308 3167 3168
f 3153 7307 3168 462
f 3152 7304 7307 3153
f 3151 7301 7304 3152
f 7310 7311 7314 7313
f 7311 7312 7315 7314
f 7313 7314 7317 7316
f 7314 7315 7318 7317
f 461 3172 7310 3171
f 3172 3173 7311 7310
f 3173 3174 7312 7311
f 3174 435 3096 7312
f 7312 3096 3095 7315
f 7315 3095 3094 7318
f 7318 3094 433 3162
f 7317 7318 3162 3161
f 7316 7317 3161 3160
f 3169 7316 3160 463
f 3170 7313 7316 3169
f 3171 7310 7313 3170
f 7319 7320 7323 7322
f 7320 7321 7324 7323
f 7322 7323 7326 7325
f 7323 7324 7327 7326
f 434 3063 7319 3163
f 3063 3062 7320 7319
f 3062 3061 7321 7320
f 3061 436 3175 7321
f 7321 3175 3176 7324
f 7324 3176 3177 7327
f 7327 3177 458 3178
f 7326 7327 3178 3179
f 7325 7326 3179 3180
f 3165 7325 3180 460
f 3164 7322 7325 3165
f 3163 7319 7322 3164
f 7328 7329 7332 7331
f 7329 7330 7333 7332
f 7331 7332 7335 7334
f 7332 7333 7336 7335
f 459 3184 7328 3183
f 3184 3185 7329 7328
f 3185 3186 7330 7329
f 3186 437 3078 7330
f 7330 3078 3077 7333
f 7333 3077 3076 7336
f 7336 3076 435 3174
f 7335 7336 3174 3173
f 7334 7335 3173 3172
f 3181 7334 3172 461
f 3182 7331 7334 3181
f 3183 7328 7331 3182
f 7337 7338 7341 7340
f 7338 7339 7342 7341
f 7340 7341 7344 7343
f 7341 7342 7345 7344
f 436 3069 7337 3175
f 3069 3068 7338 7337
f 3068 3067 7339 7338
f 3067 438 3187 7339
f 7339 3187 3188 7342
f 7342 3188 3189 7345
f 7345 3189 456 3190
f 7344 7345 3190 3191
f 7343 7344 3191 3192
f 3177 7343 3192 458
f 3176 7340 7343 3177
f 3175 7337 7340 3176
f 7346 7347 7350 7349
f 7347 7348 7351 7350
f 7349 7350 7353 7352
f 7350 7351 7354 7353
f 457 3196 7346 3195
f 3196 3197 7347 7346
f 3197 3198 7348 7347
f 3198 439 3072 7348
f 7348 3072 3071 7351
f 7351 3071 3070 7354
f 7354 3070 437 3186
f 7353 7354 3186 3185
f 7352 7353 3185 3184
f 3193 7352 3184 459
f 3194 7349 7352 3193
f 3195 7346 7349 3194
f 7355 7356 7359 7358
f 7356 7357 7360 7359
f 7358 7359 7362 7361
f 7359 7360 7363 7362
f 438 3045 7355 3187
f 3045 3044 7356 7355
f 3044 3043 7357 7356
f 3043 440 3199 7357
f 7357 3199 3200 7360
f 7360 3200 3201 7363
f 7363 3201 454 3202
f 7362 7363 3202 3203
f 7361 7362 3203 3204
f 3189 7361 3204 456
f 3188 7358 7361 3189
f 3187 7355 7358 3188
f 7364 7365 7368 7367
f 7365 7366 7369 7368
f 7367 7368 7371 7370
f 7368 7369 7372 7371
f 455 3208 7364 3207
f 3208 3209 7365 7364
f 3209 3210 7366 7365
f 3210 441 3060 7366
f 7366 3060 3059 7369
f 7369 3059 3058 7372
f 7372 3058 439 3198
f 7371 7372 3198 3197
f 7370 7371 3197 3196
f 3205 7370 3196 457
f 3206 7367 7370 3205
f 3207 7364 7367 3206
f 7373 7374 7377 7376
f 7374 7375 7378 7377
f 7376 7377 7380 7379
f 7377 7378 7381 7380
f 440 3033 7373 3199
f 3033 3032 7374 7373
f 3032 3031 7375 7374
f 3031 418 3211 7375
f 7375 3211 3212 7378
f 7378 3212 3213 7381
f 7381 3213 474 3214
f 7380 7381 3214 3215
f 7379 7380 3215 3216
f 3201 7379 3216 454
f 3200 7376 7379 3201
f 3199 7373 7376 3200
f 7382 7383 7386 7385
f 7383 7384 7387 7386
f 7385 7386 7389 7388
f 7386 7387 7390 7389
f 475 3220 7382 3219
f 3220 3221 7383 7382
f 3221 3222 7384 7383
f 3222 419 3042 7384
f 7384 3042 3041 7387
f 7387 3041 3040 7390
f 7390 3040 441 3210
f 7389 7390 3210 3209
f 7388 7389 3209 3208
f 3217 7388 3208 455
f 3218 7385 7388 3217
f 3219 7382 7385 3218
f 7391 7392 7395 7394
f 7392 7393 7396 7395
f 7394 7395 7398 7397
f 7395 7396 7399 7398
f 428 2970 7391 3225
f 2970 2969 7392 7391
f 2969 2968 7393 7392
f 2968 416 3135 7393
f 7393 3135 3134 7396
f 7396 3134 3133 7399
f 7399 3133 476 3226
f 7398 7399 3226 3227
f 7397 7398 3227 3228
f 3223 7397 3228 464
f 3224 7394 7397 3223
f 3225 7391 7394 3224
f 7400 7401 7404 7403
f 7401 7402 7405 7404
f 7403 7404 7407 7406
f 7404 7405 7408 7407
f 477 3150 7400 3231
f 3150 3149 7401 7400
f 3149 3148 7402 7401
f 3148 417 2973 7402
f 7402 2973 2972 7405
f 7405 2972 2971 7408
f 7408 2971 429 3232
f 7407 7408 3232 3233
f 7406 7407 3233 3234
f 3229 7406 3234 465
f 3230 7403 7406 3229
f 3231 7400 7403 3230
f 7409 7410 7413 7412
f 7410 7411 7414 7413
f 7412 7413 7416 7415
f 7413 7414 7417 7416
f 426 2958 7409 3237
f 2958 2957 7410 7409
f 2957 2956 7411 7410
f 2956 428 3225 7411
f 7411 3225 3224 7414
f 7414 3224 3223 7417
f 7417 3223 464 3238
f 7416 7417 3238 3239
f 7415 7416 3239 3240
f 3235 7415 3240 466
f 3236 7412 7415 3235
f 3237 7409 7412 3236
f 7418 7419 7422 7421
f 7419 7420 7423 7422
f 7421 7422 7425 7424
f 7422 7423 7426 7425
f 465 3234 7418 3243
f 3234 3233 7419 7418
f 3233 3232 7420 7419
f 3232 429 2961 7420
f 7420 2961 2960 7423
f 7423 2960 2959 7426
f 7426 2959 427 3244
f 7425 7426 3244 3245
f 7424 7425 3245 3246
f 3241 7424 3246 467
f 3242 7421 7424 3241
f 3243 7418 7421 3242
f 7427 7428 7431 7430
f 7428 7429 7432 7431
f 7430 7431 7434 7433
f 7431 7432 7435 7434
f 424 2946 7427 3249
f 2946 2945 7428 7427
f 2945 2944 7429 7428
f 2944 426 3237 7429
f 7429 3237 3236 7432
f 7432 3236 3235 7435
f 7435 3235 466 3250
f 7434 7435 3250 3251
f 7433 7434 3251 3252
f 3247 7433 3252 468
f 3248 7430 7433 3247
f 3249 7427 7430 3248
f 7436 7437 7440 7439
f 7437 7438 7441 7440
f 7439 7440 7443 7442
f 7440 7441 7444 7443
f 467 3246 7436 3255
f 3246 3245 7437 7436
f 3245 3244 7438 7437
f 3244 427 2949 7438
f 7438 2949 2948 7441
f 7441 2948 2947 7444
f 7444 2947 425 3256
f 7443 7444 3256 3257
f 7442 7443 3257 3258
f 3253 7442 3258 469
f 3254 7439 7442 3253
f 3255 7436 7439 3254
f 7445 7446 7449 7448
f 7446 7447 7450 7449
f 7448 7449 7452 7451
f 7449 7450 7453 7452
f 422 2934 7445 3261
f 2934 2933 7446 7445
f 2933 2932 7447 7446
f 2932 424 3249 7447
f 7447 3249 3248 7450
f 7450 3248 3247 7453
f 7453 3247 468 3262
f 7452 7453 3262 3263
f 7451 7452 3263 3264
f 3259 7451 3264 470
f 3260 7448 7451 3259
f 3261 7445 7448 3260
f 7454 7455 7458 7457
f 7455 7456 7459 7458
f 7457 7458 7461 7460
f 7458 7459 7462 7461
f 469 3258 7454 3267
f 3258 3257 7455 7454
f 3257 3256 7456 7455
f 3256 425 2937 7456
f 7456 2937 2936 7459
f 7459 2936 2935 7462
f 7462 2935 423 3268
f 7461 7462 3268 3269
f 7460 7461 3269 3270
f 3265 7460 3270 471
f 3266 7457 7460 3265
f 3267 7454 7457 3266
f 7463 7464 7467 7466
f 7464 7465 7468 7467
f 7466 7467 7470 7469
f 7467 7468 7471 7470
f 420 2922 7463 3273
f 2922 2921 7464 7463
f 2921 2920 7465 7464
f 2920 422 3261 7465
f 7465 3261 3260 7468
f 7468 3260 3259 7471
f 7471 3259 470 3274
f 7470 7471 3274 3275
f 7469 7470 3275 3276
f 3271 7469 3276 472
f 3272 7466 7469 3271
f 3273 7463 7466 3272
f 7472 7473 7476 7475
f 7473 7474 7477 7476
f 7475 7476 7479 7478
f 7476 7477 7480 7479
f 471 3270 7472 3279
f 3270 3269 7473 7472
f 3269 3268 7474 7473
f 3268 423 2925 7474
f 7474 2925 2924 7477
f 7477 2924 2923 7480
f 7480 2923 421 3280
f 7479 7480 3280 3281
f 7478 7479 3281 3282
f 3277 7478 3282 473
f 3278 7475 7478 3277
f 3279 7472 7475 3278
f 7481 7482 7485 7484
f 7482 7483 7486 7485
f 7484 7485 7488 7487
f 7485 7486 7489 7488
f 418 2904 7481 3211
f 2904 2903 7482 7481
f 2903 2902 7483 7482
f 2902 420 3273 7483
f 7483 3273 3272 7486
f 7486 3272 3271 7489
f 7489 3271 472 3283
f 7488 7489 3283 3284
f 7487 7488 3284 3285
f 3213 7487 3285 474
f 3212 7484 7487 3213
f 3211 7481 7484 3212
f 7490 7491 7494 7493
f 7491 7492 7495 7494
f 7493 7494 7497 7496
f 7494 7495 7498 7497
f 473 3282 7490 3288
f 3282 3281 7491 7490
f 3281 3280 7492 7491
f 3280 421 2913 7492
f 7492 2913 2912 7495
f 7495 2912 2911 7498
f 7498 2911 419 3222
f 7497 7498 3222 3221
f 7496 7497 3221 3220
f 3286 7496 3220 475
f 3287 7493 7496 3286
f 3288 7490 7493 3287
f 7499 7500 7503 7502
f 7500 7501 7504 7503
f 7502 7503 7506 7505
f 7503 7504 7507 7506
f 458 3192 7499 3291
f 3192 3191 7500 7499
f 3191 3190 7501 7500
f 3190 456 3292 7501
f 7501 3292 3293 7504
f 7504 3293 3294 7507
f 7507 3294 480 3295
f 7506 7507 3295 3296
f 7505 7506 3296 3297
f 3289 7505 3297 478
f 3290 7502 7505 3289
f 3291 7499 7502 3290
f 7508 7509 7512 7511
f 7509 7510 7513 7512
f 7511 7512 7515 7514
f 7512 7513 7516 7515
f 481 3301 7508 3300
f 3301 3302 7509 7508
f 3302 3303 7510 7509
f 3303 457 3195 7510
f 7510 3195 3194 7513
f 7513 3194 3193 7516
f 7516 3193 459 3304
f 7515 7516 3304 3305
f 7514 7515 3305 3306
f 3298 7514 3306 479
f 3299 7511 7514 3298
f 3300 7508 7511 3299
f 7517 7518 7521 7520
f 7518 7519 7522 7521
f 7520 7521 7524 7523
f 7521 7522 7525 7524
f 478 3297 7517 3309
f 3297 3296 7518 7517
f 3296 3295 7519 7518
f 3295 480 3310 7519
f 7519 3310 3311 7522
f 7522 3311 3312 7525
f 7525 3312 482 3313
f 7524 7525 3313 3314
f 7523 7524 3314 3315
f 3307 7523 3315 484
f 3308 7520 7523 3307
f 3309 7517 7520 3308
f 7526 7527 7530 7529
f 7527 7528 7531 7530
f 7529 7530 7533 7532
f 7530 7531 7534 7533
f 483 3319 7526 3318
f 3319 3320 7527 7526
f 3320 3321 7528 7527
f 3321 481 3300 7528
f 7528 3300 3299 7531
f 7531 3299 3298 7534
f 7534 3298 479 3322
f 7533 7534 3322 3323
f 7532 7533 3323 3324
f 3316 7532 3324 485
f 3317 7529 7532 3316
f 3318 7526 7529 3317
f 7535 7536 7539 7538
f 7536 7537 7540 7539
f 7538 7539 7542 7541
f 7539 7540 7543 7542
f 484 3315 7535 3327
f 3315 3314 7536 7535
f 3314 3313 7537 7536
f 3313 482 3328 7537
f 7537 3328 3329 7540
f 7540 3329 3330 7543
f 7543 3330 488 3331
f 7542 7543 3331 3332
f 7541 7542 3332 3333
f 3325 7541 3333 486
f 3326 7538 7541 3325
f 3327 7535 7538 3326
f 7544 7545 7548 7547
f 7545 7546 7549 7548
f 7547 7548 7551 7550
f 7548 7549 7552 7551
f 489 3337 7544 3336
f 3337 3338 7545 7544
f 3338 3339 7546 7545
f 3339 483 3318 7546
f 7546 3318 3317 7549
f 7549 3317 3316 7552
f 7552 3316 485 3340
f 7551 7552 3340 3341
f 7550 7551 3341 3342
f 3334 7550 3342 487
f 3335 7547 7550 3334
f 3336 7544 7547 3335
f 7553 7554 7557 7556
f 7554 7555 7558 7557
f 7556 7557 7560 7559
f 7557 7558 7561 7560
f 486 3333 7553 3345
f 3333 3332 7554 7553
f 3332 3331 7555 7554
f 3331 488 3346 7555
f 7555 3346 3347 7558
f 7558 3347 3348 7561
f 7561 3348 490 3349
f 7560 7561 3349 3350
f 7559 7560 3350 3351
f 3343 7559 3351 492
f 3344 7556 7559 3343
f 3345 7553 7556 3344
f 7562 7563 7566 7565
f 7563 7564 7567 7566
f 7565 7566 7569 7568
f 7566 7567 7570 7569
f 491 3355 7562 3354
f 3355 3356 7563 7562
f 3356 3357 7564 7563
f 3357 489 3336 7564
f 7564 3336 3335 7567
f 7567 3335 3334 7570
f 7570 3334 487 3358
f 7569 7570 3358 3359
f 7568 7569 3359 3360
f 3352 7568 3360 493
f 3353 7565 7568 3352
f 3354 7562 7565 3353
f 7571 7572 7575 7574
f 7572 7573 7576 7575
f 7574 7575 7578 7577
f 7575 7576 7579 7578
f 464 3228 7571 3363
f 3228 3227 7572 7571
f 3227 3226 7573 7572
f 3226 476 3364 7573
f 7573 3364 3365 7576
f 7576 3365 3366 7579
f 7579 3366 486 3345
f 7578 7579 3345 3344
f 7577 7578 3344 3343
f 3361 7577 3343 492
f 3362 7574 7577 3361
f 3363 7571 7574 3362
f 7580 7581 7584 7583
f 7581 7582 7585 7584
f 7583 7584 7587 7586
f 7584 7585 7588 7587
f 487 3367 7580 3358
f 3367 3368 7581 7580
f 3368 3369 7582 7581
f 3369 477 3231 7582
f 7582 3231 3230 7585
f 7585 3230 3229 7588
f 7588 3229 465 3370
f 7587 7588 3370 3371
f 7586 7587 3371 3372
f 3360 7586 3372 493
f 3359 7583 7586 3360
f 3358 7580 7583 3359
f 7589 7590 7593 7592
f 7590 7591 7594 7593
f 7592 7593 7596 7595
f 7593 7594 7597 7596
f 452 3373 7589 3139
f 3373 3374 7590 7589
f 3374 3375 7591 7590
f 3375 484 3327 7591
f 7591 3327 3326 7594
f 7594 3326 3325 7597
f 7597 3325 486 3366
f 7596 7597 3366 3365
f 7595 7596 3365 3364
f 3141 7595 3364 476
f 3140 7592 7595 3141
f 3139 7589 7592 3140
f 7598 7599 7602 7601
f 7599 7600 7603 7602
f 7601 7602 7605 7604
f 7602 7603 7606 7605
f 487 3342 7598 3367
f 3342 3341 7599 7598
f 3341 3340 7600 7599
f 3340 485 3376 7600
f 7600 3376 3377 7603
f 7603 3377 3378 7606
f 7606 3378 453 3144
f 7605 7606 3144 3143
f 7604 7605 3143 3142
f 3369 7604 3142 477
f 3368 7601 7604 3369
f 3367 7598 7601 3368
f 7607 7608 7611 7610
f 7608 7609 7612 7611
f 7610 7611 7614 7613
f 7611 7612 7615 7614
f 452 3156 7607 3373
f 3156 3155 7608 7607
f 3155 3154 7609 7608
f 3154 462 3379 7609
f 7609 3379 3380 7612
f 7612 3380 3381 7615
f 7615 3381 478 3309
f 7614 7615 3309 3308
f 7613 7614 3308 3307
f 3375 7613 3307 484
f 3374 7610 7613 3375
f 3373 7607 7610 3374
f 7616 7617 7620 7619
f 7617 7618 7621 7620
f 7619 7620 7623 7622
f 7620 7621 7624 7623
f 479 3382 7616 3322
f 3382 3383 7617 7616
f 3383 3384 7618 7617
f 3384 463 3159 7618
f 7618 3159 3158 7621
f 7621 3158 3157 7624
f 7624 3157 453 3378
f 7623 7624 3378 3377
f 7622 7623 3377 3376
f 3324 7622 3376 485
f 3323 7619 7622 3324
f 3322 7616 7619 3323
f 7625 7626 7629 7628
f 7626 7627 7630 7629
f 7628 7629 7632 7631
f 7629 7630 7633 7632
f 458 3291 7625 3178
f 3291 3290 7626 7625
f 3290 3289 7627 7626
f 3289 478 3381 7627
f 7627 3381 3380 7630
f 7630 3380 3379 7633
f 7633 3379 462 3168
f 7632 7633 3168 3167
f 7631 7632 3167 3166
f 3180 7631 3166 460
f 3179 7628 7631 3180
f 3178 7625 7628 3179
f 7634 7635 7638 7637
f 7635 7636 7639 7638
f 7637 7638 7641 7640
f 7638 7639 7642 7641
f 463 3384 7634 3169
f 3384 3383 7635 7634
f 3383 3382 7636 7635
f 3382 479 3306 7636
f 7636 3306 3305 7639
f 7639 3305 3304 7642
f 7642 3304 459 3183
f 7641 7642 3183 3182
f 7640 7641 3182 3181
f 3171 7640 3181 461
f 3170 7637 7640 3171
f 3169 7634 7637 3170
f 7643 7644 7647 7646
f 7644 7645 7648 7647
f 7646 7647 7650 7649
f 7647 7648 7651 7650
f 454 3216 7643 3202
f 3216 3215 7644 7643
f 3215 3214 7645 7644
f 3214 474 3385 7645
f 7645 3385 3386 7648
f 7648 3386 3387 7651
f 7651 3387 480 3294
f 7650 7651 3294 3293
f 7649 7650 3293 3292
f 3204 7649 3292 456
f 3203 7646 7649 3204
f 3202 7643 7646 3203
f 7652 7653 7656 7655
f 7653 7654 7657 7656
f 7655 7656 7659 7658
f 7656 7657 7660 7659
f 481 3388 7652 3301
f 3388 3389 7653 7652
f 3389 3390 7654 7653
f 3390 475 3219 7654
f 7654 3219 3218 7657
f 7657 3218 3217 7660
f 7660 3217 455 3207
f 7659 7660 3207 3206
f 7658 7659 3206 3205
f 3303 7658 3205 457
f 3302 7655 7658 3303
f 3301 7652 7655 3302
f 7661 7662 7665 7664
f 7662 7663 7666 7665
f 7664 7665 7668 7667
f 7665 7666 7669 7668
f 472 3391 7661 3283
f 3391 3392 7662 7661
f 3392 3393 7663 7662
f 3393 482 3312 7663
f 7663 3312 3311 7666
f 7666 3311 3310 7669
f 7669 3310 480 3387
f 7668 7669 3387 3386
f 7667 7668 3386 3385
f 3285 7667 3385 474
f 3284 7664 7667 3285
f 3283 7661 7664 3284
f 7670 7671 7674 7673
f 7671 7672 7675 7674
f 7673 7674 7677 7676
f 7674 7675 7678 7677
f 481 3321 7670 3388
f 3321 3320 7671 7670
f 3320 3319 7672 7671
f 3319 483 3394 7672
f 7672 3394 3395 7675
f 7675 3395 3396 7678
f 7678 3396 473 3288
f 7677 7678 3288 3287
f 7676 7677 3287 3286
f 3390 7676 3286 475
f 3389 7673 7676 3390
f 3388 7670 7673 3389
f 7679 7680 7683 7682
f 7680 7681 7684 7683
f 7682 7683 7686 7685
f 7683 7684 7687 7686
f 470 3397 7679 3274
f 3397 3398 7680 7679
f 3398 3399 7681 7680
f 3399 488 3330 7681
f 7681 3330 3329 7684
f 7684 3329 3328 7687
f 7687 3328 482 3393
f 7686 7687 3393 3392
f 7685 7686 3392 3391
f 3276 7685 3391 472
f 3275 7682 7685 3276
f 3274 7679 7682 3275
f 7688 7689 7692 7691
f 7689 7690 7693 7692
f 7691 7692 7695 7694
f 7692 7693 7696 7695
f 483 3339 7688 3394
f 3339 3338 7689 7688
f 3338 3337 7690 7689
f 3337 489 3400 7690
f 7690 3400 3401 7693
f 7693 3401 3402 7696
f 7696 3402 471 3279
f 7695 7696 3279 3278
f 7694 7695 3278 3277
f 3396 7694 3277 473
f 3395 7691 7694 3396
f 3394 7688 7691 3395
f 7697 7698 7701 7700
f 7698 7699 7702 7701
f 7700 7701 7704 7703
f 7701 7702 7705 7704
f 468 3403 7697 3262
f 3403 3404 7698 7697
f 3404 3405 7699 7698
f 3405 490 3348 7699
f 7699 3348 3347 7702
f 7702 3347 3346 7705
f 7705 3346 488 3399
f 7704 7705 3399 3398
f 7703 7704 3398 3397
f 3264 7703 3397 470
f 3263 7700 7703 3264
f 3262 7697 7700 3263
f 7706 7707 7710 7709
f 7707 7708 7711 7710
f 7709 7710 7713 7712
f 7710 7711 7714 7713
f 489 3357 7706 3400
f 3357 3356 7707 7706
f 3356 3355 7708 7707
f 3355 491 3406 7708
f 7708 3406 3407 7711
f 7711 3407 3408 7714
f 7714 3408 469 3267
f 7713 7714 3267 3266
f 7712 7713 3266 3265
f 3402 7712 3265 471
f 3401 7709 7712 3402
f 3400 7706 7709 3401
f 7715 7716 7719 7718
f 7716 7717 7720 7719
f 7718 7719 7722 7721
f 7719 7720 7723 7722
f 466 3409 7715 3250
f 3409 3410 7716 7715
f 3410 3411 7717 7716
f 3411 492 3351 7717
f 7717 3351 3350 7720
f 7720 3350 3349 7723
f 7723 3349 490 3405
f 7722 7723 3405 3404
f 7721 7722 3404 3403
f 3252 7721 3403 468
f 3251 7718 7721 3252
f 3250 7715 7718 3251
f 7724 7725 7728 7727
f 7725 7726 7729 7728
f 7727 7728 7731 7730
f 7728 7729 7732 7731
f 491 3354 7724 3406
f 3354 3353 7725 7724
f 3353 3352 7726 7725
f 3352 493 3412 7726
f 7726 3412 3413 7729
f 7729 3413 3414 7732
f 7732 3414 467 3255
f 7731 7732 3255 3254
f 7730 7731 3254 3253
f 3408 7730 3253 469
f 3407 7727 7730 3408
f 3406 7724 7727 3407
f 7734 7735 7733 7739
f 7736 7737 7733 7735
f 7738 7739 7733 7737
f 464 3363 7734 3238
f 3363 3362 7735 7734
f 3238 7734 7739 3239
f 492 3411 7736 3361
f 3411 3410 7737 7736
f 3361 7736 7735 3362
f 466 3240 7738 3409
f 3240 3239 7739 7738
f 3409 7738 7737 3410
f 7741 7742 7740 7746
f 7743 7744 7740 7742
f 7745 7746 7740 7744
f 467 3414 7741 3241
f 3414 3413 7742 7741
f 3241 7741 7746 3242
f 493 3372 7743 3412
f 3372 3371 7744 7743
f 3412 7743 7742 3413
f 465 3243 7745 3370
f 3243 3242 7746 7745
f 3370 7745 7744 3371
f 7747 7748 7751 7750
f 7748 7749 7752 7751
f 7750 7751 7754 7753
f 7751 7752 7755 7754
f 392 2883 7747 3417
f 2883 2882 7748 7747
f 2882 2881 7749 7748
f 2881 390 3418 7749
f 7749 3418 3419 7752
f 7752 3419 3420 7755
f 7755 3420 504 3421
f 7754 7755 3421 3422
f 7753 7754 3422 3423
f 3415 7753 3423 502
f 3416 7750 7753 3415
f 3417 7747 7750 3416
f 7756 7757 7760 7759
f 7757 7758 7761 7760
f 7759 7760 7763 7762
f 7760 7761 7764 7763
f 505 3427 7756 3426
f 3427 3428 7757 7756
f 3428 3429 7758 7757
f 3429 391 2898 7758
f 7758 2898 2897 7761
f 7761 2897 2896 7764
f 7764 2896 393 3430
f 7763 7764 3430 3431
f 7762 7763 3431 3432
f 3424 7762 3432 503
f 3425 7759 7762 3424
f 3426 7756 7759 3425
f 7765 7766 7769 7768
f 7766 7767 7770 7769
f 7768 7769 7772 7771
f 7769 7770 7773 7772
f 394 2865 7765 3435
f 2865 2864 7766 7765
f 2864 2863 7767 7766
f 2863 392 3417 7767
f 7767 3417 3416 7770
f 7770 3416 3415 7773
f 7773 3415 502 3436
f 7772 7773 3436 3437
f 7771 7772 3437 3438
f 3433 7771 3438 500
f 3434 7768 7771 3433
f 3435 7765 7768 3434
f 7774 7775 7778 7777
f 7775 7776 7779 7778
f 7777 7778 7781 7780
f 7778 7779 7782 7781
f 503 3432 7774 3441
f 3432 3431 7775 7774
f 3431 3430 7776 7775
f 3430 393 2880 7776
f 7776 2880 2879 7779
f 7779 2879 2878 7782
f 7782 2878 395 3442
f 7781 7782 3442 3443
f 7780 7781 3443 3444
f 3439 7780 3444 501
f 3440 7777 7780 3439
f 3441 7774 7777 3440
f 7783 7784 7787 7786
f 7784 7785 7788 7787
f 7786 7787 7790 7789
f 7787 7788 7791 7790
f 396 2847 7783 3447
f 2847 2846 7784 7783
f 2846 2845 7785 7784
f 2845 394 3435 7785
f 7785 3435 3434 7788
f 7788 3434 3433 7791
f 7791 3433 500 3448
f 7790 7791 3448 3449
f 7789 7790 3449 3450
f 3445 7789 3450 498
f 3446 7786 7789 3445
f 3447 7783 7786 3446
f 7792 7793 7796 7795
f 7793 7794 7797 7796
f 7795 7796 7799 7798
f 7796 7797 7800 7799
f 501 3444 7792 3453
f 3444 3443 7793 7792
f 3443 3442 7794 7793
f 3442 395 2862 7794
f 7794 2862 2861 7797
f 7797 2861 2860 7800
f 7800 2860 397 3454
f 7799 7800 3454 3455
f 7798 7799 3455 3456
f 3451 7798 3456 499
f 3452 7795 7798 3451
f 3453 7792 7795 3452
f 7801 7802 7805 7804
f 7802 7803 7806 7805
f 7804 7805 7808 7807
f 7805 7806 7809 7808
f 398 2829 7801 3459
f 2829 2828 7802 7801
f 2828 2827 7803 7802
f 2827 396 3447 7803
f 7803 3447 3446 7806
f 7806 3446 3445 7809
f 7809 3445 498 3460
f 7808 7809 3460 3461
f 7807 7808 3461 3462
f 3457 7807 3462 496
f 3458 7804 7807 3457
f 3459 7801 7804 3458
f 7810 7811 7814 7813
f 7811 7812 7815 7814
f 7813 7814 7817 7816
f 7814 7815 7818 7817
f 499 3456 7810 3465
f 3456 3455 7811 7810
f 3455 3454 7812 7811
f 3454 397 2844 7812
f 7812 2844 2843 7815
f 7815 2843 2842 7818
f 7818 2842 399 3466
f 7817 7818 3466 3467
f 7816 7817 3467 3468
f 3463 7816 3468 497
f 3464 7813 7816 3463
f 3465 7810 7813 3464
f 7819 7820 7823 7822
f 7820 7821 7824 7823
f 7822 7823 7826 7825
f 7823 7824 7827 7826
f 400 2811 7819 3471
f 2811 2810 7820 7819
f 2810 2809 7821 7820
f 2809 398 3459 7821
f 7821 3459 3458 7824
f 7824 3458 3457 7827
f 7827 3457 496 3472
f 7826 7827 3472 3473
f 7825 7826 3473 3474
f 3469 7825 3474 494
f 3470 7822 7825 3469
f 3471 7819 7822 3470
f 7828 7829 7832 7831
f 7829 7830 7833 7832
f 7831 7832 7835 7834
f 7832 7833 7836 7835
f 497 3468 7828 3477
f 3468 3467 7829 7828
f 3467 3466 7830 7829
f 3466 399 2826 7830
f 7830 2826 2825 7833
f 7833 2825 2824 7836
f 7836 2824 401 3478
f 7835 7836 3478 3479
f 7834 7835 3479 3480
f 3475 7834 3480 495
f 3476 7831 7834 3475
f 3477 7828 7831 3476
f 7837 7838 7841 7840
f 7838 7839 7842 7841
f 7840 7841 7844 7843
f 7841 7842 7845 7844
f 388 2790 7837 3483
f 2790 2789 7838 7837
f 2789 2788 7839 7838
f 2788 400 3471 7839
f 7839 3471 3470 7842
f 7842 3470 3469 7845
f 7845 3469 494 3484
f 7844 7845 3484 3485
f 7843 7844 3485 3486
f 3481 7843 3486 506
f 3482 7840 7843 3481
f 3483 7837 7840 3482
f 7846 7847 7850 7849
f 7847 7848 7851 7850
f 7849 7850 7853 7852
f 7850 7851 7854 7853
f 495 3480 7846 3489
f 3480 3479 7847 7846
f 3479 3478 7848 7847
f 3478 401 2805 7848
f 7848 2805 2804 7851
f 7851 2804 2803 7854
f 7854 2803 389 3490
f 7853 7854 3490 3491
f 7852 7853 3491 3492
f 3487 7852 3492 507
f 3488 7849 7852 3487
f 3489 7846 7849 3488
f 7855 7856 7859 7858
f 7856 7857 7860 7859
f 7858 7859 7862 7861
f 7859 7860 7863 7862
f 494 3493 7855 3484
f 3493 3494 7856 7855
f 3494 3495 7857 7856
f 3495 502 3423 7857
f 7857 3423 3422 7860
f 7860 3422 3421 7863
f 7863 3421 504 3496
f 7862 7863 3496 3497
f 7861 7862 3497 3498
f 3486 7861 3498 506
f 3485 7858 7861 3486
f 3484 7855 7858 3485
f 7864 7865 7868 7867
f 7865 7866 7869 7868
f 7867 7868 7871 7870
f 7868 7869 7872 7871
f 505 3426 7864 3501
f 3426 3425 7865 7864
f 3425 3424 7866 7865
f 3424 503 3502 7866
f 7866 3502 3503 7869
f 7869 3503 3504 7872
f 7872 3504 495 3489
f 7871 7872 3489 3488
f 7870 7871 3488 3487
f 3499 7870 3487 507
f 3500 7867 7870 3499
f 3501 7864 7867 3500
f 7873 7874 7877 7876
f 7874 7875 7878 7877
f 7876 7877 7880 7879
f 7877 7878 7881 7880
f 494 3474 7873 3493
f 3474 3473 7874 7873
f 3473 3472 7875 7874
f 3472 496 3505 7875
f 7875 3505 3506 7878
f 7878 3506 3507 7881
f 7881 3507 500 3438
f 7880 7881 3438 3437
f 7879 7880 3437 3436
f 3495 7879 3436 502
f 3494 7876 7879 3495
f 3493 7873 7876 3494
f 7882 7883 7886 7885
f 7883 7884 7887 7886
f 7885 7886 7889 7888
f 7886 7887 7890 7889
f 501 3508 7882 3439
f 3508 3509 7883 7882
f 3509 3510 7884 7883
f 3510 497 3477 7884
f 7884 3477 3476 7887
f 7887 3476 3475 7890
f 7890 3475 495 3504
f 7889 7890 3504 3503
f 7888 7889 3503 3502
f 3441 7888 3502 503
f 3440 7885 7888 3441
f 3439 7882 7885 3440
f 7892 7893 7891 7897
f 7894 7895 7891 7893
f 7896 7897 7891 7895
f 496 3462 7892 3505
f 3462 3461 7893 7892
f 3505 7892 7897 3506
f 498 3450 7894 3460
f 3450 3449 7895 7894
f 3460 7894 7893 3461
f 500 3507 7896 3448
f 3507 3506 7897 7896
f 3448 7896 7895 3449
f 7899 7900 7898 7904
f 7901 7902 7898 7900
f 7903 7904 7898 7902
f 501 3453 7899 3508
f 3453 3452 7900 7899
f 3508 7899 7904 3509
f 499 3465 7901 3451
f 3465 3464 7902 7901
f 3451 7901 7900 3452
f 497 3510 7903 3463
f 3510 3509 7904 7903
f 3463 7903 7902 3464
f 7905 7906 7909 7908
f 7906 7907 7910 7909
f 7908 7909 7912 7911
f 7909 7910 7913 7912
f 314 2685 7905 3513
f 2685 2684 7906 7905
f 2684 2683 7907 7906
f 2683 382 3015 7907
f 7907 3015 3014 7910
f 7910 3014 3013 7913
f 7913 3013 388 3483
f 7912 7913 3483 3482
f 7911 7912 3482 3481
f 3511 7911 3481 506
f 3512 7908 7911 3511
f 3513 7905 7908 3512
f 7914 7915 7918 7917
f 7915 7916 7919 7918
f 7917 7918 7921 7920
f 7918 7919 7922 7921
f 389 3030 7914 3490
f 3030 3029 7915 7914
f 3029 3028 7916 7915
f 3028 383 2688 7916
f 7916 2688 2687 7919
f 7919 2687 2686 7922
f 7922 2686 315 3514
f 7921 7922 3514 3515
f 7920 7921 3515 3516
f 3492 7920 3516 507
f 3491 7917 7920 3492
f 3490 7914 7917 3491
f 7923 7924 7927 7926
f 7924 7925 7928 7927
f 7926 7927 7930 7929
f 7927 7928 7931 7930
f 314 3513 7923 2743
f 3513 3512 7924 7923
f 3512 3511 7925 7924
f 3511 506 3498 7925
f 7925 3498 3497 7928
f 7928 3497 3496 7931
f 7931 3496 504 3517
f 7930 7931 3517 3518
f 7929 7930 3518 3519
f 2745 7929 3519 322
f 2744 7926 7929 2745
f 2743 7923 7926 2744
f 7932 7933 7936 7935
f 7933 7934 7937 7936
f 7935 7936 7939 7938
f 7936 7937 7940 7939
f 505 3501 7932 3522
f 3501 3500 7933 7932
f 3500 3499 7934 7933
f 3499 507 3516 7934
f 7934 3516 3515 7937
f 7937 3515 3514 7940
f 7940 3514 315 2760
f 7939 7940 2760 2759
f 7938 7939 2759 2758
f 3520 7938 2758 323
f 3521 7935 7938 3520
f 3522 7932 7935 3521
f 7941 7942 7945 7944
f 7942 7943 7946 7945
f 7944 7945 7948 7947
f 7945 7946 7949 7948
f 320 2769 7941 2995
f 2769 2768 7942 7941
f 2768 2767 7943 7942
f 2767 322 3519 7943
f 7943 3519 3518 7946
f 7946 3518 3517 7949
f 7949 3517 504 3420
f 7948 7949 3420 3419
f 7947 7948 3419 3418
f 2997 7947 3418 390
f 2996 7944 7947 2997
f 2995 7941 7944 2996
f 7950 7951 7954 7953
f 7951 7952 7955 7954
f 7953 7954 7957 7956
f 7954 7955 7958 7957
f 505 3522 7950 3427
f 3522 3521 7951 7950
f 3521 3520 7952 7951
f 3520 323 2778 7952
f 7952 2778 2777 7955
f 7955 2777 2776 7958
f 7958 2776 321 3006
f 7957 7958 3006 3005
f 7956 7957 3005 3004
f 3429 7956 3004 391
f 3428 7953 7956 3429
f 3427 7950 7953 3428
