# Blender 5.2.0 LTS
# www.blender.org
o сфера_low
v -0.001035 0.000148 0.000759
v 0.056346 0.110273 -0.169460
v 0.178578 0.110273 0.001224
v -0.145433 0.111555 0.104735
v -0.056340 0.289739 0.169456
v -0.000401 0.399853 0.001224
v 0.031613 0.031239 -0.102126
v 0.025775 0.022326 -0.087618
v 0.021853 0.016417 -0.075724
v 0.017094 0.010106 -0.059717
v 0.004916 0.001420 -0.021804
v 0.002516 0.000297 -0.007406
v -0.054370 0.093713 -0.160176
v -0.168048 0.093129 -0.015747
v -0.166693 0.093902 -0.029507
v -0.164015 0.096051 -0.047026
v -0.152563 0.103286 -0.085467
v -0.146785 0.106623 -0.098373
v -0.016793 0.001420 0.014750
v -0.027267 0.003037 0.019788
v -0.062189 0.016417 0.048416
v -0.072354 0.022326 0.055733
v -0.084317 0.028915 0.059414
v -0.123288 0.070982 0.089878
v 0.091295 0.022326 -0.002561
v 0.078771 0.016418 -0.002616
v 0.062077 0.010107 -0.002196
v 0.022256 0.001420 -0.002063
v 0.009039 0.000363 -0.001089
v 0.030647 0.022325 0.086035
v 0.026829 0.016417 0.074107
v 0.021271 0.010107 0.058360
v 0.008839 0.001420 0.020529
v 0.003829 0.000363 0.008260
v -0.189972 0.197199 -0.061735
v -0.186675 0.184223 -0.069381
v -0.183351 0.172364 -0.074368
v -0.177603 0.158840 -0.081737
v -0.158440 0.126212 -0.096880
v -0.150513 0.116687 -0.101698
v -0.157356 0.128378 0.100217
v -0.164030 0.136284 0.094678
v -0.182426 0.176273 0.077924
v -0.186158 0.187950 0.071481
v -0.190663 0.252838 0.027919
v -0.181543 0.283314 0.006218
v 0.005256 0.186481 -0.199253
v 0.013289 0.173523 -0.197577
v 0.022855 0.158841 -0.194169
v 0.043177 0.126210 -0.180623
v 0.050210 0.116687 -0.174573
v -0.143938 0.128379 -0.118684
v -0.140733 0.136284 -0.126743
v -0.130484 0.176274 -0.149417
v -0.125509 0.187951 -0.154958
v -0.085473 0.252835 -0.172703
v -0.062015 0.283314 -0.170736
v 0.189228 0.201096 -0.064040
v 0.191274 0.185257 -0.055734
v 0.192013 0.173523 -0.048416
v 0.191728 0.158842 -0.038265
v 0.181545 0.116688 -0.006193
v 0.068395 0.128380 -0.173570
v 0.077050 0.136283 -0.173011
v 0.101783 0.176273 -0.170269
v 0.108588 0.187951 -0.167251
v 0.115388 0.198739 -0.163072
v 0.137838 0.252836 -0.134657
v 0.143216 0.283314 -0.111739
v 0.117405 0.197199 0.161607
v 0.112114 0.185257 0.164690
v 0.095638 0.158841 0.170520
v 0.087406 0.147096 0.171708
v 0.071235 0.126211 0.171507
v 0.186210 0.128380 0.011413
v 0.188354 0.136286 0.019817
v 0.193389 0.176274 0.044182
v 0.192511 0.189255 0.052307
v 0.190012 0.202666 0.061625
v -0.115446 0.201097 0.163035
v -0.121984 0.185257 0.157518
v -0.126883 0.173523 0.152033
v -0.132620 0.158841 0.143651
v -0.141100 0.126211 0.120746
v -0.143232 0.116688 0.111720
v 0.046690 0.128380 0.180622
v 0.039357 0.136283 0.185258
v 0.017737 0.176275 0.197577
v 0.010459 0.187950 0.199135
v 0.000108 0.202666 0.199755
v -0.032364 0.252836 0.189959
v 0.022972 0.301589 -0.170482
v 0.054854 0.303750 0.161667
v 0.035590 0.303561 0.167090
v -0.031613 0.368762 -0.102125
v -0.038925 0.361117 -0.111516
v -0.042339 0.352559 -0.121850
v -0.045993 0.340448 -0.134451
v -0.046911 0.329016 -0.145182
v -0.049766 0.318218 -0.153223
v -0.053771 0.308715 -0.158819
v -0.054964 0.297366 -0.165640
v -0.167663 0.308713 0.002062
v -0.161102 0.318218 -0.000018
v -0.129994 0.351681 -0.002560
v -0.118086 0.361117 0.002562
v -0.106898 0.368760 -0.001493
v -0.047162 0.394163 0.000245
v 0.094029 0.361117 -0.071481
v 0.102802 0.352559 -0.077922
v 0.113657 0.340448 -0.085290
v 0.123580 0.329015 -0.089479
v 0.130344 0.318219 -0.094678
v 0.134430 0.308715 -0.100217
v 0.140548 0.297366 -0.103460
v 0.097039 0.361117 0.067336
v 0.105878 0.352558 0.073690
v 0.116238 0.340448 0.081737
v 0.123289 0.329016 0.089880
v 0.130325 0.318218 0.094706
v 0.136854 0.308716 0.096879
v 0.141615 0.296307 0.103018
v -0.034451 0.368761 0.101203
v -0.034057 0.361116 0.113098
v -0.037367 0.352560 0.123465
v -0.041816 0.340448 0.135807
v -0.047382 0.329016 0.145028
v -0.049799 0.318219 0.153212
v -0.049848 0.308716 0.160093
v -0.052893 0.297365 0.166314
v -0.044030 0.394434 0.013259
v -0.024226 0.394542 0.038561
v -0.057933 0.390718 0.013569
v -0.049288 0.391847 0.026029
v -0.035879 0.392782 0.038248
v -0.030868 0.390727 0.050835
v -0.050082 0.389371 0.039231
v -0.034118 0.385702 0.065293
v -0.059553 0.383086 0.053237
v -0.089896 0.376059 0.028678
v -0.074377 0.377373 0.053887
v -0.052072 0.375371 0.080222
v -0.103961 0.368210 0.028192
v -0.095564 0.370223 0.042283
v -0.058937 0.368211 0.090158
v -0.074244 0.360694 0.092540
v -0.063514 0.359142 0.102667
v -0.052112 0.354499 0.115423
v -0.107713 0.353862 0.067952
v -0.095682 0.354617 0.082653
v -0.083508 0.355168 0.094046
v -0.072865 0.352976 0.105777
v -0.053310 0.344813 0.126876
v -0.120789 0.344086 0.067412
v -0.076128 0.342653 0.117295
v -0.069286 0.337416 0.127380
v -0.082733 0.329486 0.127661
v -0.153711 0.321562 0.038829
v -0.148807 0.322231 0.053146
v -0.143745 0.323649 0.062863
v -0.095614 0.320626 0.127343
v -0.084701 0.318307 0.136910
v -0.072978 0.314216 0.146814
v -0.062564 0.311569 0.153516
v -0.171492 0.301721 0.013333
v -0.162180 0.310407 0.037777
v -0.156808 0.312844 0.050903
v -0.150340 0.314802 0.064251
v -0.108738 0.312676 0.124063
v -0.074552 0.303182 0.154037
v -0.000992 0.394434 0.045974
v 0.029187 0.394542 0.034956
v -0.005001 0.390719 0.059287
v 0.009523 0.391849 0.054914
v 0.025289 0.392781 0.045946
v 0.038806 0.390728 0.045064
v 0.006951 0.388961 0.064457
v 0.021835 0.389370 0.059758
v 0.051554 0.385702 0.052625
v 0.002939 0.383730 0.078353
v 0.018107 0.384724 0.073840
v 0.032230 0.383086 0.073088
v 0.046921 0.381954 0.067782
v -0.000560 0.375970 0.094523
v 0.028218 0.377643 0.086839
v 0.060205 0.375372 0.074311
v 0.010685 0.370220 0.103956
v 0.067531 0.368213 0.083911
v 0.022036 0.363041 0.113248
v 0.065069 0.360694 0.099206
v 0.079290 0.358187 0.092697
v 0.093670 0.354499 0.085230
v 0.001499 0.353753 0.127498
v 0.017081 0.355650 0.123997
v 0.033420 0.354769 0.121746
v 0.063637 0.355168 0.108482
v 0.077990 0.350620 0.105512
v 0.091517 0.347699 0.098572
v 0.104191 0.344815 0.089906
v 0.012672 0.345720 0.136021
v 0.026790 0.344085 0.135710
v 0.059906 0.344827 0.123821
v 0.086750 0.340421 0.112514
v 0.006732 0.331889 0.149878
v 0.022155 0.333585 0.146847
v 0.095847 0.329486 0.118133
v -0.010567 0.321563 0.158187
v 0.004559 0.322233 0.157945
v 0.091565 0.320627 0.130284
v 0.104034 0.318307 0.122863
v 0.117077 0.314215 0.114776
v 0.126670 0.311569 0.106941
v -0.040311 0.301722 0.167219
v -0.014188 0.310405 0.165917
v -0.000045 0.312845 0.164863
v 0.045181 0.314446 0.157378
v 0.084390 0.312676 0.141753
v 0.123460 0.303181 0.118504
v 0.043416 0.394434 0.015149
v 0.042262 0.394543 -0.016959
v 0.054840 0.390720 0.023072
v 0.055171 0.391848 0.007912
v 0.051509 0.392782 -0.009855
v 0.054853 0.390727 -0.022981
v 0.063451 0.388961 0.013306
v 0.064935 0.385980 -0.033263
v 0.075426 0.383730 0.021419
v 0.075822 0.384724 0.005597
v 0.079470 0.383087 -0.008064
v 0.078893 0.382163 -0.022325
v 0.088458 0.373318 0.045170
v 0.089585 0.376059 0.029635
v 0.091845 0.377374 0.000124
v 0.091547 0.376803 -0.016051
v 0.089279 0.375372 -0.034293
v 0.087772 0.372497 -0.049473
v 0.102169 0.370221 0.021964
v 0.103935 0.370306 -0.009472
v 0.100675 0.368211 -0.038296
v 0.098514 0.364070 -0.057299
v 0.113110 0.361740 0.030650
v 0.114514 0.363042 0.014040
v 0.114744 0.363458 0.002580
v 0.114457 0.360695 -0.031225
v 0.111729 0.359143 -0.045724
v 0.110001 0.354500 -0.062750
v 0.122439 0.348164 0.054428
v 0.125206 0.355539 0.005103
v 0.122840 0.355167 -0.026999
v 0.121123 0.352974 -0.042750
v 0.122029 0.347698 -0.056579
v 0.117702 0.344814 -0.071311
v 0.133280 0.345721 0.029981
v 0.137345 0.344086 0.016458
v 0.130534 0.342652 -0.050147
v 0.144586 0.335114 -0.027220
v 0.141969 0.329486 -0.054650
v 0.147181 0.321560 0.058934
v 0.151625 0.322233 0.044471
v 0.148999 0.318308 -0.060974
v 0.145337 0.314215 -0.075878
v 0.140849 0.311570 -0.087423
v 0.153412 0.310406 0.064763
v 0.156780 0.312846 0.050986
v 0.150854 0.303182 -0.080799
v 0.027825 0.394434 -0.036609
v -0.003063 0.394543 -0.045436
v 0.038893 0.390719 -0.045025
v 0.024574 0.391849 -0.050023
v 0.006546 0.392782 -0.052033
v -0.004907 0.390728 -0.059266
v 0.032263 0.388961 -0.056232
v -0.010776 0.385702 -0.072876
v 0.043682 0.383730 -0.065114
v 0.016887 0.383087 -0.078073
v 0.001883 0.381954 -0.082416
v 0.056014 0.375969 -0.076143
v 0.028501 0.377373 -0.087313
v 0.013025 0.376804 -0.092025
v 0.052461 0.370220 -0.090383
v 0.023108 0.370305 -0.101778
v -0.005311 0.368213 -0.107580
v 0.064102 0.361741 -0.098102
v 0.048738 0.363042 -0.104571
v 0.006375 0.361604 -0.117216
v -0.008961 0.359144 -0.120390
v -0.025687 0.354498 -0.124011
v 0.076871 0.350846 -0.105998
v 0.047203 0.353862 -0.118284
v 0.028828 0.354616 -0.123109
v 0.012281 0.355167 -0.125170
v -0.001075 0.350619 -0.131203
v -0.017166 0.348502 -0.132498
v 0.058096 0.344084 -0.125538
v -0.004047 0.340422 -0.142016
v -0.018817 0.337415 -0.143779
v 0.093131 0.332656 -0.116769
v 0.082649 0.331890 -0.125210
v 0.068392 0.333586 -0.131822
v -0.008102 0.329487 -0.151909
v 0.101530 0.321562 -0.121764
v 0.089150 0.322233 -0.130460
v 0.076488 0.322917 -0.137653
v -0.000587 0.323258 -0.157215
v -0.011947 0.318306 -0.160549
v -0.027255 0.314217 -0.161670
v -0.039618 0.311570 -0.160971
v 0.130901 0.301721 -0.111589
v 0.109002 0.310405 -0.125890
v 0.096941 0.312846 -0.133349
v 0.055953 0.314446 -0.153878
v -0.030226 0.303181 -0.168440
v -0.041409 0.301169 -0.167285
v -0.026219 0.394434 -0.037777
v -0.044158 0.394543 -0.011127
v -0.030803 0.390719 -0.050906
v -0.039981 0.391849 -0.038831
v -0.047462 0.392782 -0.022304
v -0.056913 0.390935 -0.014878
v -0.043512 0.388961 -0.048060
v -0.072640 0.385702 -0.012274
v -0.048432 0.383730 -0.061664
v -0.069034 0.383086 -0.040188
v -0.055056 0.376059 -0.076632
v -0.073870 0.377642 -0.053673
v -0.059511 0.368075 -0.090048
v -0.069747 0.370221 -0.077822
v -0.095679 0.370297 -0.041688
v -0.113380 0.364069 -0.011549
v -0.073493 0.361739 -0.091283
v -0.084391 0.363043 -0.078666
v -0.110954 0.360694 -0.042014
v -0.117268 0.359142 -0.028680
v -0.125878 0.354498 -0.013893
v -0.098782 0.353883 -0.080356
v -0.106454 0.356381 -0.064073
v -0.115250 0.355167 -0.050358
v -0.123120 0.352973 -0.036612
v -0.131980 0.347697 -0.025956
v -0.137140 0.344813 -0.011492
v -0.101440 0.344086 -0.094045
v -0.135080 0.342652 -0.036158
v -0.093544 0.331889 -0.117295
v -0.104237 0.333584 -0.105781
v -0.133257 0.334306 -0.064064
v -0.146980 0.329485 -0.039233
v -0.084429 0.321563 -0.134188
v -0.156383 0.318307 -0.038249
v -0.162181 0.314215 -0.024039
v -0.165337 0.311568 -0.012063
v -0.065675 0.301723 -0.158977
v -0.086044 0.310404 -0.142571
v -0.096867 0.312846 -0.133403
v -0.169536 0.303181 -0.023303
v -0.186351 0.262065 0.036608
v -0.172632 0.289747 0.045435
v -0.187978 0.250506 0.045026
v -0.182585 0.263816 0.050025
v -0.175357 0.280360 0.052033
v -0.168398 0.289684 0.059269
v -0.184630 0.250586 0.057107
v -0.177184 0.269076 0.061179
v -0.161279 0.292685 0.072877
v -0.183867 0.243099 0.065116
v -0.171311 0.266774 0.078072
v -0.182458 0.228765 0.076041
v -0.171393 0.253832 0.087313
v -0.180406 0.215014 0.084426
v -0.148075 0.279979 0.107583
v -0.135990 0.294890 0.111399
v -0.173332 0.214996 0.098104
v -0.167626 0.229321 0.104571
v -0.146266 0.266792 0.118505
v -0.137165 0.279384 0.121602
v -0.126700 0.292069 0.124010
v -0.159578 0.230887 0.116074
v -0.144279 0.258409 0.125169
v -0.134236 0.268321 0.131203
v -0.125707 0.279539 0.133326
v -0.115980 0.290899 0.134899
v -0.161506 0.202827 0.117493
v -0.154855 0.212474 0.125537
v -0.148005 0.229255 0.130892
v -0.123786 0.266417 0.142018
v -0.114492 0.278288 0.143777
v -0.154926 0.185059 0.125212
v -0.150067 0.198569 0.131823
v -0.136846 0.228918 0.142599
v -0.128961 0.242397 0.146531
v -0.112189 0.265158 0.151910
v -0.154133 0.163551 0.121765
v -0.149198 0.174924 0.130460
v -0.100472 0.263596 0.160549
v -0.089967 0.275455 0.161673
v -0.082071 0.285334 0.160971
v -0.149523 0.128408 0.111588
v -0.147495 0.151879 0.125891
v -0.144285 0.163759 0.133350
v -0.127386 0.201135 0.153878
v -0.078768 0.273180 0.168441
v -0.071965 0.282281 0.167287
v -0.022766 0.262066 0.188543
v -0.010133 0.289744 0.178224
v -0.015266 0.250506 0.192691
v -0.008843 0.263817 0.189107
v -0.004700 0.280361 0.182853
v 0.004328 0.289687 0.178469
v -0.003202 0.255651 0.191838
v 0.003431 0.269077 0.187417
v 0.019472 0.292686 0.175905
v 0.005113 0.243100 0.194989
v 0.011907 0.256894 0.191114
v 0.021313 0.266776 0.187051
v 0.029594 0.254206 0.189947
v 0.043058 0.282927 0.176554
v 0.046532 0.255492 0.186150
v 0.056560 0.279981 0.174072
v 0.063924 0.294891 0.163758
v 0.039740 0.214996 0.195164
v 0.047654 0.229320 0.191736
v 0.067507 0.266791 0.175727
v 0.073263 0.279383 0.168029
v 0.078790 0.292068 0.158820
v 0.038684 0.189257 0.195681
v 0.063489 0.229531 0.187052
v 0.070367 0.243361 0.181827
v 0.074460 0.258411 0.175895
v 0.083302 0.268322 0.168209
v 0.087957 0.279540 0.160753
v 0.092458 0.290896 0.151990
v 0.061836 0.202828 0.189908
v 0.071541 0.212472 0.186069
v 0.096815 0.266417 0.161613
v 0.101361 0.278287 0.153318
v 0.071207 0.185059 0.186037
v 0.078997 0.198568 0.183458
v 0.099598 0.239744 0.168524
v 0.109807 0.265158 0.153641
v 0.068175 0.163551 0.184217
v 0.078382 0.173504 0.181841
v 0.117744 0.251710 0.152878
v 0.119564 0.267419 0.145170
v 0.125958 0.275457 0.135522
v 0.127732 0.285333 0.127797
v 0.074152 0.151878 0.179178
v 0.082238 0.163757 0.178430
v 0.089638 0.171569 0.176258
v 0.123021 0.236932 0.153014
v 0.135856 0.273182 0.126963
v 0.172280 0.262065 0.079916
v 0.166370 0.289745 0.064711
v 0.178544 0.250504 0.074062
v 0.177119 0.263818 0.066845
v 0.172450 0.280362 0.060975
v 0.171074 0.289685 0.051030
v 0.179305 0.269076 0.054652
v 0.172733 0.293519 0.036454
v 0.185440 0.256893 0.047732
v 0.184482 0.266775 0.037532
v 0.181110 0.278652 0.030310
v 0.189980 0.253833 0.030105
v 0.185024 0.271311 0.024090
v 0.195476 0.214823 0.038297
v 0.191419 0.255491 0.013269
v 0.183031 0.279979 0.000000
v 0.188141 0.266570 -0.008196
v 0.175395 0.292066 -0.025853
v 0.199078 0.202816 0.016051
v 0.197328 0.230886 -0.000108
v 0.194450 0.244857 -0.008342
v 0.190296 0.258410 -0.016460
v 0.185718 0.268322 -0.027245
v 0.180066 0.279540 -0.033974
v 0.173122 0.290897 -0.040965
v 0.199722 0.202828 -0.000125
v 0.199069 0.212474 -0.010540
v 0.183621 0.266417 -0.042135
v 0.177136 0.278287 -0.049021
v 0.192132 0.147157 0.014664
v 0.195593 0.159653 0.005510
v 0.198935 0.185058 -0.010235
v 0.198891 0.198569 -0.018439
v 0.191054 0.239742 -0.042647
v 0.180053 0.265158 -0.056955
v 0.196268 0.163551 -0.007914
v 0.197386 0.174924 -0.017850
v 0.194838 0.212177 -0.042325
v 0.181780 0.251709 -0.064740
v 0.175653 0.263595 -0.070831
v 0.167813 0.275457 -0.077914
v 0.161014 0.285334 -0.081987
v 0.193324 0.151881 -0.015150
v 0.195110 0.163760 -0.023076
v 0.193505 0.201136 -0.049615
v 0.190972 0.211941 -0.057391
v 0.183541 0.236932 -0.069716
v 0.162732 0.273180 -0.089971
v 0.129245 0.262064 -0.139150
v 0.112958 0.289745 -0.138228
v 0.125611 0.250507 -0.146917
v 0.118308 0.263817 -0.147793
v 0.111282 0.280362 -0.145167
v 0.101400 0.289686 -0.146930
v 0.115802 0.250586 -0.154724
v 0.107386 0.269076 -0.153641
v 0.087641 0.292686 -0.153755
v 0.110476 0.243100 -0.160754
v 0.092704 0.266776 -0.163855
v 0.102915 0.228765 -0.168765
v 0.087706 0.254207 -0.171066
v 0.068942 0.282927 -0.168143
v 0.096828 0.214823 -0.174074
v 0.071771 0.255492 -0.177950
v 0.056562 0.279981 -0.174072
v 0.044541 0.294889 -0.170057
v 0.048677 0.266791 -0.181846
v 0.039495 0.279382 -0.179002
v 0.029610 0.292067 -0.174800
v 0.083723 0.189256 -0.181047
v 0.058137 0.227767 -0.189061
v 0.043150 0.258411 -0.186068
v 0.031481 0.268322 -0.185047
v 0.023333 0.279539 -0.181752
v 0.014540 0.290897 -0.177308
v 0.051492 0.212473 -0.192583
v 0.042803 0.229252 -0.192889
v 0.034017 0.243019 -0.192061
v 0.016670 0.266416 -0.187655
v 0.026893 0.228918 -0.195801
v 0.001473 0.265157 -0.188841
v 0.053125 0.163550 -0.189107
v 0.044020 0.174925 -0.193241
v 0.011247 0.228403 -0.197407
v -0.005399 0.251709 -0.192889
v -0.013083 0.263596 -0.188943
v -0.022244 0.275457 -0.183677
v -0.028219 0.285333 -0.178469
v 0.045330 0.151878 -0.188543
v 0.038346 0.163759 -0.192691
v 0.012608 0.201137 -0.199366
v 0.004301 0.214473 -0.199197
v -0.009585 0.236929 -0.196102
v -0.035281 0.273181 -0.182570
v -0.085078 0.274207 -0.164877
v -0.092402 0.262066 -0.165918
v -0.096558 0.289746 -0.150143
v -0.100911 0.250506 -0.164864
v -0.104001 0.263818 -0.158187
v -0.103673 0.280363 -0.150694
v -0.108405 0.289686 -0.141840
v -0.111366 0.250586 -0.157947
v -0.112936 0.269077 -0.149608
v -0.119148 0.292687 -0.130864
v -0.118748 0.243102 -0.154745
v -0.121966 0.256894 -0.147616
v -0.127189 0.266774 -0.138801
v -0.135591 0.254207 -0.136276
v -0.136043 0.215014 -0.145487
v -0.147061 0.255492 -0.123248
v -0.148077 0.279979 -0.107582
v -0.146866 0.214995 -0.134532
v -0.151602 0.226537 -0.127298
v -0.157904 0.266791 -0.102487
v -0.158037 0.279382 -0.092875
v -0.157095 0.292067 -0.082177
v -0.161545 0.226588 -0.114408
v -0.163628 0.258409 -0.098536
v -0.166263 0.268322 -0.087122
v -0.165647 0.279539 -0.078353
v -0.164137 0.290897 -0.068618
v -0.167247 0.212472 -0.108482
v -0.170222 0.229254 -0.100313
v -0.173319 0.266416 -0.073841
v -0.172122 0.278286 -0.064457
v -0.177907 0.228917 -0.086083
v -0.179633 0.239742 -0.077797
v -0.179144 0.265157 -0.059756
v -0.163436 0.163553 -0.108961
v -0.170296 0.173505 -0.101040
v -0.185117 0.251708 -0.054470
v -0.183739 0.263595 -0.045944
v -0.181561 0.275454 -0.035605
v -0.178454 0.285334 -0.028312
v -0.152332 0.128408 -0.107721
v -0.165308 0.151878 -0.101372
v -0.171412 0.163759 -0.096013
v -0.176121 0.171567 -0.089906
v -0.189466 0.236930 -0.051482
v -0.184538 0.273180 -0.022861
v -0.181201 0.282722 -0.016083
v -0.049750 0.262604 0.183122
v -0.074151 0.248122 0.179178
v -0.043484 0.249200 0.188704
v -0.082237 0.236241 0.178430
v -0.068177 0.236448 0.184216
v -0.051029 0.240145 0.188943
v -0.039975 0.236387 0.192340
v -0.058936 0.227823 0.188841
v -0.028744 0.225091 0.196101
v -0.053916 0.210801 0.192036
v -0.040018 0.210900 0.195411
v -0.089230 0.198610 0.178708
v -0.061837 0.197173 0.189908
v -0.046253 0.197185 0.194295
v -0.028194 0.198574 0.197750
v -0.096828 0.185179 0.174074
v -0.052427 0.183196 0.192004
v -0.039741 0.185004 0.195164
v -0.004465 0.185260 0.199173
v -0.059749 0.169073 0.188064
v -0.031662 0.170797 0.195040
v -0.015937 0.171236 0.197026
v 0.001773 0.170701 0.197602
v -0.109636 0.156746 0.161292
v -0.097283 0.156046 0.168829
v -0.065147 0.157568 0.183984
v -0.050118 0.159220 0.188992
v -0.034184 0.159521 0.192583
v -0.018362 0.160074 0.194855
v -0.003880 0.156905 0.195025
v 0.011529 0.159484 0.195284
v -0.087208 0.145956 0.171379
v -0.074460 0.141589 0.175895
v -0.056853 0.142646 0.182681
v -0.041069 0.142880 0.186938
v -0.009775 0.147039 0.192361
v -0.047708 0.129454 0.180678
v -0.003433 0.130925 0.187418
v -0.109988 0.122719 0.147792
v -0.038516 0.117057 0.177593
v 0.004696 0.119639 0.182853
v 0.020513 0.121083 0.182419
v 0.032843 0.123915 0.181828
v -0.133978 0.114386 0.121055
v -0.113312 0.112156 0.139150
v -0.101348 0.110235 0.146917
v 0.027478 0.111212 0.176900
v 0.147496 0.248122 0.125889
v 0.144284 0.236241 0.133351
v 0.154133 0.236450 0.121765
v 0.171366 0.236235 0.096097
v 0.149196 0.225075 0.130462
v 0.161387 0.227823 0.114407
v 0.177508 0.224034 0.088464
v 0.147649 0.214702 0.133746
v 0.157810 0.214794 0.121574
v 0.165975 0.210798 0.110620
v 0.174150 0.210744 0.097259
v 0.142390 0.198608 0.140084
v 0.161579 0.197773 0.117394
v 0.170493 0.197184 0.104029
v 0.135632 0.185178 0.145881
v 0.147227 0.184739 0.134116
v 0.173332 0.185004 0.098104
v 0.182548 0.187598 0.080150
v 0.188046 0.185261 0.065793
v 0.176045 0.169491 0.089307
v 0.182714 0.169973 0.074947
v 0.188479 0.170701 0.059375
v 0.130504 0.156045 0.144692
v 0.154188 0.156413 0.119241
v 0.164255 0.159219 0.106066
v 0.172594 0.159522 0.092022
v 0.178447 0.156048 0.078269
v 0.183866 0.156899 0.065117
v 0.188563 0.157953 0.050869
v 0.136044 0.145956 0.135897
v 0.144278 0.141590 0.125169
v 0.178081 0.143107 0.070381
v 0.183439 0.144350 0.056236
v 0.102407 0.132651 0.157776
v 0.124302 0.129627 0.139642
v 0.135380 0.128702 0.128407
v 0.177184 0.130923 0.061178
v 0.106571 0.122720 0.150275
v 0.117166 0.119045 0.140096
v 0.175356 0.119638 0.052032
v 0.179830 0.121083 0.036862
v 0.183077 0.123913 0.024952
v 0.073731 0.114387 0.164829
v 0.097325 0.112157 0.150766
v 0.108408 0.110235 0.141787
v 0.147786 0.104862 0.094949
v 0.176734 0.111214 0.028531
v 0.165308 0.248122 -0.101373
v 0.146098 0.249201 -0.127103
v 0.171411 0.236241 -0.096014
v 0.163435 0.236450 -0.108962
v 0.152342 0.240142 -0.122864
v 0.144351 0.236236 -0.133281
v 0.167512 0.227752 -0.105256
v 0.158679 0.227822 -0.118133
v 0.138521 0.225090 -0.141753
v 0.172828 0.214703 -0.099091
v 0.164391 0.214794 -0.112516
v 0.156496 0.210800 -0.123667
v 0.147236 0.210901 -0.134568
v 0.161580 0.197772 -0.117394
v 0.149992 0.201243 -0.131911
v 0.139044 0.198574 -0.143411
v 0.180449 0.184760 -0.084293
v 0.155272 0.183196 -0.124518
v 0.146866 0.185004 -0.134532
v 0.120684 0.185260 -0.158510
v 0.175975 0.171160 -0.089967
v 0.168750 0.169090 -0.102276
v 0.139337 0.169490 -0.139831
v 0.128703 0.171235 -0.150029
v 0.114712 0.170702 -0.160906
v 0.183503 0.156746 -0.066045
v 0.151632 0.159217 -0.123440
v 0.140853 0.159522 -0.135710
v 0.129388 0.160073 -0.146847
v 0.118747 0.156900 -0.154745
v 0.106650 0.157955 -0.163614
v 0.171286 0.145957 -0.087391
v 0.163628 0.141590 -0.098537
v 0.153371 0.142645 -0.114376
v 0.143103 0.142880 -0.127099
v 0.120975 0.147040 -0.149879
v 0.110169 0.144349 -0.157083
v 0.144796 0.129453 -0.118130
v 0.112936 0.130923 -0.149608
v 0.175852 0.122720 -0.054918
v 0.169445 0.119045 -0.068140
v 0.103675 0.119638 -0.150694
v 0.090628 0.121082 -0.159637
v 0.179545 0.114387 -0.019189
v 0.173462 0.112157 -0.045973
v 0.168348 0.110236 -0.059288
v 0.083350 0.111730 -0.158711
v -0.045328 0.248123 -0.188543
v -0.075736 0.249200 -0.178225
v -0.038346 0.236242 -0.192691
v -0.053124 0.236450 -0.189107
v -0.069776 0.240144 -0.182852
v -0.082151 0.236237 -0.178471
v -0.044019 0.225074 -0.193241
v -0.063316 0.227823 -0.187418
v -0.091607 0.224033 -0.175906
v -0.040835 0.214701 -0.194990
v -0.056211 0.214792 -0.191114
v -0.069258 0.210799 -0.187051
v -0.061599 0.197172 -0.189985
v -0.023983 0.185179 -0.197743
v -0.070443 0.183196 -0.186150
v -0.082563 0.185004 -0.181250
v -0.058583 0.170470 -0.188646
v -0.089930 0.169489 -0.175727
v -0.102916 0.171234 -0.168765
v -0.117584 0.170703 -0.158820
v -0.054941 0.159180 -0.187637
v -0.085542 0.159521 -0.175896
v -0.099677 0.160073 -0.168434
v -0.110476 0.156900 -0.160755
v -0.122648 0.157954 -0.151991
v -0.030182 0.145957 -0.189908
v -0.043151 0.141589 -0.186068
v -0.105160 0.147040 -0.161369
v -0.018481 0.129627 -0.186036
v -0.034050 0.128702 -0.183458
v -0.083213 0.131100 -0.168019
v -0.107385 0.130924 -0.153641
v 0.002111 0.122720 -0.184216
v -0.012443 0.119044 -0.182208
v -0.111282 0.119639 -0.145167
v -0.123820 0.121082 -0.135522
v -0.133447 0.123915 -0.127797
v 0.037234 0.114386 -0.176687
v 0.009878 0.112157 -0.179179
v -0.004364 0.110235 -0.178429
v -0.126211 0.111213 -0.126963
v -0.193323 0.248120 -0.015153
v -0.192905 0.249200 0.016954
v -0.195110 0.236242 -0.023075
v -0.196268 0.236450 -0.007915
v -0.195465 0.240143 0.009854
v -0.195123 0.236234 0.022980
v -0.197386 0.225075 -0.017850
v -0.197811 0.227824 0.002303
v -0.195386 0.225090 0.033260
v -0.198065 0.214701 -0.021419
v -0.199131 0.214794 -0.005598
v -0.199298 0.210799 0.008065
v -0.198035 0.210737 0.023875
v -0.199722 0.197172 -0.000126
v -0.195533 0.184761 -0.037870
v -0.195476 0.185179 0.038297
v -0.190804 0.185262 0.057302
v -0.195249 0.171161 -0.030650
v -0.197041 0.170489 -0.014038
v -0.195279 0.170798 0.030157
v -0.192307 0.171234 0.045727
v -0.187383 0.170703 0.062747
v -0.188481 0.160596 -0.053154
v -0.191955 0.159888 -0.037974
v -0.194451 0.155143 -0.008342
v -0.193721 0.159524 0.027002
v -0.190992 0.160074 0.042748
v -0.187026 0.156900 0.055393
v -0.182452 0.157956 0.069679
v -0.190296 0.141590 -0.016459
v -0.191308 0.142645 0.002382
v -0.185968 0.147040 0.050146
v -0.182642 0.129626 -0.039910
v -0.185000 0.128701 -0.024309
v -0.186577 0.129453 0.010461
v -0.179305 0.130924 0.054652
v -0.174547 0.122719 -0.058932
v -0.175958 0.117810 0.046824
v -0.172451 0.119639 0.060974
v -0.167154 0.121084 0.075878
v -0.162781 0.123916 0.087421
v -0.156533 0.114386 -0.090011
v -0.167355 0.112156 -0.064765
v -0.171045 0.110235 -0.050985
v -0.175543 0.104819 -0.005663
v -0.172733 0.106481 0.036455
v -0.159751 0.111213 0.080798
v -0.116969 0.073664 0.101372
v -0.109343 0.091327 0.127102
v -0.109071 0.062891 0.096013
v -0.105690 0.070118 0.108960
v -0.104034 0.081692 0.122862
v -0.096964 0.087093 0.133281
v -0.099736 0.062584 0.105256
v -0.095848 0.070514 0.118132
v -0.083653 0.086433 0.141481
v -0.090441 0.051993 0.099090
v -0.079646 0.064855 0.123667
v -0.078015 0.040858 0.092130
v -0.069763 0.054149 0.117291
v -0.060907 0.074996 0.143410
v -0.067533 0.031789 0.083913
v -0.054411 0.053606 0.124517
v -0.052267 0.061931 0.134530
v -0.036605 0.061490 0.139180
v -0.031831 0.072020 0.150028
v -0.025097 0.084294 0.160905
v -0.046920 0.018047 0.067782
v -0.043555 0.023197 0.082106
v -0.032426 0.034847 0.107545
v -0.026787 0.055915 0.135710
v -0.022153 0.066415 0.146846
v -0.014557 0.074513 0.154744
v -0.010091 0.085804 0.163612
v -0.020934 0.027524 0.098535
v -0.006734 0.068111 0.149878
v 0.000503 0.076575 0.157083
v -0.013628 0.015385 0.075065
v -0.009553 0.021466 0.089073
v 0.011275 0.068093 0.149606
v -0.009523 0.008152 0.054917
v -0.003371 0.012239 0.068139
v 0.025512 0.071330 0.150693
v 0.030054 0.083646 0.159637
v 0.032138 0.094145 0.166406
v -0.003721 0.001122 0.019187
v 0.000995 0.005566 0.045973
v 0.004999 0.009281 0.059288
v 0.042853 0.087174 0.159267
v 0.045206 0.097932 0.165759
v 0.060265 0.073664 0.142570
v 0.087094 0.091329 0.143268
v 0.057608 0.062891 0.133402
v 0.070967 0.070118 0.134189
v 0.084702 0.081693 0.136909
v 0.096795 0.087094 0.133404
v 0.066158 0.058999 0.125100
v 0.082732 0.070515 0.127662
v 0.108737 0.087324 0.124063
v 0.066293 0.051992 0.116634
v 0.093003 0.064855 0.113962
v 0.104621 0.073182 0.113478
v 0.063513 0.040858 0.102666
v 0.089934 0.054481 0.103104
v 0.104382 0.066399 0.105616
v 0.117571 0.074997 0.102241
v 0.058937 0.031789 0.090159
v 0.101610 0.053605 0.090225
v 0.124093 0.072058 0.090159
v 0.122164 0.061728 0.076519
v 0.132850 0.072019 0.076632
v 0.145274 0.084294 0.073591
v 0.049966 0.018047 0.065570
v 0.064629 0.023197 0.066795
v 0.094210 0.036457 0.065350
v 0.120791 0.055915 0.067412
v 0.132814 0.066416 0.066447
v 0.142672 0.074514 0.061663
v 0.152488 0.085805 0.060154
v 0.074378 0.022628 0.053885
v 0.087244 0.027525 0.050358
v 0.103434 0.037171 0.051788
v 0.140462 0.068111 0.052719
v 0.149551 0.076574 0.048060
v 0.067180 0.015385 0.036157
v 0.081762 0.021467 0.036611
v 0.111836 0.038941 0.038079
v 0.122947 0.046889 0.036613
v 0.145769 0.068094 0.035508
v 0.049287 0.008152 0.026027
v 0.063763 0.012239 0.024262
v 0.141238 0.060535 0.022592
v 0.151202 0.071331 0.022303
v 0.161111 0.083646 0.020747
v 0.168193 0.094145 0.020856
v 0.017098 0.001122 0.009468
v 0.044031 0.005567 0.013260
v 0.057931 0.009281 0.013566
v 0.113273 0.035837 0.011269
v 0.134107 0.052352 0.011260
v 0.164714 0.087175 0.008460
v 0.154215 0.073664 -0.013260
v 0.163169 0.091329 -0.038559
v 0.144677 0.062893 -0.013566
v 0.149551 0.070119 -0.026028
v 0.156383 0.081693 -0.038250
v 0.156786 0.087093 -0.050833
v 0.139422 0.058999 -0.024261
v 0.146980 0.070516 -0.039234
v 0.151594 0.087325 -0.065077
v 0.131413 0.051993 -0.027007
v 0.136317 0.059581 -0.040039
v 0.137125 0.064855 -0.053234
v 0.140256 0.073184 -0.064434
v 0.125382 0.054149 -0.053886
v 0.132703 0.066399 -0.066636
v 0.133569 0.074996 -0.080222
v 0.103805 0.031785 -0.028772
v 0.117209 0.053606 -0.068756
v 0.121361 0.061932 -0.078116
v 0.126167 0.085465 -0.104262
v 0.095682 0.029705 -0.041689
v 0.100706 0.036841 -0.055952
v 0.110525 0.061728 -0.092539
v 0.113936 0.072020 -0.102666
v 0.114881 0.084295 -0.115424
v 0.077801 0.018047 -0.027258
v 0.083497 0.023197 -0.040825
v 0.089446 0.034848 -0.067947
v 0.101440 0.055915 -0.094047
v 0.104236 0.066415 -0.105780
v 0.102732 0.074513 -0.116635
v 0.104331 0.085804 -0.126436
v 0.074853 0.027525 -0.067413
v 0.093543 0.068111 -0.117296
v 0.055147 0.015385 -0.052719
v 0.060084 0.021466 -0.066447
v 0.078814 0.068093 -0.127662
v 0.039984 0.008152 -0.038832
v 0.042778 0.012239 -0.053145
v 0.067936 0.071330 -0.136908
v 0.069518 0.083646 -0.146815
v 0.071811 0.094146 -0.153516
v 0.014288 0.001122 -0.013335
v 0.026217 0.005567 -0.037778
v 0.030803 0.009281 -0.050904
v 0.058944 0.087173 -0.154038
v -0.153413 0.089596 0.064764
v -0.131334 0.073500 0.081668
v -0.156780 0.087154 0.050987
v -0.147180 0.078438 0.058933
v -0.135434 0.071330 0.070829
v -0.125091 0.062930 0.074013
v -0.149238 0.076573 0.049020
v -0.138800 0.068093 0.056954
v -0.115307 0.051979 0.068604
v -0.151669 0.074513 0.033974
v -0.141521 0.065465 0.042134
v -0.131127 0.056375 0.045596
v -0.119536 0.049040 0.053154
v -0.152522 0.072020 0.016089
v -0.133281 0.054281 0.029979
v -0.121721 0.046247 0.037973
v -0.108011 0.038938 0.047902
v -0.153388 0.072058 -0.000000
v -0.143680 0.061491 0.008195
v -0.122201 0.043647 0.022739
v -0.100676 0.031789 0.038297
v -0.084487 0.025215 0.047110
v -0.100831 0.028896 0.021324
v -0.089585 0.023941 0.029636
v -0.074418 0.018317 0.036894
v -0.152125 0.073936 -0.029476
v -0.143814 0.063125 -0.021923
v -0.122666 0.042596 -0.008345
v -0.100182 0.027525 0.010540
v -0.087666 0.021466 0.018439
v -0.075427 0.016270 0.021418
v -0.062819 0.012541 0.028713
v -0.133110 0.054150 -0.030105
v -0.122838 0.044832 -0.027001
v -0.075603 0.015385 0.010235
v -0.130535 0.057349 -0.050147
v -0.121125 0.047027 -0.042749
v -0.063579 0.010630 -0.002303
v -0.136289 0.070119 -0.066847
v -0.051510 0.007219 -0.009855
v -0.038098 0.003862 -0.002035
v -0.028004 0.002224 0.005435
v -0.132557 0.073663 -0.079916
v -0.125019 0.062892 -0.074063
v -0.027019 0.002218 -0.009174
v 0.035044 0.073664 -0.150765
v 0.013748 0.091327 -0.167098
v 0.031804 0.062891 -0.141787
v 0.021460 0.070118 -0.150274
v 0.011947 0.081693 -0.160549
v 0.000103 0.087093 -0.164821
v 0.018817 0.062583 -0.143777
v 0.008104 0.070516 -0.151911
v -0.015486 0.086432 -0.163631
v 0.014923 0.051993 -0.133326
v -0.008257 0.064855 -0.146864
v -0.018976 0.073936 -0.153788
v 0.008961 0.040858 -0.120391
v -0.012154 0.054482 -0.136275
v -0.023591 0.063124 -0.143549
v -0.035021 0.074996 -0.151821
v 0.005312 0.031789 -0.107583
v -0.029172 0.053606 -0.132718
v -0.036791 0.061932 -0.139560
v -0.060172 0.085463 -0.152210
v -0.053856 0.061727 -0.133710
v -0.064039 0.072317 -0.139639
v -0.074275 0.084294 -0.144926
v -0.003728 0.016527 -0.078929
v -0.036982 0.034848 -0.106065
v -0.058098 0.055915 -0.125536
v -0.070460 0.064441 -0.128688
v -0.079182 0.074513 -0.133746
v -0.088008 0.085804 -0.138295
v -0.040983 0.027525 -0.092021
v -0.053240 0.037170 -0.102694
v -0.083807 0.065466 -0.121573
v -0.033097 0.015385 -0.068739
v -0.044628 0.021466 -0.077676
v -0.068095 0.038941 -0.096542
v -0.078380 0.049261 -0.105053
v -0.097059 0.068093 -0.114406
v -0.024576 0.008152 -0.050026
v -0.037325 0.012239 -0.057107
v -0.109215 0.071330 -0.106917
v -0.118147 0.083646 -0.111483
v -0.123812 0.094145 -0.115735
v -0.008267 0.001122 -0.017710
v -0.027828 0.005567 -0.036608
v -0.038894 0.009281 -0.045026
v -0.128285 0.087174 -0.103660
v 0.055054 0.109472 0.169459
v -0.145185 0.110261 -0.103975
v 0.181133 0.115551 -0.001817
v 0.144146 0.290526 -0.104737
v 0.146306 0.289700 0.102437
v -0.179526 0.287788 0.002658
v -0.055277 0.289082 -0.170160
v 0.047177 0.075257 -0.148783
v 0.046910 0.070983 -0.145181
v 0.045063 0.052568 -0.127091
v 0.041558 0.042737 -0.116006
v 0.037015 0.033148 -0.103457
v 0.013960 0.004612 -0.039385
v 0.007122 0.002324 -0.028398
v 0.003644 0.000827 -0.016031
v -0.033143 0.004612 -0.025447
v -0.038010 0.005838 -0.027921
v -0.060019 0.013501 -0.039175
v -0.071393 0.019502 -0.047325
v -0.082898 0.027144 -0.056230
v -0.126922 0.075258 -0.090845
v -0.131295 0.085470 -0.097864
v -0.136998 0.096109 -0.101868
v -0.113184 0.100133 -0.130914
v -0.108820 0.099921 -0.134409
v -0.087516 0.099858 -0.149102
v -0.073802 0.098753 -0.155623
v -0.058444 0.097774 -0.161392
v 0.014256 0.102014 -0.173546
v 0.027293 0.101820 -0.171898
v 0.039782 0.105136 -0.171342
v -0.159483 0.100132 0.067189
v -0.161458 0.099920 0.061958
v -0.168849 0.099858 0.037155
v -0.170813 0.098754 0.022098
v -0.171554 0.097775 0.005710
v -0.171970 0.098564 -0.007162
v -0.160646 0.102014 -0.067188
v -0.155051 0.101820 -0.079076
v -0.150663 0.105136 -0.090782
v -0.034444 0.004612 0.023657
v -0.038301 0.005838 0.027521
v -0.055805 0.013501 0.044975
v -0.067071 0.019502 0.053273
v -0.079095 0.027144 0.061464
v -0.125621 0.075258 0.092636
v -0.133648 0.085470 0.094626
v -0.139073 0.096282 0.099203
v 0.156080 0.075258 -0.001107
v 0.152571 0.070983 -0.000247
v 0.134797 0.052569 0.003584
v 0.123171 0.042737 0.003677
v 0.113169 0.035388 0.002807
v 0.041771 0.004612 0.001106
v 0.029209 0.002324 -0.002002
v 0.016372 0.000827 -0.001488
v 0.089531 0.100132 -0.148099
v 0.094205 0.099921 -0.145028
v 0.114761 0.099857 -0.129307
v 0.125201 0.098753 -0.118279
v 0.169459 0.102016 -0.040068
v 0.171919 0.101820 -0.027161
v 0.175250 0.105137 -0.015111
v 0.049286 0.075258 0.148098
v 0.047382 0.070983 0.145027
v 0.038246 0.052568 0.129306
v 0.034564 0.042737 0.118279
v 0.030863 0.033148 0.105456
v 0.011855 0.004612 0.040068
v 0.010930 0.002324 0.027161
v 0.006474 0.000827 0.015111
v 0.168518 0.100133 0.039384
v 0.167041 0.099921 0.044777
v 0.158441 0.099857 0.069187
v 0.151180 0.098753 0.082522
v 0.144221 0.097490 0.092760
v 0.090472 0.102016 0.148783
v 0.078957 0.101820 0.155111
v 0.068526 0.105136 0.162003
v 0.038955 0.104002 0.170900
v 0.014617 0.100132 0.172439
v 0.009032 0.099921 0.172702
v -0.016839 0.099857 0.172066
v -0.031768 0.098753 0.169281
v -0.047583 0.097775 0.164922
v -0.062226 0.097320 0.159677
v -0.113543 0.102014 0.132020
v -0.123121 0.101820 0.123024
v -0.132899 0.105136 0.115234
v -0.182126 0.282148 -0.004425
v -0.190165 0.256573 -0.023657
v -0.190793 0.252576 -0.027521
v -0.191767 0.233491 -0.044974
v -0.191438 0.220732 -0.053273
v -0.189980 0.206556 -0.061464
v -0.187473 0.193001 -0.068680
v -0.184523 0.183642 -0.074818
v -0.167752 0.143426 -0.092636
v -0.162208 0.131681 -0.094627
v -0.154962 0.121992 -0.099204
v -0.168334 0.142263 0.090844
v -0.170662 0.147166 0.089479
v -0.179695 0.170279 0.082130
v -0.184258 0.183134 0.075372
v -0.192077 0.206799 0.054521
v -0.189583 0.257737 0.025447
v -0.187900 0.266218 0.015549
v -0.184619 0.276074 0.008215
v -0.036263 0.256572 -0.188168
v -0.032782 0.252575 -0.189960
v -0.016485 0.233491 -0.196280
v -0.008491 0.220732 -0.198531
v -0.002727 0.209749 -0.199524
v 0.007273 0.196076 -0.199615
v 0.036266 0.143427 -0.188168
v 0.039869 0.131680 -0.183510
v 0.046462 0.121991 -0.178033
v -0.138417 0.142262 -0.132022
v -0.137837 0.147165 -0.134658
v -0.133641 0.170278 -0.145519
v -0.128623 0.183135 -0.151947
v -0.123346 0.193202 -0.157009
v -0.111913 0.203751 -0.165453
v -0.082787 0.257739 -0.172439
v -0.072853 0.266216 -0.173899
v 0.147609 0.284450 -0.104995
v 0.167752 0.256575 -0.092636
v 0.170533 0.252575 -0.089877
v 0.181579 0.233491 -0.076331
v 0.186190 0.220731 -0.069425
v 0.187597 0.203924 -0.068603
v 0.190164 0.143427 -0.023657
v 0.186849 0.131680 -0.018787
v 0.183626 0.121941 -0.011271
v 0.082787 0.142262 -0.172439
v 0.085473 0.147165 -0.172703
v 0.097100 0.170278 -0.172068
v 0.104765 0.183135 -0.169281
v 0.138419 0.257737 -0.132021
v 0.142875 0.266217 -0.123025
v 0.144281 0.276446 -0.115235
v 0.145899 0.284954 0.106956
v 0.139941 0.256574 0.130915
v 0.128707 0.233491 0.149103
v 0.123562 0.220731 0.155624
v 0.111299 0.193002 0.165758
v 0.081262 0.143427 0.173547
v 0.075607 0.131680 0.171898
v 0.067055 0.121990 0.171342
v 0.189583 0.142263 0.025448
v 0.193651 0.170277 0.039176
v 0.193371 0.183135 0.047325
v 0.189766 0.208262 0.061927
v 0.168334 0.257738 0.090845
v 0.161155 0.266217 0.097865
v 0.154180 0.276446 0.101610
v -0.081262 0.256574 0.173547
v -0.085133 0.252577 0.172949
v -0.102032 0.233492 0.168483
v -0.109824 0.220731 0.165605
v -0.111446 0.203924 0.165767
v -0.139942 0.143428 0.130914
v -0.140121 0.131679 0.125026
v -0.142235 0.121992 0.116721
v 0.034381 0.142263 0.188168
v 0.032362 0.147165 0.189960
v 0.022583 0.170278 0.196279
v 0.014745 0.183134 0.198530
v -0.034380 0.257739 0.188167
v -0.043277 0.266217 0.183509
v -0.045059 0.277809 0.178480
v -0.178669 0.289376 -0.005764
v -0.169460 0.297983 -0.040068
v -0.167251 0.299659 -0.044930
v -0.155393 0.306240 -0.066972
v -0.148052 0.307502 -0.080250
v -0.139394 0.307728 -0.094220
v -0.089531 0.299870 -0.148098
v -0.080658 0.294776 -0.156349
v -0.069790 0.292335 -0.162922
v -0.014259 0.297987 -0.173545
v -0.008952 0.299659 -0.172949
v 0.015677 0.306240 -0.168482
v 0.030575 0.307503 -0.165604
v 0.046532 0.307729 -0.161686
v 0.058613 0.308454 -0.157215
v 0.113184 0.299869 -0.130914
v 0.123772 0.294775 -0.125025
v 0.133383 0.292335 -0.116719
v 0.160646 0.297986 -0.067189
v 0.161718 0.299659 -0.061958
v 0.165080 0.306241 -0.037154
v 0.166947 0.307502 -0.022098
v 0.167854 0.308134 -0.006717
v 0.168354 0.307108 0.009838
v 0.159481 0.299870 0.067189
v 0.157154 0.294776 0.079077
v 0.152512 0.292039 0.090597
v 0.113546 0.297985 0.132019
v 0.108901 0.299658 0.134657
v 0.086351 0.306239 0.145519
v 0.073068 0.301505 0.155795
v 0.069019 0.305659 0.154865
v 0.057392 0.307728 0.158158
v 0.031351 0.307330 0.165564
v -0.014616 0.299869 0.172439
v -0.026643 0.294776 0.173898
v -0.039302 0.292334 0.172829
v -0.090472 0.297984 0.148784
v -0.094416 0.299657 0.145181
v -0.111713 0.306240 0.127091
v -0.122074 0.307503 0.116006
v -0.141983 0.307110 0.090996
v -0.168517 0.299869 0.039382
v -0.173622 0.294774 0.028396
v -0.176516 0.292333 0.016029
v -0.004000 0.399774 -0.004382
v -0.013963 0.395389 -0.039383
v -0.014809 0.394163 -0.044777
v -0.013972 0.392056 -0.053307
v -0.017899 0.390055 -0.058953
v -0.018710 0.386500 -0.069187
v -0.022948 0.380499 -0.082521
v -0.030387 0.366038 -0.106875
v -0.047179 0.324743 -0.148782
v -0.052500 0.314530 -0.155112
v -0.054200 0.303717 -0.162004
v -0.176722 0.293314 -0.002268
v -0.156081 0.324741 -0.001107
v -0.152574 0.329014 -0.000247
v -0.134797 0.347431 0.003584
v -0.123172 0.357262 0.003675
v -0.109833 0.366852 0.003236
v -0.100036 0.372907 0.002792
v -0.041767 0.395389 0.001104
v -0.029209 0.397676 -0.001999
v 0.002251 0.399796 -0.004437
v 0.033141 0.395389 -0.025447
v 0.038010 0.394163 -0.027921
v 0.060017 0.386500 -0.039176
v 0.067773 0.380172 -0.053469
v 0.073117 0.378611 -0.051597
v 0.093161 0.364551 -0.064468
v 0.126922 0.324742 -0.090846
v 0.131296 0.314530 -0.097863
v 0.137326 0.303717 -0.101609
v 0.034443 0.395389 0.023654
v 0.038300 0.394163 0.027520
v 0.055738 0.387932 0.038545
v 0.055805 0.386500 0.044975
v 0.067071 0.380498 0.053274
v 0.076173 0.374793 0.059654
v 0.082629 0.371152 0.061553
v 0.087282 0.366801 0.066866
v 0.125621 0.324742 0.092637
v 0.133647 0.314530 0.094627
v 0.139073 0.303717 0.099205
v -0.011853 0.395389 0.040066
v -0.014336 0.394163 0.044928
v -0.025529 0.386500 0.066971
v -0.029938 0.380499 0.080251
v -0.038235 0.366038 0.104326
v -0.049282 0.324744 0.148097
v -0.048697 0.314531 0.156347
v -0.051374 0.303717 0.162922
v -0.003826 0.399637 0.008256
v -0.015018 0.398513 0.017346
v -0.008837 0.398581 0.020527
v -0.018887 0.398905 0.003643
v -0.017096 0.398878 0.009468
v -0.018807 0.396768 0.029252
v -0.011710 0.396861 0.032170
v -0.029772 0.397554 0.004139
v -0.027459 0.397707 0.009427
v -0.025854 0.397405 0.017026
v -0.022483 0.393524 0.044368
v -0.049493 0.393378 0.008947
v -0.033618 0.395921 0.020085
v -0.029634 0.394760 0.033339
v -0.021270 0.389894 0.058359
v -0.065847 0.388598 0.003760
v -0.057455 0.391330 0.003494
v -0.055973 0.391608 0.008264
v -0.054430 0.391055 0.021256
v -0.047449 0.392967 0.020616
v -0.043469 0.391982 0.034175
v -0.036863 0.391526 0.043289
v -0.070450 0.386055 0.018159
v -0.062952 0.388196 0.023050
v -0.052806 0.389676 0.033772
v -0.048459 0.387900 0.047477
v -0.041767 0.386354 0.058653
v -0.030650 0.377674 0.086035
v -0.082014 0.381191 0.018652
v -0.072249 0.382855 0.035328
v -0.063025 0.383277 0.048385
v -0.049983 0.385248 0.055615
v -0.049407 0.383474 0.061664
v -0.037542 0.382335 0.072480
v -0.098985 0.373440 0.005542
v -0.099992 0.372570 0.011324
v -0.093964 0.375419 0.017372
v -0.077700 0.379085 0.042250
v -0.077883 0.377497 0.048235
v -0.071605 0.377555 0.056922
v -0.063075 0.378810 0.062829
v -0.047524 0.376091 0.081458
v -0.045382 0.363309 0.105711
v -0.037667 0.363439 0.108516
v -0.114382 0.363723 0.004461
v -0.110259 0.366269 0.010367
v -0.107611 0.367390 0.017406
v -0.091071 0.371168 0.047981
v -0.086258 0.370719 0.057485
v -0.083272 0.370547 0.062249
v -0.072314 0.372249 0.070675
v -0.062149 0.370672 0.083100
v -0.042587 0.354507 0.119274
v -0.128735 0.352736 0.003488
v -0.122825 0.357187 0.010779
v -0.120551 0.358339 0.017332
v -0.119305 0.358331 0.024498
v -0.113472 0.361494 0.030691
v -0.111835 0.361060 0.038078
v -0.105439 0.363746 0.044314
v -0.103434 0.362830 0.051787
v -0.096550 0.364963 0.057937
v -0.086943 0.365076 0.071287
v -0.076808 0.364081 0.084091
v -0.066361 0.362036 0.096114
v -0.059998 0.361546 0.101029
v -0.055925 0.358913 0.107339
v -0.138475 0.343934 0.004784
v -0.134897 0.346232 0.018129
v -0.126074 0.351138 0.034112
v -0.119021 0.352973 0.048250
v -0.110484 0.354403 0.062005
v -0.103839 0.355412 0.070412
v -0.091740 0.355752 0.084957
v -0.080526 0.352570 0.100665
v -0.069788 0.350033 0.111895
v -0.049861 0.333152 0.140383
v -0.148147 0.333990 0.004157
v -0.145553 0.335690 0.017787
v -0.141240 0.339463 0.022592
v -0.141167 0.337817 0.031419
v -0.138136 0.340264 0.033881
v -0.134637 0.340543 0.044991
v -0.131345 0.342731 0.047695
v -0.123410 0.344515 0.061479
v -0.115807 0.344294 0.075271
v -0.104373 0.347973 0.084287
v -0.103824 0.345053 0.089831
v -0.095322 0.345957 0.097495
v -0.083749 0.342295 0.112417
v -0.072868 0.339556 0.122962
v -0.054137 0.321454 0.149139
v -0.158582 0.321439 0.005350
v -0.155924 0.323649 0.017882
v -0.153712 0.325998 0.020314
v -0.151082 0.327003 0.030971
v -0.148608 0.329266 0.033387
v -0.145249 0.329778 0.044378
v -0.142515 0.331835 0.047037
v -0.136785 0.333616 0.057758
v -0.132645 0.335558 0.062696
v -0.129441 0.334586 0.070925
v -0.115819 0.338258 0.085831
v -0.110803 0.335964 0.095575
v -0.105909 0.338480 0.097490
v -0.098214 0.335436 0.109134
v -0.093003 0.335145 0.113964
v -0.086360 0.331471 0.123133
v -0.075416 0.328652 0.132935
v -0.064599 0.325293 0.141584
v -0.164715 0.312824 0.008459
v -0.164032 0.312750 0.017550
v -0.161112 0.316353 0.020748
v -0.159932 0.315896 0.030176
v -0.156665 0.319671 0.032447
v -0.142644 0.322465 0.067532
v -0.138766 0.323772 0.072994
v -0.132409 0.325531 0.081316
v -0.131726 0.323063 0.086078
v -0.120037 0.327959 0.095487
v -0.117570 0.325002 0.102244
v -0.114101 0.323925 0.107346
v -0.104623 0.326819 0.113477
v -0.103607 0.322586 0.118916
v -0.090668 0.320830 0.130724
v -0.077464 0.317548 0.141770
v -0.066714 0.314322 0.149677
v -0.057879 0.300597 0.162686
v -0.171626 0.302123 0.007206
v -0.168193 0.305855 0.020857
v -0.151524 0.315539 0.060031
v -0.145274 0.315707 0.073590
v -0.142392 0.312180 0.083976
v -0.138148 0.314534 0.087774
v -0.129014 0.314646 0.100590
v -0.119030 0.313416 0.113484
v -0.096793 0.312908 0.133404
v -0.087094 0.308674 0.143266
v -0.013891 0.399341 0.003146
v -0.011363 0.399178 0.011649
v -0.014762 0.397780 0.024463
v -0.037718 0.396144 0.005400
v -0.029371 0.396889 0.017197
v -0.021483 0.397498 0.021481
v -0.029625 0.396138 0.024041
v -0.021541 0.396105 0.031644
v -0.016737 0.396150 0.034198
v -0.052491 0.392746 0.004038
v -0.042919 0.394326 0.017686
v -0.038630 0.394878 0.021237
v -0.042286 0.393645 0.025130
v -0.034133 0.394577 0.029863
v -0.032904 0.393833 0.035522
v -0.020512 0.392430 0.049678
v -0.068192 0.387425 0.011493
v -0.057581 0.390476 0.017777
v -0.048105 0.391461 0.030647
v -0.046941 0.390730 0.036434
v -0.039941 0.390298 0.045832
v -0.034306 0.390870 0.048017
v -0.041403 0.388186 0.052761
v -0.025196 0.388224 0.062063
v -0.081574 0.382332 0.003643
v -0.075676 0.384533 0.011345
v -0.081891 0.381684 0.013893
v -0.073082 0.384099 0.025952
v -0.062450 0.387149 0.031308
v -0.067181 0.384615 0.036157
v -0.058002 0.387953 0.034903
v -0.062085 0.385830 0.038978
v -0.053285 0.387408 0.044084
v -0.051901 0.386280 0.050096
v -0.037493 0.386484 0.061025
v -0.042456 0.383892 0.065489
v -0.026829 0.383584 0.074105
v -0.036723 0.380155 0.078137
v -0.094823 0.375812 0.002291
v -0.094836 0.375500 0.010495
v -0.089121 0.378128 0.015359
v -0.088753 0.377833 0.020021
v -0.077705 0.382615 0.022818
v -0.085431 0.378113 0.029650
v -0.076957 0.381570 0.031791
v -0.081760 0.378534 0.036613
v -0.075936 0.380869 0.037673
v -0.067882 0.382412 0.044912
v -0.066659 0.381310 0.050810
v -0.059305 0.380859 0.060596
v -0.053495 0.380751 0.066090
v -0.060388 0.377764 0.068225
v -0.047875 0.380591 0.070702
v -0.049415 0.378269 0.075351
v -0.043584 0.378638 0.078059
v -0.043357 0.376213 0.083527
v -0.033688 0.375527 0.089240
v -0.039883 0.373702 0.090241
v -0.102931 0.370513 0.015407
v -0.102867 0.370055 0.020037
v -0.097675 0.372855 0.022056
v -0.093227 0.374771 0.025841
v -0.094874 0.372568 0.033414
v -0.085375 0.376704 0.037166
v -0.082516 0.376120 0.045476
v -0.087243 0.372476 0.050360
v -0.081359 0.375013 0.051437
v -0.075906 0.374555 0.060529
v -0.068219 0.375278 0.067226
v -0.075313 0.373215 0.064960
v -0.067924 0.373110 0.072925
v -0.058145 0.373713 0.079631
v -0.065273 0.372059 0.077670
v -0.057247 0.371628 0.084658
v -0.047946 0.371110 0.091242
v -0.053195 0.369660 0.091045
v -0.042194 0.370389 0.095363
v -0.044645 0.366615 0.100764
v -0.116089 0.361842 0.015424
v -0.115176 0.361750 0.021826
v -0.109589 0.364591 0.028285
v -0.108715 0.364197 0.033428
v -0.105997 0.364986 0.037898
v -0.100847 0.367123 0.042406
v -0.099669 0.366458 0.047457
v -0.090495 0.367281 0.060994
v -0.082913 0.368522 0.067953
v -0.089913 0.365902 0.065460
v -0.077184 0.369981 0.070982
v -0.082074 0.366724 0.073218
v -0.072832 0.367538 0.080748
v -0.079965 0.365334 0.078512
v -0.066994 0.368591 0.083551
v -0.072397 0.364958 0.086288
v -0.055253 0.364667 0.098680
v -0.052022 0.362493 0.103887
v -0.051527 0.359374 0.108871
v -0.046499 0.356312 0.115374
v -0.134105 0.347650 0.011261
v -0.127067 0.353577 0.013307
v -0.125275 0.353881 0.023083
v -0.128518 0.350292 0.028311
v -0.122948 0.353111 0.036614
v -0.116356 0.356659 0.042626
v -0.119556 0.354958 0.039913
v -0.112796 0.359460 0.041737
v -0.114011 0.357138 0.046936
v -0.107940 0.358330 0.056350
v -0.112229 0.356353 0.053431
v -0.104270 0.361068 0.055444
v -0.105314 0.358495 0.060658
v -0.098677 0.358962 0.069907
v -0.102195 0.358748 0.065135
v -0.094935 0.361615 0.068965
v -0.095822 0.358798 0.074108
v -0.087356 0.360131 0.081354
v -0.092470 0.358694 0.078440
v -0.081041 0.360568 0.086879
v -0.080355 0.358007 0.092040
v -0.076249 0.356157 0.098486
v -0.069756 0.355767 0.103775
v -0.061964 0.350925 0.115279
v -0.056481 0.354390 0.113481
v -0.051342 0.350215 0.121275
v -0.142082 0.340449 0.002196
v -0.144705 0.337069 0.013650
v -0.136857 0.343814 0.022331
v -0.132660 0.347491 0.023462
v -0.135053 0.344067 0.030224
v -0.132886 0.343624 0.040185
v -0.124413 0.350408 0.042401
v -0.123941 0.349030 0.048230
v -0.119894 0.350530 0.053488
v -0.125852 0.345515 0.053673
v -0.114894 0.352050 0.059788
v -0.119242 0.347894 0.061631
v -0.114179 0.350389 0.065103
v -0.109557 0.349746 0.073923
v -0.101408 0.351589 0.081414
v -0.108087 0.348398 0.078666
v -0.099747 0.349526 0.087088
v -0.089935 0.353501 0.090769
v -0.094080 0.351518 0.089923
v -0.098100 0.347891 0.091645
v -0.086049 0.351038 0.098373
v -0.089994 0.345850 0.102594
v -0.078942 0.349588 0.106232
v -0.084170 0.349041 0.102955
v -0.075323 0.348807 0.109917
v -0.074154 0.346397 0.113900
v -0.066031 0.346233 0.119010
v -0.063388 0.343425 0.123780
v -0.058957 0.346223 0.122688
v -0.063710 0.339619 0.127887
v -0.057607 0.337109 0.133403
v -0.046603 0.343242 0.131259
v -0.048266 0.336956 0.137236
v -0.053082 0.335756 0.136628
v -0.151114 0.330503 0.007674
v -0.154255 0.326500 0.011124
v -0.147796 0.332669 0.021682
v -0.151202 0.328668 0.022304
v -0.145192 0.335133 0.023824
v -0.145769 0.331906 0.035508
v -0.141509 0.336040 0.037051
v -0.139259 0.334536 0.049096
v -0.134670 0.338545 0.050681
v -0.127478 0.341937 0.059167
v -0.126780 0.340256 0.064425
v -0.120103 0.342537 0.071785
v -0.121057 0.338510 0.077821
v -0.114712 0.342078 0.080922
v -0.120535 0.336562 0.081980
v -0.110702 0.342787 0.085152
v -0.111795 0.338067 0.091283
v -0.104827 0.341715 0.093926
v -0.099850 0.342355 0.098285
v -0.103462 0.336876 0.102267
v -0.093314 0.343452 0.102991
v -0.097910 0.340443 0.102894
v -0.089222 0.340708 0.110177
v -0.087961 0.338338 0.114145
v -0.079848 0.338640 0.119624
v -0.077128 0.335935 0.124426
v -0.067513 0.335130 0.130733
v -0.070970 0.329881 0.134188
v -0.063655 0.334744 0.133080
v -0.066387 0.328738 0.137593
v -0.060268 0.326336 0.142568
v -0.055120 0.330748 0.140682
v -0.160954 0.318080 0.008847
v -0.158967 0.320571 0.010710
v -0.156615 0.321856 0.023231
v -0.151566 0.324989 0.036278
v -0.147990 0.328148 0.039786
v -0.145444 0.327588 0.049723
v -0.141337 0.330613 0.053520
v -0.140379 0.328954 0.059752
v -0.138245 0.329516 0.063363
v -0.134165 0.329215 0.072124
v -0.127025 0.331822 0.079906
v -0.132745 0.327987 0.076802
v -0.117619 0.331915 0.093065
v -0.123715 0.328395 0.090049
v -0.115709 0.329694 0.098433
v -0.106606 0.334247 0.102506
v -0.102527 0.331714 0.109724
v -0.098261 0.331205 0.114160
v -0.091956 0.329730 0.120904
v -0.090392 0.327381 0.124549
v -0.080881 0.327284 0.131019
v -0.079554 0.324737 0.134263
v -0.071581 0.324422 0.138972
v -0.068721 0.321704 0.142781
v -0.068604 0.317690 0.146155
v -0.055968 0.314398 0.153991
v -0.168103 0.307682 0.008922
v -0.164729 0.310800 0.022618
v -0.162050 0.313993 0.025767
v -0.160358 0.313812 0.035353
v -0.154323 0.318567 0.045197
v -0.157202 0.314069 0.046809
v -0.148003 0.320683 0.058675
v -0.142794 0.319565 0.072238
v -0.138489 0.321400 0.077371
v -0.141670 0.316936 0.078475
v -0.129363 0.321529 0.091638
v -0.131733 0.317811 0.093133
v -0.127444 0.319408 0.096966
v -0.119574 0.321260 0.104403
v -0.122151 0.317586 0.105643
v -0.117588 0.318876 0.109296
v -0.110499 0.323083 0.112011
v -0.114143 0.315123 0.116735
v -0.104436 0.318104 0.122695
v -0.100217 0.321140 0.123259
v -0.093681 0.316045 0.132933
v -0.089012 0.318626 0.133865
v -0.082813 0.316115 0.139911
v -0.081440 0.313607 0.142766
v -0.070710 0.310693 0.150579
v -0.061610 0.304235 0.158977
v -0.055832 0.305849 0.160037
v -0.174799 0.296883 -0.000014
v -0.174530 0.296755 0.010682
v -0.173743 0.297277 0.016838
v -0.170338 0.301221 0.025922
v -0.167927 0.302738 0.034202
v -0.162316 0.307776 0.044299
v -0.167041 0.300079 0.044777
v -0.163424 0.304145 0.048675
v -0.160129 0.308191 0.050678
v -0.161703 0.304420 0.053563
v -0.157986 0.305743 0.061464
v -0.152354 0.307495 0.071701
v -0.150257 0.307189 0.076457
v -0.146506 0.311496 0.077534
v -0.139923 0.310861 0.089658
v -0.138059 0.308761 0.094966
v -0.135442 0.306263 0.101352
v -0.128732 0.308630 0.107406
v -0.126699 0.306872 0.111514
v -0.117514 0.306099 0.121852
v -0.107567 0.306714 0.130217
v -0.105048 0.303951 0.134451
v -0.097600 0.304407 0.139613
v -0.092577 0.306658 0.141347
v -0.084423 0.302694 0.149167
v -0.080625 0.305615 0.149249
v -0.083480 0.297383 0.153222
v -0.073188 0.296715 0.158819
v -0.069287 0.302208 0.157119
v -0.064557 0.299238 0.160999
v -0.062507 0.292706 0.165639
v 0.006671 0.399637 0.006191
v 0.011857 0.398513 0.019643
v 0.016791 0.398581 0.014748
v -0.002371 0.398905 0.019092
v 0.003722 0.398878 0.019186
v 0.022009 0.396768 0.026926
v 0.027266 0.396963 0.019788
v 0.000481 0.397708 0.029024
v 0.008203 0.397405 0.029849
v 0.035247 0.393524 0.035094
v -0.006781 0.393379 0.049833
v 0.008712 0.395922 0.038178
v 0.022550 0.394760 0.038485
v 0.048929 0.389894 0.038265
v -0.016770 0.388597 0.063788
v -0.014429 0.391331 0.055720
v -0.009433 0.391608 0.055788
v 0.001434 0.391059 0.058419
v 0.004947 0.392966 0.051500
v 0.019070 0.391983 0.051898
v 0.029781 0.391525 0.048436
v -0.018822 0.383688 0.076272
v -0.004501 0.386055 0.072613
v 0.000982 0.388837 0.065170
v 0.030181 0.387899 0.060761
v 0.042876 0.386354 0.057848
v 0.072353 0.377675 0.055734
v -0.021457 0.379868 0.084267
v -0.007608 0.381191 0.083762
v 0.011916 0.384828 0.074813
v 0.026538 0.383277 0.074891
v 0.037451 0.385248 0.064721
v 0.057332 0.382335 0.058102
v 0.079830 0.371362 0.064580
v -0.027070 0.372123 0.097718
v -0.021981 0.371886 0.099374
v 0.002565 0.377788 0.091015
v 0.021808 0.377496 0.088978
v 0.035550 0.377202 0.085066
v 0.039649 0.379653 0.077800
v 0.062784 0.376091 0.070371
v 0.086512 0.363310 0.075828
v -0.031102 0.363725 0.110159
v -0.024888 0.365472 0.109116
v -0.016699 0.367389 0.107724
v 0.017490 0.371167 0.101442
v 0.027648 0.372795 0.096267
v 0.033468 0.370547 0.098433
v 0.044866 0.372251 0.090612
v 0.059830 0.370672 0.084786
v 0.074057 0.368058 0.078575
v 0.100277 0.354506 0.077362
v -0.027702 0.357187 0.120145
v -0.020768 0.358339 0.120006
v -0.005873 0.361494 0.117403
v 0.001658 0.361059 0.118130
v 0.013218 0.362873 0.114856
v 0.025266 0.364965 0.109724
v 0.030981 0.364586 0.108835
v 0.040932 0.365077 0.104715
v 0.056239 0.364082 0.099033
v 0.070905 0.362034 0.092816
v 0.077543 0.361547 0.088279
v 0.084803 0.358913 0.086358
v -0.038239 0.343935 0.133175
v -0.024445 0.346230 0.133898
v -0.006283 0.350609 0.131061
v 0.009110 0.352972 0.128106
v 0.024829 0.354403 0.124237
v 0.036678 0.356722 0.118251
v 0.043390 0.355937 0.117028
v 0.052452 0.355752 0.113502
v 0.070854 0.352572 0.107690
v 0.084854 0.350034 0.100947
v 0.118104 0.333152 0.090801
v -0.041828 0.333991 0.142180
v -0.028059 0.335690 0.143926
v -0.022156 0.339467 0.141305
v -0.013742 0.337816 0.143968
v -0.010466 0.340267 0.141842
v 0.001184 0.340544 0.141948
v 0.004776 0.342730 0.139656
v 0.020336 0.344514 0.136369
v 0.049327 0.348579 0.124039
v 0.053411 0.346591 0.124712
v 0.063269 0.345959 0.120781
v 0.081035 0.342294 0.114389
v 0.094428 0.339555 0.107298
v 0.106546 0.336687 0.099385
v 0.125111 0.321454 0.097573
v -0.043915 0.321440 0.152473
v -0.031176 0.323650 0.153818
v -0.028177 0.325997 0.152469
v -0.017233 0.327004 0.153257
v -0.014173 0.329271 0.151648
v -0.002675 0.329779 0.151852
v 0.001114 0.333422 0.148674
v 0.012156 0.331797 0.149619
v 0.015819 0.333920 0.147357
v 0.025993 0.334239 0.145598
v 0.045841 0.338256 0.136675
v 0.058584 0.337881 0.132113
v 0.066614 0.334236 0.132075
v 0.073798 0.333928 0.128515
v 0.079647 0.335145 0.123667
v 0.090419 0.331471 0.120184
v 0.103123 0.328652 0.112804
v 0.114693 0.325292 0.105190
v -0.042853 0.312825 0.159267
v -0.033995 0.312752 0.161426
v -0.030052 0.316354 0.159638
v -0.020722 0.315895 0.161430
v -0.017551 0.319669 0.159025
v 0.011521 0.322814 0.157127
v 0.019425 0.322554 0.156557
v 0.026875 0.328491 0.150565
v 0.041161 0.323064 0.151878
v 0.053719 0.327960 0.143669
v 0.074978 0.325946 0.135717
v 0.081080 0.322586 0.135283
v 0.096308 0.320831 0.126625
v 0.110894 0.317548 0.117481
v 0.121735 0.314321 0.109703
v 0.136837 0.300598 0.105318
v -0.046183 0.302124 0.165452
v -0.032139 0.305855 0.166406
v 0.010091 0.314198 0.163611
v 0.018837 0.313096 0.163593
v 0.025096 0.315706 0.160905
v 0.071149 0.313416 0.148272
v 0.096963 0.312909 0.133280
v 0.109342 0.308672 0.127103
v 0.000592 0.399374 0.013631
v 0.007567 0.399178 0.014407
v 0.017075 0.397782 0.022861
v -0.006516 0.396144 0.037541
v 0.007280 0.396889 0.033247
v 0.013324 0.397507 0.027229
v 0.013709 0.396138 0.035604
v 0.023439 0.396105 0.030265
v 0.027351 0.396150 0.026485
v -0.012378 0.392746 0.051170
v 0.003556 0.394327 0.046280
v 0.008258 0.394878 0.043301
v 0.010837 0.393644 0.047983
v 0.017852 0.394577 0.041689
v 0.023617 0.393833 0.042271
v 0.040909 0.392430 0.034860
v -0.010141 0.387424 0.068408
v 0.005363 0.390300 0.060549
v 0.014287 0.391462 0.055218
v 0.020143 0.390731 0.055901
v 0.031249 0.390297 0.052151
v 0.035067 0.390870 0.047465
v 0.037384 0.388187 0.055678
v 0.051238 0.388225 0.043140
v -0.014559 0.381808 0.081498
v 0.000292 0.386957 0.070407
v 0.001109 0.385400 0.074366
v 0.010473 0.387150 0.069068
v 0.015272 0.387953 0.065949
v 0.016189 0.386427 0.069901
v 0.025465 0.387408 0.064299
v 0.031603 0.386282 0.064838
v 0.041823 0.384545 0.063987
v 0.046455 0.386483 0.054516
v 0.049164 0.383892 0.060616
v 0.062187 0.383584 0.048414
v 0.062965 0.380156 0.059070
v -0.027351 0.374894 0.092606
v -0.023106 0.374729 0.094038
v -0.019704 0.377527 0.089485
v -0.018698 0.374786 0.094908
v -0.012766 0.379010 0.087723
v -0.007738 0.378163 0.090009
v -0.002316 0.382615 0.080953
v -0.003548 0.379471 0.087642
v 0.006456 0.381571 0.083013
v 0.011394 0.382427 0.080597
v 0.013249 0.379265 0.087121
v 0.021734 0.382412 0.078439
v 0.027726 0.381310 0.079098
v 0.042920 0.381970 0.070345
v 0.045460 0.377671 0.079163
v 0.052447 0.380590 0.067382
v 0.056393 0.378269 0.070282
v 0.060772 0.378637 0.065573
v 0.066041 0.376213 0.067045
v 0.074329 0.372976 0.066815
v -0.022617 0.368985 0.104111
v -0.009963 0.368824 0.106306
v -0.004869 0.374571 0.096972
v -0.009207 0.372856 0.099709
v 0.002458 0.372568 0.100557
v 0.008964 0.376704 0.092682
v 0.017751 0.376120 0.092531
v 0.020936 0.372476 0.098534
v 0.023782 0.375012 0.093272
v 0.034108 0.374557 0.090893
v 0.042858 0.375277 0.085654
v 0.038508 0.373215 0.091701
v 0.048367 0.373111 0.087133
v 0.057766 0.373714 0.079904
v 0.053695 0.372059 0.086081
v 0.062824 0.371628 0.080604
v 0.071963 0.371109 0.073795
v 0.077089 0.368320 0.075049
v 0.082035 0.366614 0.073600
v -0.021206 0.361842 0.115174
v -0.016886 0.361180 0.116781
v -0.006963 0.364592 0.112965
v -0.012181 0.361063 0.117526
v -0.001808 0.364196 0.113725
v 0.007818 0.364963 0.112357
v 0.007020 0.368884 0.106432
v 0.013744 0.366141 0.110007
v 0.018269 0.368112 0.106312
v 0.029245 0.369383 0.101716
v 0.039003 0.368524 0.099851
v 0.034471 0.365904 0.105738
v 0.043660 0.369981 0.095339
v 0.044271 0.366723 0.100684
v 0.054289 0.367538 0.094220
v 0.049959 0.365336 0.100310
v 0.058758 0.368591 0.089535
v 0.059694 0.364960 0.095515
v 0.076776 0.364667 0.083043
v 0.082728 0.362493 0.081577
v 0.087619 0.359373 0.082650
v 0.095358 0.356312 0.079877
v -0.030732 0.347648 0.131023
v -0.026609 0.353578 0.124959
v -0.016756 0.353880 0.126278
v -0.014708 0.357479 0.121998
v -0.012791 0.350292 0.130975
v -0.001681 0.355391 0.125481
v 0.004603 0.357504 0.122764
v 0.009406 0.357138 0.122935
v 0.015306 0.358718 0.120278
v 0.025149 0.358496 0.118902
v 0.040708 0.361409 0.110366
v 0.050381 0.360132 0.108217
v 0.046027 0.358693 0.112185
v 0.057584 0.360570 0.103918
v 0.062704 0.358006 0.104865
v 0.070104 0.356156 0.102952
v 0.077140 0.355768 0.098409
v 0.090616 0.351172 0.094037
v 0.090476 0.354388 0.088785
v 0.099476 0.350215 0.086302
v -0.031733 0.337071 0.141839
v -0.021052 0.343816 0.137058
v -0.018683 0.347491 0.133417
v -0.007715 0.346564 0.135506
v -0.001680 0.348414 0.133678
v -0.002844 0.343625 0.138799
v 0.005721 0.350384 0.131338
v 0.009505 0.347616 0.134210
v 0.013821 0.350533 0.130552
v 0.021358 0.352049 0.127747
v 0.025182 0.349091 0.130491
v 0.029572 0.351710 0.126499
v 0.036446 0.349747 0.127039
v 0.046092 0.351589 0.121603
v 0.044063 0.347467 0.127296
v 0.051903 0.352334 0.118287
v 0.058535 0.353501 0.113584
v 0.057091 0.350615 0.118110
v 0.066968 0.351038 0.112238
v 0.069763 0.345851 0.117292
v 0.071906 0.349042 0.111864
v 0.084537 0.346996 0.105599
v 0.089079 0.343006 0.107305
v 0.099857 0.340469 0.101039
v 0.098467 0.346222 0.093983
v 0.109072 0.337109 0.096012
v 0.110434 0.343242 0.084883
v 0.115604 0.336957 0.088312
v 0.113537 0.335755 0.092706
v -0.039398 0.330503 0.146090
v -0.037088 0.326500 0.150143
v -0.025049 0.332668 0.147264
v -0.025509 0.328672 0.150692
v -0.022210 0.335133 0.145448
v -0.011276 0.331906 0.149608
v -0.008488 0.336041 0.146031
v 0.006586 0.338545 0.143740
v 0.016877 0.341936 0.139524
v 0.017241 0.337507 0.143834
v 0.022095 0.340257 0.140482
v 0.031159 0.342537 0.136407
v 0.036606 0.338510 0.139180
v 0.041516 0.342079 0.134101
v 0.040720 0.336562 0.139969
v 0.046773 0.342789 0.131597
v 0.052269 0.338068 0.134531
v 0.056937 0.341714 0.128721
v 0.062636 0.339405 0.128601
v 0.069117 0.343452 0.120571
v 0.077213 0.340707 0.118903
v 0.081375 0.338337 0.118930
v 0.090911 0.338362 0.111779
v 0.094502 0.335935 0.111803
v 0.098296 0.332058 0.113156
v 0.105690 0.329883 0.108960
v 0.106063 0.334126 0.103330
v 0.110345 0.328738 0.105656
v 0.116968 0.326337 0.101373
v 0.116763 0.330748 0.095896
v -0.040472 0.319348 0.155075
v -0.026297 0.321854 0.156131
v -0.012331 0.324991 0.155357
v -0.007893 0.328148 0.153041
v 0.002347 0.327586 0.153692
v 0.014557 0.325488 0.154743
v 0.017546 0.329516 0.151057
v 0.031830 0.327982 0.150026
v 0.036741 0.331822 0.145500
v 0.035807 0.325911 0.150891
v 0.052166 0.331916 0.140620
v 0.047411 0.328397 0.145485
v 0.057858 0.329694 0.140464
v 0.065614 0.325703 0.140706
v 0.075397 0.329189 0.132395
v 0.078210 0.331203 0.128729
v 0.086569 0.329729 0.124819
v 0.090521 0.327380 0.124455
v 0.099613 0.327285 0.117409
v 0.103108 0.324736 0.117151
v 0.110050 0.324422 0.111022
v 0.114556 0.321705 0.109478
v 0.117802 0.317691 0.110409
v 0.129158 0.314399 0.100815
v -0.043462 0.307683 0.162632
v -0.029392 0.310801 0.163655
v -0.025570 0.313996 0.162080
v -0.015932 0.313811 0.163434
v -0.004702 0.318567 0.160736
v -0.004058 0.314068 0.163973
v 0.011216 0.318678 0.160320
v 0.024578 0.319565 0.158128
v 0.031667 0.321090 0.155682
v 0.032688 0.317363 0.158320
v 0.037694 0.319198 0.155800
v 0.047177 0.321529 0.151350
v 0.047866 0.317814 0.154063
v 0.052837 0.319409 0.151170
v 0.060844 0.322739 0.145391
v 0.062727 0.317585 0.148818
v 0.067609 0.318875 0.145609
v 0.072384 0.323082 0.139704
v 0.075749 0.315125 0.144628
v 0.084417 0.318105 0.137239
v 0.086256 0.321140 0.133402
v 0.097479 0.316045 0.130174
v 0.099806 0.318626 0.126022
v 0.107475 0.316114 0.121994
v 0.110612 0.313607 0.121572
v 0.121358 0.310693 0.113781
v 0.132158 0.304235 0.107721
v 0.134950 0.305850 0.102554
v -0.047159 0.291655 0.171221
v -0.043774 0.296758 0.169287
v -0.037675 0.297274 0.170445
v -0.027984 0.301222 0.170010
v -0.019366 0.302739 0.170276
v -0.008024 0.307775 0.168062
v -0.009029 0.300079 0.172702
v -0.004207 0.304145 0.170466
v -0.001281 0.308191 0.167952
v 0.000974 0.304421 0.170340
v 0.009637 0.305745 0.169246
v 0.026283 0.307190 0.166529
v 0.028468 0.311497 0.163294
v 0.039618 0.313626 0.159448
v 0.040856 0.306786 0.163811
v 0.056799 0.313651 0.154166
v 0.062369 0.308630 0.155621
v 0.068866 0.309047 0.152562
v 0.080856 0.305935 0.148836
v 0.090606 0.306714 0.142540
v 0.095409 0.303952 0.141453
v 0.102619 0.304406 0.135966
v 0.105821 0.306658 0.131725
v 0.115780 0.302694 0.126386
v 0.117030 0.305615 0.122799
v 0.119927 0.297382 0.126742
v 0.128430 0.296716 0.118682
v 0.128018 0.302209 0.114448
v 0.133170 0.299237 0.111150
v 0.138217 0.292707 0.110631
v 0.006846 0.399673 -0.004995
v 0.022345 0.398513 -0.005206
v 0.019216 0.398581 -0.011411
v 0.017426 0.398905 0.008155
v 0.019398 0.398878 0.002390
v 0.032409 0.396768 -0.012611
v 0.028385 0.396860 -0.019142
v 0.026520 0.397554 0.014149
v 0.027752 0.397708 0.008513
v 0.030926 0.397404 0.001424
v 0.030006 0.397498 -0.004750
v 0.044269 0.393524 -0.022677
v 0.045298 0.393379 0.021848
v 0.039004 0.395921 0.003515
v 0.043569 0.394760 -0.009554
v 0.051512 0.389894 -0.034711
v 0.055351 0.389009 0.033588
v 0.048537 0.391330 0.030940
v 0.050139 0.391609 0.026210
v 0.056001 0.391059 0.016690
v 0.050508 0.392966 0.011207
v 0.053422 0.392469 0.003953
v 0.055268 0.391526 -0.013355
v 0.064174 0.384133 -0.043463
v 0.062518 0.386818 0.033195
v 0.067671 0.386054 0.026723
v 0.062285 0.388836 0.019204
v 0.067309 0.387942 0.007295
v 0.065424 0.388714 -0.003836
v 0.067115 0.387899 -0.009926
v 0.067674 0.386725 -0.021563
v 0.075060 0.378806 -0.047995
v 0.073247 0.380902 0.042619
v 0.077314 0.381190 0.033121
v 0.074836 0.384827 0.011784
v 0.079426 0.383277 -0.002098
v 0.078865 0.382946 -0.014609
v 0.079591 0.380867 -0.029294
v 0.072975 0.382336 -0.036569
v 0.084177 0.371174 -0.059347
v 0.088979 0.374715 0.038194
v 0.091361 0.377497 0.006757
v 0.091385 0.377556 -0.003960
v 0.091314 0.377398 -0.009453
v 0.090928 0.376698 -0.020110
v 0.086326 0.376092 -0.037966
v 0.095654 0.364523 -0.060741
v 0.095158 0.363725 0.063619
v 0.096084 0.365472 0.057389
v 0.097290 0.367390 0.049173
v 0.101879 0.371168 0.014712
v 0.103576 0.370718 0.004192
v 0.103598 0.370763 -0.001366
v 0.100043 0.372250 -0.014669
v 0.099107 0.372202 -0.020415
v 0.099124 0.370671 -0.030702
v 0.097616 0.368057 -0.046150
v 0.104564 0.354505 -0.071463
v 0.105705 0.357186 0.063474
v 0.107715 0.358339 0.056837
v 0.110919 0.358332 0.050304
v 0.109841 0.361494 0.041865
v 0.113319 0.362873 0.022920
v 0.112166 0.364962 0.009877
v 0.112240 0.365076 -0.006569
v 0.111565 0.364081 -0.022884
v 0.110186 0.362033 -0.038752
v 0.107922 0.361546 -0.046469
v 0.108337 0.358914 -0.053964
v 0.114838 0.343936 0.077522
v 0.119623 0.345675 0.066146
v 0.117624 0.349682 0.060561
v 0.119971 0.351840 0.049519
v 0.124651 0.352973 0.030923
v 0.125828 0.354403 0.014777
v 0.127411 0.353822 -0.001013
v 0.124156 0.355752 -0.014809
v 0.124313 0.352572 -0.034109
v 0.122231 0.350031 -0.049508
v 0.122854 0.333151 -0.084264
v 0.122297 0.333991 0.083715
v 0.128211 0.335689 0.071163
v 0.126949 0.340486 0.063714
v 0.132675 0.337816 0.057558
v 0.131667 0.340267 0.053784
v 0.135369 0.340542 0.042739
v 0.134296 0.342730 0.038615
v 0.135980 0.344513 0.022800
v 0.137932 0.344294 0.007174
v 0.133513 0.348385 -0.007254
v 0.135238 0.346394 -0.013269
v 0.134423 0.345957 -0.022847
v 0.133833 0.342293 -0.041720
v 0.131228 0.339554 -0.056646
v 0.127446 0.336685 -0.070620
v 0.131461 0.321454 -0.088833
v 0.131442 0.321439 0.088881
v 0.136654 0.323651 0.077182
v 0.136297 0.325999 0.073913
v 0.140432 0.327003 0.063748
v 0.139850 0.329267 0.060340
v 0.143592 0.329780 0.049469
v 0.142941 0.331838 0.045714
v 0.145920 0.332202 0.033695
v 0.144163 0.335559 0.027242
v 0.146504 0.334239 0.020274
v 0.144151 0.338256 -0.001362
v 0.145818 0.335965 -0.012192
v 0.142993 0.338288 -0.018137
v 0.142227 0.335145 -0.037532
v 0.142244 0.331470 -0.048854
v 0.139149 0.328653 -0.063217
v 0.135483 0.325294 -0.076573
v 0.138228 0.312828 0.089972
v 0.143021 0.312751 0.082214
v 0.142537 0.316355 0.077912
v 0.147125 0.315896 0.069592
v 0.145817 0.319671 0.065833
v 0.152997 0.322813 0.037598
v 0.154899 0.322552 0.029904
v 0.155169 0.323771 0.022513
v 0.154918 0.325530 0.012044
v 0.157164 0.323063 0.007788
v 0.153237 0.327960 -0.006693
v 0.155214 0.325001 -0.013610
v 0.155408 0.323922 -0.019777
v 0.154910 0.323587 -0.025156
v 0.150190 0.320831 -0.052463
v 0.146000 0.317548 -0.069162
v 0.141952 0.314322 -0.081876
v 0.142449 0.300599 -0.097593
v 0.144765 0.301636 0.092989
v 0.148331 0.305855 0.081987
v 0.158722 0.314197 0.040964
v 0.161405 0.313099 0.032635
v 0.160786 0.315705 0.025853
v 0.164557 0.312180 0.015756
v 0.163356 0.314534 0.010189
v 0.163003 0.313415 -0.021844
v 0.156722 0.312906 -0.051032
v 0.154672 0.308672 -0.064711
v 0.013147 0.399374 0.003649
v 0.016039 0.399178 -0.002747
v 0.026322 0.397780 -0.011115
v 0.033691 0.396144 0.017796
v 0.033867 0.396890 0.003348
v 0.038099 0.396138 -0.002035
v 0.036027 0.396105 -0.012937
v 0.033641 0.396150 -0.017828
v 0.044841 0.392746 0.027584
v 0.045115 0.394327 0.010922
v 0.043735 0.394878 0.005525
v 0.047515 0.393971 0.005742
v 0.045165 0.394577 -0.004097
v 0.047499 0.393833 -0.009397
v 0.045796 0.392430 -0.028134
v 0.059243 0.390301 0.013608
v 0.062577 0.389714 -0.000014
v 0.056547 0.391618 -0.001431
v 0.059254 0.390298 -0.013606
v 0.055978 0.390870 -0.018683
v 0.063093 0.388698 -0.017923
v 0.056863 0.388224 -0.035401
v 0.068138 0.382331 0.044999
v 0.067893 0.384533 0.035304
v 0.074417 0.381684 0.036894
v 0.067054 0.386956 0.021479
v 0.071067 0.385400 0.021930
v 0.068922 0.387151 0.011380
v 0.071479 0.386428 0.006204
v 0.074124 0.385438 -0.004233
v 0.073138 0.385485 -0.012206
v 0.072520 0.384615 -0.023690
v 0.067658 0.386054 -0.026751
v 0.075638 0.380155 -0.041628
v 0.078061 0.375813 0.053880
v 0.082889 0.375502 0.047251
v 0.084208 0.376251 0.041858
v 0.082112 0.377942 0.038806
v 0.082980 0.378638 0.033236
v 0.080296 0.380591 0.029043
v 0.086542 0.378114 0.026226
v 0.080944 0.381571 0.019513
v 0.080173 0.382427 0.014071
v 0.086950 0.379265 0.014323
v 0.081316 0.382412 0.003562
v 0.083793 0.381310 -0.001925
v 0.084547 0.380551 -0.012340
v 0.083476 0.380579 -0.017971
v 0.084267 0.378270 -0.031912
v 0.081143 0.378637 -0.037533
v 0.084173 0.376213 -0.042090
v 0.079711 0.375525 -0.052397
v 0.089177 0.371688 0.049775
v 0.092026 0.368985 0.053683
v 0.098027 0.368823 0.042325
v 0.092180 0.374273 0.032069
v 0.096391 0.372570 0.028732
v 0.090919 0.376703 0.020113
v 0.093489 0.376120 0.011708
v 0.100181 0.372476 0.010539
v 0.096056 0.375012 0.006207
v 0.096985 0.374556 -0.004350
v 0.095989 0.374868 -0.010096
v 0.096315 0.374133 -0.017289
v 0.093844 0.373714 -0.030245
v 0.098464 0.372057 -0.024466
v 0.096073 0.371628 -0.034840
v 0.092421 0.371110 -0.045632
v 0.095201 0.368319 -0.050123
v 0.090517 0.367579 -0.060264
v 0.102986 0.361841 0.055756
v 0.106008 0.361751 0.050040
v 0.105283 0.364592 0.041536
v 0.107603 0.364195 0.036857
v 0.108587 0.365424 0.027199
v 0.103392 0.368884 0.026211
v 0.108868 0.366142 0.020923
v 0.109064 0.367281 0.003843
v 0.108196 0.367873 -0.001969
v 0.109426 0.366786 -0.010246
v 0.106383 0.367539 -0.022516
v 0.110842 0.365334 -0.016517
v 0.103309 0.368592 -0.028215
v 0.109289 0.364958 -0.027254
v 0.102705 0.364667 -0.047355
v 0.103149 0.362494 -0.053470
v 0.105680 0.359373 -0.057792
v 0.105435 0.356312 -0.066008
v 0.115307 0.348021 0.068603
v 0.110619 0.353578 0.063923
v 0.114917 0.354139 0.054212
v 0.119216 0.354698 0.041900
v 0.114472 0.359910 0.034969
v 0.120096 0.355781 0.034771
v 0.119826 0.357138 0.029042
v 0.119411 0.359158 0.017500
v 0.122201 0.356353 0.022740
v 0.120853 0.358497 0.012827
v 0.117545 0.361408 -0.004609
v 0.122669 0.357476 -0.006949
v 0.118490 0.360131 -0.014472
v 0.119109 0.358007 -0.027230
v 0.119578 0.356155 -0.034858
v 0.117431 0.355767 -0.042956
v 0.117437 0.351171 -0.057122
v 0.112399 0.354388 -0.058607
v 0.112818 0.350215 -0.067937
v 0.125092 0.337070 0.074012
v 0.122688 0.344779 0.062441
v 0.127158 0.343972 0.054872
v 0.124133 0.350738 0.042078
v 0.131127 0.343624 0.045597
v 0.126680 0.350382 0.035146
v 0.130579 0.347615 0.032435
v 0.128433 0.350533 0.027197
v 0.128093 0.352050 0.019161
v 0.131887 0.349089 0.016375
v 0.129446 0.351710 0.010964
v 0.132084 0.349747 0.004595
v 0.129896 0.351588 -0.006261
v 0.133684 0.348398 -0.000111
v 0.128538 0.352333 -0.012808
v 0.126113 0.353500 -0.020571
v 0.129972 0.350615 -0.017797
v 0.127439 0.351038 -0.029006
v 0.133110 0.345851 -0.030102
v 0.126308 0.349588 -0.039541
v 0.128610 0.349041 -0.033819
v 0.125546 0.348807 -0.044651
v 0.126940 0.346398 -0.048558
v 0.126954 0.340469 -0.063744
v 0.119811 0.346223 -0.064604
v 0.125021 0.337108 -0.074061
v 0.114856 0.343242 -0.078798
v 0.119714 0.336957 -0.082654
v 0.123254 0.335755 -0.079333
v 0.126764 0.330504 0.082613
v 0.131335 0.326500 0.081667
v 0.132315 0.332668 0.069331
v 0.135434 0.328670 0.070829
v 0.131468 0.335133 0.066065
v 0.138800 0.331907 0.056955
v 0.136262 0.336041 0.053198
v 0.141524 0.334532 0.042135
v 0.138739 0.338546 0.038155
v 0.137910 0.341936 0.027065
v 0.140435 0.340256 0.022397
v 0.139359 0.342537 0.012516
v 0.143680 0.338510 0.008195
v 0.140368 0.342079 0.001959
v 0.145700 0.336564 0.004527
v 0.139612 0.342787 -0.003820
v 0.144100 0.338066 -0.008140
v 0.140016 0.341715 -0.014370
v 0.138551 0.342354 -0.020823
v 0.136031 0.343450 -0.028475
v 0.139691 0.340441 -0.025696
v 0.136945 0.340707 -0.036689
v 0.138255 0.338338 -0.040640
v 0.134913 0.338639 -0.049842
v 0.135534 0.335935 -0.055327
v 0.137994 0.332058 -0.058517
v 0.136290 0.329880 -0.066845
v 0.131049 0.334126 -0.068940
v 0.134586 0.328736 -0.072293
v 0.132557 0.326336 -0.079917
v 0.127284 0.330749 -0.081413
v 0.134980 0.319346 0.086413
v 0.140360 0.321857 0.073258
v 0.143942 0.324992 0.059736
v 0.143114 0.328147 0.054796
v 0.146893 0.327588 0.045263
v 0.145801 0.330615 0.039775
v 0.151669 0.325487 0.033975
v 0.149088 0.329515 0.029991
v 0.150936 0.329215 0.020512
v 0.149733 0.331821 0.010017
v 0.152536 0.327987 0.015892
v 0.149859 0.331914 -0.006158
v 0.153017 0.328395 -0.000132
v 0.151468 0.329694 -0.011621
v 0.147066 0.333423 -0.021669
v 0.150284 0.328682 -0.027499
v 0.148653 0.327552 -0.039255
v 0.151131 0.326246 -0.033581
v 0.145462 0.329728 -0.043762
v 0.146337 0.327380 -0.047630
v 0.142444 0.327285 -0.058455
v 0.143183 0.324901 -0.061750
v 0.139597 0.324422 -0.070354
v 0.139521 0.321703 -0.075118
v 0.141410 0.317690 -0.077916
v 0.135794 0.314398 -0.091682
v 0.141501 0.306936 0.092071
v 0.146563 0.310801 0.078525
v 0.146245 0.313997 0.074402
v 0.150510 0.313813 0.065656
v 0.151416 0.318567 0.054143
v 0.154691 0.314071 0.054530
v 0.155938 0.318679 0.038876
v 0.157983 0.319566 0.025489
v 0.157518 0.321399 0.018809
v 0.160740 0.316935 0.019783
v 0.158521 0.321528 0.001902
v 0.161315 0.317813 0.002084
v 0.160099 0.319409 -0.003538
v 0.158104 0.321261 -0.014181
v 0.160917 0.317586 -0.013669
v 0.159373 0.318876 -0.019306
v 0.160959 0.315122 -0.027352
v 0.156197 0.320215 -0.032536
v 0.157246 0.316932 -0.038813
v 0.154210 0.320698 -0.039542
v 0.152203 0.321194 -0.045365
v 0.153925 0.316046 -0.052481
v 0.150696 0.318627 -0.055976
v 0.149234 0.316115 -0.064516
v 0.149803 0.313606 -0.067629
v 0.145715 0.310693 -0.080257
v 0.143288 0.304236 -0.092400
v 0.139237 0.305849 -0.096656
v 0.145465 0.293565 0.100143
v 0.147077 0.296864 0.094455
v 0.148499 0.298204 0.090785
v 0.151702 0.299923 0.083259
v 0.153042 0.301222 0.079151
v 0.155958 0.302740 0.071035
v 0.157355 0.307777 0.059567
v 0.161458 0.300080 0.061958
v 0.160823 0.304144 0.056681
v 0.159334 0.308192 0.053121
v 0.162306 0.304419 0.051711
v 0.163941 0.305745 0.043136
v 0.166502 0.307188 0.026462
v 0.164099 0.311497 0.023385
v 0.165899 0.310862 0.009709
v 0.167512 0.308761 0.004321
v 0.169148 0.306262 -0.002386
v 0.164173 0.313651 -0.006381
v 0.167278 0.308630 -0.011227
v 0.168048 0.306872 -0.015747
v 0.166692 0.306100 -0.029508
v 0.160408 0.313567 -0.035838
v 0.163563 0.306715 -0.042122
v 0.164014 0.303950 -0.047027
v 0.161024 0.304405 -0.055580
v 0.157978 0.306660 -0.059936
v 0.155979 0.302692 -0.071057
v 0.152956 0.305613 -0.073352
v 0.157598 0.297382 -0.074893
v 0.152562 0.296715 -0.085468
v 0.148407 0.302210 -0.086383
v 0.146864 0.299236 -0.092303
v 0.147929 0.292707 -0.097264
v -0.001758 0.399637 -0.008930
v -0.006429 0.398758 -0.019728
v 0.013140 0.398905 -0.014052
v 0.008266 0.398878 -0.017710
v -0.001910 0.396476 -0.036385
v -0.010428 0.396963 -0.032035
v 0.016671 0.397708 -0.023763
v 0.010909 0.397404 -0.028970
v -0.007887 0.393524 -0.049109
v 0.034777 0.393379 -0.036329
v 0.015393 0.395921 -0.036008
v 0.004378 0.394760 -0.044389
v -0.013920 0.390097 -0.059875
v 0.051063 0.388597 -0.041750
v 0.044427 0.391330 -0.036599
v 0.040423 0.391607 -0.039590
v 0.033178 0.391059 -0.048104
v 0.026267 0.392966 -0.044575
v 0.015275 0.391813 -0.053760
v 0.004377 0.391525 -0.056691
v 0.046326 0.386054 -0.056100
v 0.037513 0.388837 -0.053300
v 0.026230 0.388033 -0.062164
v 0.011299 0.387900 -0.066895
v -0.000685 0.386354 -0.072002
v -0.025774 0.377674 -0.087619
v 0.063169 0.380901 -0.056491
v 0.055389 0.381190 -0.063297
v 0.037684 0.382856 -0.071046
v 0.022550 0.383277 -0.076187
v 0.007744 0.385248 -0.074374
v 0.004620 0.383657 -0.078445
v -0.012229 0.382336 -0.080704
v 0.079339 0.372122 -0.063144
v 0.076193 0.371886 -0.067475
v 0.051419 0.377789 -0.075139
v 0.038029 0.379083 -0.079854
v 0.034660 0.377497 -0.084800
v 0.024471 0.377556 -0.088138
v 0.019227 0.377398 -0.089767
v 0.008972 0.376699 -0.092690
v -0.002412 0.377666 -0.091288
v -0.008031 0.375355 -0.095349
v -0.025422 0.363309 -0.112197
v -0.033309 0.363439 -0.109932
v 0.089911 0.363727 -0.070837
v 0.084271 0.365473 -0.073647
v 0.076829 0.367390 -0.077334
v 0.045476 0.371167 -0.092348
v 0.035707 0.369893 -0.098772
v 0.030716 0.370763 -0.098948
v 0.016965 0.372251 -0.099679
v 0.011210 0.372200 -0.100569
v 0.001434 0.370672 -0.103760
v -0.013728 0.368055 -0.107102
v -0.035653 0.354506 -0.121528
v 0.093031 0.357187 -0.080916
v 0.087340 0.358339 -0.084880
v 0.073759 0.361495 -0.091527
v 0.056817 0.362873 -0.100690
v 0.044056 0.364963 -0.103622
v 0.037133 0.365145 -0.106018
v 0.028435 0.365076 -0.108778
v 0.012713 0.364080 -0.113178
v -0.002807 0.362035 -0.116765
v -0.010844 0.361544 -0.117003
v -0.017845 0.358912 -0.119713
v 0.109214 0.343937 -0.085262
v 0.098479 0.346230 -0.093958
v 0.080662 0.352902 -0.100081
v 0.070148 0.354429 -0.105482
v 0.064264 0.353542 -0.110410
v 0.052940 0.354402 -0.115104
v 0.042621 0.355413 -0.117998
v 0.024281 0.355751 -0.122656
v 0.005977 0.352570 -0.128771
v -0.009313 0.350035 -0.131543
v -0.042177 0.333152 -0.142879
v 0.117411 0.333991 -0.090441
v 0.107300 0.335689 -0.099945
v 0.100983 0.339468 -0.101293
v 0.095740 0.337817 -0.108394
v 0.091840 0.340266 -0.108603
v 0.082479 0.340544 -0.115533
v 0.078224 0.342733 -0.115787
v 0.063704 0.344514 -0.122278
v 0.049447 0.344294 -0.128965
v 0.034896 0.347974 -0.129537
v 0.031195 0.345052 -0.133701
v 0.019810 0.345959 -0.134902
v 0.001680 0.342294 -0.140174
v -0.013323 0.339555 -0.142309
v -0.043862 0.321454 -0.152478
v 0.125150 0.321439 -0.097542
v 0.115633 0.323652 -0.106115
v 0.112416 0.325999 -0.106783
v 0.104210 0.326943 -0.113756
v 0.099611 0.330819 -0.113473
v 0.087650 0.331837 -0.121819
v 0.078111 0.331798 -0.128187
v 0.073817 0.333922 -0.128510
v 0.061045 0.338036 -0.130836
v 0.053857 0.338274 -0.133710
v 0.043249 0.338258 -0.137516
v 0.033464 0.335963 -0.142451
v 0.028379 0.338481 -0.141122
v 0.008257 0.335147 -0.146862
v -0.002507 0.331471 -0.150378
v -0.017121 0.328652 -0.151876
v -0.046396 0.310690 -0.159766
v 0.128285 0.312827 -0.103658
v 0.122388 0.312751 -0.110614
v 0.118146 0.316356 -0.111483
v 0.111651 0.315895 -0.118419
v 0.107674 0.319670 -0.118336
v 0.081895 0.324457 -0.133084
v 0.055973 0.323063 -0.147066
v 0.040989 0.327961 -0.147804
v 0.035023 0.325004 -0.151820
v 0.029213 0.323924 -0.153912
v 0.023945 0.323589 -0.155101
v 0.010976 0.321525 -0.158175
v -0.020660 0.317548 -0.160227
v -0.034003 0.314321 -0.160306
v -0.046953 0.302441 -0.165032
v 0.134615 0.302124 -0.106706
v 0.123812 0.305855 -0.115734
v 0.088007 0.314197 -0.138295
v 0.080918 0.313096 -0.143422
v 0.074274 0.315708 -0.144924
v 0.029595 0.313415 -0.161775
v -0.001282 0.313774 -0.164227
v -0.013748 0.308673 -0.167098
v 0.007533 0.399374 -0.011376
v 0.002346 0.399178 -0.016104
v -0.001732 0.398440 -0.023485
v -0.000377 0.397782 -0.028533
v 0.027337 0.396144 -0.026542
v 0.013653 0.396889 -0.031176
v 0.005225 0.397507 -0.029860
v 0.009837 0.396138 -0.036861
v -0.006561 0.396149 -0.037506
v 0.040091 0.392746 -0.034122
v 0.024329 0.394327 -0.039531
v 0.018771 0.394878 -0.039887
v 0.019438 0.393644 -0.045187
v 0.010063 0.394577 -0.044220
v 0.005744 0.393833 -0.048080
v -0.009459 0.391601 -0.055806
v 0.048415 0.387425 -0.049380
v 0.031252 0.390300 -0.052138
v 0.020901 0.391461 -0.053069
v 0.017902 0.389758 -0.059862
v 0.005373 0.390297 -0.060560
v -0.000470 0.390870 -0.059012
v 0.002483 0.388187 -0.067019
v -0.016094 0.388225 -0.065019
v 0.063853 0.382331 -0.050898
v 0.054555 0.384533 -0.053660
v 0.058082 0.381685 -0.059374
v 0.041148 0.386957 -0.057131
v 0.042816 0.385399 -0.060816
v 0.032123 0.387150 -0.062034
v 0.033099 0.384615 -0.068739
v 0.027320 0.385830 -0.068026
v 0.017197 0.387408 -0.066984
v 0.012543 0.386282 -0.071031
v -0.005539 0.386483 -0.071410
v -0.004145 0.383892 -0.077937
v -0.021853 0.383584 -0.075721
v -0.016218 0.380156 -0.084799
v 0.076561 0.374894 -0.058842
v 0.073971 0.374727 -0.062497
v 0.068540 0.377527 -0.060812
v 0.070913 0.374786 -0.065790
v 0.061892 0.379009 -0.063468
v 0.059171 0.378160 -0.068273
v 0.049456 0.382614 -0.064133
v 0.054389 0.379469 -0.068819
v 0.043568 0.381572 -0.070953
v 0.044629 0.378534 -0.077676
v 0.039292 0.380869 -0.075109
v 0.028522 0.382412 -0.076233
v 0.024063 0.381310 -0.080288
v 0.008704 0.380579 -0.084942
v -0.002824 0.380590 -0.085341
v -0.010621 0.378638 -0.088769
v -0.014019 0.376213 -0.093058
v -0.025198 0.375526 -0.091999
v -0.020859 0.372977 -0.097744
v 0.079493 0.368986 -0.070933
v 0.070546 0.368824 -0.080147
v 0.060939 0.374571 -0.075590
v 0.066056 0.372857 -0.075253
v 0.057119 0.372567 -0.082797
v 0.048145 0.375964 -0.081348
v 0.040026 0.376120 -0.085294
v 0.040982 0.372476 -0.092021
v 0.035584 0.375012 -0.089437
v 0.025833 0.374556 -0.093583
v 0.020061 0.374867 -0.094412
v 0.013321 0.374134 -0.096942
v 0.000233 0.373714 -0.098598
v 0.007157 0.372059 -0.101202
v -0.003447 0.371628 -0.102138
v -0.014841 0.371110 -0.101998
v -0.018252 0.368320 -0.106028
v -0.023108 0.366614 -0.107763
v 0.084855 0.361842 -0.080712
v 0.082303 0.361179 -0.084554
v 0.072034 0.364592 -0.087296
v 0.078938 0.361063 -0.087918
v 0.068309 0.364196 -0.090943
v 0.059426 0.365424 -0.094867
v 0.056882 0.368883 -0.090231
v 0.053546 0.366140 -0.097074
v 0.047709 0.368112 -0.096747
v 0.031561 0.367873 -0.103510
v 0.024070 0.366784 -0.107239
v 0.011458 0.367538 -0.108137
v 0.018545 0.365336 -0.110517
v 0.005091 0.368591 -0.106972
v 0.007850 0.364960 -0.112360
v -0.013301 0.364667 -0.112310
v -0.018977 0.362494 -0.114624
v -0.022305 0.359373 -0.118367
v -0.030195 0.356311 -0.120672
v 0.101877 0.347648 -0.087935
v 0.094978 0.353577 -0.085453
v 0.087783 0.353880 -0.092310
v 0.083608 0.357479 -0.090053
v 0.087531 0.351050 -0.097085
v 0.068570 0.357855 -0.101376
v 0.074317 0.355712 -0.100619
v 0.064648 0.357139 -0.104986
v 0.053544 0.359158 -0.108157
v 0.058558 0.356883 -0.108874
v 0.049547 0.358495 -0.110976
v 0.038588 0.360542 -0.112374
v 0.031942 0.361407 -0.113217
v 0.022852 0.360132 -0.117161
v 0.028704 0.358693 -0.117814
v 0.010908 0.358005 -0.121696
v -0.001693 0.355388 -0.125485
v -0.009224 0.356066 -0.124339
v -0.018043 0.351638 -0.128786
v -0.021006 0.354389 -0.125007
v -0.036066 0.351177 -0.125510
v 0.109047 0.337070 -0.096096
v 0.097593 0.343815 -0.098508
v 0.093533 0.347492 -0.096957
v 0.091495 0.344068 -0.103833
v 0.084522 0.344326 -0.109224
v 0.081241 0.348822 -0.105599
v 0.065554 0.350533 -0.113744
v 0.070270 0.345519 -0.117391
v 0.057808 0.352050 -0.115902
v 0.060247 0.347895 -0.119946
v 0.054104 0.350389 -0.119783
v 0.045185 0.349747 -0.124199
v 0.034189 0.351589 -0.125472
v 0.041205 0.348398 -0.127175
v 0.029508 0.349526 -0.129086
v 0.019408 0.353501 -0.126297
v 0.023255 0.351518 -0.128049
v 0.025497 0.347891 -0.131805
v 0.011798 0.351038 -0.130164
v 0.012504 0.345851 -0.135897
v 0.007579 0.349041 -0.132766
v -0.004455 0.346694 -0.135501
v -0.010564 0.347298 -0.134527
v -0.008995 0.343005 -0.139172
v -0.021475 0.343425 -0.137398
v -0.027241 0.346852 -0.132684
v -0.023627 0.339619 -0.140911
v -0.031804 0.337110 -0.141786
v -0.039447 0.343242 -0.133584
v -0.041615 0.336956 -0.139397
v -0.037363 0.335755 -0.141737
v 0.117743 0.330506 -0.095029
v 0.118256 0.326500 -0.099668
v 0.106827 0.332668 -0.104413
v 0.109217 0.328669 -0.106917
v 0.103461 0.335134 -0.104614
v 0.087992 0.338794 -0.113547
v 0.092703 0.336041 -0.113152
v 0.079161 0.338546 -0.120157
v 0.068358 0.341936 -0.122796
v 0.070597 0.337508 -0.126497
v 0.064700 0.340256 -0.126639
v 0.054972 0.342536 -0.128670
v 0.045239 0.342079 -0.132891
v 0.049329 0.336562 -0.137172
v 0.039508 0.342788 -0.133958
v 0.036790 0.338067 -0.139561
v 0.029599 0.341715 -0.137604
v 0.023011 0.342355 -0.138203
v 0.023592 0.336876 -0.143549
v 0.014953 0.343453 -0.138169
v 0.018732 0.340443 -0.140793
v 0.007424 0.340708 -0.141579
v 0.004071 0.338337 -0.144047
v -0.007844 0.338362 -0.143868
v -0.010736 0.335934 -0.145998
v -0.022223 0.335130 -0.145449
v -0.021459 0.329882 -0.150274
v -0.026725 0.334744 -0.145080
v -0.034056 0.331805 -0.146240
v -0.035042 0.326336 -0.150766
v -0.039503 0.329516 -0.146915
v 0.123896 0.319347 -0.101668
v 0.113048 0.321856 -0.110852
v 0.101294 0.324991 -0.118437
v 0.096341 0.328149 -0.119172
v 0.091120 0.328921 -0.122403
v 0.088441 0.327587 -0.125717
v 0.074596 0.329516 -0.132521
v 0.065284 0.332055 -0.134901
v 0.062434 0.327981 -0.140084
v 0.055800 0.331822 -0.139308
v 0.059727 0.325910 -0.143120
v 0.040452 0.331915 -0.144426
v 0.047159 0.328397 -0.145567
v 0.035755 0.329693 -0.147646
v 0.025996 0.334247 -0.145591
v 0.018454 0.331713 -0.149033
v 0.018977 0.326065 -0.153788
v 0.008603 0.327552 -0.153508
v 0.013903 0.326718 -0.153799
v 0.003333 0.329729 -0.151865
v -0.000078 0.327380 -0.153894
v -0.011576 0.327285 -0.153537
v -0.014482 0.324901 -0.155257
v -0.016729 0.320933 -0.158137
v -0.028557 0.318808 -0.158086
v -0.033718 0.323399 -0.153480
v -0.028377 0.323176 -0.154741
v -0.045233 0.314399 -0.157479
v 0.130753 0.307684 -0.106025
v 0.119974 0.310800 -0.115123
v 0.115955 0.313997 -0.116094
v 0.108953 0.313812 -0.122855
v 0.098284 0.318567 -0.127274
v 0.099664 0.314070 -0.130269
v 0.085160 0.318677 -0.136294
v 0.073064 0.319565 -0.142373
v 0.065890 0.321090 -0.144563
v 0.066614 0.317363 -0.147297
v 0.061080 0.319200 -0.148201
v 0.050794 0.321529 -0.150175
v 0.051833 0.317813 -0.152775
v 0.046111 0.319409 -0.153355
v 0.035371 0.321259 -0.154748
v 0.036728 0.317585 -0.157265
v 0.030891 0.318875 -0.157540
v 0.023728 0.315124 -0.161532
v 0.017324 0.320216 -0.158606
v 0.011678 0.316932 -0.161544
v 0.008051 0.320835 -0.158884
v 0.002826 0.319419 -0.160120
v -0.005375 0.318955 -0.160432
v -0.015238 0.316116 -0.161866
v -0.018027 0.313606 -0.163370
v -0.031298 0.310694 -0.163384
v -0.048897 0.305848 -0.162292
v 0.134917 0.296758 -0.111227
v 0.130666 0.297274 -0.115747
v 0.122570 0.301221 -0.121092
v 0.115753 0.302740 -0.126373
v 0.105277 0.307775 -0.131247
v 0.108819 0.300080 -0.134410
v 0.103604 0.304144 -0.135436
v 0.099758 0.308191 -0.135121
v 0.099338 0.304421 -0.138379
v 0.091685 0.305745 -0.142587
v 0.076623 0.307188 -0.150173
v 0.072950 0.311497 -0.148840
v 0.061673 0.313626 -0.152282
v 0.063236 0.306788 -0.156538
v 0.054369 0.306287 -0.160176
v 0.044665 0.313651 -0.158109
v 0.041016 0.308629 -0.162560
v 0.036954 0.306873 -0.164688
v 0.023597 0.306856 -0.167147
v 0.015487 0.313568 -0.163631
v 0.010483 0.306713 -0.168575
v 0.005959 0.303952 -0.170518
v -0.003098 0.304405 -0.170318
v -0.008183 0.306658 -0.168768
v -0.019378 0.302693 -0.170303
v -0.022497 0.305615 -0.168136
v -0.022523 0.297383 -0.173028
v -0.034141 0.296716 -0.171506
v -0.036297 0.302210 -0.167837
v -0.044134 0.297913 -0.168534
v -0.046792 0.292707 -0.170745
v -0.007781 0.399705 -0.000092
v -0.020248 0.398619 -0.008685
v -0.022256 0.398581 -0.002065
v -0.009048 0.399074 -0.014967
v -0.014288 0.398878 -0.013333
v -0.033634 0.396768 -0.008847
v -0.033692 0.396963 0.000017
v -0.013137 0.397554 -0.027036
v -0.017449 0.397708 -0.023199
v -0.024184 0.397404 -0.019327
v -0.049146 0.393523 -0.007673
v -0.023805 0.393379 -0.044301
v -0.029489 0.395921 -0.025767
v -0.040864 0.394760 -0.017878
v -0.062077 0.389894 -0.002195
v -0.023926 0.388597 -0.061465
v -0.035496 0.391060 -0.046418
v -0.034276 0.392966 -0.038756
v -0.040895 0.392469 -0.034598
v -0.053849 0.391156 -0.021846
v -0.029603 0.383688 -0.072769
v -0.039038 0.386055 -0.061394
v -0.039099 0.388837 -0.052146
v -0.051017 0.388032 -0.044159
v -0.060130 0.387900 -0.031417
v -0.066835 0.386969 -0.022039
v -0.091296 0.377674 -0.002559
v -0.032171 0.379868 -0.080786
v -0.043083 0.381190 -0.072238
v -0.055923 0.382856 -0.057795
v -0.065490 0.383277 -0.044990
v -0.068339 0.385248 -0.030351
v -0.073915 0.383473 -0.027935
v -0.080538 0.382334 -0.013305
v -0.035536 0.372123 -0.094967
v -0.045556 0.375420 -0.083997
v -0.064193 0.379084 -0.060843
v -0.069941 0.377498 -0.059164
v -0.078762 0.377202 -0.047924
v -0.079247 0.378810 -0.040570
v -0.089843 0.376087 -0.028672
v -0.092157 0.376091 -0.020026
v -0.114843 0.363439 -0.002294
v -0.039589 0.363725 -0.107402
v -0.043932 0.366269 -0.101659
v -0.049806 0.367390 -0.096966
v -0.073774 0.371167 -0.071789
v -0.078954 0.372793 -0.061632
v -0.084936 0.370546 -0.059961
v -0.089563 0.372248 -0.046938
v -0.098239 0.370671 -0.033430
v -0.103805 0.368214 -0.028773
v -0.106099 0.368058 -0.020036
v -0.126598 0.354506 -0.003644
v -0.048208 0.357187 -0.113482
v -0.053735 0.358340 -0.109294
v -0.064254 0.361495 -0.098432
v -0.078204 0.362873 -0.085150
v -0.084938 0.364963 -0.073920
v -0.089036 0.364586 -0.069839
v -0.094664 0.365078 -0.060657
v -0.100708 0.363158 -0.055953
v -0.103709 0.364082 -0.047061
v -0.106755 0.364124 -0.039563
v -0.111921 0.362032 -0.033413
v -0.114626 0.361545 -0.025843
v -0.119366 0.358914 -0.020022
v -0.047339 0.343936 -0.130217
v -0.058926 0.346230 -0.122695
v -0.069658 0.349558 -0.112620
v -0.073092 0.353972 -0.104165
v -0.078644 0.354429 -0.099309
v -0.085150 0.353541 -0.095237
v -0.093111 0.354404 -0.085915
v -0.099180 0.356722 -0.074108
v -0.102097 0.357188 -0.068968
v -0.112274 0.354197 -0.059245
v -0.120622 0.352570 -0.045476
v -0.127983 0.350035 -0.031792
v -0.148921 0.333151 -0.004040
v -0.049732 0.333992 -0.139611
v -0.061898 0.335689 -0.132933
v -0.065130 0.339467 -0.127343
v -0.073504 0.337816 -0.124550
v -0.074907 0.340266 -0.120905
v -0.084393 0.340543 -0.114145
v -0.085948 0.342733 -0.110176
v -0.096607 0.344515 -0.098371
v -0.107374 0.344293 -0.086879
v -0.112278 0.348385 -0.072608
v -0.117208 0.346395 -0.068756
v -0.122178 0.345959 -0.060527
v -0.125849 0.345518 -0.053672
v -0.132796 0.342293 -0.044912
v -0.139462 0.339555 -0.031305
v -0.144614 0.336688 -0.017776
v -0.158570 0.321453 -0.005401
v -0.054093 0.321439 -0.149167
v -0.065188 0.323651 -0.142766
v -0.066819 0.325998 -0.139912
v -0.076217 0.327292 -0.133805
v -0.086915 0.329723 -0.124605
v -0.088289 0.333423 -0.119624
v -0.097777 0.331797 -0.113900
v -0.099411 0.333921 -0.109917
v -0.106609 0.334239 -0.102514
v -0.117420 0.338258 -0.083627
v -0.125136 0.335965 -0.075846
v -0.126345 0.338288 -0.069376
v -0.137125 0.335145 -0.053235
v -0.143793 0.331470 -0.044085
v -0.149735 0.328650 -0.030647
v -0.154618 0.325292 -0.017685
v -0.058944 0.312826 -0.154039
v -0.067382 0.312751 -0.150579
v -0.069516 0.316356 -0.146814
v -0.078122 0.315895 -0.142779
v -0.079272 0.319668 -0.138972
v -0.090671 0.320818 -0.130733
v -0.099931 0.320837 -0.123783
v -0.101675 0.322813 -0.120349
v -0.107737 0.322555 -0.115239
v -0.110242 0.328491 -0.106013
v -0.122571 0.323064 -0.098678
v -0.127907 0.327958 -0.084656
v -0.133571 0.325001 -0.080222
v -0.137349 0.323925 -0.075348
v -0.140114 0.323586 -0.070701
v -0.152345 0.320829 -0.045835
v -0.158769 0.317549 -0.029862
v -0.162968 0.314321 -0.017198
v -0.172609 0.300596 -0.004773
v -0.059886 0.302124 -0.161000
v -0.071810 0.305855 -0.153516
v -0.104331 0.314196 -0.126435
v -0.111398 0.313095 -0.121278
v -0.114880 0.315706 -0.115424
v -0.126167 0.314534 -0.104263
v -0.144712 0.313415 -0.078137
v -0.156788 0.312905 -0.050832
v -0.163169 0.308671 -0.038562
v -0.165767 0.306969 -0.031642
v -0.170144 0.303457 -0.016663
v -0.008593 0.399403 -0.010034
v -0.027254 0.397782 -0.008460
v -0.016795 0.396144 -0.034201
v -0.025433 0.396889 -0.022619
v -0.026784 0.397507 -0.014197
v -0.032020 0.396137 -0.020748
v -0.036749 0.396105 -0.010708
v -0.037697 0.396149 -0.005351
v -0.020063 0.392746 -0.048673
v -0.030081 0.394327 -0.035352
v -0.032135 0.394878 -0.030178
v -0.035068 0.393970 -0.032575
v -0.038948 0.394577 -0.023234
v -0.043954 0.393833 -0.020318
v -0.053591 0.392429 -0.004157
v -0.032002 0.387424 -0.061304
v -0.039930 0.390301 -0.045832
v -0.046590 0.391618 -0.032079
v -0.052651 0.389438 -0.035343
v -0.059055 0.389019 -0.026338
v -0.061693 0.388833 -0.021063
v -0.066809 0.388225 -0.004784
v -0.036123 0.381809 -0.074490
v -0.041621 0.386957 -0.056789
v -0.044605 0.385400 -0.059514
v -0.049070 0.387151 -0.049716
v -0.055146 0.384616 -0.052721
v -0.056254 0.385831 -0.047001
v -0.058393 0.387409 -0.037049
v -0.063681 0.386280 -0.033882
v -0.069683 0.385865 -0.022506
v -0.069626 0.386483 -0.016801
v -0.075402 0.383893 -0.020142
v -0.078771 0.383583 -0.002617
v -0.085659 0.380156 -0.010782
v -0.032304 0.374894 -0.090997
v -0.036580 0.374729 -0.089660
v -0.040658 0.374786 -0.087773
v -0.042151 0.378128 -0.080011
v -0.046465 0.377834 -0.078223
v -0.045710 0.382615 -0.066854
v -0.054599 0.378113 -0.072087
v -0.054015 0.381570 -0.063368
v -0.060085 0.378534 -0.066445
v -0.059296 0.380868 -0.060577
v -0.063691 0.382412 -0.050679
v -0.068922 0.381309 -0.047697
v -0.075955 0.380859 -0.037679
v -0.079386 0.380752 -0.030452
v -0.082056 0.378731 -0.034910
v -0.082038 0.380590 -0.023684
v -0.086930 0.378271 -0.023712
v -0.087709 0.378636 -0.017332
v -0.092838 0.376213 -0.015423
v -0.095284 0.375526 -0.004463
v -0.099404 0.372978 -0.010366
v -0.046460 0.370512 -0.093133
v -0.050844 0.370057 -0.091638
v -0.051160 0.372856 -0.086078
v -0.053383 0.374771 -0.080680
v -0.061095 0.372568 -0.079906
v -0.061731 0.376704 -0.069713
v -0.068749 0.376120 -0.064425
v -0.074854 0.372476 -0.067410
v -0.074062 0.375012 -0.061482
v -0.081021 0.374556 -0.053487
v -0.085014 0.375279 -0.044106
v -0.085058 0.373214 -0.051552
v -0.089726 0.373512 -0.041712
v -0.092497 0.373578 -0.034813
v -0.093661 0.374426 -0.026547
v -0.096641 0.372359 -0.029216
v -0.100710 0.370606 -0.025542
v -0.101595 0.371109 -0.017407
v -0.106478 0.368321 -0.015407
v -0.050541 0.361842 -0.105643
v -0.054980 0.361179 -0.104405
v -0.060763 0.364593 -0.095483
v -0.059226 0.361062 -0.102241
v -0.065386 0.364195 -0.093067
v -0.071861 0.365424 -0.085832
v -0.068239 0.368883 -0.081981
v -0.075779 0.366141 -0.080920
v -0.077268 0.368111 -0.075272
v -0.083447 0.369382 -0.065103
v -0.090247 0.368522 -0.057858
v -0.090040 0.365902 -0.065285
v -0.091362 0.369981 -0.051468
v -0.094997 0.366723 -0.055433
v -0.098652 0.366888 -0.048063
v -0.101521 0.366856 -0.041821
v -0.110927 0.364665 -0.022056
v -0.114876 0.362495 -0.017371
v -0.119466 0.359374 -0.015359
v -0.124098 0.356311 -0.008571
v -0.052150 0.347648 -0.124064
v -0.051921 0.353580 -0.116733
v -0.060668 0.353880 -0.112010
v -0.059811 0.357478 -0.107345
v -0.065284 0.351051 -0.113247
v -0.075226 0.357854 -0.096542
v -0.079869 0.357139 -0.093927
v -0.086319 0.359157 -0.084348
v -0.085450 0.356885 -0.089334
v -0.090234 0.358496 -0.081412
v -0.095379 0.362070 -0.067301
v -0.106260 0.358158 -0.059925
v -0.104263 0.361069 -0.055456
v -0.109244 0.358029 -0.054634
v -0.112367 0.358007 -0.047980
v -0.117229 0.356156 -0.042086
v -0.120252 0.355768 -0.034272
v -0.128583 0.351172 -0.022815
v -0.125381 0.354389 -0.018652
v -0.057696 0.337070 -0.133405
v -0.063529 0.343815 -0.123258
v -0.063309 0.347492 -0.118916
v -0.073407 0.346564 -0.114161
v -0.075323 0.348821 -0.109899
v -0.079282 0.343625 -0.113963
v -0.087918 0.350533 -0.097496
v -0.089934 0.345518 -0.103105
v -0.092367 0.352050 -0.090794
v -0.095461 0.347894 -0.094362
v -0.097202 0.350388 -0.088472
v -0.104159 0.349745 -0.081356
v -0.108766 0.351590 -0.071285
v -0.108217 0.348399 -0.078487
v -0.111519 0.352333 -0.065190
v -0.117425 0.351526 -0.056045
v -0.115612 0.350614 -0.061998
v -0.120150 0.351037 -0.051440
v -0.125426 0.349589 -0.042250
v -0.123927 0.349040 -0.048234
v -0.127813 0.348807 -0.037673
v -0.131240 0.346397 -0.035327
v -0.140177 0.340468 -0.023051
v -0.134903 0.346222 -0.018160
v -0.144677 0.337107 -0.013566
v -0.139238 0.343240 -0.003762
v -0.145436 0.336955 -0.003497
v -0.146348 0.335752 -0.008268
v -0.053994 0.330505 -0.141346
v -0.058247 0.326501 -0.143267
v -0.066293 0.332668 -0.133864
v -0.067934 0.328671 -0.136908
v -0.067522 0.335134 -0.130725
v -0.078966 0.336040 -0.123134
v -0.089816 0.338545 -0.112418
v -0.095663 0.341937 -0.102956
v -0.098490 0.337507 -0.106231
v -0.100450 0.340256 -0.100665
v -0.105387 0.342537 -0.092039
v -0.111422 0.338510 -0.091084
v -0.112409 0.342078 -0.084092
v -0.115214 0.336563 -0.089303
v -0.115193 0.342788 -0.078970
v -0.121361 0.338068 -0.078116
v -0.121723 0.341714 -0.070672
v -0.124330 0.342354 -0.064591
v -0.127489 0.341933 -0.059153
v -0.130755 0.337723 -0.061923
v -0.132356 0.340707 -0.050811
v -0.135738 0.338339 -0.048384
v -0.138445 0.338639 -0.038974
v -0.142172 0.335934 -0.034903
v -0.146035 0.332058 -0.033771
v -0.149551 0.329882 -0.026029
v -0.146544 0.334125 -0.021255
v -0.151373 0.328739 -0.020620
v -0.154216 0.326335 -0.013263
v -0.150831 0.330747 -0.008953
v -0.058151 0.318081 -0.150342
v -0.059309 0.320573 -0.147875
v -0.070491 0.321856 -0.141771
v -0.079127 0.330838 -0.128577
v -0.081338 0.324992 -0.132936
v -0.091923 0.323425 -0.127380
v -0.092231 0.327588 -0.122963
v -0.102733 0.325486 -0.116636
v -0.102984 0.329515 -0.111897
v -0.113934 0.327981 -0.102667
v -0.115246 0.331822 -0.096118
v -0.117659 0.325910 -0.101029
v -0.124858 0.331914 -0.083103
v -0.123872 0.328395 -0.089833
v -0.129371 0.329693 -0.079632
v -0.131715 0.333422 -0.068917
v -0.137745 0.328681 -0.066093
v -0.143338 0.327550 -0.055618
v -0.142006 0.326247 -0.061661
v -0.143404 0.329728 -0.050096
v -0.146388 0.327378 -0.047479
v -0.149600 0.327284 -0.036435
v -0.152135 0.324899 -0.034203
v -0.154290 0.324421 -0.025134
v -0.157030 0.321701 -0.021236
v -0.160203 0.317688 -0.020082
v -0.163749 0.314399 -0.005645
v -0.060430 0.307684 -0.157118
v -0.072416 0.310801 -0.149675
v -0.074580 0.313996 -0.146155
v -0.083176 0.313812 -0.141585
v -0.085454 0.316954 -0.137594
v -0.092049 0.317196 -0.133081
v -0.104417 0.318126 -0.122690
v -0.112829 0.319565 -0.113481
v -0.117124 0.321092 -0.107337
v -0.119503 0.317362 -0.108872
v -0.122074 0.319199 -0.103888
v -0.127129 0.321529 -0.094715
v -0.129282 0.317812 -0.096506
v -0.131602 0.319408 -0.091242
v -0.136243 0.321260 -0.081460
v -0.138219 0.317585 -0.083527
v -0.140284 0.318875 -0.078060
v -0.146294 0.315123 -0.072483
v -0.145491 0.320215 -0.065488
v -0.150026 0.316934 -0.061028
v -0.148000 0.320698 -0.058654
v -0.149802 0.321191 -0.052763
v -0.155377 0.316043 -0.048019
v -0.154819 0.318625 -0.043291
v -0.158655 0.316114 -0.035526
v -0.160946 0.313605 -0.033337
v -0.165060 0.310693 -0.020720
v -0.170236 0.304232 -0.009469
v -0.169458 0.305849 -0.003646
v -0.064221 0.294636 -0.163898
v -0.069704 0.297275 -0.160038
v -0.077289 0.301222 -0.153990
v -0.084419 0.302739 -0.149139
v -0.092290 0.307776 -0.140682
v -0.094204 0.300079 -0.145029
v -0.096793 0.304145 -0.140384
v -0.097681 0.308191 -0.136630
v -0.100911 0.304421 -0.137236
v -0.107275 0.305746 -0.131259
v -0.119147 0.307190 -0.119276
v -0.119012 0.311498 -0.115374
v -0.129337 0.306786 -0.108515
v -0.135536 0.306289 -0.101203
v -0.136568 0.313652 -0.091336
v -0.141930 0.308630 -0.089240
v -0.145210 0.306870 -0.086037
v -0.152202 0.306098 -0.074109
v -0.150837 0.313567 -0.065293
v -0.157085 0.306712 -0.062063
v -0.160333 0.303950 -0.058358
v -0.162941 0.304404 -0.049681
v -0.163038 0.306657 -0.044368
v -0.167956 0.302691 -0.034198
v -0.167584 0.304819 -0.029254
v -0.171521 0.297381 -0.032046
v -0.171945 0.299837 -0.020018
v -0.174914 0.294608 -0.019740
v -0.173069 0.299238 -0.011647
v -0.176848 0.292707 -0.008261
v -0.178546 0.287035 0.021937
v -0.175418 0.293204 0.021803
v -0.182552 0.280101 0.014016
v -0.174879 0.289574 0.036385
v -0.171505 0.297413 0.032035
v -0.185800 0.270297 0.021662
v -0.169565 0.293603 0.049109
v -0.188516 0.255375 0.036330
v -0.182123 0.273849 0.036006
v -0.176157 0.283183 0.044390
v -0.162201 0.300213 0.059716
v -0.191522 0.238671 0.041748
v -0.190999 0.245828 0.036599
v -0.189457 0.249534 0.039585
v -0.186914 0.254645 0.044633
v -0.184990 0.257233 0.049187
v -0.173263 0.281737 0.056693
v -0.186825 0.243043 0.056181
v -0.173115 0.273925 0.066897
v -0.166373 0.283954 0.072000
v -0.147389 0.302514 0.087618
v -0.190053 0.224401 0.056490
v -0.186832 0.231489 0.063295
v -0.180405 0.248069 0.071046
v -0.174012 0.261795 0.076189
v -0.169154 0.275919 0.074373
v -0.165770 0.278719 0.078929
v -0.157614 0.292483 0.080707
v -0.187551 0.210771 0.067938
v -0.186330 0.219590 0.069284
v -0.180450 0.235372 0.078008
v -0.177184 0.246075 0.079855
v -0.174258 0.248380 0.084801
v -0.169755 0.257517 0.088137
v -0.166237 0.267357 0.087905
v -0.153249 0.285605 0.095349
v -0.134536 0.298810 0.109744
v -0.132633 0.302682 0.108523
v -0.186650 0.192798 0.070840
v -0.185883 0.200023 0.073195
v -0.184078 0.206143 0.077332
v -0.173434 0.235873 0.092347
v -0.168795 0.244151 0.097206
v -0.166471 0.248894 0.098950
v -0.161651 0.261860 0.099681
v -0.153293 0.275046 0.103760
v -0.144175 0.287439 0.107098
v -0.122248 0.300989 0.121528
v -0.182197 0.187083 0.080916
v -0.180683 0.192692 0.084878
v -0.177432 0.206251 0.091525
v -0.171087 0.222018 0.100691
v -0.167249 0.234370 0.103623
v -0.163185 0.239323 0.108245
v -0.160366 0.248390 0.108775
v -0.157346 0.252718 0.111162
v -0.152443 0.262011 0.113177
v -0.143672 0.274973 0.116768
v -0.139641 0.281947 0.117000
v -0.134155 0.287033 0.119709
v -0.177582 0.166683 0.085263
v -0.174834 0.177314 0.093958
v -0.171829 0.194294 0.101701
v -0.167202 0.207655 0.108994
v -0.161777 0.221701 0.115103
v -0.158247 0.236439 0.116290
v -0.154303 0.237200 0.121219
v -0.147600 0.249594 0.125086
v -0.139135 0.262886 0.128772
v -0.130028 0.275428 0.131545
v -0.100231 0.297273 0.142879
v -0.172352 0.154907 0.090441
v -0.169351 0.164710 0.099943
v -0.169903 0.172047 0.101294
v -0.166083 0.176000 0.108395
v -0.166530 0.180583 0.108602
v -0.162591 0.189080 0.115535
v -0.162645 0.193865 0.115789
v -0.157747 0.207649 0.122278
v -0.151173 0.220302 0.128966
v -0.147651 0.236925 0.129346
v -0.143984 0.239378 0.132719
v -0.139406 0.247556 0.134905
v -0.135590 0.254207 0.136276
v -0.128022 0.262135 0.140174
v -0.118861 0.274327 0.142311
v -0.089014 0.293550 0.152477
v -0.164587 0.142370 0.097541
v -0.162309 0.151872 0.106116
v -0.162970 0.155800 0.106784
v -0.160115 0.163756 0.113860
v -0.160610 0.167827 0.114359
v -0.156962 0.176266 0.121278
v -0.158014 0.182312 0.120934
v -0.152814 0.189077 0.128190
v -0.152796 0.193867 0.128510
v -0.150762 0.207132 0.130837
v -0.147760 0.213666 0.133711
v -0.139870 0.222839 0.140736
v -0.135737 0.237751 0.141598
v -0.124569 0.253056 0.146863
v -0.116468 0.261038 0.150380
v -0.107409 0.272850 0.151878
v -0.098218 0.283726 0.152514
v -0.078250 0.291003 0.159767
v -0.158285 0.135715 0.103660
v -0.155580 0.140958 0.110615
v -0.156907 0.146360 0.111483
v -0.153591 0.151965 0.118419
v -0.155188 0.157210 0.118336
v -0.146982 0.180652 0.133890
v -0.143742 0.186556 0.138074
v -0.135102 0.204970 0.147067
v -0.132780 0.220565 0.147806
v -0.127466 0.224580 0.151823
v -0.123905 0.229289 0.153913
v -0.121247 0.233854 0.155103
v -0.106515 0.257156 0.159051
v -0.095897 0.271049 0.160227
v -0.087043 0.281540 0.160307
v -0.070626 0.287812 0.165032
v -0.151542 0.125266 0.106707
v -0.150050 0.136599 0.115734
v -0.141498 0.172352 0.138295
v -0.137345 0.178203 0.143421
v -0.136707 0.185310 0.144926
v -0.114676 0.224253 0.161775
v -0.100938 0.250587 0.164822
v -0.091049 0.260897 0.167099
v -0.181431 0.283016 0.011272
v -0.180322 0.284543 0.016445
v -0.184839 0.273581 0.018723
v -0.183077 0.276087 0.024952
v -0.176734 0.288786 0.028531
v -0.187662 0.263268 0.026540
v -0.182209 0.275840 0.031176
v -0.179992 0.280829 0.031571
v -0.179830 0.278917 0.036862
v -0.172507 0.293589 0.037503
v -0.190327 0.250338 0.034122
v -0.184690 0.265147 0.039534
v -0.182698 0.270365 0.039887
v -0.181892 0.269219 0.045187
v -0.178534 0.278019 0.044220
v -0.175935 0.281554 0.048079
v -0.166476 0.297334 0.052249
v -0.188563 0.242047 0.050869
v -0.183035 0.257368 0.055794
v -0.180595 0.266930 0.053069
v -0.178479 0.272210 0.053345
v -0.178000 0.270483 0.057070
v -0.172611 0.280297 0.060558
v -0.170508 0.285782 0.059012
v -0.169428 0.281940 0.067021
v -0.161155 0.298574 0.065019
v -0.191638 0.224427 0.050898
v -0.189449 0.233729 0.053661
v -0.188479 0.229299 0.059376
v -0.184974 0.244620 0.060814
v -0.181758 0.254963 0.062033
v -0.179926 0.252961 0.068740
v -0.179921 0.260432 0.062332
v -0.178429 0.258671 0.068026
v -0.175313 0.268432 0.066985
v -0.172224 0.272090 0.071033
v -0.164318 0.288354 0.071408
v -0.162626 0.285946 0.077935
v -0.154427 0.301648 0.075725
v -0.153883 0.295074 0.084798
v -0.190956 0.211213 0.057591
v -0.188526 0.215381 0.064232
v -0.187528 0.223250 0.064813
v -0.185908 0.225830 0.068363
v -0.185453 0.237433 0.064132
v -0.181888 0.242225 0.070954
v -0.179643 0.239928 0.077677
v -0.179346 0.245745 0.075110
v -0.175909 0.256067 0.076235
v -0.172930 0.259561 0.080287
v -0.167293 0.269829 0.083881
v -0.163652 0.276871 0.084910
v -0.162911 0.271670 0.090690
v -0.160262 0.283287 0.085341
v -0.155028 0.289388 0.088771
v -0.156999 0.282944 0.091510
v -0.151340 0.291345 0.093058
v -0.145723 0.301040 0.092000
v -0.145387 0.296016 0.097743
v -0.185703 0.209873 0.072964
v -0.184053 0.212153 0.076672
v -0.184148 0.218220 0.075255
v -0.183256 0.224286 0.075705
v -0.179892 0.226090 0.082798
v -0.176748 0.237119 0.085327
v -0.176044 0.230512 0.089307
v -0.175427 0.242960 0.085295
v -0.172594 0.240479 0.092022
v -0.172448 0.246441 0.089439
v -0.167680 0.254958 0.093585
v -0.163783 0.264366 0.094484
v -0.165099 0.257120 0.096825
v -0.160240 0.266607 0.098922
v -0.155479 0.277479 0.098598
v -0.157094 0.270546 0.101204
v -0.151967 0.279839 0.102137
v -0.146408 0.289798 0.101998
v -0.142388 0.291600 0.106028
v -0.136769 0.301188 0.104705
v -0.182703 0.196481 0.080714
v -0.180971 0.198466 0.084553
v -0.179429 0.209177 0.087298
v -0.179360 0.201427 0.087920
v -0.177408 0.212334 0.090945
v -0.174535 0.220829 0.094868
v -0.176492 0.224650 0.090232
v -0.172546 0.226410 0.097075
v -0.166328 0.241397 0.102538
v -0.164264 0.246845 0.103510
v -0.162164 0.255295 0.102666
v -0.160752 0.252707 0.106186
v -0.154976 0.264675 0.108136
v -0.156172 0.257355 0.110520
v -0.153068 0.270845 0.106972
v -0.151055 0.266751 0.112361
v -0.141334 0.285540 0.112310
v -0.136851 0.289645 0.114623
v -0.132572 0.291226 0.118366
v -0.126304 0.296914 0.120673
v -0.177621 0.174909 0.087935
v -0.179840 0.183732 0.085452
v -0.176892 0.190303 0.092310
v -0.178243 0.195645 0.090055
v -0.173481 0.189100 0.098444
v -0.171805 0.198756 0.101888
v -0.173721 0.210129 0.098064
v -0.171014 0.208273 0.102877
v -0.171362 0.203772 0.102564
v -0.169460 0.212450 0.104987
v -0.166300 0.223286 0.108159
v -0.166407 0.216803 0.109192
v -0.163920 0.226567 0.110975
v -0.160771 0.239839 0.111596
v -0.157221 0.240641 0.116277
v -0.153446 0.251173 0.117162
v -0.153270 0.244909 0.119943
v -0.146202 0.260906 0.121695
v -0.141370 0.266438 0.124495
v -0.137279 0.273746 0.124959
v -0.127145 0.283739 0.129340
v -0.128693 0.287835 0.125008
v -0.121049 0.293791 0.128291
v -0.176449 0.161152 0.085291
v -0.171365 0.163765 0.096098
v -0.172276 0.177024 0.098509
v -0.173751 0.182300 0.096955
v -0.169777 0.182591 0.103832
v -0.165976 0.189201 0.110619
v -0.166960 0.202342 0.109619
v -0.163873 0.202334 0.114164
v -0.163958 0.208685 0.113742
v -0.161849 0.216295 0.115904
v -0.158541 0.216293 0.120372
v -0.158246 0.222740 0.119723
v -0.154144 0.226554 0.124200
v -0.150874 0.237215 0.125472
v -0.149201 0.232572 0.128715
v -0.148566 0.243493 0.126206
v -0.143137 0.252546 0.128998
v -0.145107 0.246575 0.129109
v -0.140367 0.256996 0.130165
v -0.136694 0.259877 0.132767
v -0.128650 0.271394 0.135121
v -0.123885 0.272000 0.139172
v -0.122122 0.281924 0.135201
v -0.118677 0.283351 0.137399
v -0.119864 0.287233 0.133912
v -0.108409 0.289766 0.141787
v -0.110476 0.299344 0.133585
v -0.103884 0.298474 0.139397
v -0.104713 0.294129 0.141738
v -0.169382 0.153049 0.095030
v -0.166031 0.150801 0.099669
v -0.166436 0.163784 0.104414
v -0.163927 0.159857 0.106918
v -0.167135 0.167895 0.104617
v -0.161387 0.172177 0.114406
v -0.163136 0.177920 0.113153
v -0.159320 0.191155 0.120158
v -0.157521 0.202337 0.122797
v -0.154561 0.198353 0.126498
v -0.154383 0.204857 0.126640
v -0.152071 0.214577 0.128671
v -0.147311 0.223077 0.132892
v -0.144686 0.220380 0.136194
v -0.143419 0.226367 0.136490
v -0.139988 0.236904 0.137605
v -0.138157 0.232251 0.140588
v -0.137615 0.243083 0.138205
v -0.134488 0.248392 0.139530
v -0.131449 0.245055 0.143492
v -0.129172 0.256286 0.141580
v -0.125551 0.258227 0.144048
v -0.120244 0.268895 0.143868
v -0.116782 0.270397 0.145997
v -0.110924 0.280310 0.145449
v -0.106571 0.277280 0.150275
v -0.108565 0.284163 0.145081
v -0.102997 0.281872 0.150337
v -0.097328 0.287843 0.150764
v -0.099906 0.292549 0.146212
v -0.162155 0.142555 0.101667
v -0.159547 0.153381 0.110853
v -0.157095 0.165297 0.118437
v -0.157703 0.171139 0.119175
v -0.153670 0.177953 0.125716
v -0.147650 0.185298 0.133746
v -0.149202 0.191201 0.132522
v -0.147308 0.200662 0.134902
v -0.142389 0.201392 0.140085
v -0.142858 0.209044 0.139309
v -0.139328 0.202886 0.143119
v -0.135632 0.214822 0.145881
v -0.136078 0.222812 0.144427
v -0.131991 0.226021 0.147646
v -0.130446 0.237452 0.146564
v -0.124170 0.239401 0.151426
v -0.117931 0.249351 0.153509
v -0.119520 0.243254 0.154111
v -0.117520 0.255042 0.151865
v -0.113896 0.257037 0.153894
v -0.108669 0.267277 0.153537
v -0.105057 0.268804 0.155382
v -0.100653 0.276910 0.154505
v -0.096184 0.279765 0.155907
v -0.091667 0.279828 0.158567
v -0.082091 0.291620 0.157478
v -0.154790 0.131207 0.106024
v -0.152755 0.142243 0.115124
v -0.153816 0.147265 0.116096
v -0.150521 0.153448 0.122857
v -0.150003 0.165116 0.127273
v -0.146599 0.161869 0.130269
v -0.144234 0.176905 0.136293
v -0.139617 0.188121 0.142373
v -0.137773 0.195217 0.144562
v -0.134764 0.192905 0.147297
v -0.133930 0.198676 0.148202
v -0.131413 0.208918 0.150176
v -0.128554 0.206327 0.152776
v -0.127423 0.212159 0.153356
v -0.124277 0.222592 0.154748
v -0.121596 0.219737 0.157265
v -0.120139 0.225534 0.157540
v -0.113580 0.230261 0.161533
v -0.115269 0.238267 0.158607
v -0.109810 0.241849 0.161544
v -0.112448 0.244991 0.158883
v -0.110136 0.250723 0.158774
v -0.102744 0.253995 0.162610
v -0.103119 0.259018 0.160619
v -0.097040 0.265560 0.161867
v -0.093548 0.266931 0.163371
v -0.085007 0.277501 0.163384
v -0.072806 0.291073 0.162290
v -0.149941 0.117832 0.103459
v -0.146880 0.122597 0.111227
v -0.145441 0.126630 0.115745
v -0.145348 0.135635 0.121093
v -0.143659 0.142413 0.126373
v -0.143477 0.154035 0.131248
v -0.138178 0.147426 0.134411
v -0.139482 0.153909 0.135436
v -0.141383 0.159157 0.135120
v -0.137823 0.157846 0.138378
v -0.135583 0.165283 0.142587
v -0.130138 0.179404 0.150174
v -0.132350 0.184613 0.148841
v -0.129209 0.195652 0.152284
v -0.123791 0.191197 0.156540
v -0.121628 0.210878 0.158108
v -0.115503 0.211896 0.162560
v -0.112114 0.214742 0.164689
v -0.105382 0.226478 0.167654
v -0.108501 0.236939 0.163632
v -0.100135 0.238346 0.168575
v -0.095639 0.241159 0.170520
v -0.091996 0.249466 0.170317
v -0.091736 0.255020 0.168768
v -0.083183 0.263257 0.170304
v -0.084400 0.267357 0.168137
v -0.077026 0.263697 0.173029
v -0.071234 0.273789 0.171507
v -0.075185 0.278175 0.167838
v -0.067838 0.283263 0.168535
v -0.061989 0.283314 0.170745
v -0.033397 0.287032 0.176759
v -0.033471 0.293204 0.173570
v -0.039269 0.281549 0.178163
v -0.021088 0.289768 0.177268
v -0.022530 0.297412 0.173011
v -0.036811 0.270300 0.183400
v -0.005692 0.293604 0.176441
v -0.023700 0.255376 0.190516
v -0.022034 0.273852 0.184334
v -0.012218 0.283185 0.181251
v 0.006672 0.300213 0.172716
v -0.019479 0.238673 0.195049
v -0.024213 0.245831 0.192960
v -0.020895 0.249531 0.192418
v -0.011642 0.255769 0.191501
v -0.014572 0.262804 0.189092
v 0.000375 0.281737 0.182301
v 0.022902 0.301583 0.170495
v -0.004469 0.241772 0.195306
v -0.006684 0.250901 0.193059
v 0.010131 0.273924 0.185315
v 0.017065 0.283953 0.180480
v -0.005005 0.224400 0.198208
v 0.002464 0.231488 0.197247
v 0.008396 0.251949 0.192694
v 0.018689 0.261795 0.189038
v 0.018464 0.275920 0.183857
v 0.023841 0.278719 0.182047
v 0.028055 0.292483 0.174839
v 0.049454 0.297489 0.167213
v 0.047495 0.302785 0.164594
v 0.006136 0.208722 0.199473
v 0.008315 0.219590 0.198620
v 0.018428 0.235373 0.195724
v 0.026803 0.248382 0.191933
v 0.032533 0.259879 0.187759
v 0.032263 0.265581 0.185896
v 0.036595 0.271874 0.182742
v 0.041878 0.287186 0.174776
v 0.063982 0.302885 0.158832
v 0.009696 0.192798 0.199405
v 0.012661 0.198623 0.199360
v 0.016665 0.206142 0.198965
v 0.034235 0.235874 0.193482
v 0.037039 0.246673 0.190629
v 0.042664 0.248893 0.188901
v 0.044846 0.261860 0.184543
v 0.046501 0.266988 0.182326
v 0.051314 0.275045 0.177854
v 0.057306 0.287439 0.170212
v 0.077805 0.300988 0.153818
v 0.020657 0.187085 0.198283
v 0.024892 0.192690 0.198068
v 0.032218 0.206251 0.197031
v 0.042894 0.222019 0.193828
v 0.046872 0.234371 0.191084
v 0.053897 0.248389 0.186131
v 0.060530 0.262010 0.179956
v 0.066656 0.274974 0.172723
v 0.068122 0.281945 0.168962
v 0.072396 0.287032 0.164581
v 0.026214 0.166683 0.195238
v 0.034693 0.175816 0.195237
v 0.034239 0.182911 0.196070
v 0.043225 0.190325 0.194786
v 0.043604 0.200450 0.194933
v 0.047944 0.206320 0.193796
v 0.053690 0.211188 0.192061
v 0.059477 0.221701 0.189428
v 0.073354 0.249595 0.179029
v 0.079475 0.262886 0.172117
v 0.084926 0.275429 0.164313
v 0.104916 0.297272 0.139476
v 0.032755 0.154906 0.191864
v 0.042721 0.164710 0.191946
v 0.043477 0.173539 0.193187
v 0.051770 0.176000 0.191449
v 0.051828 0.180583 0.191939
v 0.059639 0.189081 0.190335
v 0.059863 0.193863 0.190466
v 0.067546 0.207650 0.187812
v 0.075939 0.220303 0.183626
v 0.077480 0.234965 0.180743
v 0.082756 0.236968 0.177972
v 0.085222 0.247557 0.174271
v 0.087706 0.254207 0.171066
v 0.093756 0.262133 0.165071
v 0.098615 0.274328 0.157020
v 0.117507 0.293551 0.131775
v 0.041909 0.142371 0.186673
v 0.050766 0.151871 0.187156
v 0.051195 0.155799 0.187992
v 0.058703 0.163563 0.187459
v 0.059129 0.167827 0.188089
v 0.066839 0.176269 0.186757
v 0.066188 0.182310 0.187650
v 0.074695 0.189077 0.184947
v 0.075003 0.193867 0.185029
v 0.077846 0.207133 0.183814
v 0.081507 0.213667 0.181847
v 0.086596 0.223146 0.178498
v 0.093274 0.230873 0.173910
v 0.092019 0.236548 0.173478
v 0.095561 0.238197 0.171195
v 0.101184 0.253055 0.163854
v 0.107028 0.261039 0.157238
v 0.111254 0.272850 0.149084
v 0.114700 0.283726 0.140540
v 0.049675 0.135715 0.182570
v 0.057125 0.140959 0.182148
v 0.057541 0.146359 0.183677
v 0.065163 0.151965 0.182667
v 0.064589 0.157210 0.184160
v 0.082047 0.184198 0.181454
v 0.086898 0.186555 0.179373
v 0.098121 0.204971 0.173935
v 0.099541 0.220564 0.171956
v 0.105003 0.224580 0.168143
v 0.108092 0.229289 0.165402
v 0.108269 0.240669 0.162879
v 0.113611 0.242370 0.158746
v 0.116917 0.257083 0.151596
v 0.122752 0.271049 0.140716
v 0.125562 0.281542 0.132321
v 0.136470 0.288635 0.116000
v 0.055539 0.125787 0.177046
v 0.063702 0.136596 0.178469
v 0.079649 0.155950 0.177853
v 0.095591 0.185311 0.174799
v 0.104790 0.197401 0.170057
v 0.118421 0.224252 0.159054
v 0.125563 0.250587 0.146931
v 0.126998 0.258706 0.142639
v 0.132591 0.266741 0.133744
v -0.045329 0.282425 0.176317
v -0.040062 0.286980 0.175402
v -0.032843 0.276086 0.181828
v -0.027477 0.288788 0.176900
v -0.032750 0.263269 0.186678
v -0.026654 0.275842 0.182924
v -0.025595 0.280831 0.180937
v -0.020512 0.278917 0.182420
v -0.017650 0.288748 0.178142
v -0.017640 0.293589 0.175653
v -0.026360 0.250339 0.191556
v -0.019473 0.265149 0.187867
v -0.018523 0.270364 0.186082
v -0.013231 0.269218 0.186953
v -0.013112 0.278018 0.183461
v -0.008639 0.281554 0.182181
v -0.001749 0.297333 0.174474
v -0.011530 0.240516 0.195284
v -0.007332 0.257153 0.191283
v -0.005333 0.266930 0.188156
v -0.004419 0.272210 0.186228
v -0.000729 0.270485 0.186923
v 0.004255 0.280298 0.182876
v 0.003436 0.285780 0.180399
v 0.011386 0.281940 0.181847
v 0.012038 0.298574 0.173359
v -0.010812 0.224427 0.197987
v -0.007504 0.233729 0.196759
v -0.001774 0.229299 0.197602
v -0.003022 0.246804 0.194191
v 0.000679 0.244622 0.194713
v 0.002832 0.254966 0.192030
v 0.003683 0.260434 0.190376
v 0.007438 0.258337 0.190905
v 0.009532 0.268433 0.187431
v 0.014338 0.272090 0.185745
v 0.017139 0.288353 0.178342
v 0.023868 0.285947 0.178749
v 0.033095 0.295075 0.172555
v -0.004234 0.211216 0.199406
v 0.004465 0.214740 0.199173
v 0.003691 0.223249 0.198378
v 0.007569 0.225832 0.197934
v 0.003687 0.237434 0.196194
v 0.014817 0.230028 0.196931
v 0.011275 0.242230 0.194911
v 0.012690 0.247455 0.193629
v 0.019295 0.243954 0.193900
v 0.018148 0.256067 0.190857
v 0.022922 0.259564 0.189275
v 0.030187 0.276872 0.181879
v 0.032025 0.270043 0.184304
v 0.031641 0.283289 0.178789
v 0.036920 0.283582 0.177625
v 0.036523 0.289389 0.174871
v 0.041738 0.291345 0.172689
v 0.042467 0.301041 0.167020
v 0.044634 0.295140 0.169892
v 0.009771 0.204469 0.199477
v 0.019816 0.212404 0.198381
v 0.014666 0.218222 0.198390
v 0.015369 0.224285 0.197681
v 0.023155 0.226091 0.196673
v 0.026533 0.237118 0.194465
v 0.030535 0.230511 0.195026
v 0.026911 0.242962 0.193198
v 0.034183 0.240479 0.192583
v 0.031773 0.246441 0.191646
v 0.037190 0.254959 0.188391
v 0.038689 0.260263 0.186457
v 0.040736 0.266053 0.184058
v 0.045728 0.277478 0.178337
v 0.047708 0.270547 0.180678
v 0.050179 0.279837 0.176092
v 0.051766 0.289799 0.170760
v 0.056839 0.291600 0.168183
v 0.020305 0.196482 0.198703
v 0.025368 0.200468 0.198145
v 0.027579 0.209176 0.197624
v 0.031672 0.212336 0.196829
v 0.036290 0.220830 0.195308
v 0.031276 0.224652 0.195736
v 0.039003 0.226410 0.194099
v 0.038954 0.232509 0.193192
v 0.042805 0.243433 0.190193
v 0.050117 0.240781 0.188992
v 0.047685 0.246845 0.188211
v 0.052563 0.253062 0.185251
v 0.054955 0.264676 0.180806
v 0.056851 0.257354 0.182681
v 0.054437 0.270843 0.178633
v 0.060184 0.266752 0.178382
v 0.063139 0.285540 0.169122
v 0.066724 0.289644 0.165574
v 0.071605 0.291227 0.162660
v 0.075737 0.296914 0.157411
v 0.029282 0.175967 0.196156
v 0.025697 0.183732 0.197444
v 0.033374 0.191053 0.196748
v 0.031990 0.197530 0.197167
v 0.043312 0.209262 0.194770
v 0.047482 0.212449 0.193609
v 0.051476 0.223286 0.191584
v 0.052093 0.217785 0.192002
v 0.054888 0.226567 0.190191
v 0.054238 0.238305 0.188372
v 0.058650 0.243614 0.185872
v 0.063733 0.240412 0.184911
v 0.064013 0.251173 0.182140
v 0.066332 0.245893 0.182722
v 0.065767 0.258842 0.179192
v 0.070561 0.260905 0.176652
v 0.074716 0.266439 0.172921
v 0.076420 0.273745 0.169175
v 0.083721 0.283738 0.160890
v 0.079123 0.287836 0.161024
v 0.084606 0.293791 0.154768
v 0.026592 0.161152 0.194169
v 0.038441 0.163765 0.192674
v 0.039160 0.177718 0.194634
v 0.042179 0.183459 0.194545
v 0.046452 0.182561 0.193510
v 0.053916 0.189200 0.192036
v 0.048573 0.196795 0.193728
v 0.057937 0.202335 0.191131
v 0.057511 0.208685 0.191081
v 0.060218 0.216294 0.189744
v 0.065489 0.216292 0.187978
v 0.064963 0.222740 0.187497
v 0.070488 0.226551 0.184980
v 0.072708 0.237213 0.182263
v 0.074243 0.229512 0.183058
v 0.077363 0.240482 0.179633
v 0.078454 0.252546 0.175993
v 0.076689 0.246960 0.178349
v 0.080956 0.243335 0.177377
v 0.080419 0.256997 0.173719
v 0.084027 0.259876 0.171031
v 0.088753 0.271395 0.164107
v 0.094079 0.271999 0.160828
v 0.090849 0.281921 0.157925
v 0.094002 0.283352 0.155326
v 0.090319 0.287235 0.155377
v 0.101348 0.289765 0.146917
v 0.092909 0.299345 0.146348
v 0.100474 0.298472 0.141876
v 0.102443 0.294129 0.143387
v 0.038036 0.153049 0.190458
v 0.043484 0.150801 0.188704
v 0.047871 0.163783 0.190556
v 0.051030 0.159855 0.188943
v 0.047848 0.167895 0.191283
v 0.058937 0.172177 0.188841
v 0.057203 0.177923 0.190118
v 0.065045 0.191156 0.188653
v 0.068112 0.202337 0.187757
v 0.072546 0.198352 0.186086
v 0.072736 0.204857 0.185960
v 0.075381 0.214576 0.184390
v 0.080868 0.223076 0.181166
v 0.085897 0.216951 0.179536
v 0.082478 0.228518 0.179661
v 0.089485 0.228838 0.176221
v 0.087613 0.236904 0.175658
v 0.088917 0.243084 0.173586
v 0.091142 0.248393 0.171023
v 0.095849 0.245057 0.169357
v 0.094734 0.256289 0.166600
v 0.098200 0.258228 0.163920
v 0.099671 0.268893 0.158816
v 0.102765 0.270397 0.156181
v 0.104053 0.280310 0.150441
v 0.109989 0.277280 0.147792
v 0.104433 0.284162 0.148084
v 0.111152 0.281871 0.144412
v 0.113311 0.287844 0.139151
v 0.108185 0.292548 0.140199
v 0.046582 0.142557 0.185635
v 0.056125 0.153380 0.185993
v 0.064095 0.165296 0.186005
v 0.064607 0.171138 0.186812
v 0.072076 0.177952 0.184997
v 0.079929 0.191200 0.182851
v 0.082779 0.200664 0.181785
v 0.089228 0.201394 0.178709
v 0.088346 0.209044 0.178915
v 0.093060 0.202887 0.176735
v 0.095309 0.222812 0.174048
v 0.096441 0.215241 0.174259
v 0.099632 0.226021 0.171156
v 0.102871 0.241573 0.166103
v 0.109617 0.249187 0.159602
v 0.108117 0.255040 0.158697
v 0.111167 0.257038 0.155876
v 0.112442 0.267278 0.150795
v 0.115313 0.268803 0.147931
v 0.115840 0.276908 0.143471
v 0.118552 0.279766 0.139654
v 0.122480 0.279829 0.136179
v 0.124403 0.291621 0.126736
v 0.053003 0.131205 0.179977
v 0.062284 0.142242 0.180854
v 0.062881 0.147266 0.182164
v 0.070328 0.153446 0.181119
v 0.070970 0.158879 0.182167
v 0.074692 0.165115 0.181990
v 0.079037 0.165829 0.180272
v 0.086189 0.177321 0.178792
v 0.092262 0.188119 0.176779
v 0.094913 0.195218 0.175702
v 0.098445 0.192904 0.173684
v 0.099562 0.198677 0.173172
v 0.102216 0.208917 0.171389
v 0.105573 0.206326 0.169473
v 0.106476 0.212158 0.168575
v 0.108771 0.222592 0.166013
v 0.111993 0.219737 0.164242
v 0.112705 0.225534 0.162941
v 0.110683 0.233971 0.162792
v 0.118529 0.230261 0.157937
v 0.118433 0.241750 0.155371
v 0.116188 0.246457 0.155734
v 0.122902 0.253995 0.147964
v 0.124150 0.260402 0.144408
v 0.123959 0.265559 0.142309
v 0.126466 0.266932 0.139454
v 0.129120 0.277500 0.131335
v 0.133977 0.285614 0.121057
v 0.131848 0.291074 0.119393
v 0.051381 0.116832 0.174310
v 0.060862 0.116845 0.171237
v 0.060363 0.124213 0.174795
v 0.065137 0.126630 0.174089
v 0.067706 0.131931 0.175250
v 0.070251 0.135637 0.175655
v 0.075794 0.142412 0.175679
v 0.081292 0.150581 0.175708
v 0.085706 0.153908 0.174507
v 0.084817 0.159158 0.176218
v 0.089016 0.157846 0.173838
v 0.093710 0.165284 0.173009
v 0.101135 0.175116 0.170483
v 0.102609 0.179404 0.170175
v 0.100656 0.184613 0.171867
v 0.108205 0.195466 0.167863
v 0.112465 0.198665 0.165099
v 0.112786 0.210877 0.164533
v 0.118911 0.211894 0.160084
v 0.121984 0.214743 0.157519
v 0.126884 0.226477 0.152032
v 0.129382 0.238347 0.147325
v 0.132620 0.241159 0.143651
v 0.133554 0.249465 0.140124
v 0.135998 0.258228 0.134312
v 0.136295 0.252902 0.136189
v 0.131794 0.260962 0.137249
v 0.136263 0.263257 0.131739
v 0.134518 0.268311 0.131018
v 0.140757 0.263697 0.126726
v 0.141100 0.273790 0.120746
v 0.136390 0.278175 0.123370
v 0.138397 0.282309 0.118355
v 0.144048 0.283153 0.110801
v 0.149074 0.290854 0.097265
v 0.153093 0.294639 0.086840
v 0.156941 0.277202 0.096657
v 0.157310 0.281547 0.092402
v 0.162866 0.289576 0.073355
v 0.157580 0.297413 0.074890
v 0.163049 0.270298 0.091683
v 0.166047 0.293604 0.059935
v 0.172161 0.255654 0.084776
v 0.168504 0.273850 0.077917
v 0.168605 0.283184 0.067630
v 0.166325 0.300211 0.047027
v 0.179484 0.238672 0.078797
v 0.176035 0.245830 0.082655
v 0.176544 0.249533 0.079331
v 0.178572 0.257231 0.068940
v 0.175334 0.262806 0.072291
v 0.173496 0.281738 0.055974
v 0.184366 0.241774 0.064604
v 0.182414 0.250731 0.063745
v 0.179828 0.264370 0.058517
v 0.179375 0.273924 0.047630
v 0.177009 0.283146 0.040811
v 0.170741 0.302514 0.015746
v 0.186961 0.224401 0.066007
v 0.188355 0.231490 0.058609
v 0.185857 0.251948 0.051561
v 0.185561 0.261794 0.040643
v 0.180535 0.276049 0.039142
v 0.179509 0.283806 0.025667
v 0.174951 0.292483 0.027351
v 0.191665 0.210770 0.055278
v 0.191469 0.219589 0.053467
v 0.191839 0.235375 0.042953
v 0.190822 0.248379 0.033821
v 0.189141 0.257516 0.028473
v 0.188087 0.262137 0.025692
v 0.180026 0.285606 0.012938
v 0.174921 0.295774 -0.011594
v 0.170830 0.302885 -0.011766
v 0.194042 0.197375 0.047413
v 0.194377 0.206141 0.045633
v 0.194592 0.235874 0.027232
v 0.193694 0.244152 0.020572
v 0.192839 0.248895 0.017797
v 0.189369 0.261860 0.014374
v 0.187772 0.266986 0.012117
v 0.185006 0.275045 0.006157
v 0.179591 0.287438 -0.001901
v 0.170333 0.300989 -0.026465
v 0.194962 0.187084 0.041628
v 0.196066 0.192690 0.037532
v 0.197343 0.206251 0.030242
v 0.197927 0.211122 0.024468
v 0.197427 0.220229 0.022515
v 0.197449 0.225202 0.016516
v 0.196215 0.234372 0.014470
v 0.195710 0.239292 0.006949
v 0.193676 0.248390 0.006258
v 0.192330 0.253688 0.004020
v 0.189853 0.262009 -0.001959
v 0.184867 0.274974 -0.010021
v 0.182691 0.279195 -0.015891
v 0.179025 0.286600 -0.018810
v 0.176475 0.291476 -0.019783
v 0.193783 0.166684 0.035399
v 0.196670 0.177314 0.026750
v 0.198846 0.193905 0.017969
v 0.199334 0.207653 0.010100
v 0.198537 0.221701 0.001967
v 0.196396 0.235777 -0.006267
v 0.192935 0.249593 -0.014440
v 0.188253 0.262884 -0.022399
v 0.182515 0.275428 -0.029994
v 0.165071 0.297271 -0.056679
v 0.192596 0.154906 0.028135
v 0.195753 0.164710 0.018683
v 0.196994 0.172048 0.017917
v 0.198077 0.176002 0.009926
v 0.198560 0.180585 0.010022
v 0.199449 0.189081 0.002097
v 0.199642 0.193865 0.001926
v 0.199493 0.207650 -0.006204
v 0.198105 0.220303 -0.015480
v 0.195757 0.235629 -0.017502
v 0.194496 0.239378 -0.022740
v 0.192077 0.247557 -0.027198
v 0.189796 0.254207 -0.030552
v 0.185964 0.262136 -0.038155
v 0.179810 0.274328 -0.045265
v 0.161637 0.293551 -0.071036
v 0.190486 0.142368 0.017828
v 0.192497 0.149532 0.017917
v 0.193497 0.151562 0.011366
v 0.196424 0.163563 0.002098
v 0.197155 0.167827 0.001885
v 0.198271 0.176268 -0.005858
v 0.198920 0.182311 -0.004960
v 0.198977 0.189079 -0.013887
v 0.199150 0.193866 -0.014157
v 0.198873 0.207133 -0.017234
v 0.198133 0.213668 -0.021325
v 0.196521 0.223146 -0.027199
v 0.194221 0.230876 -0.034968
v 0.193423 0.236547 -0.033908
v 0.192346 0.238195 -0.037983
v 0.187103 0.253055 -0.045596
v 0.182615 0.261038 -0.053201
v 0.176167 0.272850 -0.059738
v 0.169107 0.283726 -0.065654
v 0.188985 0.135715 0.009172
v 0.190885 0.140956 0.001958
v 0.191914 0.144431 0.001777
v 0.193863 0.151966 -0.005525
v 0.195106 0.157210 -0.004519
v 0.197610 0.180652 -0.021925
v 0.197447 0.186556 -0.027218
v 0.195743 0.204971 -0.039570
v 0.194300 0.220565 -0.041530
v 0.192362 0.224581 -0.047903
v 0.190709 0.229289 -0.051688
v 0.188365 0.240669 -0.052636
v 0.186084 0.242369 -0.058996
v 0.179659 0.257156 -0.066068
v 0.171761 0.271050 -0.073260
v 0.164647 0.281541 -0.078525
v 0.152494 0.288637 -0.093944
v 0.189420 0.136598 -0.005434
v 0.195762 0.172352 -0.028714
v 0.195414 0.178202 -0.035300
v 0.195783 0.185311 -0.036895
v 0.192300 0.206740 -0.053686
v 0.187864 0.224251 -0.063474
v 0.178542 0.250587 -0.074011
v 0.171879 0.260897 -0.081667
v 0.159713 0.279119 -0.090344
v 0.153682 0.282424 0.097593
v 0.154438 0.286979 0.092304
v 0.162781 0.276085 0.087422
v 0.158472 0.285614 0.086526
v 0.156768 0.290298 0.084872
v 0.159751 0.288787 0.080799
v 0.167421 0.263269 0.088834
v 0.165735 0.275841 0.081876
v 0.164174 0.280828 0.080255
v 0.167152 0.278918 0.075879
v 0.161606 0.293589 0.071055
v 0.174035 0.250339 0.084265
v 0.174737 0.255566 0.079346
v 0.172653 0.265151 0.076575
v 0.171250 0.270365 0.075118
v 0.173715 0.269218 0.070354
v 0.170431 0.278018 0.069162
v 0.170595 0.281554 0.064513
v 0.165394 0.297334 0.055580
v 0.182163 0.240517 0.071310
v 0.179251 0.252863 0.070620
v 0.177299 0.266929 0.063215
v 0.175748 0.272209 0.061749
v 0.177549 0.270486 0.058455
v 0.175239 0.280301 0.052464
v 0.172631 0.285780 0.052480
v 0.175958 0.282192 0.046821
v 0.168594 0.298573 0.042122
v 0.184956 0.224429 0.071463
v 0.184810 0.233730 0.067939
v 0.187383 0.229299 0.062748
v 0.186678 0.243095 0.056577
v 0.183508 0.254965 0.056646
v 0.182197 0.260433 0.055327
v 0.183860 0.258337 0.051920
v 0.181203 0.268433 0.048853
v 0.181085 0.272088 0.043762
v 0.178387 0.282671 0.035305
v 0.175672 0.287262 0.037872
v 0.169444 0.301648 0.029508
v 0.174337 0.295075 0.021845
v 0.188338 0.211215 0.065648
v 0.190276 0.215380 0.058846
v 0.189810 0.223250 0.057789
v 0.190586 0.225833 0.053966
v 0.187731 0.237433 0.057121
v 0.191871 0.230029 0.046763
v 0.188856 0.242229 0.049506
v 0.188074 0.247455 0.047766
v 0.190372 0.243953 0.041567
v 0.187122 0.256070 0.041720
v 0.187095 0.259562 0.036690
v 0.183679 0.273421 0.027788
v 0.177598 0.289389 0.019305
v 0.180803 0.282945 0.018248
v 0.177135 0.291345 0.013668
v 0.171969 0.301039 0.011225
v 0.175073 0.296014 0.006380
v 0.191150 0.197999 0.057999
v 0.193106 0.202070 0.051080
v 0.193125 0.209874 0.050120
v 0.193969 0.212152 0.046152
v 0.193213 0.218219 0.047356
v 0.192755 0.224288 0.046471
v 0.194203 0.226089 0.038752
v 0.193146 0.237119 0.034859
v 0.194916 0.230511 0.031226
v 0.192058 0.242960 0.034109
v 0.193721 0.240477 0.027002
v 0.192084 0.246441 0.029005
v 0.190663 0.254958 0.022847
v 0.189286 0.260263 0.020825
v 0.186579 0.268393 0.020234
v 0.187805 0.265962 0.016618
v 0.183740 0.277478 0.011622
v 0.186577 0.270548 0.010461
v 0.182979 0.279837 0.006692
v 0.178400 0.289797 0.003537
v 0.177514 0.291603 -0.002086
v 0.175543 0.295182 -0.005662
v 0.195253 0.196482 0.042087
v 0.196108 0.198468 0.037966
v 0.196474 0.209178 0.034838
v 0.196784 0.201426 0.034294
v 0.196983 0.212337 0.030701
v 0.196994 0.217008 0.028214
v 0.196419 0.223979 0.027255
v 0.196652 0.226409 0.022885
v 0.195774 0.232510 0.022653
v 0.194832 0.241397 0.014809
v 0.193735 0.246844 0.012810
v 0.192465 0.252706 0.008582
v 0.188938 0.264676 0.003607
v 0.191308 0.257354 0.002384
v 0.186711 0.270845 0.003429
v 0.188250 0.266752 -0.002115
v 0.180356 0.285538 -0.007789
v 0.181558 0.282427 -0.012041
v 0.173858 0.297244 -0.015189
v 0.173111 0.296914 -0.023386
v 0.195386 0.174909 0.033261
v 0.195721 0.183731 0.036572
v 0.197367 0.190302 0.029292
v 0.197135 0.195644 0.031912
v 0.198213 0.189100 0.022326
v 0.198708 0.202304 0.020108
v 0.198822 0.208274 0.017289
v 0.198344 0.211635 0.020416
v 0.198806 0.212449 0.014669
v 0.198114 0.223285 0.010245
v 0.198808 0.216803 0.009471
v 0.197844 0.226567 0.006569
v 0.196935 0.232956 0.004604
v 0.194818 0.243831 0.003475
v 0.193006 0.251174 -0.004595
v 0.189811 0.260905 -0.012517
v 0.185853 0.270765 -0.018702
v 0.183074 0.277214 -0.020511
v 0.180098 0.283436 -0.022512
v 0.178887 0.283738 -0.029903
v 0.177593 0.287836 -0.025491
v 0.173338 0.293793 -0.032636
v 0.192883 0.161151 0.034711
v 0.195122 0.163765 0.022981
v 0.197277 0.177024 0.021565
v 0.197557 0.182303 0.023688
v 0.198901 0.188723 0.014610
v 0.199300 0.194878 0.012343
v 0.199298 0.189201 0.008063
v 0.199506 0.202341 0.009453
v 0.199680 0.202332 0.003961
v 0.199501 0.208685 0.004351
v 0.199065 0.216295 0.001364
v 0.199015 0.216292 -0.004195
v 0.198395 0.222740 -0.003843
v 0.197709 0.226552 -0.009876
v 0.195810 0.237215 -0.012829
v 0.197041 0.229512 -0.014039
v 0.194374 0.243494 -0.014779
v 0.191623 0.252547 -0.020230
v 0.193282 0.246575 -0.019161
v 0.190068 0.256997 -0.022801
v 0.188627 0.259875 -0.027064
v 0.183501 0.271395 -0.033696
v 0.182028 0.272001 -0.039773
v 0.178268 0.281925 -0.037599
v 0.176773 0.283350 -0.041402
v 0.175683 0.287234 -0.037882
v 0.171046 0.289764 -0.050986
v 0.167896 0.299345 -0.043136
v 0.165980 0.298473 -0.051713
v 0.168025 0.294131 -0.053118
v 0.191424 0.149316 0.026653
v 0.191167 0.146164 0.021969
v 0.194357 0.156838 0.016828
v 0.195058 0.159077 0.013890
v 0.197019 0.169570 0.012911
v 0.197811 0.172177 0.002302
v 0.198490 0.177923 0.004345
v 0.199520 0.191156 -0.003566
v 0.199615 0.202336 -0.006757
v 0.199397 0.198351 -0.011490
v 0.199336 0.204857 -0.011710
v 0.198659 0.214579 -0.014713
v 0.197288 0.223079 -0.020926
v 0.197292 0.216953 -0.026214
v 0.196355 0.228516 -0.022922
v 0.195249 0.228840 -0.030649
v 0.194136 0.236903 -0.029042
v 0.192568 0.243083 -0.030922
v 0.190817 0.248393 -0.033833
v 0.190687 0.245057 -0.038822
v 0.187721 0.256286 -0.038613
v 0.186244 0.258226 -0.042738
v 0.181843 0.268895 -0.045714
v 0.180294 0.270396 -0.049471
v 0.175233 0.280311 -0.052468
v 0.174547 0.277280 -0.058934
v 0.173107 0.284164 -0.053560
v 0.171693 0.281870 -0.061085
v 0.167356 0.287844 -0.064764
v 0.166767 0.292550 -0.059564
v 0.190549 0.141202 0.012687
v 0.192265 0.146050 0.007141
v 0.193606 0.150687 0.002083
v 0.196708 0.165298 -0.003480
v 0.197633 0.171140 -0.003719
v 0.198215 0.177953 -0.011382
v 0.198065 0.185297 -0.021418
v 0.198601 0.191199 -0.019513
v 0.198468 0.200664 -0.022554
v 0.197536 0.201393 -0.029635
v 0.197458 0.209045 -0.028733
v 0.196842 0.202888 -0.033892
v 0.194982 0.222812 -0.036861
v 0.193567 0.226022 -0.041864
v 0.189762 0.241573 -0.046507
v 0.185665 0.249187 -0.054930
v 0.184340 0.255041 -0.053785
v 0.182600 0.257038 -0.057558
v 0.178162 0.267279 -0.060339
v 0.176397 0.268812 -0.063748
v 0.172247 0.276906 -0.065835
v 0.169455 0.279767 -0.069591
v 0.167363 0.279828 -0.074403
v 0.158977 0.291620 -0.079150
v 0.187258 0.130390 0.004875
v 0.191250 0.142242 -0.003350
v 0.192680 0.147266 -0.003514
v 0.193987 0.153447 -0.010920
v 0.196164 0.165115 -0.014798
v 0.195171 0.161870 -0.019221
v 0.196799 0.176905 -0.025485
v 0.196637 0.188122 -0.033119
v 0.196432 0.195218 -0.035972
v 0.195605 0.192906 -0.039956
v 0.195462 0.198677 -0.041177
v 0.193228 0.212158 -0.049171
v 0.191500 0.222594 -0.052147
v 0.190811 0.219736 -0.055760
v 0.189794 0.225533 -0.056836
v 0.189027 0.233972 -0.054959
v 0.186835 0.230262 -0.063922
v 0.184364 0.241751 -0.064624
v 0.184016 0.246457 -0.062376
v 0.178702 0.253996 -0.071162
v 0.177835 0.259016 -0.069330
v 0.173650 0.265560 -0.073915
v 0.171710 0.266932 -0.077180
v 0.164808 0.277499 -0.082214
v 0.156534 0.285613 -0.090012
v 0.154293 0.291074 -0.088501
v 0.185759 0.126319 -0.001092
v 0.184098 0.122318 -0.003065
v 0.185265 0.125388 -0.006794
v 0.187595 0.131932 -0.010237
v 0.188767 0.135637 -0.012533
v 0.190502 0.142413 -0.017801
v 0.193221 0.154035 -0.021848
v 0.190793 0.147425 -0.027520
v 0.192451 0.153909 -0.027587
v 0.193803 0.159159 -0.026213
v 0.192837 0.157846 -0.030942
v 0.193500 0.165284 -0.035661
v 0.193554 0.179404 -0.044999
v 0.194560 0.184615 -0.042622
v 0.194043 0.195654 -0.047252
v 0.192161 0.191196 -0.053882
v 0.188995 0.211896 -0.063622
v 0.187504 0.214743 -0.067337
v 0.183802 0.226478 -0.073689
v 0.180097 0.238348 -0.077522
v 0.177603 0.241159 -0.081737
v 0.174536 0.249466 -0.083716
v 0.173416 0.255020 -0.082614
v 0.167399 0.263259 -0.088884
v 0.167110 0.267356 -0.086415
v 0.164020 0.263698 -0.094707
v 0.159663 0.275146 -0.093776
v 0.157063 0.273862 -0.099050
v 0.155331 0.282308 -0.095049
v 0.150514 0.283313 -0.101697
v 0.138573 0.290852 -0.111719
v 0.130916 0.287032 -0.123369
v 0.129100 0.293204 -0.120747
v 0.140424 0.277203 -0.119390
v 0.136492 0.281547 -0.121055
v 0.120094 0.289576 -0.132226
v 0.119921 0.297412 -0.126725
v 0.137581 0.270298 -0.126737
v 0.108315 0.293603 -0.139398
v 0.131159 0.255376 -0.140199
v 0.126176 0.273850 -0.136178
v 0.116423 0.283184 -0.139454
v 0.096124 0.300212 -0.143651
v 0.130406 0.238673 -0.146349
v 0.133009 0.245830 -0.141875
v 0.130006 0.249533 -0.143386
v 0.124983 0.254644 -0.145974
v 0.120750 0.257232 -0.148527
v 0.106849 0.281738 -0.147706
v 0.118122 0.243044 -0.155265
v 0.111225 0.264368 -0.152943
v 0.100730 0.273924 -0.155877
v 0.092279 0.283954 -0.156041
v 0.067739 0.302515 -0.157517
v 0.120550 0.224401 -0.157413
v 0.113947 0.231490 -0.161024
v 0.104190 0.248070 -0.163517
v 0.095995 0.261794 -0.163920
v 0.093132 0.275919 -0.159596
v 0.087719 0.278718 -0.161292
v 0.080076 0.292482 -0.157937
v 0.111799 0.210771 -0.165203
v 0.110019 0.219589 -0.165575
v 0.100135 0.235374 -0.169175
v 0.096407 0.246075 -0.168750
v 0.091132 0.248379 -0.171032
v 0.084043 0.259879 -0.171023
v 0.083165 0.265582 -0.169356
v 0.077809 0.271874 -0.169351
v 0.068852 0.287186 -0.166012
v 0.044335 0.298811 -0.167863
v 0.041599 0.302885 -0.166105
v 0.109363 0.192798 -0.167022
v 0.103467 0.206142 -0.170762
v 0.086030 0.235876 -0.176653
v 0.082083 0.246673 -0.175993
v 0.076520 0.248894 -0.177900
v 0.072189 0.261860 -0.175659
v 0.069548 0.266986 -0.174838
v 0.063026 0.275045 -0.174049
v 0.053686 0.287438 -0.171389
v 0.027468 0.300990 -0.170173
v 0.099837 0.187083 -0.172556
v 0.096284 0.192691 -0.174872
v 0.089746 0.206251 -0.178339
v 0.084433 0.211122 -0.180679
v 0.082423 0.220230 -0.180806
v 0.076723 0.225202 -0.182681
v 0.074396 0.234371 -0.182140
v 0.065800 0.248391 -0.182263
v 0.056807 0.262010 -0.181165
v 0.047600 0.274974 -0.178915
v 0.044200 0.281947 -0.176734
v 0.038170 0.287032 -0.175702
v 0.093548 0.166684 -0.173361
v 0.086687 0.175815 -0.178344
v 0.087546 0.182911 -0.178749
v 0.079521 0.190324 -0.182992
v 0.079304 0.200451 -0.183333
v 0.075121 0.206320 -0.184966
v 0.069455 0.211189 -0.186939
v 0.063223 0.221701 -0.188211
v 0.054732 0.235777 -0.188719
v 0.049392 0.247936 -0.187497
v 0.036873 0.262886 -0.185960
v 0.027876 0.275428 -0.182850
v -0.002893 0.297271 -0.174507
v 0.086274 0.154906 -0.174475
v 0.078259 0.164709 -0.180399
v 0.078379 0.173538 -0.181847
v 0.070649 0.176000 -0.185315
v 0.070890 0.180584 -0.185745
v 0.063628 0.189081 -0.189039
v 0.063525 0.193864 -0.189276
v 0.055747 0.207650 -0.191646
v 0.046499 0.220302 -0.193192
v 0.043848 0.235629 -0.191584
v 0.039203 0.238641 -0.192002
v 0.033489 0.247556 -0.191081
v 0.021178 0.262136 -0.188653
v 0.012516 0.274329 -0.184996
v -0.017610 0.293550 -0.175678
v 0.075819 0.142368 -0.175654
v 0.068935 0.151870 -0.181253
v 0.069079 0.155800 -0.182182
v 0.062693 0.163562 -0.186162
v 0.062717 0.167827 -0.186924
v 0.055699 0.176267 -0.190377
v 0.055504 0.180565 -0.190906
v 0.048119 0.190127 -0.193630
v 0.047942 0.197602 -0.193900
v 0.045065 0.207132 -0.194465
v 0.040945 0.213668 -0.195026
v 0.030436 0.222841 -0.196071
v 0.016032 0.245728 -0.193781
v 0.005834 0.261038 -0.190118
v -0.002373 0.272851 -0.186005
v -0.010188 0.283725 -0.181119
v 0.067124 0.135716 -0.176901
v 0.060847 0.140958 -0.180938
v 0.061412 0.146360 -0.182420
v 0.054651 0.151963 -0.186082
v 0.055992 0.157211 -0.186954
v 0.040212 0.180651 -0.194713
v 0.035130 0.186556 -0.196194
v 0.033485 0.199824 -0.196931
v 0.022857 0.204970 -0.198390
v 0.020542 0.220564 -0.197624
v 0.007611 0.239227 -0.195721
v 0.001397 0.242370 -0.195207
v -0.007318 0.257157 -0.191282
v -0.016598 0.271049 -0.185993
v -0.023803 0.281542 -0.180854
v -0.042222 0.288635 -0.174061
v 0.053364 0.136597 -0.181828
v 0.033187 0.172352 -0.195054
v 0.026814 0.178203 -0.196759
v 0.025410 0.185311 -0.197602
v -0.002316 0.224253 -0.198284
v -0.015217 0.250588 -0.192674
v -0.024558 0.260897 -0.188704
v -0.036568 0.279119 -0.179814
v 0.140309 0.282424 -0.115999
v 0.135511 0.286980 -0.118355
v 0.133447 0.276085 -0.127797
v 0.126211 0.288786 -0.126963
v 0.136223 0.263267 -0.131776
v 0.129084 0.275842 -0.132321
v 0.127060 0.280831 -0.131336
v 0.123819 0.278916 -0.135523
v 0.117517 0.293590 -0.131738
v 0.133922 0.250339 -0.139476
v 0.126180 0.265149 -0.140540
v 0.124362 0.270366 -0.139655
v 0.120593 0.269219 -0.143471
v 0.118444 0.278019 -0.140716
v 0.114072 0.281555 -0.142310
v 0.103969 0.297334 -0.140124
v 0.122648 0.242047 -0.151991
v 0.114912 0.266930 -0.149084
v 0.113038 0.272210 -0.148064
v 0.110460 0.270485 -0.150796
v 0.104051 0.280297 -0.150450
v 0.103257 0.285781 -0.147964
v 0.097677 0.281939 -0.153809
v 0.092159 0.298574 -0.147326
v 0.125121 0.224428 -0.153819
v 0.121724 0.233731 -0.154770
v 0.117584 0.229297 -0.158820
v 0.113900 0.244621 -0.157925
v 0.110581 0.254964 -0.157021
v 0.105159 0.252959 -0.161370
v 0.108922 0.260434 -0.156181
v 0.104367 0.258673 -0.159912
v 0.102460 0.268433 -0.157236
v 0.097580 0.272091 -0.158697
v 0.090964 0.288354 -0.154354
v 0.085757 0.285947 -0.158640
v 0.080424 0.301650 -0.152031
v 0.074650 0.295075 -0.159053
v 0.120636 0.211216 -0.158832
v 0.114766 0.215380 -0.162778
v 0.113616 0.223250 -0.162662
v 0.110220 0.225831 -0.164581
v 0.112339 0.237433 -0.160890
v 0.105443 0.242229 -0.164314
v 0.099677 0.239927 -0.168434
v 0.100944 0.245745 -0.166183
v 0.097503 0.256070 -0.165071
v 0.092711 0.259562 -0.166600
v 0.082486 0.276871 -0.164886
v 0.082423 0.270045 -0.167928
v 0.079493 0.283288 -0.163241
v 0.074540 0.283583 -0.165400
v 0.073240 0.289389 -0.162940
v 0.067737 0.291346 -0.164241
v 0.063819 0.301038 -0.160084
v 0.060168 0.296015 -0.164532
v 0.106860 0.201362 -0.168778
v 0.107348 0.209874 -0.168183
v 0.103834 0.212152 -0.170213
v 0.104744 0.218220 -0.169123
v 0.103760 0.224284 -0.168961
v 0.096869 0.226088 -0.172723
v 0.092839 0.237118 -0.172921
v 0.089929 0.230512 -0.175727
v 0.091789 0.242961 -0.172118
v 0.085543 0.240478 -0.175895
v 0.086943 0.246441 -0.173719
v 0.080648 0.254958 -0.174271
v 0.078297 0.260264 -0.173587
v 0.075232 0.266052 -0.172849
v 0.067831 0.277477 -0.171156
v 0.067603 0.270547 -0.174214
v 0.062910 0.279837 -0.171955
v 0.058493 0.289798 -0.168575
v 0.052873 0.291601 -0.169471
v 0.100367 0.196481 -0.172690
v 0.095943 0.200469 -0.175214
v 0.093849 0.209179 -0.176092
v 0.090070 0.212334 -0.177855
v 0.087707 0.217007 -0.178634
v 0.086618 0.223979 -0.178383
v 0.082533 0.226410 -0.179956
v 0.077163 0.243431 -0.179030
v 0.070540 0.240783 -0.182356
v 0.072050 0.246845 -0.180294
v 0.066365 0.253062 -0.180767
v 0.061816 0.264675 -0.178577
v 0.061383 0.257354 -0.181209
v 0.060959 0.270845 -0.176514
v 0.056162 0.266751 -0.179690
v 0.048327 0.285540 -0.173935
v 0.043342 0.289644 -0.173171
v 0.037681 0.291226 -0.173684
v 0.031254 0.296915 -0.171865
v 0.091609 0.175967 -0.175905
v 0.095264 0.183733 -0.174840
v 0.088644 0.191052 -0.178791
v 0.090011 0.197531 -0.178316
v 0.079504 0.210073 -0.182966
v 0.075386 0.212449 -0.184542
v 0.070090 0.222326 -0.185697
v 0.070713 0.217783 -0.185952
v 0.072690 0.227497 -0.183995
v 0.067385 0.226566 -0.186131
v 0.066843 0.238306 -0.184277
v 0.061841 0.233913 -0.186865
v 0.061806 0.243613 -0.184847
v 0.054807 0.243580 -0.187052
v 0.055272 0.251173 -0.184980
v 0.052120 0.258842 -0.183627
v 0.046749 0.260907 -0.184389
v 0.041195 0.266439 -0.183813
v 0.037613 0.273745 -0.181784
v 0.026838 0.283739 -0.179372
v 0.030635 0.287836 -0.176778
v 0.092616 0.161150 -0.172716
v 0.082152 0.163765 -0.178471
v 0.082722 0.177718 -0.180480
v 0.080227 0.183459 -0.182183
v 0.076160 0.182562 -0.183858
v 0.069256 0.189199 -0.187052
v 0.074575 0.196795 -0.185280
v 0.065787 0.208685 -0.188392
v 0.061718 0.202227 -0.189948
v 0.062812 0.216294 -0.188901
v 0.058310 0.212258 -0.190629
v 0.057990 0.218865 -0.190193
v 0.051704 0.226552 -0.191084
v 0.048309 0.237215 -0.190190
v 0.046009 0.243493 -0.189428
v 0.043859 0.251290 -0.187978
v 0.041505 0.246574 -0.189743
v 0.037051 0.256995 -0.187811
v 0.030184 0.254044 -0.189908
v 0.032552 0.259876 -0.187757
v 0.024659 0.271395 -0.184933
v 0.018421 0.271998 -0.185411
v 0.019328 0.281923 -0.181162
v 0.012444 0.280956 -0.182208
v 0.017381 0.286404 -0.179290
v 0.004362 0.289764 -0.178430
v 0.010859 0.299344 -0.173008
v 0.002109 0.298474 -0.173836
v 0.001402 0.294130 -0.176217
v 0.081174 0.153049 -0.176442
v 0.075736 0.150801 -0.178225
v 0.073275 0.163781 -0.182302
v 0.069775 0.159857 -0.182853
v 0.073722 0.167895 -0.182876
v 0.063316 0.172177 -0.187418
v 0.065470 0.177923 -0.187432
v 0.056211 0.185206 -0.191114
v 0.058265 0.191156 -0.190856
v 0.055259 0.202337 -0.191934
v 0.050460 0.204855 -0.193198
v 0.047397 0.214577 -0.193482
v 0.041065 0.223076 -0.194099
v 0.036998 0.220380 -0.195228
v 0.035801 0.226368 -0.194722
v 0.032370 0.236902 -0.193609
v 0.028341 0.234158 -0.194753
v 0.027094 0.240056 -0.193796
v 0.028000 0.250779 -0.191130
v 0.020532 0.243954 -0.193767
v 0.021283 0.256288 -0.190465
v 0.016905 0.258227 -0.190335
v 0.012716 0.268894 -0.187070
v 0.008664 0.270398 -0.186757
v 0.003081 0.270698 -0.186810
v -0.002112 0.277281 -0.184216
v 0.001044 0.287349 -0.179678
v 0.002202 0.282409 -0.181990
v -0.009878 0.287844 -0.179178
v -0.005116 0.292548 -0.177012
v 0.071426 0.142556 -0.177563
v 0.063918 0.153383 -0.183462
v 0.057476 0.165298 -0.188157
v 0.057534 0.171139 -0.189110
v 0.050429 0.177954 -0.192031
v 0.050218 0.184280 -0.192695
v 0.040835 0.185299 -0.194990
v 0.042811 0.191200 -0.194911
v 0.039880 0.200665 -0.195724
v 0.033691 0.209044 -0.196673
v 0.028594 0.202887 -0.197681
v 0.023982 0.214821 -0.197743
v 0.025197 0.222812 -0.196829
v 0.020000 0.226023 -0.197030
v 0.015314 0.239050 -0.195300
v 0.013505 0.251731 -0.192472
v 0.005130 0.249187 -0.193553
v 0.005812 0.255038 -0.191939
v 0.001685 0.257038 -0.191449
v -0.002332 0.267277 -0.188088
v -0.006336 0.268802 -0.187459
v -0.009386 0.276908 -0.184160
v -0.013823 0.279764 -0.182667
v -0.019044 0.279829 -0.182163
v -0.026149 0.291620 -0.175655
v 0.062908 0.131206 -0.176759
v 0.059383 0.127332 -0.176429
v 0.055912 0.142243 -0.182925
v 0.056200 0.147264 -0.184334
v 0.049561 0.153447 -0.187867
v 0.046544 0.165115 -0.191136
v 0.042027 0.161868 -0.191559
v 0.036577 0.176904 -0.195042
v 0.029265 0.188121 -0.197248
v 0.026490 0.195219 -0.197934
v 0.022445 0.192905 -0.198378
v 0.021240 0.198676 -0.198620
v 0.018046 0.208916 -0.198738
v 0.014202 0.206327 -0.199161
v 0.012946 0.212159 -0.198965
v 0.011765 0.222480 -0.198145
v 0.005935 0.219737 -0.198703
v 0.004594 0.225534 -0.198068
v 0.006143 0.233970 -0.196759
v -0.003058 0.230261 -0.197443
v -0.004490 0.241750 -0.195311
v -0.002459 0.246457 -0.194285
v -0.012459 0.253995 -0.191946
v -0.010982 0.259016 -0.190556
v -0.016636 0.265561 -0.187992
v -0.020344 0.266932 -0.187156
v -0.027262 0.277500 -0.182147
v -0.037235 0.285615 -0.176686
v -0.036489 0.291073 -0.174090
v 0.060490 0.117831 -0.171834
v 0.053907 0.124214 -0.176893
v 0.049629 0.126629 -0.179128
v 0.048233 0.131929 -0.181577
v 0.046411 0.135636 -0.183401
v 0.041940 0.142414 -0.186679
v 0.038928 0.154035 -0.190517
v 0.032783 0.147426 -0.189960
v 0.033234 0.153910 -0.191557
v 0.034958 0.159157 -0.192418
v 0.030162 0.157847 -0.192961
v 0.025878 0.165282 -0.195049
v 0.017013 0.179403 -0.197987
v 0.019589 0.184616 -0.198208
v 0.015021 0.195656 -0.199148
v 0.008137 0.191195 -0.199406
v 0.006812 0.208992 -0.199440
v -0.006100 0.214742 -0.199136
v -0.013289 0.226477 -0.197577
v -0.018075 0.238348 -0.195238
v -0.022855 0.241159 -0.194169
v -0.025683 0.249465 -0.191864
v -0.024982 0.255020 -0.190458
v -0.032804 0.263258 -0.186672
v -0.030545 0.267357 -0.185635
v -0.039387 0.263699 -0.185258
v -0.039850 0.275146 -0.180826
v -0.045669 0.273865 -0.179982
v -0.042398 0.282307 -0.177100
v -0.051788 0.283597 -0.173989
v -0.061244 0.287701 -0.168826
v -0.076038 0.287035 -0.163029
v -0.074942 0.293205 -0.160095
v -0.071190 0.283189 -0.167178
v -0.088645 0.289577 -0.155075
v -0.083464 0.297415 -0.153211
v -0.078019 0.270297 -0.170011
v -0.099104 0.293604 -0.146090
v -0.092807 0.255376 -0.168063
v -0.090523 0.273850 -0.162081
v -0.096652 0.283185 -0.153817
v -0.106917 0.300213 -0.135809
v -0.098889 0.238672 -0.169247
v -0.093830 0.245830 -0.170341
v -0.096196 0.249533 -0.167951
v -0.100209 0.254647 -0.163973
v -0.103944 0.257234 -0.160737
v -0.107458 0.281739 -0.147263
v -0.111164 0.243043 -0.160320
v -0.111088 0.264369 -0.153043
v -0.117120 0.273925 -0.143969
v -0.119888 0.283954 -0.135981
v -0.128877 0.302514 -0.113098
v -0.112456 0.224402 -0.163294
v -0.117932 0.231489 -0.158129
v -0.120056 0.251948 -0.150957
v -0.126234 0.261795 -0.141950
v -0.123005 0.275919 -0.137892
v -0.126292 0.278718 -0.133267
v -0.125463 0.292483 -0.124959
v -0.135434 0.302226 -0.105456
v -0.122568 0.210771 -0.157379
v -0.123473 0.219590 -0.155799
v -0.129953 0.235373 -0.147512
v -0.134499 0.248380 -0.139524
v -0.136682 0.259879 -0.132778
v -0.135369 0.265582 -0.131427
v -0.137019 0.271873 -0.126332
v -0.138039 0.285606 -0.116284
v -0.148329 0.295774 -0.093436
v -0.145121 0.302885 -0.090891
v -0.129116 0.197375 -0.152412
v -0.130431 0.206143 -0.151170
v -0.141423 0.235873 -0.136408
v -0.142014 0.246674 -0.132451
v -0.145549 0.248894 -0.127747
v -0.144755 0.261861 -0.122935
v -0.144789 0.266985 -0.120173
v -0.146052 0.275047 -0.113726
v -0.146410 0.287439 -0.104022
v -0.153358 0.300988 -0.078708
v -0.133259 0.187084 -0.148274
v -0.136560 0.192690 -0.145610
v -0.141877 0.206250 -0.140464
v -0.148631 0.222019 -0.131598
v -0.150236 0.234371 -0.127040
v -0.153009 0.248391 -0.118903
v -0.154746 0.262009 -0.110008
v -0.155451 0.274973 -0.100556
v -0.154425 0.281945 -0.096653
v -0.155309 0.287031 -0.090596
v -0.135967 0.166683 -0.142541
v -0.143387 0.177312 -0.137240
v -0.149268 0.190336 -0.132396
v -0.149854 0.200451 -0.132075
v -0.152700 0.206319 -0.128601
v -0.156327 0.211187 -0.123823
v -0.159462 0.221702 -0.118290
v -0.161070 0.231384 -0.113863
v -0.164577 0.249593 -0.101720
v -0.165465 0.262885 -0.092532
v -0.165288 0.275428 -0.083013
v -0.166861 0.297271 -0.051171
v -0.139276 0.154906 -0.135967
v -0.147387 0.164710 -0.130175
v -0.148841 0.172046 -0.130285
v -0.154413 0.175999 -0.124457
v -0.154749 0.180584 -0.124818
v -0.160124 0.189080 -0.118930
v -0.160383 0.193864 -0.118903
v -0.165040 0.207649 -0.112239
v -0.169369 0.220304 -0.103921
v -0.168641 0.236925 -0.100455
v -0.170718 0.239379 -0.095923
v -0.171381 0.247557 -0.090896
v -0.171506 0.254206 -0.086842
v -0.172875 0.262135 -0.078438
v -0.172076 0.274327 -0.069069
v -0.172522 0.293548 -0.037538
v -0.143628 0.142368 -0.126387
v -0.151079 0.151871 -0.121572
v -0.151918 0.155800 -0.121996
v -0.157767 0.163754 -0.117092
v -0.158395 0.167826 -0.117408
v -0.163847 0.176266 -0.111803
v -0.164410 0.180564 -0.111781
v -0.169284 0.190125 -0.105598
v -0.169595 0.197602 -0.105514
v -0.171022 0.207130 -0.102952
v -0.172828 0.213666 -0.099208
v -0.177070 0.222841 -0.089535
v -0.176413 0.236546 -0.086259
v -0.177937 0.238196 -0.082329
v -0.178171 0.253055 -0.073086
v -0.179009 0.261040 -0.064300
v -0.177636 0.272850 -0.055219
v -0.175402 0.283725 -0.046281
v -0.176130 0.291000 -0.025049
v -0.147500 0.135715 -0.118503
v -0.153280 0.140958 -0.113781
v -0.154514 0.146361 -0.114777
v -0.160087 0.151965 -0.109479
v -0.160501 0.157210 -0.111023
v -0.173033 0.184196 -0.098573
v -0.175737 0.186554 -0.094036
v -0.176945 0.199825 -0.092700
v -0.181618 0.204971 -0.083043
v -0.181604 0.220564 -0.080607
v -0.183781 0.224579 -0.074312
v -0.184669 0.229289 -0.070279
v -0.183330 0.240668 -0.068134
v -0.185222 0.242367 -0.061650
v -0.184182 0.257154 -0.052152
v -0.182019 0.271050 -0.041690
v -0.179359 0.281539 -0.033246
v -0.178823 0.288233 -0.013166
v -0.148314 0.125267 -0.111150
v -0.156439 0.136599 -0.106941
v -0.178844 0.178204 -0.086302
v -0.180078 0.185311 -0.085230
v -0.184734 0.197402 -0.075984
v -0.189294 0.224251 -0.059071
v -0.187947 0.250585 -0.045064
v -0.187057 0.260898 -0.034955
v -0.182314 0.279117 -0.020785
v -0.074922 0.273586 -0.170006
v -0.074717 0.278385 -0.167947
v -0.079098 0.277574 -0.166301
v -0.081748 0.288787 -0.159268
v -0.083230 0.263267 -0.170277
v -0.085643 0.280831 -0.161427
v -0.090629 0.278917 -0.159637
v -0.088976 0.293590 -0.152474
v -0.091268 0.250339 -0.170467
v -0.094670 0.265147 -0.163435
v -0.094390 0.270365 -0.161431
v -0.099184 0.269218 -0.159026
v -0.097227 0.278020 -0.156130
v -0.100095 0.281555 -0.152465
v -0.101138 0.297335 -0.142180
v -0.106651 0.242046 -0.163613
v -0.106279 0.266931 -0.155357
v -0.105887 0.272210 -0.153259
v -0.109282 0.270486 -0.151651
v -0.110932 0.280298 -0.145450
v -0.108815 0.285780 -0.143927
v -0.116098 0.281940 -0.140425
v -0.111637 0.298575 -0.133173
v -0.107626 0.224428 -0.166530
v -0.109580 0.233731 -0.163593
v -0.114713 0.229298 -0.160906
v -0.114997 0.244620 -0.157128
v -0.115164 0.254966 -0.153692
v -0.114878 0.260434 -0.151854
v -0.118228 0.258338 -0.150074
v -0.117881 0.268433 -0.146032
v -0.120776 0.272090 -0.141844
v -0.118692 0.288355 -0.134208
v -0.124376 0.285947 -0.130582
v -0.119739 0.301647 -0.123469
v -0.128201 0.295075 -0.120147
v -0.113781 0.211215 -0.163813
v -0.119347 0.215380 -0.159449
v -0.119590 0.223249 -0.158321
v -0.122466 0.225832 -0.155684
v -0.118302 0.237434 -0.156558
v -0.127740 0.230029 -0.150612
v -0.123688 0.242229 -0.151059
v -0.124079 0.247455 -0.149191
v -0.129582 0.243953 -0.145527
v -0.126862 0.256069 -0.143741
v -0.129798 0.259562 -0.139654
v -0.131328 0.276871 -0.129400
v -0.134240 0.270044 -0.130281
v -0.130688 0.283287 -0.126047
v -0.132332 0.289388 -0.120009
v -0.135546 0.282944 -0.121037
v -0.135272 0.291346 -0.115174
v -0.132528 0.301039 -0.110162
v -0.137888 0.296014 -0.108066
v -0.122644 0.196961 -0.157686
v -0.126201 0.202071 -0.154831
v -0.126780 0.209873 -0.154066
v -0.129797 0.212151 -0.151350
v -0.128476 0.218221 -0.151880
v -0.128628 0.224286 -0.150893
v -0.134336 0.226091 -0.145501
v -0.135770 0.237119 -0.141729
v -0.139337 0.230510 -0.139831
v -0.135330 0.242963 -0.140483
v -0.140853 0.240478 -0.135710
v -0.138351 0.246439 -0.136370
v -0.140822 0.254957 -0.130553
v -0.140896 0.260264 -0.128107
v -0.141142 0.266053 -0.124963
v -0.141817 0.277478 -0.117402
v -0.144795 0.270548 -0.118131
v -0.144100 0.279838 -0.112967
v -0.142250 0.289797 -0.107723
v -0.144840 0.291601 -0.102652
v -0.145346 0.295181 -0.098601
v -0.133223 0.196482 -0.148818
v -0.136338 0.198468 -0.145985
v -0.138473 0.209177 -0.143670
v -0.139043 0.201427 -0.143412
v -0.141316 0.212335 -0.140622
v -0.144160 0.220829 -0.136676
v -0.140355 0.224651 -0.139970
v -0.145644 0.226411 -0.134103
v -0.146423 0.243433 -0.128708
v -0.151633 0.240782 -0.123439
v -0.149206 0.246845 -0.124237
v -0.151412 0.253061 -0.118976
v -0.150735 0.264676 -0.113972
v -0.153371 0.257354 -0.114375
v -0.149038 0.270843 -0.112520
v -0.153541 0.266751 -0.108939
v -0.150488 0.285539 -0.099711
v -0.151302 0.289647 -0.094732
v -0.153541 0.291226 -0.089506
v -0.153797 0.296914 -0.082831
v -0.138520 0.174908 -0.141753
v -0.136846 0.183731 -0.144629
v -0.142455 0.190303 -0.139708
v -0.140728 0.195645 -0.141691
v -0.146180 0.189262 -0.135718
v -0.149522 0.209262 -0.132115
v -0.152215 0.212449 -0.128723
v -0.154950 0.222327 -0.124042
v -0.155000 0.217784 -0.124714
v -0.156197 0.226566 -0.121605
v -0.156580 0.237282 -0.118251
v -0.157259 0.231289 -0.119071
v -0.156702 0.243612 -0.115901
v -0.158848 0.251173 -0.109728
v -0.161436 0.244910 -0.108704
v -0.158534 0.258841 -0.106312
v -0.160918 0.260905 -0.101442
v -0.162088 0.266438 -0.095979
v -0.161265 0.273745 -0.091946
v -0.162300 0.283739 -0.080954
v -0.158660 0.287835 -0.083763
v -0.159417 0.293792 -0.075481
v -0.135642 0.161149 -0.141456
v -0.144349 0.163764 -0.133282
v -0.146925 0.177024 -0.133402
v -0.145903 0.182301 -0.135285
v -0.152328 0.188723 -0.128730
v -0.152791 0.193889 -0.128517
v -0.156496 0.189202 -0.123668
v -0.158843 0.208684 -0.120783
v -0.161580 0.202227 -0.117393
v -0.160246 0.216294 -0.118110
v -0.163281 0.212256 -0.114363
v -0.162964 0.218863 -0.113925
v -0.165755 0.226552 -0.108220
v -0.165954 0.237214 -0.104716
v -0.167785 0.231839 -0.103579
v -0.165939 0.243493 -0.102294
v -0.166917 0.252547 -0.096266
v -0.167631 0.246573 -0.098107
v -0.167171 0.256996 -0.093272
v -0.168509 0.259876 -0.088977
v -0.168262 0.271394 -0.080599
v -0.170644 0.271998 -0.074814
v -0.166322 0.281923 -0.074366
v -0.167349 0.283349 -0.070409
v -0.164398 0.287234 -0.072616
v -0.168348 0.289765 -0.059287
v -0.161186 0.299345 -0.063788
v -0.164677 0.298473 -0.055723
v -0.167159 0.294129 -0.055787
v -0.142722 0.153048 -0.131725
v -0.146099 0.150802 -0.127103
v -0.150736 0.163781 -0.126023
v -0.152342 0.159858 -0.122864
v -0.151144 0.167895 -0.126626
v -0.158679 0.172178 -0.118134
v -0.158027 0.177921 -0.120185
v -0.164390 0.185206 -0.112517
v -0.163511 0.191154 -0.114389
v -0.165465 0.202336 -0.111864
v -0.168151 0.204856 -0.107690
v -0.169367 0.214575 -0.104866
v -0.171910 0.223077 -0.099033
v -0.174240 0.220381 -0.095516
v -0.174129 0.226366 -0.094222
v -0.174130 0.236903 -0.090613
v -0.176402 0.232250 -0.087947
v -0.173967 0.243082 -0.088171
v -0.174261 0.248392 -0.084787
v -0.177090 0.245054 -0.080673
v -0.174567 0.256288 -0.079098
v -0.175796 0.258226 -0.074893
v -0.173985 0.268894 -0.069900
v -0.174939 0.270397 -0.065950
v -0.172607 0.280310 -0.060551
v -0.175852 0.277281 -0.054918
v -0.171529 0.284163 -0.058419
v -0.174808 0.281870 -0.051499
v -0.173462 0.287843 -0.045975
v -0.169931 0.292547 -0.049834
v -0.146801 0.142556 -0.122800
v -0.154731 0.153381 -0.117481
v -0.161186 0.165296 -0.112807
v -0.162076 0.171139 -0.113155
v -0.167050 0.177953 -0.107299
v -0.167745 0.184278 -0.107307
v -0.172142 0.191200 -0.100947
v -0.173821 0.200664 -0.098410
v -0.176637 0.209045 -0.092816
v -0.179170 0.202886 -0.088280
v -0.180654 0.214821 -0.083914
v -0.179410 0.222813 -0.084786
v -0.181207 0.226022 -0.079906
v -0.180857 0.241572 -0.073913
v -0.182495 0.249185 -0.064690
v -0.180749 0.255037 -0.064840
v -0.181558 0.257036 -0.060766
v -0.179604 0.267277 -0.055904
v -0.180242 0.268802 -0.051902
v -0.178047 0.276908 -0.047981
v -0.177999 0.279764 -0.043299
v -0.179132 0.279829 -0.038179
v -0.175138 0.291620 -0.029409
v -0.148669 0.131206 -0.114449
v -0.156694 0.142242 -0.109703
v -0.157947 0.147266 -0.110411
v -0.163358 0.153448 -0.105189
v -0.164493 0.158878 -0.105658
v -0.167398 0.165115 -0.103330
v -0.169904 0.165829 -0.099385
v -0.174820 0.177320 -0.093984
v -0.178550 0.188121 -0.088786
v -0.180062 0.195218 -0.086357
v -0.181733 0.192906 -0.082649
v -0.182336 0.198676 -0.081576
v -0.183435 0.208917 -0.078574
v -0.185024 0.206328 -0.075051
v -0.185227 0.212159 -0.073795
v -0.185579 0.222592 -0.070371
v -0.187144 0.219736 -0.067046
v -0.186954 0.225533 -0.065576
v -0.185232 0.233970 -0.066642
v -0.188725 0.230260 -0.058104
v -0.187139 0.241749 -0.056084
v -0.185536 0.246456 -0.057698
v -0.186402 0.253994 -0.047465
v -0.184624 0.259016 -0.048437
v -0.183933 0.265558 -0.042269
v -0.184283 0.266931 -0.038486
v -0.181657 0.277499 -0.030359
v -0.178150 0.288905 -0.017216
v -0.144022 0.116294 -0.110424
v -0.151172 0.122596 -0.105318
v -0.155025 0.126631 -0.102554
v -0.160082 0.135635 -0.100814
v -0.164581 0.142412 -0.097575
v -0.169162 0.154035 -0.095896
v -0.170532 0.147425 -0.089879
v -0.171910 0.153909 -0.090803
v -0.172197 0.159158 -0.092708
v -0.174196 0.157846 -0.088313
v -0.177507 0.165285 -0.084884
v -0.183039 0.179403 -0.077361
v -0.182455 0.184611 -0.079875
v -0.186208 0.195467 -0.072203
v -0.188029 0.198665 -0.067463
v -0.187956 0.210877 -0.066815
v -0.190297 0.211894 -0.059616
v -0.191275 0.214742 -0.055733
v -0.192013 0.226476 -0.048417
v -0.191268 0.238345 -0.043141
v -0.191728 0.241157 -0.038265
v -0.190410 0.249466 -0.034861
v -0.188856 0.255019 -0.035095
v -0.187673 0.263257 -0.026487
v -0.185988 0.267357 -0.028313
v -0.188363 0.263696 -0.019787
v -0.184291 0.275144 -0.017980
v -0.185286 0.273863 -0.012182
v -0.051382 0.283170 0.174309
v -0.054498 0.270987 0.178669
v -0.051265 0.275315 0.177873
v -0.046687 0.271621 0.180623
v -0.065137 0.273371 0.174089
v -0.058612 0.273581 0.176316
v -0.046869 0.259009 0.185063
v -0.039355 0.263717 0.185259
v -0.070251 0.264363 0.175655
v -0.038037 0.246951 0.190458
v -0.080487 0.245966 0.177013
v -0.062883 0.252734 0.182163
v -0.050767 0.248132 0.187155
v -0.026591 0.238850 0.194169
v -0.093710 0.234716 0.173010
v -0.089017 0.242153 0.173838
v -0.084815 0.240841 0.176219
v -0.074692 0.234886 0.181990
v -0.070972 0.241122 0.182166
v -0.058703 0.236437 0.187459
v -0.047334 0.235037 0.190917
v -0.086189 0.222680 0.178792
v -0.078381 0.226496 0.181841
v -0.064611 0.228863 0.186810
v -0.051768 0.224001 0.191449
v -0.040452 0.222975 0.194285
v -0.010458 0.212049 0.199135
v -0.100656 0.215386 0.171867
v -0.092261 0.211882 0.176779
v -0.074695 0.210922 0.184947
v -0.059639 0.210918 0.190335
v -0.047569 0.211278 0.193681
v -0.033130 0.209699 0.196759
v -0.025697 0.216268 0.197443
v -0.005754 0.203156 0.199675
v -0.106983 0.198865 0.168702
v -0.099562 0.201323 0.173172
v -0.082781 0.199337 0.181784
v -0.072546 0.201649 0.186086
v -0.068111 0.197662 0.187758
v -0.057938 0.197668 0.191130
v -0.052661 0.197658 0.192663
v -0.042281 0.197696 0.195196
v -0.024492 0.201532 0.198242
v -0.000921 0.188017 0.199406
v 0.002956 0.190263 0.199521
v -0.118911 0.188107 0.160084
v -0.112787 0.189123 0.164532
v -0.106475 0.187841 0.168576
v -0.075382 0.185424 0.184390
v -0.065490 0.183709 0.187978
v -0.060218 0.183705 0.189744
v -0.047482 0.187549 0.193609
v -0.031673 0.187666 0.196829
v -0.024547 0.184986 0.197665
v -0.016047 0.187848 0.198737
v 0.010812 0.175573 0.197987
v -0.118421 0.175748 0.159054
v -0.112705 0.174467 0.162941
v -0.099632 0.173979 0.171156
v -0.093332 0.171081 0.174213
v -0.085492 0.173632 0.178576
v -0.078750 0.170748 0.181209
v -0.070489 0.173447 0.184980
v -0.054889 0.173430 0.190190
v -0.047826 0.173462 0.192096
v -0.039004 0.173590 0.194099
v -0.031277 0.175348 0.195736
v -0.023155 0.173911 0.196673
v -0.015371 0.175716 0.197681
v -0.007571 0.174169 0.197934
v -0.129382 0.161654 0.147326
v -0.119706 0.158152 0.154354
v -0.115225 0.161731 0.158639
v -0.105643 0.160599 0.164887
v -0.099205 0.161846 0.169127
v -0.091991 0.159943 0.172709
v -0.085370 0.156983 0.175376
v -0.074121 0.156507 0.180294
v -0.058650 0.156385 0.185872
v -0.042807 0.156569 0.190192
v -0.026911 0.157041 0.193198
v -0.011276 0.157772 0.194911
v 0.026361 0.149662 0.191556
v -0.133554 0.150534 0.140123
v -0.122903 0.146006 0.147964
v -0.116969 0.149279 0.153810
v -0.111166 0.142963 0.155877
v -0.108119 0.144959 0.158696
v -0.098199 0.141774 0.163921
v -0.094734 0.143712 0.166600
v -0.080420 0.143004 0.173719
v -0.065768 0.141157 0.179192
v -0.052564 0.146939 0.185251
v -0.047530 0.144705 0.185952
v -0.037188 0.145042 0.188392
v -0.029594 0.145793 0.189947
v -0.018147 0.143932 0.190856
v -0.002832 0.145035 0.192031
v 0.011772 0.147135 0.192300
v 0.032749 0.136731 0.186679
v -0.136264 0.136744 0.131739
v -0.126465 0.133068 0.139455
v -0.123960 0.134442 0.142309
v -0.115313 0.131197 0.147931
v -0.112443 0.132722 0.150795
v -0.102763 0.129603 0.156182
v -0.099671 0.131106 0.158816
v -0.088752 0.128605 0.164107
v -0.083301 0.131677 0.168209
v -0.074718 0.133562 0.172921
v -0.067507 0.133208 0.175727
v -0.054438 0.129157 0.178633
v -0.028081 0.130172 0.185026
v -0.021313 0.133225 0.187051
v -0.009532 0.131567 0.187431
v 0.005333 0.133071 0.188156
v 0.019472 0.134851 0.187867
v -0.135856 0.126819 0.126963
v -0.129118 0.122500 0.131336
v -0.125958 0.124544 0.135523
v -0.118550 0.120234 0.139656
v -0.115841 0.123093 0.143471
v -0.104054 0.119691 0.150441
v -0.094001 0.116650 0.155327
v -0.090848 0.118078 0.157924
v -0.083722 0.116264 0.160890
v -0.073264 0.120617 0.168029
v -0.063138 0.114460 0.169122
v -0.050179 0.120162 0.176091
v -0.031643 0.116712 0.178789
v -0.004256 0.119701 0.182875
v 0.013111 0.121982 0.183462
v 0.026653 0.124158 0.182924
v 0.044759 0.115562 0.175525
v -0.138400 0.117693 0.118353
v -0.127732 0.114667 0.127796
v -0.092458 0.109102 0.151989
v -0.084605 0.106211 0.154770
v -0.078790 0.107932 0.158820
v -0.063923 0.105110 0.163758
v -0.033095 0.104925 0.172555
v -0.004331 0.110314 0.178470
v 0.010133 0.110256 0.178224
v -0.067707 0.268071 0.175249
v -0.063703 0.263403 0.178469
v -0.075795 0.257588 0.175679
v -0.062286 0.257758 0.180854
v -0.057125 0.259042 0.182147
v -0.057541 0.253641 0.183677
v -0.046879 0.255478 0.186137
v -0.041909 0.257629 0.186673
v -0.085706 0.246091 0.174507
v -0.070329 0.246554 0.181119
v -0.065163 0.248035 0.182667
v -0.064591 0.242790 0.184160
v -0.056123 0.246620 0.185994
v -0.051197 0.244199 0.187992
v -0.032757 0.245094 0.191864
v -0.089638 0.228432 0.176258
v -0.079038 0.234171 0.180272
v -0.064094 0.234705 0.186006
v -0.059131 0.232174 0.188088
v -0.048238 0.227956 0.191836
v -0.042519 0.228732 0.193065
v -0.026213 0.233316 0.195238
v -0.102610 0.220594 0.170175
v -0.093958 0.221797 0.174942
v -0.095590 0.214688 0.174799
v -0.082048 0.215805 0.181453
v -0.072076 0.222049 0.184997
v -0.071209 0.214943 0.186036
v -0.066838 0.223735 0.186757
v -0.066188 0.217688 0.187651
v -0.057201 0.222078 0.190118
v -0.051828 0.219416 0.191939
v -0.038519 0.217700 0.195207
v -0.035331 0.222687 0.195311
v -0.017738 0.223725 0.197577
v -0.020658 0.212916 0.198283
v -0.110625 0.208805 0.166106
v -0.104903 0.204345 0.169943
v -0.098446 0.207094 0.173684
v -0.094914 0.204783 0.175702
v -0.086899 0.213445 0.179373
v -0.079930 0.208800 0.182851
v -0.078996 0.201431 0.183459
v -0.075004 0.206135 0.185029
v -0.065046 0.208846 0.188653
v -0.059862 0.206137 0.190466
v -0.049848 0.205122 0.193360
v -0.044357 0.206096 0.194666
v -0.030566 0.204358 0.197348
v -0.024893 0.207310 0.198068
v -0.020306 0.203519 0.198703
v -0.009698 0.207204 0.199405
v -0.012172 0.199976 0.199403
v -0.117569 0.193443 0.161393
v -0.105574 0.193673 0.169472
v -0.102218 0.191083 0.171387
v -0.098121 0.195029 0.173935
v -0.093061 0.197113 0.176734
v -0.088344 0.190957 0.178916
v -0.077846 0.192866 0.183814
v -0.081508 0.186332 0.181846
v -0.072737 0.195143 0.185960
v -0.071541 0.187527 0.186069
v -0.067547 0.192351 0.187812
v -0.057513 0.191315 0.191081
v -0.051993 0.192347 0.192699
v -0.044998 0.191726 0.194434
v -0.039581 0.189872 0.195522
v -0.032217 0.193749 0.197031
v -0.027580 0.190823 0.197624
v -0.016666 0.193858 0.198965
v -0.012010 0.190126 0.199161
v -0.001515 0.193985 0.199673
v -0.111994 0.180264 0.164242
v -0.108771 0.177408 0.166013
v -0.099542 0.179436 0.171955
v -0.105002 0.175420 0.168144
v -0.095309 0.177187 0.174048
v -0.090625 0.177158 0.176514
v -0.084819 0.179618 0.179690
v -0.080868 0.176924 0.181166
v -0.075937 0.179698 0.183627
v -0.064964 0.177259 0.187497
v -0.059477 0.178298 0.189428
v -0.052446 0.177673 0.191430
v -0.042896 0.177982 0.193828
v -0.036291 0.179170 0.195308
v -0.014668 0.181779 0.198390
v -0.008317 0.180411 0.198620
v -0.003691 0.176750 0.198378
v 0.005003 0.175600 0.198208
v -0.122094 0.163061 0.153756
v -0.118529 0.169739 0.157937
v -0.108092 0.170710 0.165402
v -0.110045 0.166146 0.163241
v -0.091546 0.165842 0.174217
v -0.087612 0.163098 0.175659
v -0.077388 0.163075 0.180394
v -0.081141 0.161359 0.178376
v -0.076309 0.167431 0.181674
v -0.072709 0.162788 0.182263
v -0.062021 0.162933 0.186206
v -0.067605 0.162798 0.184209
v -0.057169 0.162718 0.187702
v -0.046871 0.165631 0.191084
v -0.038954 0.167491 0.193192
v -0.034235 0.164126 0.193482
v -0.020959 0.163215 0.195198
v -0.014199 0.166573 0.196425
v -0.003687 0.162566 0.196194
v -0.002464 0.168511 0.197247
v 0.007506 0.166270 0.196759
v -0.125563 0.149412 0.146930
v -0.116359 0.155009 0.156041
v -0.109554 0.150650 0.159595
v -0.100933 0.154272 0.166194
v -0.101183 0.146945 0.163855
v -0.089693 0.149222 0.171084
v -0.085223 0.152444 0.174271
v -0.077951 0.153426 0.177901
v -0.075009 0.148708 0.177856
v -0.070250 0.152064 0.180720
v -0.064014 0.148828 0.182140
v -0.053896 0.151609 0.186131
v -0.047684 0.153154 0.188211
v -0.037041 0.153328 0.190629
v -0.042662 0.151106 0.188901
v -0.031773 0.153557 0.191645
v -0.021195 0.153925 0.193188
v -0.026802 0.151621 0.191934
v -0.016015 0.154255 0.193778
v -0.011823 0.151930 0.193529
v 0.004257 0.149269 0.193184
v 0.004469 0.158228 0.195306
v 0.015266 0.149496 0.192692
v 0.019478 0.161327 0.195049
v 0.024213 0.154170 0.192960
v 0.020895 0.150469 0.192418
v -0.132160 0.144979 0.139398
v -0.130785 0.139103 0.138229
v -0.120893 0.140984 0.147706
v -0.121642 0.136405 0.145168
v -0.118353 0.142845 0.150450
v -0.109807 0.134842 0.153640
v -0.107026 0.138961 0.157239
v -0.096816 0.133583 0.161612
v -0.093755 0.137866 0.165071
v -0.084027 0.140123 0.171031
v -0.079476 0.137115 0.172117
v -0.070560 0.139095 0.176653
v -0.060532 0.137992 0.179956
v -0.060185 0.133248 0.178382
v -0.054955 0.135325 0.180806
v -0.044848 0.138138 0.184542
v -0.044565 0.133393 0.182965
v -0.039249 0.135634 0.184965
v -0.033415 0.139750 0.187494
v -0.032232 0.132642 0.185265
v -0.022922 0.140437 0.189275
v -0.018689 0.138207 0.189039
v -0.009560 0.141329 0.190716
v -0.003683 0.139567 0.190376
v 0.000083 0.135631 0.189109
v 0.008842 0.136184 0.189107
v 0.010385 0.142768 0.191136
v 0.014573 0.137195 0.189092
v 0.022767 0.137935 0.188543
v 0.023701 0.144625 0.190516
v -0.140757 0.136304 0.126726
v -0.133826 0.132644 0.132226
v -0.122752 0.128951 0.140716
v -0.111252 0.127151 0.149085
v -0.101363 0.121713 0.153317
v -0.098616 0.125673 0.157020
v -0.094079 0.128002 0.160827
v -0.087955 0.120460 0.160754
v -0.084926 0.124573 0.164313
v -0.076420 0.126254 0.169175
v -0.066656 0.125025 0.172722
v -0.068124 0.118054 0.168961
v -0.056559 0.120021 0.174073
v -0.051314 0.124955 0.177854
v -0.045729 0.122523 0.178338
v -0.035911 0.128331 0.182962
v -0.030186 0.123130 0.181880
v -0.018464 0.124080 0.183857
v -0.023842 0.121281 0.182047
v -0.014339 0.127910 0.185744
v -0.010132 0.126077 0.185315
v 0.000728 0.129515 0.186923
v 0.004417 0.127790 0.186228
v 0.013230 0.130781 0.186953
v 0.018520 0.129637 0.186083
v 0.022034 0.126148 0.184334
v 0.036813 0.129701 0.183400
v -0.136390 0.121826 0.123370
v -0.125560 0.118459 0.132323
v -0.122481 0.120172 0.136178
v -0.114699 0.116274 0.140541
v -0.111153 0.118131 0.144413
v -0.104433 0.115837 0.148083
v -0.090318 0.112767 0.155378
v -0.079123 0.112164 0.161023
v -0.072397 0.112967 0.164580
v -0.071605 0.108775 0.162661
v -0.066724 0.110356 0.165574
v -0.057306 0.112560 0.170212
v -0.056839 0.108402 0.168184
v -0.051766 0.110202 0.170761
v -0.043328 0.114395 0.175213
v -0.041738 0.108656 0.172689
v -0.036522 0.110611 0.174871
v -0.028055 0.107517 0.174839
v -0.023869 0.114053 0.178749
v -0.017138 0.111647 0.178342
v -0.017066 0.116046 0.180479
v -0.011388 0.118061 0.181847
v -0.003436 0.114221 0.180399
v -0.000376 0.118262 0.182301
v 0.008639 0.118445 0.182181
v 0.012217 0.116818 0.181253
v 0.025594 0.119172 0.180938
v 0.039267 0.118452 0.178164
v 0.043426 0.122798 0.179129
v -0.136470 0.111364 0.116000
v -0.131851 0.108927 0.119391
v -0.124403 0.108379 0.126736
v -0.117507 0.106450 0.131775
v -0.108184 0.107451 0.140198
v -0.108900 0.100342 0.134657
v -0.104916 0.102729 0.139477
v -0.102444 0.105871 0.143386
v -0.100475 0.101528 0.141875
v -0.092908 0.100655 0.146348
v -0.077804 0.099012 0.153819
v -0.075737 0.103088 0.157412
v -0.062800 0.101190 0.161863
v -0.057320 0.098811 0.162428
v -0.048034 0.103985 0.168475
v -0.042467 0.098960 0.167020
v -0.037786 0.097487 0.167250
v -0.024298 0.098352 0.170269
v -0.019474 0.107314 0.175905
v -0.012038 0.101426 0.173359
v -0.006672 0.099787 0.172715
v 0.001750 0.102666 0.174474
v 0.005691 0.106397 0.176441
v 0.017638 0.106411 0.175654
v 0.019435 0.110423 0.177563
v 0.022531 0.102588 0.173010
v 0.033468 0.106794 0.173569
v 0.033396 0.112967 0.176759
v 0.040062 0.113020 0.175402
v 0.046438 0.109146 0.171834
v 0.149943 0.282166 0.103458
v 0.154790 0.268794 0.106024
v 0.157356 0.271619 0.100217
v 0.145440 0.273371 0.115745
v 0.149523 0.271592 0.111588
v 0.161523 0.259009 0.101762
v 0.164030 0.263715 0.094677
v 0.145349 0.264365 0.121092
v 0.167570 0.253837 0.094591
v 0.170532 0.250683 0.090954
v 0.141988 0.249420 0.131609
v 0.153816 0.252735 0.116096
v 0.162309 0.248128 0.106116
v 0.176448 0.238849 0.085292
v 0.135583 0.234716 0.142587
v 0.137822 0.242154 0.138379
v 0.141381 0.240843 0.135122
v 0.146598 0.238131 0.130269
v 0.150003 0.234884 0.127274
v 0.157791 0.238037 0.116491
v 0.161398 0.238964 0.111126
v 0.165970 0.240926 0.103413
v 0.144233 0.223096 0.136294
v 0.157703 0.228861 0.119174
v 0.166083 0.224000 0.108395
v 0.173007 0.222281 0.097388
v 0.186158 0.212049 0.071481
v 0.132349 0.215387 0.148841
v 0.139616 0.211881 0.142374
v 0.153891 0.215722 0.126374
v 0.162591 0.210919 0.115535
v 0.169684 0.217438 0.103977
v 0.172071 0.214127 0.100482
v 0.179839 0.216270 0.085453
v 0.122265 0.201333 0.157978
v 0.125777 0.198411 0.155179
v 0.133930 0.201325 0.148202
v 0.157521 0.197663 0.122797
v 0.165462 0.197681 0.111868
v 0.168394 0.200470 0.107433
v 0.172578 0.197695 0.100530
v 0.177632 0.202469 0.091352
v 0.180607 0.199531 0.085357
v 0.189362 0.188019 0.062495
v 0.190669 0.190263 0.058845
v 0.120767 0.188060 0.158680
v 0.127422 0.187841 0.153357
v 0.131462 0.186872 0.149829
v 0.152071 0.185424 0.128672
v 0.159222 0.187745 0.119949
v 0.161203 0.182729 0.116662
v 0.164399 0.184707 0.112398
v 0.169460 0.187551 0.104986
v 0.177409 0.187664 0.090945
v 0.191638 0.175572 0.050897
v 0.106126 0.173317 0.167148
v 0.114675 0.175748 0.161775
v 0.120138 0.174466 0.157540
v 0.131991 0.173978 0.147646
v 0.136845 0.171082 0.142599
v 0.143417 0.173632 0.136491
v 0.148004 0.170747 0.130893
v 0.154145 0.173448 0.124199
v 0.157562 0.172461 0.119622
v 0.163921 0.173434 0.110975
v 0.167625 0.170678 0.104572
v 0.172546 0.173590 0.097075
v 0.176491 0.175348 0.090232
v 0.179891 0.173909 0.082799
v 0.183256 0.175715 0.075703
v 0.185908 0.174169 0.068363
v 0.100134 0.161653 0.168575
v 0.111168 0.158250 0.160649
v 0.127182 0.160950 0.149001
v 0.135831 0.159944 0.140857
v 0.140411 0.156980 0.135386
v 0.148565 0.156506 0.126207
v 0.157221 0.159359 0.116277
v 0.159653 0.156168 0.111699
v 0.167657 0.156567 0.099482
v 0.175426 0.157038 0.085294
v 0.181887 0.157771 0.070954
v 0.190327 0.149662 0.034123
v 0.091996 0.150534 0.170317
v 0.102744 0.146005 0.162610
v 0.109010 0.148291 0.159224
v 0.113896 0.142963 0.153894
v 0.117521 0.144961 0.151866
v 0.125553 0.141774 0.144047
v 0.129172 0.143713 0.141580
v 0.140366 0.143004 0.130166
v 0.150099 0.141157 0.117921
v 0.160752 0.147294 0.106186
v 0.162660 0.144509 0.101779
v 0.167679 0.145043 0.093586
v 0.171506 0.145793 0.086842
v 0.175908 0.143932 0.076235
v 0.181758 0.145037 0.062034
v 0.187663 0.136734 0.026540
v 0.083183 0.136743 0.170303
v 0.089805 0.139039 0.167756
v 0.093549 0.133068 0.163370
v 0.097039 0.134441 0.161868
v 0.108668 0.132722 0.153537
v 0.116783 0.129603 0.145996
v 0.121446 0.132889 0.143713
v 0.127830 0.128307 0.135734
v 0.131455 0.130170 0.133200
v 0.141369 0.133564 0.124496
v 0.146265 0.133208 0.118507
v 0.152997 0.132897 0.109477
v 0.158309 0.130378 0.099946
v 0.161705 0.134040 0.096945
v 0.171311 0.133226 0.078072
v 0.175313 0.131569 0.066985
v 0.180596 0.133073 0.053070
v 0.184690 0.134855 0.039535
v 0.078768 0.126820 0.168441
v 0.085008 0.122500 0.163384
v 0.089967 0.124545 0.161672
v 0.096186 0.120234 0.155905
v 0.099552 0.121503 0.154411
v 0.122121 0.118077 0.135202
v 0.127144 0.116261 0.129341
v 0.141332 0.114461 0.112312
v 0.151967 0.120163 0.102138
v 0.154608 0.117076 0.095508
v 0.157521 0.116418 0.090003
v 0.160261 0.116710 0.085341
v 0.172610 0.119702 0.060557
v 0.178533 0.121979 0.044222
v 0.182208 0.124159 0.031178
v 0.181695 0.117575 0.011376
v 0.069793 0.117692 0.168199
v 0.082071 0.114667 0.160971
v 0.115980 0.109101 0.134899
v 0.121050 0.106210 0.128290
v 0.126700 0.107932 0.124011
v 0.135990 0.105110 0.111399
v 0.153883 0.104926 0.084798
v 0.168397 0.110315 0.059269
v 0.172633 0.110256 0.045436
v 0.146880 0.277405 0.111225
v 0.151542 0.274733 0.106708
v 0.150050 0.263401 0.115735
v 0.158284 0.264285 0.103661
v 0.143658 0.257589 0.126373
v 0.152755 0.257757 0.115124
v 0.155580 0.259043 0.110614
v 0.156907 0.253640 0.111483
v 0.162540 0.255479 0.102104
v 0.164586 0.257632 0.097541
v 0.166015 0.250474 0.099069
v 0.139482 0.246090 0.135437
v 0.144536 0.244051 0.130710
v 0.150521 0.246553 0.122856
v 0.153591 0.248035 0.118419
v 0.154175 0.244248 0.119111
v 0.159547 0.246620 0.110852
v 0.162971 0.244201 0.106783
v 0.167130 0.243162 0.100625
v 0.172351 0.245095 0.090442
v 0.141497 0.227647 0.138296
v 0.157095 0.234703 0.118437
v 0.160609 0.232174 0.114361
v 0.166980 0.230432 0.105360
v 0.169350 0.235290 0.099945
v 0.170298 0.226461 0.101046
v 0.177582 0.233317 0.085262
v 0.130138 0.220596 0.150174
v 0.137344 0.221798 0.143421
v 0.136706 0.214688 0.144927
v 0.146983 0.219348 0.133890
v 0.153670 0.222046 0.125716
v 0.156963 0.223734 0.121278
v 0.157116 0.219436 0.121820
v 0.163136 0.222079 0.113152
v 0.166530 0.219415 0.108602
v 0.174961 0.224184 0.093327
v 0.175894 0.217088 0.093151
v 0.182425 0.223727 0.077925
v 0.182196 0.212915 0.080917
v 0.123252 0.206998 0.157073
v 0.126210 0.204534 0.154782
v 0.129352 0.202600 0.152211
v 0.134763 0.207094 0.147297
v 0.137773 0.204782 0.144562
v 0.143741 0.213445 0.138075
v 0.144781 0.202249 0.137606
v 0.149201 0.208800 0.132522
v 0.152742 0.209874 0.128366
v 0.152758 0.202398 0.128688
v 0.159319 0.208846 0.120160
v 0.162645 0.206136 0.115790
v 0.171432 0.206095 0.102340
v 0.176806 0.208947 0.092538
v 0.180682 0.207310 0.084880
v 0.182703 0.203520 0.080714
v 0.186649 0.207204 0.070841
v 0.185690 0.201377 0.073646
v 0.124019 0.193260 0.156463
v 0.135101 0.195030 0.147067
v 0.139327 0.197113 0.143120
v 0.142857 0.190955 0.139310
v 0.148935 0.197706 0.133071
v 0.154383 0.195145 0.126640
v 0.154855 0.187528 0.125537
v 0.157746 0.192351 0.122278
v 0.163957 0.191314 0.113744
v 0.167201 0.192346 0.108995
v 0.171013 0.191727 0.102878
v 0.173721 0.189871 0.098063
v 0.177431 0.193750 0.091527
v 0.179429 0.190823 0.087300
v 0.184077 0.193858 0.077333
v 0.186696 0.195532 0.070932
v 0.189432 0.193984 0.063143
v 0.187815 0.191278 0.067474
v 0.121596 0.180264 0.157266
v 0.124275 0.177409 0.154749
v 0.132780 0.179435 0.147807
v 0.127468 0.175420 0.151822
v 0.136078 0.177189 0.144427
v 0.139871 0.177161 0.140735
v 0.144685 0.179620 0.136195
v 0.147310 0.176923 0.132893
v 0.151173 0.179698 0.128965
v 0.158708 0.181138 0.119782
v 0.164332 0.179645 0.111681
v 0.160350 0.174717 0.116367
v 0.167775 0.182848 0.106988
v 0.166697 0.176678 0.107526
v 0.171087 0.177981 0.100690
v 0.174534 0.179170 0.094868
v 0.184149 0.181781 0.075254
v 0.186329 0.180410 0.069286
v 0.187528 0.176751 0.064813
v 0.190053 0.175601 0.056490
v 0.107508 0.163069 0.164285
v 0.113579 0.169739 0.161533
v 0.120621 0.166031 0.155571
v 0.123905 0.170712 0.153913
v 0.121198 0.160773 0.153868
v 0.137401 0.165843 0.140901
v 0.139989 0.163099 0.137605
v 0.148084 0.164371 0.129221
v 0.144571 0.161360 0.132291
v 0.150874 0.162786 0.125472
v 0.155205 0.164224 0.120507
v 0.162392 0.161696 0.109794
v 0.167248 0.165632 0.103626
v 0.173434 0.164126 0.092348
v 0.176748 0.162883 0.085328
v 0.180451 0.164628 0.078005
v 0.185452 0.162565 0.064132
v 0.186833 0.168511 0.063294
v 0.189448 0.166269 0.053665
v 0.100938 0.149413 0.164822
v 0.112208 0.153543 0.158626
v 0.115869 0.157631 0.157106
v 0.117917 0.150813 0.153572
v 0.124057 0.148269 0.147775
v 0.126870 0.154272 0.147349
v 0.134994 0.149222 0.138171
v 0.139407 0.152443 0.134903
v 0.145106 0.153426 0.129110
v 0.145973 0.148708 0.126298
v 0.150166 0.152064 0.122657
v 0.153443 0.148826 0.117165
v 0.160366 0.151609 0.108776
v 0.156947 0.145484 0.110851
v 0.164263 0.153156 0.103512
v 0.169854 0.153328 0.094133
v 0.166472 0.151106 0.098949
v 0.172448 0.153559 0.089439
v 0.174257 0.151622 0.084802
v 0.180232 0.152545 0.071901
v 0.180669 0.148052 0.067531
v 0.184974 0.155381 0.060814
v 0.185622 0.153198 0.057133
v 0.187128 0.158228 0.056103
v 0.187977 0.149495 0.045027
v 0.191522 0.161328 0.041748
v 0.190999 0.154170 0.036599
v 0.189458 0.150468 0.039586
v 0.085713 0.141774 0.170847
v 0.096413 0.141293 0.164860
v 0.098976 0.139600 0.162698
v 0.108047 0.142918 0.158040
v 0.112188 0.134843 0.151911
v 0.116469 0.138961 0.150378
v 0.128022 0.137864 0.140174
v 0.136695 0.140124 0.132766
v 0.134433 0.134375 0.132343
v 0.139135 0.137114 0.128772
v 0.146202 0.139095 0.121696
v 0.152442 0.137989 0.113177
v 0.148873 0.130752 0.113755
v 0.156079 0.138983 0.108676
v 0.156824 0.132859 0.103882
v 0.161650 0.138141 0.099682
v 0.165376 0.139736 0.094412
v 0.163962 0.132580 0.092026
v 0.168517 0.140120 0.088960
v 0.166827 0.134418 0.088129
v 0.172930 0.140439 0.080287
v 0.174011 0.138206 0.076190
v 0.179263 0.141662 0.066068
v 0.179921 0.139567 0.062331
v 0.184185 0.142846 0.052138
v 0.182584 0.136183 0.050025
v 0.185726 0.144230 0.048104
v 0.184340 0.137193 0.044573
v 0.188003 0.144433 0.038516
v 0.186351 0.137934 0.036608
v 0.189112 0.144348 0.032609
v 0.077026 0.136303 0.173029
v 0.084401 0.132643 0.168136
v 0.095896 0.128951 0.160227
v 0.104285 0.127507 0.154222
v 0.107410 0.127151 0.151877
v 0.112296 0.129302 0.149322
v 0.118862 0.125672 0.142310
v 0.125707 0.120461 0.133327
v 0.130028 0.124573 0.131545
v 0.137280 0.126255 0.124958
v 0.138332 0.120813 0.120392
v 0.143671 0.125025 0.116767
v 0.139639 0.118054 0.117002
v 0.153292 0.124955 0.103762
v 0.148347 0.120556 0.107616
v 0.155479 0.122523 0.098599
v 0.162057 0.129003 0.092691
v 0.165407 0.127027 0.084942
v 0.163586 0.120312 0.082417
v 0.169154 0.124081 0.074373
v 0.166331 0.121995 0.078446
v 0.172223 0.127910 0.071033
v 0.173115 0.126077 0.066900
v 0.178000 0.129516 0.057068
v 0.178458 0.127630 0.053195
v 0.181891 0.130782 0.045189
v 0.182698 0.129637 0.039887
v 0.182121 0.126150 0.036007
v 0.185799 0.129702 0.021663
v 0.075186 0.121826 0.167837
v 0.087045 0.118460 0.160306
v 0.091666 0.120173 0.158567
v 0.098218 0.116274 0.152515
v 0.108751 0.117592 0.145940
v 0.106455 0.112652 0.144751
v 0.119443 0.113597 0.134835
v 0.128692 0.112165 0.125010
v 0.134154 0.112968 0.119711
v 0.132572 0.108775 0.118366
v 0.136852 0.110357 0.114623
v 0.144174 0.112561 0.107099
v 0.142387 0.108401 0.106029
v 0.146407 0.110203 0.101999
v 0.153281 0.112815 0.093838
v 0.151340 0.108656 0.093059
v 0.155027 0.110612 0.088773
v 0.157612 0.107516 0.080708
v 0.162625 0.114053 0.077935
v 0.164318 0.111648 0.071411
v 0.166373 0.116047 0.072001
v 0.169429 0.118062 0.067022
v 0.170508 0.114219 0.059013
v 0.173263 0.118263 0.056691
v 0.175935 0.118447 0.048081
v 0.176157 0.116818 0.044390
v 0.179992 0.119172 0.031571
v 0.181579 0.118454 0.017709
v 0.183781 0.122798 0.014052
v 0.068153 0.111364 0.165635
v 0.072803 0.108926 0.162291
v 0.082090 0.108380 0.157479
v 0.089012 0.106451 0.152478
v 0.099906 0.107452 0.146214
v 0.094416 0.100342 0.145180
v 0.100230 0.102729 0.142881
v 0.104712 0.105871 0.141738
v 0.103883 0.101528 0.139399
v 0.110477 0.100656 0.133584
v 0.122247 0.099012 0.121530
v 0.126304 0.103086 0.120672
v 0.131287 0.097115 0.109931
v 0.136805 0.096251 0.102127
v 0.144120 0.104099 0.099680
v 0.147389 0.097486 0.087618
v 0.154428 0.098352 0.075723
v 0.161278 0.107314 0.072877
v 0.161155 0.101427 0.065020
v 0.162200 0.099787 0.059717
v 0.166476 0.102667 0.052250
v 0.169564 0.106397 0.049111
v 0.172507 0.106411 0.037504
v 0.174879 0.110425 0.036386
v 0.171506 0.102589 0.032034
v 0.175417 0.106795 0.021803
v 0.178428 0.112968 0.022858
v 0.179198 0.113022 0.016101
v 0.177774 0.109147 0.008933
v 0.148629 0.269611 -0.114012
v 0.143938 0.271620 -0.118685
v 0.153055 0.274355 -0.104802
v 0.146801 0.257444 -0.122800
v 0.140733 0.263716 -0.126744
v 0.160082 0.264365 -0.100814
v 0.142722 0.246952 -0.131724
v 0.169162 0.245965 -0.095896
v 0.157947 0.252735 -0.110410
v 0.151079 0.248130 -0.121572
v 0.135642 0.238849 -0.141456
v 0.177506 0.234716 -0.084884
v 0.174197 0.242153 -0.088312
v 0.172197 0.240842 -0.092707
v 0.168324 0.235355 -0.101664
v 0.164493 0.241122 -0.105659
v 0.157678 0.236439 -0.117151
v 0.150736 0.236219 -0.126023
v 0.174820 0.222681 -0.093984
v 0.170466 0.228742 -0.100112
v 0.154414 0.223999 -0.124457
v 0.146925 0.222977 -0.133403
v 0.125509 0.212049 -0.154957
v 0.182455 0.215388 -0.079876
v 0.178549 0.211879 -0.088787
v 0.167744 0.215723 -0.107307
v 0.160125 0.210919 -0.118930
v 0.151215 0.217408 -0.129381
v 0.142455 0.209698 -0.139708
v 0.136846 0.216270 -0.144629
v 0.122020 0.203157 -0.158159
v 0.185712 0.198864 -0.073598
v 0.182336 0.201322 -0.081576
v 0.173821 0.199335 -0.098410
v 0.165465 0.197663 -0.111864
v 0.157525 0.197680 -0.122793
v 0.154212 0.200471 -0.126954
v 0.136337 0.201531 -0.145986
v 0.117953 0.188019 -0.160782
v 0.114884 0.190263 -0.163153
v 0.190296 0.188107 -0.059617
v 0.187955 0.189122 -0.066817
v 0.185227 0.187841 -0.073795
v 0.169367 0.185422 -0.104865
v 0.163281 0.187745 -0.114363
v 0.160245 0.183706 -0.118111
v 0.152215 0.187551 -0.128723
v 0.141316 0.187666 -0.140622
v 0.136043 0.184986 -0.145487
v 0.129795 0.187847 -0.151351
v 0.107626 0.175571 -0.166530
v 0.189294 0.175748 -0.059071
v 0.186954 0.174465 -0.065577
v 0.181207 0.173979 -0.079906
v 0.172327 0.171481 -0.096871
v 0.165755 0.173449 -0.108220
v 0.156198 0.173432 -0.121604
v 0.151253 0.170680 -0.127107
v 0.145643 0.173590 -0.134103
v 0.140355 0.175349 -0.139970
v 0.134335 0.173912 -0.145502
v 0.128627 0.175715 -0.150894
v 0.122466 0.174167 -0.155684
v 0.191268 0.161654 -0.043141
v 0.187571 0.158152 -0.054514
v 0.186465 0.161734 -0.060615
v 0.182385 0.160598 -0.071300
v 0.173967 0.156918 -0.088171
v 0.165938 0.156505 -0.102294
v 0.160216 0.157345 -0.111376
v 0.158277 0.161104 -0.115450
v 0.155568 0.156168 -0.117322
v 0.146423 0.156568 -0.128709
v 0.135330 0.157039 -0.140483
v 0.123688 0.157771 -0.151059
v 0.091267 0.149661 -0.170467
v 0.190410 0.150535 -0.034862
v 0.186401 0.146006 -0.047466
v 0.185037 0.149279 -0.055682
v 0.181558 0.142963 -0.060765
v 0.180749 0.144962 -0.064839
v 0.175796 0.141774 -0.074894
v 0.174567 0.143714 -0.079099
v 0.167170 0.143005 -0.093274
v 0.150664 0.147294 -0.120070
v 0.147753 0.144705 -0.122501
v 0.140820 0.145040 -0.130553
v 0.135590 0.145794 -0.136276
v 0.126862 0.143930 -0.143741
v 0.115165 0.145036 -0.153691
v 0.083231 0.136733 -0.170277
v 0.187673 0.136744 -0.026488
v 0.184282 0.133069 -0.038488
v 0.183933 0.134442 -0.042270
v 0.180242 0.131197 -0.051901
v 0.179603 0.132722 -0.055903
v 0.174938 0.129603 -0.065952
v 0.173985 0.131106 -0.069901
v 0.168262 0.128606 -0.080598
v 0.166264 0.131678 -0.087120
v 0.162089 0.133563 -0.095978
v 0.157905 0.133208 -0.102486
v 0.149038 0.129157 -0.112521
v 0.137487 0.129955 -0.126845
v 0.131472 0.130172 -0.133185
v 0.127188 0.133225 -0.138800
v 0.117880 0.131568 -0.146033
v 0.106279 0.133072 -0.155357
v 0.094671 0.134852 -0.163434
v 0.074925 0.126415 -0.170005
v 0.184291 0.124855 -0.017980
v 0.184538 0.126821 -0.022861
v 0.181656 0.122501 -0.030360
v 0.181561 0.124545 -0.035604
v 0.177998 0.120236 -0.043303
v 0.178047 0.123092 -0.047982
v 0.166324 0.118079 -0.074364
v 0.162300 0.116262 -0.080953
v 0.158036 0.120617 -0.092876
v 0.150488 0.114461 -0.099711
v 0.144099 0.120162 -0.112967
v 0.138610 0.117076 -0.117528
v 0.134274 0.116418 -0.122001
v 0.130688 0.116711 -0.126046
v 0.110933 0.119703 -0.145449
v 0.097227 0.121981 -0.156131
v 0.085079 0.125793 -0.164876
v 0.066581 0.119248 -0.170252
v 0.181533 0.117692 -0.014402
v 0.178454 0.114668 -0.028313
v 0.164137 0.109103 -0.068617
v 0.159418 0.106211 -0.075483
v 0.157093 0.107931 -0.082178
v 0.147970 0.105110 -0.094909
v 0.128200 0.104925 -0.120148
v 0.108405 0.110315 -0.141841
v 0.096557 0.110255 -0.150143
v 0.076684 0.116882 -0.164754
v 0.150740 0.277684 -0.105730
v 0.150107 0.273663 -0.109433
v 0.157786 0.268069 -0.101982
v 0.156439 0.263402 -0.106940
v 0.147500 0.264284 -0.118504
v 0.164581 0.257589 -0.097575
v 0.156694 0.257758 -0.109702
v 0.153279 0.259043 -0.113782
v 0.154515 0.253640 -0.114775
v 0.143628 0.257631 -0.126388
v 0.171911 0.246091 -0.090802
v 0.163358 0.246553 -0.105189
v 0.160087 0.248035 -0.109478
v 0.160501 0.242790 -0.111023
v 0.154731 0.246620 -0.117481
v 0.151918 0.244201 -0.121996
v 0.139275 0.245093 -0.135968
v 0.176120 0.228432 -0.089908
v 0.167138 0.232116 -0.104608
v 0.161186 0.234703 -0.112807
v 0.158394 0.232174 -0.117410
v 0.151144 0.232105 -0.126626
v 0.147386 0.235291 -0.130176
v 0.148841 0.227954 -0.130285
v 0.135966 0.233318 -0.142542
v 0.183039 0.220596 -0.077361
v 0.178843 0.221797 -0.086302
v 0.180078 0.214690 -0.085229
v 0.172169 0.223635 -0.098537
v 0.172757 0.219348 -0.098414
v 0.167050 0.222047 -0.107300
v 0.163847 0.223734 -0.111802
v 0.164410 0.219436 -0.111781
v 0.158027 0.222079 -0.120185
v 0.154747 0.219417 -0.124819
v 0.145904 0.217699 -0.135284
v 0.143387 0.222688 -0.137240
v 0.130484 0.223726 -0.149416
v 0.133259 0.212916 -0.148273
v 0.187132 0.208803 -0.069358
v 0.184758 0.204345 -0.075827
v 0.181733 0.207094 -0.082648
v 0.180061 0.204783 -0.086358
v 0.175736 0.213446 -0.094036
v 0.176945 0.200176 -0.092700
v 0.172143 0.208800 -0.100946
v 0.169284 0.209874 -0.105597
v 0.169596 0.202398 -0.105513
v 0.163511 0.208845 -0.114389
v 0.160382 0.206135 -0.118904
v 0.149822 0.205705 -0.131991
v 0.140728 0.204356 -0.141690
v 0.136561 0.207310 -0.145609
v 0.133223 0.203518 -0.148818
v 0.125052 0.207203 -0.155622
v 0.127053 0.199976 -0.154167
v 0.189980 0.193441 -0.061465
v 0.185025 0.193673 -0.075051
v 0.183435 0.191083 -0.078575
v 0.181618 0.195030 -0.083043
v 0.179171 0.197114 -0.088280
v 0.176637 0.190956 -0.092816
v 0.171021 0.192867 -0.102953
v 0.172828 0.186333 -0.099207
v 0.168150 0.195144 -0.107692
v 0.167246 0.187528 -0.108482
v 0.165040 0.192351 -0.112239
v 0.158843 0.191315 -0.120783
v 0.155329 0.192347 -0.125336
v 0.150497 0.196229 -0.131282
v 0.150688 0.191726 -0.130852
v 0.146947 0.189870 -0.134915
v 0.141877 0.193749 -0.140463
v 0.138473 0.190824 -0.143670
v 0.130431 0.193858 -0.151171
v 0.126781 0.190126 -0.154065
v 0.118591 0.193985 -0.160648
v 0.187144 0.180264 -0.067046
v 0.185578 0.177408 -0.070373
v 0.181604 0.179436 -0.080605
v 0.183781 0.175421 -0.074312
v 0.179409 0.177188 -0.084788
v 0.174976 0.176855 -0.093508
v 0.175021 0.183048 -0.094757
v 0.171909 0.176923 -0.099034
v 0.169368 0.179698 -0.103922
v 0.162965 0.181137 -0.113924
v 0.161544 0.173412 -0.114409
v 0.159462 0.178299 -0.118290
v 0.154255 0.176714 -0.124737
v 0.148631 0.177981 -0.131598
v 0.144159 0.179171 -0.136677
v 0.128477 0.181779 -0.151880
v 0.123473 0.180411 -0.155800
v 0.119591 0.176751 -0.158321
v 0.112455 0.175600 -0.163295
v 0.189152 0.163063 -0.052627
v 0.188725 0.169739 -0.058105
v 0.184669 0.170712 -0.070279
v 0.184979 0.166147 -0.067383
v 0.179701 0.162548 -0.078768
v 0.177682 0.169127 -0.085871
v 0.176613 0.162250 -0.085337
v 0.174129 0.163097 -0.090615
v 0.168641 0.163075 -0.100455
v 0.170718 0.160621 -0.095923
v 0.165954 0.162784 -0.104716
v 0.160310 0.165539 -0.114033
v 0.163066 0.160675 -0.108422
v 0.154603 0.161696 -0.120515
v 0.150235 0.165629 -0.127040
v 0.145069 0.167490 -0.133400
v 0.141422 0.164126 -0.136409
v 0.135769 0.162882 -0.141730
v 0.129953 0.164629 -0.147512
v 0.118302 0.162567 -0.156558
v 0.117932 0.168510 -0.158128
v 0.109580 0.166269 -0.163592
v 0.187947 0.149414 -0.045065
v 0.185854 0.155009 -0.057847
v 0.182439 0.150652 -0.064722
v 0.178721 0.156384 -0.077834
v 0.178170 0.146945 -0.073087
v 0.175308 0.153947 -0.083927
v 0.173124 0.149222 -0.085689
v 0.171381 0.152444 -0.090895
v 0.167631 0.153427 -0.098107
v 0.165225 0.148710 -0.099800
v 0.163057 0.152064 -0.104915
v 0.158846 0.148826 -0.109728
v 0.153008 0.151608 -0.118903
v 0.153235 0.146312 -0.116301
v 0.149205 0.153156 -0.124237
v 0.142015 0.153327 -0.132451
v 0.145548 0.151106 -0.127747
v 0.138350 0.153559 -0.136370
v 0.130700 0.153926 -0.143834
v 0.134500 0.151621 -0.139523
v 0.126854 0.154254 -0.147358
v 0.123319 0.151932 -0.149619
v 0.114997 0.155379 -0.157128
v 0.111697 0.153197 -0.158882
v 0.111182 0.158228 -0.160634
v 0.100910 0.149495 -0.164864
v 0.098889 0.161327 -0.169247
v 0.093830 0.154169 -0.170341
v 0.096195 0.150466 -0.167951
v 0.188856 0.144979 -0.035093
v 0.187056 0.139101 -0.034957
v 0.184623 0.140984 -0.048437
v 0.183738 0.136404 -0.045944
v 0.184181 0.142843 -0.052151
v 0.179144 0.134843 -0.059756
v 0.179009 0.138961 -0.064300
v 0.173319 0.133584 -0.073842
v 0.172874 0.137864 -0.078440
v 0.168509 0.140125 -0.088978
v 0.165465 0.137115 -0.092532
v 0.160918 0.139095 -0.101441
v 0.154747 0.137991 -0.110006
v 0.153540 0.133250 -0.108940
v 0.150734 0.135325 -0.113974
v 0.144754 0.138139 -0.122936
v 0.143598 0.133394 -0.121828
v 0.140472 0.135635 -0.126570
v 0.137238 0.139749 -0.132046
v 0.129797 0.140439 -0.139655
v 0.126234 0.138207 -0.141951
v 0.119834 0.141329 -0.148675
v 0.114878 0.139566 -0.151854
v 0.106502 0.142845 -0.159060
v 0.103999 0.136182 -0.158188
v 0.103142 0.144231 -0.161771
v 0.099357 0.137195 -0.161543
v 0.092402 0.137936 -0.165918
v 0.092806 0.144624 -0.168063
v 0.188363 0.136304 -0.019788
v 0.185838 0.131691 -0.026927
v 0.185881 0.133259 -0.030267
v 0.182019 0.128951 -0.041690
v 0.177635 0.127151 -0.055221
v 0.176716 0.129304 -0.060658
v 0.172074 0.125672 -0.069071
v 0.170644 0.128003 -0.074815
v 0.165646 0.120461 -0.078355
v 0.165288 0.124573 -0.083013
v 0.161263 0.126255 -0.091948
v 0.155449 0.125025 -0.100557
v 0.154427 0.118054 -0.096649
v 0.148075 0.120022 -0.107583
v 0.146053 0.124955 -0.113726
v 0.141817 0.122522 -0.117402
v 0.134963 0.127082 -0.127923
v 0.131326 0.123129 -0.129402
v 0.123004 0.124081 -0.137892
v 0.126291 0.121281 -0.133267
v 0.120776 0.127909 -0.141844
v 0.117121 0.126076 -0.143969
v 0.109281 0.129515 -0.151652
v 0.105738 0.127629 -0.153286
v 0.099184 0.130782 -0.159026
v 0.094391 0.129638 -0.161431
v 0.090523 0.126148 -0.162081
v 0.078018 0.129702 -0.170012
v 0.185286 0.126137 -0.012184
v 0.182313 0.120880 -0.020786
v 0.179359 0.118461 -0.033249
v 0.179133 0.120172 -0.038179
v 0.175401 0.116275 -0.046282
v 0.172402 0.117592 -0.058332
v 0.170561 0.112650 -0.056515
v 0.165145 0.113597 -0.071933
v 0.158659 0.112166 -0.083765
v 0.155307 0.112968 -0.090597
v 0.153540 0.108775 -0.089507
v 0.151302 0.110355 -0.094733
v 0.146409 0.112561 -0.104022
v 0.144838 0.108400 -0.102656
v 0.142249 0.110203 -0.107723
v 0.136610 0.112814 -0.116783
v 0.135270 0.108655 -0.115176
v 0.132334 0.110611 -0.120006
v 0.125463 0.107517 -0.124959
v 0.124375 0.114053 -0.130582
v 0.118691 0.111646 -0.134209
v 0.119888 0.116045 -0.135981
v 0.116097 0.118061 -0.140425
v 0.108814 0.114219 -0.143927
v 0.107457 0.118262 -0.147265
v 0.100093 0.118445 -0.152466
v 0.096653 0.116818 -0.153818
v 0.085644 0.119171 -0.161427
v 0.081743 0.116034 -0.161842
v 0.070154 0.122798 -0.170445
v 0.070965 0.118587 -0.168130
v 0.177427 0.108373 -0.008069
v 0.178590 0.111365 -0.013633
v 0.176845 0.108925 -0.019088
v 0.175138 0.108380 -0.029410
v 0.172522 0.106452 -0.037539
v 0.169930 0.107452 -0.049834
v 0.167252 0.100343 -0.044930
v 0.166861 0.102729 -0.051172
v 0.167159 0.105871 -0.055788
v 0.164678 0.101529 -0.055722
v 0.161186 0.100656 -0.063788
v 0.153357 0.099012 -0.078710
v 0.153796 0.103086 -0.082832
v 0.145121 0.097116 -0.090892
v 0.139404 0.096251 -0.098549
v 0.137887 0.103985 -0.108066
v 0.132529 0.098961 -0.110162
v 0.128876 0.097486 -0.113099
v 0.119738 0.098353 -0.123470
v 0.119148 0.107314 -0.130865
v 0.111636 0.101426 -0.133175
v 0.106916 0.099787 -0.135809
v 0.101138 0.102666 -0.142181
v 0.099104 0.106397 -0.146090
v 0.088977 0.106410 -0.152474
v 0.088644 0.110425 -0.155076
v 0.083464 0.102588 -0.153212
v 0.074943 0.106794 -0.160093
v 0.078310 0.111414 -0.161109
v 0.070686 0.113020 -0.165452
v 0.063431 0.109146 -0.166313
v -0.061943 0.269670 -0.176759
v -0.068867 0.273882 -0.172436
v -0.050789 0.274614 -0.178296
v -0.055374 0.271592 -0.178165
v -0.070858 0.259010 -0.177268
v -0.077051 0.263717 -0.173011
v -0.046412 0.264364 -0.183401
v -0.081175 0.246951 -0.176442
v -0.038929 0.245965 -0.190516
v -0.056199 0.252735 -0.184335
v -0.068936 0.248131 -0.181252
v -0.092617 0.238849 -0.172716
v -0.025878 0.234719 -0.195049
v -0.030162 0.242154 -0.192961
v -0.034958 0.240843 -0.192418
v -0.042027 0.238132 -0.191559
v -0.046545 0.234883 -0.191136
v -0.062694 0.236439 -0.186162
v -0.073277 0.236219 -0.182301
v -0.036576 0.223097 -0.195042
v -0.057534 0.228862 -0.189110
v -0.070649 0.223999 -0.185315
v -0.082722 0.222282 -0.180480
v -0.108588 0.212050 -0.167251
v -0.019587 0.215386 -0.198208
v -0.029265 0.211880 -0.197248
v -0.050218 0.215721 -0.192694
v -0.063627 0.210919 -0.189039
v -0.076160 0.217438 -0.183858
v -0.081069 0.213880 -0.182048
v -0.095265 0.216268 -0.174840
v -0.115387 0.201261 -0.163073
v -0.012608 0.198863 -0.199366
v -0.021240 0.201322 -0.198620
v -0.039879 0.199336 -0.195724
v -0.055259 0.197663 -0.191934
v -0.065472 0.197665 -0.188683
v -0.070640 0.197658 -0.186821
v -0.080652 0.199410 -0.182742
v -0.095944 0.199530 -0.175213
v -0.114767 0.184620 -0.162777
v -0.120636 0.188785 -0.158833
v -0.004301 0.185527 -0.199197
v -0.012946 0.187841 -0.198965
v -0.047397 0.185422 -0.193482
v -0.057509 0.183710 -0.190571
v -0.062812 0.183707 -0.188901
v -0.075387 0.187552 -0.184542
v -0.090069 0.187666 -0.177855
v -0.096327 0.184987 -0.174343
v -0.103834 0.187848 -0.170213
v -0.125121 0.175573 -0.153819
v 0.002315 0.175747 -0.198284
v -0.004596 0.174468 -0.198068
v -0.019999 0.173980 -0.197031
v -0.026893 0.171081 -0.195801
v -0.035802 0.173631 -0.194722
v -0.042803 0.170746 -0.192889
v -0.051703 0.173448 -0.191084
v -0.067384 0.173434 -0.186131
v -0.074145 0.170679 -0.183128
v -0.082532 0.173590 -0.179956
v -0.089747 0.175349 -0.176738
v -0.096869 0.173911 -0.172723
v -0.103761 0.175715 -0.168960
v -0.110220 0.174170 -0.164581
v 0.018074 0.161651 -0.195238
v 0.004490 0.158253 -0.195311
v -0.014409 0.158427 -0.194846
v -0.030096 0.156920 -0.192699
v -0.046009 0.156507 -0.189428
v -0.062015 0.156556 -0.184816
v -0.074290 0.158602 -0.180720
v -0.091788 0.157037 -0.172118
v -0.105443 0.157773 -0.164315
v -0.133922 0.149662 -0.139477
v 0.025684 0.150534 -0.191864
v 0.012457 0.146006 -0.191946
v 0.005397 0.148292 -0.192889
v -0.001688 0.142963 -0.191449
v -0.005812 0.144962 -0.191939
v -0.016906 0.141774 -0.190335
v -0.021283 0.143714 -0.190466
v -0.037051 0.143003 -0.187811
v -0.067635 0.147294 -0.180394
v -0.071773 0.144507 -0.177949
v -0.080648 0.145042 -0.174271
v -0.097503 0.143929 -0.165071
v -0.110581 0.145035 -0.157021
v -0.136223 0.136734 -0.131776
v 0.032803 0.136742 -0.186673
v 0.020343 0.133068 -0.187156
v 0.016638 0.134441 -0.187992
v 0.006335 0.131198 -0.187459
v 0.002331 0.132721 -0.188088
v -0.008669 0.129603 -0.186756
v -0.013779 0.132888 -0.187651
v -0.023637 0.128306 -0.184947
v -0.028057 0.130172 -0.185029
v -0.041194 0.133561 -0.183813
v -0.048676 0.133207 -0.181845
v -0.059429 0.132896 -0.178498
v -0.069327 0.130380 -0.173910
v -0.075232 0.133947 -0.172849
v -0.092703 0.133225 -0.163855
v -0.102459 0.131568 -0.157237
v -0.114912 0.133070 -0.149085
v -0.126180 0.134852 -0.140541
v 0.035281 0.126820 -0.182570
v 0.027259 0.122500 -0.182147
v 0.022243 0.124544 -0.183677
v 0.013822 0.120234 -0.182666
v 0.009386 0.123092 -0.184160
v -0.019330 0.118076 -0.181161
v -0.026838 0.116263 -0.179373
v -0.048327 0.114459 -0.173934
v -0.062910 0.120165 -0.171956
v -0.068944 0.117074 -0.168143
v -0.074537 0.116418 -0.165402
v -0.079492 0.116712 -0.163242
v -0.104051 0.119702 -0.150450
v -0.118444 0.121980 -0.140715
v -0.129084 0.124159 -0.132322
v -0.140308 0.117577 -0.116002
v 0.042400 0.117694 -0.177100
v 0.028218 0.114667 -0.178469
v -0.014539 0.109102 -0.177307
v -0.022525 0.106209 -0.174940
v -0.029611 0.107932 -0.174799
v -0.044541 0.105111 -0.170057
v -0.074652 0.104925 -0.159053
v -0.101400 0.110315 -0.146930
v -0.112957 0.110255 -0.138228
v -0.053973 0.277684 -0.176035
v -0.053363 0.263403 -0.181829
v -0.066327 0.269248 -0.175324
v -0.067125 0.264284 -0.176901
v -0.041938 0.257588 -0.186679
v -0.055911 0.257758 -0.182925
v -0.060847 0.259043 -0.180938
v -0.061411 0.253640 -0.182420
v -0.071484 0.255479 -0.178142
v -0.075819 0.257632 -0.175654
v -0.033235 0.246092 -0.191556
v -0.049562 0.246554 -0.187867
v -0.054652 0.248038 -0.186081
v -0.055991 0.242788 -0.186955
v -0.063918 0.246618 -0.183462
v -0.069079 0.244201 -0.182182
v -0.086274 0.245093 -0.174475
v -0.033185 0.227646 -0.195054
v -0.057478 0.234703 -0.188156
v -0.062717 0.232173 -0.186923
v -0.073723 0.232105 -0.182876
v -0.078260 0.235291 -0.180399
v -0.078379 0.226462 -0.181847
v -0.093548 0.233316 -0.173360
v -0.017013 0.220596 -0.197987
v -0.026814 0.221797 -0.196759
v -0.025410 0.214688 -0.197602
v -0.040213 0.219349 -0.194713
v -0.050428 0.222046 -0.192031
v -0.055699 0.223733 -0.190377
v -0.055504 0.219436 -0.190905
v -0.065470 0.222078 -0.187432
v -0.070890 0.219417 -0.185745
v -0.086688 0.224186 -0.178343
v -0.087546 0.217087 -0.178750
v -0.101783 0.223727 -0.170269
v -0.099838 0.212917 -0.172556
v -0.008137 0.208805 -0.199406
v -0.015022 0.204347 -0.199148
v -0.022446 0.207096 -0.198378
v -0.026489 0.204780 -0.197935
v -0.035130 0.213445 -0.196194
v -0.033485 0.200177 -0.196931
v -0.042812 0.208800 -0.194911
v -0.048120 0.209874 -0.193629
v -0.047942 0.202399 -0.193900
v -0.058265 0.208844 -0.190856
v -0.063525 0.206135 -0.189276
v -0.075684 0.202693 -0.184842
v -0.082255 0.207379 -0.181880
v -0.088645 0.208947 -0.178790
v -0.096283 0.207309 -0.174872
v -0.091411 0.202645 -0.177594
v -0.100367 0.203519 -0.172690
v -0.109362 0.207202 -0.167022
v -0.107359 0.199977 -0.168475
v 0.001484 0.197632 -0.199761
v -0.006812 0.191007 -0.199440
v -0.014202 0.193673 -0.199161
v -0.018044 0.191084 -0.198738
v -0.022856 0.195029 -0.198390
v -0.028594 0.197112 -0.197681
v -0.033692 0.190956 -0.196673
v -0.045066 0.192868 -0.194465
v -0.040946 0.186332 -0.195026
v -0.050460 0.195144 -0.193198
v -0.051492 0.187526 -0.192583
v -0.055746 0.192351 -0.191646
v -0.065788 0.191315 -0.188392
v -0.071204 0.192346 -0.186457
v -0.077295 0.193105 -0.184059
v -0.082903 0.189870 -0.181446
v -0.089748 0.193749 -0.178338
v -0.093848 0.190822 -0.176092
v -0.103467 0.193858 -0.170762
v -0.107347 0.190125 -0.168184
v -0.111800 0.189228 -0.165202
v -0.005935 0.180264 -0.198703
v -0.009584 0.177407 -0.198241
v -0.020543 0.179437 -0.197624
v -0.013884 0.175423 -0.197750
v -0.025199 0.177187 -0.196829
v -0.030436 0.177160 -0.196071
v -0.036999 0.179620 -0.195228
v -0.041065 0.176924 -0.194099
v -0.057653 0.177261 -0.189873
v -0.063224 0.178298 -0.188211
v -0.070965 0.176716 -0.185252
v -0.079229 0.177980 -0.182022
v -0.085439 0.179169 -0.179339
v -0.104745 0.181780 -0.169122
v -0.110020 0.180410 -0.165574
v -0.113616 0.176749 -0.162662
v -0.120550 0.175599 -0.157413
v 0.009585 0.163071 -0.196102
v 0.003058 0.169741 -0.197444
v -0.006145 0.166030 -0.196759
v -0.009775 0.170711 -0.197348
v -0.008148 0.159331 -0.195411
v -0.018481 0.160258 -0.194881
v -0.027523 0.163454 -0.194434
v -0.023316 0.161804 -0.194669
v -0.029133 0.167750 -0.194945
v -0.032373 0.163099 -0.193608
v -0.043848 0.164372 -0.191584
v -0.038474 0.160622 -0.192004
v -0.048310 0.162787 -0.190191
v -0.054732 0.164223 -0.188719
v -0.065238 0.167046 -0.185873
v -0.065956 0.159364 -0.184095
v -0.074398 0.165629 -0.182140
v -0.086030 0.164126 -0.176653
v -0.092838 0.162880 -0.172921
v -0.100135 0.164627 -0.169176
v -0.112338 0.162566 -0.160890
v -0.113947 0.168511 -0.161024
v -0.121725 0.166270 -0.154769
v 0.015220 0.149412 -0.192673
v 0.002458 0.153543 -0.194285
v -0.001398 0.157631 -0.195207
v -0.005131 0.150814 -0.193553
v -0.014451 0.146945 -0.192036
v -0.025646 0.153945 -0.192663
v -0.027998 0.149219 -0.191130
v -0.033487 0.152443 -0.191081
v -0.041505 0.153425 -0.189743
v -0.043859 0.148710 -0.187978
v -0.049392 0.152063 -0.187497
v -0.055272 0.148827 -0.184980
v -0.065799 0.151610 -0.182264
v -0.061816 0.145485 -0.181932
v -0.072050 0.153156 -0.180294
v -0.079421 0.155849 -0.177857
v -0.076517 0.151106 -0.177901
v -0.086943 0.153559 -0.173719
v -0.087338 0.146168 -0.171380
v -0.096408 0.153924 -0.168749
v -0.091132 0.151621 -0.171032
v -0.100944 0.154254 -0.166182
v -0.104189 0.151931 -0.163517
v -0.113901 0.155379 -0.157925
v -0.115802 0.149415 -0.154724
v -0.118122 0.156956 -0.155265
v -0.125612 0.149494 -0.146917
v -0.130405 0.161328 -0.146349
v -0.133009 0.154170 -0.141875
v -0.130006 0.150467 -0.143386
v 0.024983 0.144980 -0.190458
v 0.024557 0.139102 -0.188703
v 0.010984 0.140984 -0.190555
v 0.013082 0.136404 -0.188943
v 0.007315 0.142844 -0.191283
v -0.001473 0.134844 -0.188842
v -0.005837 0.138961 -0.190117
v -0.021179 0.137866 -0.188653
v -0.032551 0.140124 -0.187757
v -0.030969 0.134375 -0.186086
v -0.036872 0.137116 -0.185961
v -0.046750 0.139094 -0.184389
v -0.056805 0.137990 -0.181166
v -0.053575 0.130752 -0.179536
v -0.062393 0.138983 -0.179661
v -0.065815 0.132859 -0.176221
v -0.072188 0.138140 -0.175659
v -0.078299 0.139736 -0.173586
v -0.085529 0.142485 -0.171085
v -0.082558 0.137863 -0.170941
v -0.092713 0.140439 -0.166599
v -0.095995 0.138207 -0.163921
v -0.104367 0.141327 -0.159911
v -0.108922 0.139567 -0.156182
v -0.111224 0.135631 -0.152943
v -0.118310 0.136184 -0.147792
v -0.124981 0.145355 -0.145975
v -0.120750 0.142769 -0.148527
v -0.129244 0.137936 -0.139151
v -0.131159 0.144624 -0.140199
v 0.039388 0.136303 -0.185258
v 0.030546 0.132645 -0.185635
v 0.016598 0.128952 -0.185994
v 0.002374 0.127151 -0.186005
v -0.003080 0.129303 -0.186810
v -0.012517 0.125672 -0.184996
v -0.023333 0.120461 -0.181752
v -0.027877 0.124574 -0.182851
v -0.037615 0.126255 -0.181784
v -0.041150 0.120814 -0.178709
v -0.047599 0.125024 -0.178914
v -0.044200 0.118054 -0.176734
v -0.063028 0.124952 -0.174047
v -0.056761 0.120555 -0.174259
v -0.067830 0.122523 -0.171156
v -0.077809 0.128128 -0.169351
v -0.082487 0.123130 -0.164886
v -0.093133 0.124081 -0.159595
v -0.087718 0.121282 -0.161292
v -0.097580 0.127910 -0.158697
v -0.100730 0.126076 -0.155877
v -0.110461 0.129516 -0.150795
v -0.113037 0.127790 -0.148064
v -0.120593 0.130781 -0.143471
v -0.124361 0.129637 -0.139657
v -0.126175 0.126149 -0.136178
v -0.137582 0.129702 -0.126736
v 0.037825 0.121825 -0.179977
v 0.023803 0.118458 -0.180854
v 0.019046 0.120172 -0.182163
v 0.010185 0.116276 -0.181119
v -0.002202 0.117592 -0.181990
v -0.001045 0.112653 -0.179679
v -0.017381 0.113598 -0.179291
v -0.030635 0.112164 -0.176778
v -0.038169 0.112967 -0.175702
v -0.037682 0.108775 -0.173684
v -0.043343 0.110357 -0.173172
v -0.053689 0.112561 -0.171388
v -0.052873 0.108401 -0.169472
v -0.058495 0.110203 -0.168575
v -0.068851 0.112815 -0.166013
v -0.067739 0.108656 -0.164241
v -0.073241 0.110612 -0.162941
v -0.080073 0.107517 -0.157937
v -0.085758 0.114053 -0.158639
v -0.090964 0.111645 -0.154354
v -0.092279 0.116045 -0.156040
v -0.097676 0.118061 -0.153809
v -0.103257 0.114219 -0.147964
v -0.106850 0.118262 -0.147706
v -0.114073 0.118445 -0.142309
v -0.116423 0.116817 -0.139454
v -0.127060 0.119172 -0.131338
v -0.136492 0.118452 -0.121055
v -0.140423 0.122798 -0.119392
v 0.042221 0.111364 -0.174061
v 0.036489 0.108927 -0.174090
v 0.026150 0.108380 -0.175655
v 0.017609 0.106451 -0.175678
v 0.005115 0.107451 -0.177012
v 0.008950 0.100342 -0.172950
v 0.002894 0.102730 -0.174507
v -0.001402 0.105872 -0.176217
v -0.002108 0.101528 -0.173837
v -0.010859 0.100655 -0.173008
v -0.027467 0.099012 -0.170174
v -0.031253 0.103085 -0.171865
v -0.044335 0.101190 -0.167863
v -0.041599 0.097115 -0.166105
v -0.060169 0.103984 -0.164532
v -0.063818 0.098961 -0.160083
v -0.067740 0.097485 -0.157517
v -0.080425 0.098351 -0.152031
v -0.087641 0.107314 -0.153756
v -0.092159 0.101426 -0.147326
v -0.096122 0.099786 -0.143651
v -0.103971 0.102667 -0.140123
v -0.108315 0.106397 -0.139398
v -0.117518 0.106412 -0.131738
v -0.120094 0.110424 -0.132226
v -0.119921 0.102587 -0.126725
v -0.129099 0.106794 -0.120747
v -0.130916 0.112968 -0.123370
v -0.135512 0.113020 -0.118354
v -0.138572 0.109147 -0.111720
v -0.185277 0.273881 0.012210
v -0.185425 0.274355 -0.005175
v -0.190944 0.257445 0.013060
v -0.188354 0.263715 0.019816
v -0.188767 0.264364 -0.012531
v -0.192891 0.246951 0.022678
v -0.193222 0.245964 -0.021848
v -0.192679 0.252735 -0.003515
v -0.193684 0.248129 0.009554
v -0.192883 0.238849 0.034711
v -0.193500 0.234717 -0.035661
v -0.192837 0.242154 -0.030942
v -0.193803 0.240841 -0.026211
v -0.195171 0.238131 -0.019224
v -0.196164 0.234884 -0.014798
v -0.196022 0.236219 0.013354
v -0.196799 0.223096 -0.025485
v -0.197633 0.228862 -0.003718
v -0.198077 0.223998 0.009926
v -0.197277 0.222976 0.021565
v -0.192621 0.212051 0.051590
v -0.194560 0.215387 -0.042621
v -0.196637 0.211880 -0.033118
v -0.198782 0.215723 -0.011784
v -0.199449 0.210919 0.002097
v -0.198901 0.211277 0.014611
v -0.197367 0.209698 0.029291
v -0.195721 0.216269 0.036571
v -0.193107 0.197930 0.051080
v -0.190748 0.201260 0.059347
v -0.193505 0.198865 -0.049616
v -0.195463 0.201325 -0.041177
v -0.198468 0.199337 -0.022554
v -0.199616 0.197664 -0.006758
v -0.199680 0.197666 0.003960
v -0.197403 0.202469 0.030502
v -0.196286 0.199531 0.037103
v -0.189931 0.188017 0.060743
v -0.188843 0.190261 0.064465
v -0.188995 0.188105 -0.063622
v -0.193228 0.187840 -0.049170
v -0.198659 0.185422 -0.014713
v -0.199015 0.183710 -0.004195
v -0.199032 0.183284 0.001413
v -0.198806 0.187548 0.014670
v -0.196983 0.187666 0.030701
v -0.193969 0.187849 0.046152
v -0.184955 0.175572 0.071464
v -0.187864 0.175749 -0.063475
v -0.189794 0.174466 -0.056836
v -0.193567 0.173980 -0.041867
v -0.196355 0.171482 -0.022921
v -0.197709 0.173448 -0.009877
v -0.197425 0.170199 -0.004767
v -0.196652 0.173591 0.022885
v -0.194204 0.173911 0.038750
v -0.192755 0.175714 0.046470
v -0.190586 0.174167 0.053966
v -0.180097 0.161653 -0.077521
v -0.183792 0.158153 -0.066147
v -0.186482 0.161732 -0.060561
v -0.189584 0.157600 -0.046475
v -0.192568 0.156919 -0.030922
v -0.194375 0.156507 -0.014779
v -0.194899 0.156384 0.001659
v -0.194832 0.158604 0.014809
v -0.192058 0.157037 0.034108
v -0.188856 0.157773 0.049506
v -0.174035 0.149662 0.084265
v -0.174537 0.150535 -0.083715
v -0.178702 0.146006 -0.071162
v -0.182428 0.149279 -0.063714
v -0.182601 0.142964 -0.057556
v -0.184341 0.144964 -0.053785
v -0.186244 0.141775 -0.042737
v -0.187721 0.143714 -0.038616
v -0.190068 0.143005 -0.022801
v -0.190745 0.141157 -0.007174
v -0.192428 0.146940 0.007256
v -0.191419 0.144508 0.013269
v -0.190663 0.145040 0.022848
v -0.187123 0.143932 0.041720
v -0.183508 0.145035 0.056646
v -0.167422 0.136734 0.088834
v -0.167400 0.136743 -0.088882
v -0.171710 0.133069 -0.077181
v -0.173650 0.134440 -0.073915
v -0.176325 0.131198 -0.063955
v -0.178162 0.132723 -0.060340
v -0.180294 0.129602 -0.049470
v -0.182724 0.132889 -0.044882
v -0.183198 0.128305 -0.034673
v -0.184643 0.130170 -0.030493
v -0.185585 0.128994 -0.020273
v -0.186712 0.129156 0.003428
v -0.187806 0.134040 0.016617
v -0.185359 0.132124 0.030565
v -0.184483 0.133226 0.037531
v -0.181203 0.131566 0.048853
v -0.177299 0.133072 0.063216
v -0.172654 0.134851 0.076574
v -0.162733 0.126821 -0.089971
v -0.164810 0.122500 -0.082210
v -0.167814 0.124546 -0.077914
v -0.169456 0.120234 -0.069590
v -0.172247 0.123093 -0.065835
v -0.175233 0.119690 -0.052470
v -0.176774 0.116651 -0.041401
v -0.178268 0.118077 -0.037599
v -0.178887 0.116262 -0.029904
v -0.182678 0.121955 -0.020970
v -0.180356 0.114461 -0.007789
v -0.182979 0.120163 0.006693
v -0.181111 0.121349 0.030311
v -0.178387 0.117329 0.035308
v -0.175241 0.119703 0.052465
v -0.170431 0.121981 0.069162
v -0.165736 0.124159 0.081874
v -0.153683 0.117577 0.097593
v -0.155330 0.117693 -0.095051
v -0.161014 0.114667 -0.081987
v -0.173122 0.109102 -0.040964
v -0.173339 0.106210 -0.032637
v -0.175394 0.107932 -0.025854
v -0.174338 0.104926 0.021845
v -0.171074 0.110315 0.051031
v -0.166370 0.110256 0.064712
v -0.184098 0.277683 -0.003064
v -0.185864 0.273397 0.001730
v -0.187595 0.268069 -0.010238
v -0.189419 0.263403 -0.005434
v -0.187827 0.268092 0.003818
v -0.187240 0.269247 0.008904
v -0.188985 0.264285 0.009174
v -0.190503 0.257587 -0.017798
v -0.191250 0.257758 -0.003350
v -0.190884 0.259045 0.001958
v -0.192469 0.253640 0.002036
v -0.190487 0.257629 0.017827
v -0.192451 0.246092 -0.027586
v -0.193987 0.246553 -0.010918
v -0.193863 0.248034 -0.005526
v -0.195106 0.242789 -0.004520
v -0.194234 0.246619 0.004095
v -0.194612 0.244198 0.009404
v -0.192596 0.245095 0.028133
v -0.195762 0.227647 -0.028713
v -0.196708 0.234704 -0.003479
v -0.196461 0.236245 0.001997
v -0.197156 0.232172 0.001886
v -0.196707 0.232105 0.013603
v -0.195754 0.235289 0.018682
v -0.196994 0.227952 0.017917
v -0.193783 0.233317 0.035399
v -0.193554 0.220596 -0.045000
v -0.195415 0.221797 -0.035301
v -0.195783 0.214691 -0.036894
v -0.197610 0.219349 -0.021924
v -0.198215 0.222049 -0.011382
v -0.198271 0.223733 -0.005857
v -0.198714 0.219436 -0.006204
v -0.198489 0.222079 0.004345
v -0.198560 0.219416 0.010022
v -0.197556 0.217700 0.023688
v -0.196670 0.222688 0.026750
v -0.193388 0.223726 0.044184
v -0.194962 0.212918 0.041628
v -0.192162 0.208805 -0.053879
v -0.194043 0.204346 -0.047252
v -0.195605 0.207095 -0.039954
v -0.196433 0.204782 -0.035971
v -0.197447 0.213445 -0.027216
v -0.197640 0.200176 -0.029009
v -0.198601 0.208801 -0.019514
v -0.199022 0.209875 -0.014071
v -0.199225 0.202399 -0.014322
v -0.199520 0.208845 -0.003564
v -0.199642 0.206134 0.001924
v -0.199151 0.206111 0.014165
v -0.198581 0.209665 0.019373
v -0.198867 0.199551 0.018769
v -0.196067 0.207309 0.037531
v -0.195253 0.203519 0.042090
v -0.194042 0.202625 0.047412
v -0.191737 0.189201 -0.055020
v -0.193802 0.193673 -0.048036
v -0.194587 0.191083 -0.044253
v -0.195743 0.195030 -0.039568
v -0.196842 0.197113 -0.033892
v -0.197459 0.190956 -0.028732
v -0.198873 0.192867 -0.017235
v -0.198133 0.186333 -0.021325
v -0.199336 0.195143 -0.011712
v -0.199069 0.187528 -0.010541
v -0.199493 0.192352 -0.006205
v -0.199501 0.191313 0.004351
v -0.199126 0.193680 0.014289
v -0.199252 0.188813 0.008287
v -0.198622 0.190739 0.018995
v -0.197343 0.193749 0.030246
v -0.197927 0.188879 0.024468
v -0.196475 0.190823 0.034837
v -0.194377 0.193857 0.045632
v -0.193125 0.190127 0.050121
v -0.190368 0.193986 0.060262
v -0.187535 0.181608 -0.066345
v -0.190812 0.180263 -0.055758
v -0.192082 0.177519 -0.050041
v -0.194300 0.179435 -0.041532
v -0.194982 0.177187 -0.036860
v -0.196522 0.176855 -0.027198
v -0.197292 0.183051 -0.026213
v -0.197289 0.176924 -0.020924
v -0.198106 0.179697 -0.015479
v -0.198395 0.177262 -0.003843
v -0.198591 0.179644 0.006241
v -0.198087 0.174444 0.001844
v -0.198432 0.181178 0.012768
v -0.197427 0.179771 0.022514
v -0.197449 0.174801 0.016517
v -0.196994 0.182992 0.028213
v -0.196419 0.176021 0.027255
v -0.193213 0.181781 0.047355
v -0.191469 0.180410 0.053468
v -0.189810 0.176750 0.057789
v -0.186961 0.175599 0.066008
v -0.183960 0.163061 -0.068604
v -0.186834 0.169739 -0.063923
v -0.189258 0.166146 -0.054212
v -0.191255 0.170282 -0.049424
v -0.192124 0.163216 -0.040375
v -0.194222 0.169128 -0.034969
v -0.193423 0.163452 -0.033905
v -0.194135 0.163097 -0.029043
v -0.195757 0.164372 -0.017499
v -0.194496 0.160623 -0.022740
v -0.195810 0.162785 -0.012828
v -0.195186 0.157853 -0.004577
v -0.196935 0.167045 0.004606
v -0.195710 0.160709 0.006950
v -0.196216 0.165631 0.014472
v -0.194592 0.164127 0.027230
v -0.192121 0.163213 0.040386
v -0.191200 0.166574 0.047196
v -0.187731 0.162567 0.057121
v -0.188354 0.168510 0.058610
v -0.184810 0.166270 0.067938
v -0.178541 0.149414 -0.074013
v -0.184361 0.155009 -0.062442
v -0.187124 0.155767 -0.054154
v -0.185639 0.150651 -0.054873
v -0.187103 0.146945 -0.045597
v -0.190687 0.154942 -0.038823
v -0.190817 0.151608 -0.033832
v -0.192078 0.152446 -0.027198
v -0.189796 0.145794 -0.030551
v -0.193282 0.153426 -0.019160
v -0.191623 0.147454 -0.020228
v -0.192935 0.150406 -0.014440
v -0.193007 0.148828 -0.004595
v -0.193676 0.151610 0.006258
v -0.193735 0.153157 0.012808
v -0.193695 0.155849 0.020570
v -0.192839 0.151107 0.017798
v -0.192084 0.153561 0.029005
v -0.189981 0.146169 0.030103
v -0.190282 0.153924 0.039542
v -0.190822 0.151620 0.033821
v -0.189243 0.154254 0.044649
v -0.187711 0.151932 0.048559
v -0.185393 0.155381 0.059525
v -0.182936 0.149415 0.062322
v -0.184168 0.156957 0.064358
v -0.178543 0.149495 0.074063
v -0.179485 0.161329 0.078796
v -0.176035 0.154171 0.082655
v -0.176543 0.150466 0.079331
v -0.173417 0.144982 -0.082614
v -0.171879 0.139102 -0.081668
v -0.177835 0.140985 -0.069332
v -0.175654 0.136406 -0.070828
v -0.179660 0.142844 -0.066067
v -0.180054 0.134843 -0.056954
v -0.182616 0.138961 -0.053200
v -0.185964 0.137866 -0.038157
v -0.188627 0.140125 -0.027062
v -0.186548 0.134374 -0.028051
v -0.188253 0.137115 -0.022397
v -0.189811 0.139095 -0.012518
v -0.188142 0.133432 -0.008196
v -0.189852 0.137989 -0.001958
v -0.188250 0.133250 -0.002115
v -0.188939 0.135325 0.003608
v -0.189369 0.138140 0.014373
v -0.187772 0.133013 0.012117
v -0.189287 0.139737 0.020823
v -0.186740 0.132581 0.021923
v -0.189141 0.142483 0.028473
v -0.188087 0.137863 0.025692
v -0.187095 0.140439 0.036691
v -0.185562 0.138206 0.040642
v -0.184336 0.141328 0.049843
v -0.182197 0.139567 0.055326
v -0.179828 0.135630 0.058517
v -0.177119 0.136184 0.066847
v -0.177452 0.145356 0.073755
v -0.178572 0.142767 0.068941
v -0.172280 0.137936 0.079916
v -0.173868 0.144625 0.081413
v -0.164021 0.136303 -0.094706
v -0.167110 0.132644 -0.086415
v -0.171761 0.128950 -0.073258
v -0.176168 0.127152 -0.059738
v -0.177136 0.121712 -0.049021
v -0.179809 0.125672 -0.045265
v -0.180067 0.120462 -0.033975
v -0.182515 0.124573 -0.029992
v -0.182678 0.120815 -0.016089
v -0.184867 0.125026 -0.010019
v -0.181743 0.118054 -0.012578
v -0.183031 0.120021 0.000001
v -0.185006 0.124955 0.006158
v -0.183740 0.122522 0.011619
v -0.185589 0.129003 0.020266
v -0.181344 0.118386 0.018918
v -0.183744 0.127026 0.028504
v -0.182911 0.127553 0.034600
v -0.181084 0.127911 0.043763
v -0.179375 0.126076 0.047631
v -0.177550 0.129516 0.058455
v -0.175644 0.127630 0.061857
v -0.173715 0.130782 0.070355
v -0.171252 0.129637 0.075116
v -0.168504 0.126150 0.077917
v -0.163049 0.129703 0.091683
v -0.159480 0.121827 -0.091590
v -0.164648 0.118462 -0.078525
v -0.167363 0.120173 -0.074404
v -0.169106 0.116275 -0.065656
v -0.171693 0.118130 -0.061086
v -0.173108 0.115837 -0.053559
v -0.175684 0.112768 -0.037883
v -0.177594 0.112166 -0.025489
v -0.178897 0.112967 -0.017994
v -0.176827 0.108774 -0.017836
v -0.178090 0.110357 -0.012292
v -0.179590 0.112561 -0.001901
v -0.177516 0.108400 -0.002085
v -0.178400 0.110203 0.003536
v -0.180026 0.114394 0.012937
v -0.177135 0.108654 0.013670
v -0.177599 0.110613 0.019304
v -0.179508 0.116192 0.025667
v -0.174951 0.107517 0.027349
v -0.175672 0.112741 0.037874
v -0.177009 0.116854 0.040810
v -0.172631 0.114220 0.052478
v -0.173496 0.118263 0.055975
v -0.170595 0.118445 0.064512
v -0.168607 0.116818 0.067628
v -0.164174 0.119172 0.080255
v -0.157310 0.118453 0.092401
v -0.156943 0.122798 0.096654
v -0.152495 0.111364 -0.093942
v -0.154292 0.108928 -0.088503
v -0.158977 0.108380 -0.079150
v -0.161639 0.106452 -0.071035
v -0.166768 0.107453 -0.059565
v -0.161719 0.100342 -0.061958
v -0.165072 0.102729 -0.056678
v -0.168026 0.105871 -0.053119
v -0.165980 0.101528 -0.051715
v -0.167896 0.100656 -0.043136
v -0.170334 0.099012 -0.026462
v -0.173112 0.103088 -0.023385
v -0.174922 0.104228 -0.011596
v -0.170830 0.097115 -0.011767
v -0.170706 0.096250 -0.002211
v -0.175072 0.103984 0.006380
v -0.171969 0.098960 0.011224
v -0.170741 0.097486 0.015747
v -0.169444 0.098353 0.029507
v -0.168594 0.101427 0.042122
v -0.166324 0.099787 0.047026
v -0.165394 0.102666 0.055579
v -0.166047 0.106397 0.059936
v -0.161606 0.106411 0.071055
v -0.162866 0.110423 0.073353
v -0.157581 0.102587 0.074889
v -0.154732 0.106794 0.085465
v -0.157787 0.112968 0.086384
v -0.154438 0.113021 0.092305
v -0.149074 0.109146 0.097264
v -0.138219 0.107294 0.110630
v -0.128016 0.097791 0.114450
v -0.128431 0.103286 0.118683
v -0.134953 0.094154 0.102555
v -0.132158 0.095764 0.107720
v -0.117030 0.094386 0.122799
v -0.119925 0.102618 0.126744
v -0.129159 0.085601 0.100814
v -0.105821 0.093341 0.131724
v -0.116763 0.069252 0.095895
v -0.117802 0.082311 0.110411
v -0.110612 0.086393 0.121571
v -0.095409 0.096050 0.141455
v -0.110434 0.056759 0.084884
v -0.115606 0.063046 0.088313
v -0.113538 0.064246 0.092707
v -0.106897 0.065257 0.101664
v -0.110342 0.071263 0.105659
v -0.103105 0.075262 0.117150
v -0.099804 0.081374 0.126023
v -0.098466 0.053778 0.093984
v -0.090521 0.072620 0.124455
v -0.085260 0.079302 0.134443
v -0.095358 0.043688 0.079876
v -0.090475 0.045612 0.088786
v -0.085410 0.053602 0.105720
v -0.081376 0.061662 0.118928
v -0.083272 0.072449 0.129247
v -0.078642 0.073755 0.133356
v -0.075750 0.084876 0.144628
v -0.054587 0.086194 0.154829
v -0.054539 0.093736 0.160131
v -0.082725 0.037505 0.081577
v -0.077141 0.044232 0.098408
v -0.076638 0.050411 0.107905
v -0.071907 0.050958 0.111863
v -0.069116 0.056548 0.120572
v -0.067602 0.059557 0.124913
v -0.066053 0.066577 0.133173
v -0.062344 0.078740 0.145984
v -0.039619 0.086373 0.159448
v -0.040855 0.093214 0.163811
v -0.074463 0.024474 0.059616
v -0.074328 0.027023 0.066815
v -0.071960 0.028890 0.073795
v -0.062704 0.041994 0.104865
v -0.058536 0.046499 0.113583
v -0.057090 0.049384 0.118109
v -0.056937 0.058287 0.128722
v -0.052166 0.068086 0.140621
v -0.047412 0.071605 0.145487
v -0.047178 0.078472 0.151350
v -0.026284 0.092810 0.166529
v -0.062963 0.019844 0.059070
v -0.060770 0.021364 0.065575
v -0.057764 0.026286 0.079905
v -0.053698 0.027942 0.086082
v -0.054289 0.032462 0.094220
v -0.049961 0.034666 0.100312
v -0.050379 0.039869 0.108219
v -0.045842 0.042596 0.114083
v -0.046092 0.048411 0.121604
v -0.041417 0.051602 0.127106
v -0.041514 0.057921 0.134102
v -0.040720 0.063438 0.139969
v -0.036742 0.068178 0.145500
v -0.035804 0.074090 0.150892
v -0.031667 0.078910 0.155683
v -0.051239 0.011776 0.043141
v -0.046455 0.013517 0.054515
v -0.049162 0.016107 0.060614
v -0.042886 0.019420 0.073834
v -0.039268 0.025132 0.088170
v -0.035308 0.032128 0.102293
v -0.034833 0.039458 0.113593
v -0.030369 0.041253 0.117321
v -0.029573 0.048291 0.126500
v -0.022096 0.059744 0.140483
v -0.017547 0.070484 0.151058
v 0.004206 0.095855 0.170466
v -0.040911 0.007571 0.034862
v -0.035067 0.009131 0.047466
v -0.037385 0.011814 0.055681
v -0.030180 0.012102 0.060765
v -0.031605 0.013719 0.064839
v -0.026539 0.016725 0.074894
v -0.027725 0.018690 0.079098
v -0.023784 0.024989 0.093272
v -0.018268 0.031888 0.106312
v -0.020239 0.041670 0.120069
v -0.016135 0.043647 0.123247
v -0.013822 0.049468 0.130552
v -0.006586 0.061455 0.143739
v -0.002343 0.072413 0.153692
v 0.019365 0.097261 0.170276
v -0.027352 0.003851 0.026486
v -0.022548 0.005240 0.038487
v -0.023620 0.006167 0.042269
v -0.019032 0.008071 0.052111
v -0.020147 0.009270 0.055904
v -0.015270 0.012048 0.065952
v -0.017884 0.014170 0.071091
v -0.011272 0.017145 0.079630
v -0.012364 0.019131 0.083859
v -0.013065 0.025312 0.095978
v -0.010878 0.028896 0.102486
v -0.007689 0.034576 0.111678
v -0.002118 0.040089 0.119674
v -0.004584 0.043341 0.123832
v 0.002843 0.056376 0.138799
v 0.008489 0.063959 0.146031
v 0.012332 0.075009 0.155356
v 0.015930 0.086187 0.163433
v 0.032305 0.100076 0.170005
v -0.017074 0.002218 0.022861
v -0.011922 0.002863 0.030361
v -0.013709 0.003862 0.035604
v -0.008259 0.005122 0.043303
v -0.010838 0.006356 0.047981
v -0.001110 0.014599 0.074364
v 0.002313 0.017385 0.080953
v 0.009207 0.027145 0.099709
v 0.006964 0.035410 0.112967
v 0.012181 0.038938 0.117527
v 0.014707 0.042522 0.121999
v 0.016049 0.045861 0.126045
v 0.022208 0.064867 0.145448
v 0.026300 0.078145 0.156130
v 0.029389 0.089200 0.163656
v 0.041923 0.101401 0.168686
v -0.007567 0.000822 0.014402
v -0.003484 0.002224 0.028312
v 0.007897 0.012541 0.068617
v 0.012592 0.015468 0.075481
v 0.012092 0.018317 0.082177
v 0.018696 0.025215 0.094909
v 0.027702 0.042815 0.120147
v 0.031735 0.062930 0.141840
v 0.037086 0.073499 0.150142
v -0.136838 0.099403 0.105318
v -0.133171 0.100764 0.111150
v -0.126669 0.088430 0.106940
v -0.123462 0.096820 0.118503
v -0.125110 0.078546 0.097574
v -0.121734 0.085677 0.109703
v -0.121357 0.089305 0.113781
v -0.117077 0.085785 0.114775
v -0.115778 0.097307 0.126387
v -0.118105 0.066849 0.090801
v -0.114693 0.074706 0.105188
v -0.114555 0.078294 0.109477
v -0.110050 0.075579 0.111023
v -0.110895 0.082452 0.117481
v -0.107473 0.083886 0.121995
v -0.102620 0.095594 0.135966
v -0.103103 0.055612 0.091834
v -0.103472 0.064870 0.104608
v -0.103124 0.071349 0.112805
v -0.099612 0.072716 0.117410
v -0.096308 0.079169 0.126625
v -0.097477 0.083954 0.130175
v -0.090180 0.078806 0.130735
v -0.090605 0.093286 0.142541
v -0.100278 0.045494 0.077361
v -0.099476 0.049784 0.086301
v -0.093672 0.045501 0.085228
v -0.098134 0.056575 0.098534
v -0.094565 0.054133 0.098412
v -0.094426 0.060445 0.107299
v -0.088029 0.057349 0.108650
v -0.094502 0.064063 0.111801
v -0.089095 0.061362 0.112908
v -0.090419 0.068529 0.120184
v -0.086571 0.070272 0.124818
v -0.085504 0.083067 0.137556
v -0.079213 0.079785 0.138497
v -0.079576 0.093902 0.149416
v -0.071149 0.086585 0.148272
v -0.091563 0.036561 0.069357
v -0.087330 0.035478 0.072202
v -0.084939 0.035931 0.075984
v -0.087618 0.040625 0.082648
v -0.084803 0.041086 0.086356
v -0.090615 0.048829 0.094037
v -0.084855 0.049966 0.100946
v -0.078087 0.047027 0.101986
v -0.081261 0.051193 0.105604
v -0.081035 0.057706 0.114389
v -0.077213 0.059293 0.118903
v -0.070567 0.064886 0.129098
v -0.072591 0.071316 0.134430
v -0.071796 0.076414 0.139555
v -0.066832 0.076077 0.141690
v -0.067608 0.081125 0.145609
v -0.062727 0.082414 0.148816
v -0.065514 0.093004 0.155472
v -0.060091 0.085688 0.152411
v -0.077086 0.031679 0.075050
v -0.074059 0.031943 0.078574
v -0.076776 0.035333 0.083042
v -0.077546 0.038455 0.088281
v -0.070905 0.037966 0.092816
v -0.070103 0.043843 0.102951
v -0.065067 0.039306 0.099207
v -0.070855 0.047430 0.107690
v -0.063639 0.044832 0.108481
v -0.066967 0.048962 0.112238
v -0.063268 0.054042 0.120782
v -0.062619 0.057646 0.125335
v -0.061434 0.061709 0.130388
v -0.056657 0.064036 0.134914
v -0.057858 0.070305 0.140463
v -0.053720 0.072041 0.143669
v -0.052838 0.080590 0.151169
v -0.047867 0.082187 0.154063
v -0.045181 0.085555 0.157378
v -0.066040 0.023787 0.067046
v -0.062786 0.023911 0.070372
v -0.062822 0.028371 0.080605
v -0.060205 0.024629 0.074312
v -0.059831 0.029330 0.084787
v -0.058758 0.031409 0.089534
v -0.059692 0.035041 0.095516
v -0.056240 0.035919 0.099034
v -0.057585 0.039432 0.103920
v -0.052451 0.044249 0.113504
v -0.051904 0.047667 0.118289
v -0.048159 0.051615 0.124736
v -0.046775 0.057212 0.131597
v -0.045840 0.061743 0.136674
v -0.041161 0.076937 0.151879
v -0.037697 0.080800 0.155798
v -0.032690 0.082635 0.158319
v -0.028469 0.088503 0.163293
v -0.051553 0.014298 0.052626
v -0.057335 0.017666 0.058104
v -0.056390 0.021729 0.070278
v -0.052447 0.019410 0.067382
v -0.047221 0.023300 0.080261
v -0.046206 0.025868 0.086259
v -0.050044 0.027799 0.087948
v -0.044867 0.027750 0.090614
v -0.042393 0.032649 0.100454
v -0.041127 0.029695 0.095923
v -0.046235 0.034705 0.102124
v -0.040932 0.034923 0.104715
v -0.040112 0.038852 0.110967
v -0.040007 0.042575 0.116238
v -0.033838 0.044463 0.120656
v -0.036446 0.050254 0.127040
v -0.035801 0.055706 0.133399
v -0.031159 0.057464 0.136407
v -0.025991 0.065761 0.145599
v -0.026874 0.071509 0.150565
v -0.019426 0.077445 0.156556
v -0.024577 0.080434 0.158127
v -0.018838 0.086903 0.163592
v -0.048930 0.010107 0.038264
v -0.038806 0.009272 0.045065
v -0.042876 0.013646 0.057846
v -0.042374 0.016343 0.066177
v -0.037451 0.014752 0.064721
v -0.032227 0.016913 0.073087
v -0.038898 0.021457 0.080673
v -0.034649 0.022495 0.084788
v -0.034109 0.025444 0.090895
v -0.028217 0.022359 0.086842
v -0.033310 0.029237 0.098106
v -0.027649 0.027205 0.096266
v -0.029244 0.030620 0.101720
v -0.025269 0.035037 0.109727
v -0.025146 0.041503 0.118902
v -0.020078 0.037944 0.115009
v -0.024828 0.045596 0.124236
v -0.025182 0.050911 0.130493
v -0.021361 0.047950 0.127745
v -0.020335 0.055486 0.136369
v -0.012675 0.054280 0.136021
v -0.017241 0.062493 0.143834
v -0.016880 0.058064 0.139523
v -0.015816 0.066079 0.147356
v -0.012158 0.068203 0.149618
v -0.011520 0.077187 0.157127
v -0.008092 0.079163 0.158880
v -0.012360 0.081873 0.160632
v 0.000043 0.087154 0.164862
v -0.009635 0.094255 0.169246
v -0.000972 0.095578 0.170340
v 0.001282 0.091808 0.167951
v -0.035248 0.006476 0.035094
v -0.029186 0.005458 0.034956
v -0.029782 0.008475 0.048438
v -0.025290 0.007219 0.045943
v -0.031247 0.009702 0.052150
v -0.021838 0.010630 0.059755
v -0.025462 0.012592 0.064299
v -0.021737 0.017588 0.078438
v -0.021805 0.022504 0.088978
v -0.016172 0.020917 0.086956
v -0.017752 0.023881 0.092532
v -0.017490 0.028833 0.101440
v -0.013742 0.033859 0.110007
v -0.007020 0.031117 0.106432
v -0.013218 0.037128 0.114856
v -0.005805 0.038261 0.117047
v -0.009409 0.042862 0.122935
v -0.009111 0.047027 0.128106
v -0.001500 0.046247 0.127497
v -0.009505 0.052383 0.134209
v -0.005722 0.049618 0.131339
v -0.004775 0.057269 0.139654
v -0.001185 0.059458 0.141950
v -0.001116 0.066578 0.148674
v 0.002674 0.070221 0.151853
v 0.003489 0.079181 0.159059
v 0.010567 0.078439 0.158188
v 0.003754 0.082805 0.161770
v 0.011740 0.083045 0.161544
v 0.014186 0.089596 0.165918
v 0.008023 0.092226 0.168062
v -0.022932 0.003524 0.028312
v -0.017854 0.005424 0.041691
v -0.014283 0.008539 0.055221
v -0.015798 0.010324 0.060656
v -0.010475 0.012851 0.069069
v -0.002939 0.016270 0.078354
v -0.006456 0.018430 0.083014
v -0.006161 0.022781 0.091947
v 0.000502 0.023941 0.094358
v -0.002461 0.027432 0.100556
v 0.004232 0.025230 0.096649
v 0.001804 0.035804 0.113725
v 0.004782 0.031926 0.107831
v 0.005873 0.038505 0.117400
v 0.001680 0.044610 0.125482
v 0.006282 0.049392 0.131063
v 0.013614 0.049039 0.130110
v 0.012894 0.056029 0.137891
v 0.013417 0.052412 0.133949
v 0.010465 0.059733 0.141843
v 0.013740 0.062184 0.143969
v 0.014171 0.070732 0.151651
v 0.017229 0.072997 0.153258
v 0.017553 0.080331 0.159025
v 0.020721 0.084106 0.161430
v 0.025570 0.086005 0.162080
v 0.027984 0.098779 0.170011
v -0.011857 0.001487 0.019641
v -0.007280 0.003111 0.033248
v -0.008711 0.004079 0.038179
v -0.003557 0.005674 0.046282
v -0.003394 0.008945 0.058332
v 0.001849 0.008381 0.056515
v 0.003424 0.013649 0.071933
v 0.007606 0.018810 0.083763
v 0.008387 0.022167 0.090595
v 0.012928 0.021873 0.089507
v 0.012514 0.024581 0.094734
v 0.012729 0.029943 0.104021
v 0.017153 0.029488 0.102655
v 0.016699 0.032610 0.107722
v 0.016885 0.038820 0.116780
v 0.021204 0.038159 0.115176
v 0.020768 0.041661 0.120007
v 0.026609 0.046422 0.124959
v 0.021250 0.050318 0.130581
v 0.025944 0.054326 0.134209
v 0.021473 0.055222 0.135980
v 0.021367 0.059514 0.140425
v 0.028059 0.064310 0.143926
v 0.025050 0.067332 0.147264
v 0.028180 0.074000 0.152465
v 0.031175 0.076350 0.153818
v 0.033991 0.087247 0.161426
v -0.006673 0.000363 0.006194
v -0.000590 0.000626 0.013633
v 0.002369 0.001095 0.019089
v 0.003622 0.002378 0.029409
v 0.006517 0.003856 0.037540
v 0.006781 0.006621 0.049834
v 0.014339 0.005838 0.044931
v 0.012378 0.007255 0.051173
v 0.009435 0.008393 0.055787
v 0.014428 0.008669 0.055721
v 0.016770 0.011403 0.063788
v 0.021741 0.017669 0.078709
v 0.017901 0.019099 0.082832
v 0.027121 0.024188 0.090891
v 0.030451 0.028915 0.098550
v 0.024212 0.033731 0.108065
v 0.031102 0.036277 0.110162
v 0.034054 0.038884 0.113098
v 0.037366 0.047443 0.123468
v 0.029614 0.051979 0.130863
v 0.038240 0.056065 0.133174
v 0.041816 0.059553 0.135808
v 0.041826 0.066009 0.142180
v 0.039398 0.069496 0.146089
v 0.043915 0.078562 0.152474
v 0.040474 0.080653 0.155075
v 0.049800 0.081782 0.153211
v 0.049848 0.091284 0.160093
v 0.043461 0.092316 0.162631
v 0.046176 0.105403 0.169872
v 0.052893 0.102634 0.166313
v 0.062505 0.107292 0.165639
v 0.069288 0.097791 0.157118
v 0.073188 0.103286 0.158820
v 0.055831 0.094153 0.160039
v 0.061610 0.095764 0.158976
v 0.080626 0.094386 0.149249
v 0.083480 0.102617 0.153222
v 0.055967 0.085601 0.153990
v 0.092577 0.093342 0.141347
v 0.055120 0.069251 0.140681
v 0.068604 0.082310 0.146155
v 0.081441 0.086392 0.142765
v 0.105049 0.096050 0.134450
v 0.046604 0.056759 0.131259
v 0.048267 0.063045 0.137237
v 0.053084 0.064245 0.136629
v 0.060392 0.065719 0.135042
v 0.065497 0.065874 0.132803
v 0.079555 0.075263 0.134262
v 0.089013 0.081373 0.133863
v 0.059948 0.054525 0.123108
v 0.077243 0.067942 0.128451
v 0.090392 0.072620 0.124549
v 0.100219 0.078861 0.123258
v 0.126697 0.093129 0.111515
v 0.046500 0.043688 0.115374
v 0.056482 0.045612 0.113483
v 0.074153 0.053602 0.113899
v 0.087961 0.061662 0.114144
v 0.097338 0.072534 0.119104
v 0.110502 0.076920 0.112011
v 0.114143 0.084877 0.116734
v 0.132682 0.092272 0.103457
v 0.052021 0.037505 0.103885
v 0.069754 0.044232 0.103776
v 0.078942 0.050411 0.106231
v 0.084168 0.050958 0.102954
v 0.095655 0.058068 0.102970
v 0.099298 0.062278 0.105221
v 0.119575 0.078741 0.104403
v 0.139403 0.086374 0.086950
v 0.143170 0.093213 0.089474
v 0.033688 0.024474 0.089241
v 0.040577 0.027023 0.091336
v 0.047947 0.028890 0.091241
v 0.080356 0.041994 0.092041
v 0.089588 0.048476 0.094361
v 0.094687 0.049384 0.090793
v 0.104828 0.058286 0.093926
v 0.109285 0.062007 0.094377
v 0.117619 0.068086 0.093066
v 0.129365 0.078472 0.091637
v 0.150257 0.092811 0.076457
v 0.036722 0.019844 0.078135
v 0.043587 0.021364 0.078060
v 0.058145 0.026286 0.079628
v 0.065275 0.027942 0.077670
v 0.072832 0.032462 0.080747
v 0.079964 0.034666 0.078514
v 0.087355 0.039869 0.081355
v 0.093457 0.042826 0.080356
v 0.101409 0.048411 0.081413
v 0.106342 0.051277 0.080416
v 0.114711 0.057921 0.080920
v 0.127025 0.068179 0.079906
v 0.132444 0.074090 0.080678
v 0.138279 0.078910 0.078223
v 0.025195 0.011776 0.062062
v 0.037491 0.013517 0.061027
v 0.042456 0.016107 0.065487
v 0.056968 0.019420 0.063602
v 0.071721 0.025132 0.064591
v 0.086376 0.032128 0.065190
v 0.097270 0.039458 0.068229
v 0.102195 0.041253 0.065137
v 0.111170 0.048290 0.067215
v 0.126779 0.059744 0.064426
v 0.138243 0.070485 0.063365
v 0.163423 0.095855 0.048676
v 0.020514 0.007571 0.049681
v 0.034306 0.009131 0.048019
v 0.041403 0.011814 0.052761
v 0.048465 0.012102 0.047480
v 0.051899 0.013719 0.050094
v 0.063028 0.016725 0.048383
v 0.066659 0.018690 0.050810
v 0.081358 0.024989 0.051441
v 0.095463 0.031888 0.050225
v 0.107939 0.041670 0.056351
v 0.112229 0.043647 0.053430
v 0.119893 0.049468 0.053488
v 0.134670 0.061456 0.050681
v 0.145445 0.072412 0.049720
v 0.167927 0.097261 0.034200
v 0.016738 0.003851 0.034198
v 0.029636 0.005240 0.033338
v 0.032901 0.006167 0.035526
v 0.043468 0.008018 0.034173
v 0.046942 0.009271 0.036436
v 0.058005 0.012048 0.034903
v 0.062085 0.014170 0.038977
v 0.072249 0.017145 0.035327
v 0.075935 0.019131 0.037672
v 0.087244 0.025313 0.042084
v 0.094109 0.028896 0.042015
v 0.105997 0.035014 0.037897
v 0.116355 0.043340 0.042626
v 0.119556 0.045042 0.039913
v 0.132886 0.056377 0.040188
v 0.141508 0.063960 0.037052
v 0.151564 0.075009 0.036278
v 0.160358 0.086189 0.035351
v 0.016466 0.002218 0.023303
v 0.025191 0.002863 0.020720
v 0.029625 0.003862 0.024040
v 0.038631 0.005122 0.021236
v 0.042284 0.006356 0.025134
v 0.070382 0.014600 0.024034
v 0.077706 0.017385 0.022815
v 0.097675 0.027145 0.022055
v 0.109590 0.035410 0.028285
v 0.115539 0.038938 0.024733
v 0.120573 0.042522 0.023712
v 0.128518 0.049709 0.028310
v 0.132660 0.052508 0.023462
v 0.145193 0.064868 0.023822
v 0.156616 0.078146 0.023233
v 0.164729 0.089201 0.022619
v 0.174529 0.103243 0.010681
v 0.011359 0.000822 0.011647
v 0.025850 0.002224 0.012063
v 0.067699 0.012541 0.013694
v 0.075679 0.015468 0.011349
v 0.081892 0.018317 0.013893
v 0.096042 0.025216 0.011547
v 0.122827 0.042815 0.010781
v 0.144705 0.062931 0.013649
v 0.154255 0.073501 0.011125
v 0.057880 0.099403 0.162685
v 0.064558 0.100763 0.160999
v 0.062564 0.088429 0.153515
v 0.074552 0.096820 0.154038
v 0.054137 0.078546 0.149139
v 0.066715 0.085678 0.149677
v 0.070712 0.089304 0.150576
v 0.072979 0.085785 0.146815
v 0.084425 0.097307 0.149167
v 0.049861 0.066849 0.140383
v 0.064598 0.074706 0.141584
v 0.068720 0.078295 0.142780
v 0.071583 0.075578 0.138970
v 0.077462 0.082451 0.141770
v 0.082813 0.083886 0.139912
v 0.097601 0.095593 0.139611
v 0.055479 0.055612 0.126435
v 0.075419 0.071349 0.132934
v 0.080881 0.072715 0.131018
v 0.090666 0.079168 0.130724
v 0.093682 0.083954 0.132932
v 0.095612 0.079373 0.127344
v 0.107567 0.093287 0.130217
v 0.042587 0.045494 0.119275
v 0.051337 0.049785 0.121276
v 0.052111 0.045501 0.115424
v 0.064374 0.054134 0.120348
v 0.072869 0.060445 0.122962
v 0.076129 0.057348 0.117296
v 0.077127 0.064063 0.124424
v 0.079850 0.061362 0.119624
v 0.086362 0.068529 0.123132
v 0.091958 0.070272 0.120904
v 0.103608 0.077415 0.118916
v 0.104438 0.081896 0.122693
v 0.117513 0.093901 0.121852
v 0.119030 0.086585 0.113485
v 0.037669 0.036561 0.108514
v 0.041682 0.035478 0.105367
v 0.046018 0.035930 0.104261
v 0.051528 0.040625 0.108869
v 0.055924 0.041087 0.107339
v 0.061433 0.048829 0.115239
v 0.069785 0.049966 0.111895
v 0.072864 0.047026 0.105780
v 0.075325 0.051194 0.109917
v 0.083750 0.057707 0.112417
v 0.089224 0.059293 0.110177
v 0.103249 0.068545 0.109362
v 0.114104 0.076077 0.107344
v 0.117589 0.081125 0.109295
v 0.122150 0.082415 0.105643
v 0.128733 0.091370 0.107404
v 0.129068 0.086348 0.101659
v 0.034013 0.027144 0.094217
v 0.047556 0.031679 0.096504
v 0.051843 0.031943 0.094715
v 0.055253 0.035333 0.098679
v 0.059997 0.038455 0.101031
v 0.066363 0.037967 0.096117
v 0.076250 0.043843 0.098485
v 0.074245 0.039306 0.092539
v 0.080525 0.047430 0.100665
v 0.083507 0.044832 0.094046
v 0.086051 0.048963 0.098372
v 0.095321 0.054042 0.097495
v 0.099850 0.057646 0.098285
v 0.105099 0.063703 0.101370
v 0.105909 0.061519 0.097488
v 0.115710 0.070306 0.098432
v 0.112403 0.064668 0.094596
v 0.120038 0.072041 0.095486
v 0.127443 0.080591 0.096965
v 0.131732 0.082187 0.093132
v 0.135715 0.085555 0.091601
v 0.043357 0.023786 0.083525
v 0.047526 0.023910 0.081459
v 0.057247 0.028372 0.084655
v 0.052071 0.024629 0.080222
v 0.062149 0.029329 0.083102
v 0.066995 0.031408 0.083549
v 0.072396 0.035040 0.086286
v 0.076807 0.035919 0.084091
v 0.081040 0.039432 0.086879
v 0.091041 0.045804 0.088471
v 0.096461 0.047667 0.085916
v 0.102729 0.051423 0.085242
v 0.113037 0.059931 0.086585
v 0.109317 0.054537 0.082367
v 0.116800 0.064681 0.089097
v 0.117652 0.061474 0.082865
v 0.131727 0.076938 0.086078
v 0.136525 0.080800 0.083996
v 0.140470 0.082636 0.080012
v 0.146505 0.088503 0.077534
v 0.034120 0.014298 0.065291
v 0.037543 0.017666 0.072483
v 0.049414 0.021729 0.075347
v 0.047877 0.019410 0.070702
v 0.061742 0.023300 0.069712
v 0.067760 0.025868 0.070600
v 0.068180 0.027799 0.074772
v 0.072314 0.027750 0.070672
v 0.082505 0.033214 0.072607
v 0.078520 0.029695 0.068755
v 0.086942 0.034923 0.071287
v 0.092389 0.038593 0.072819
v 0.104295 0.044463 0.069466
v 0.109559 0.050254 0.073919
v 0.115808 0.055707 0.075270
v 0.120103 0.057465 0.071786
v 0.126288 0.061964 0.069969
v 0.132109 0.067947 0.070765
v 0.142892 0.077446 0.066852
v 0.142795 0.080436 0.072237
v 0.149764 0.086903 0.068467
v 0.030868 0.009272 0.050833
v 0.041766 0.013646 0.058653
v 0.049844 0.016343 0.060749
v 0.049981 0.014752 0.055617
v 0.059552 0.016913 0.053234
v 0.068321 0.022603 0.061321
v 0.071605 0.022444 0.056919
v 0.075906 0.025445 0.060527
v 0.083012 0.029237 0.061996
v 0.086258 0.029281 0.057484
v 0.090494 0.032719 0.060996
v 0.096549 0.035038 0.057939
v 0.105312 0.041504 0.060658
v 0.104270 0.038932 0.055444
v 0.110484 0.045597 0.062004
v 0.116325 0.050911 0.064272
v 0.114893 0.047951 0.059790
v 0.123411 0.055486 0.061479
v 0.125448 0.054280 0.054087
v 0.131468 0.062494 0.060843
v 0.127478 0.058064 0.059168
v 0.135257 0.066079 0.060577
v 0.138540 0.068204 0.057797
v 0.145878 0.077188 0.059510
v 0.148603 0.079162 0.056793
v 0.148951 0.081874 0.061394
v 0.156808 0.087155 0.050903
v 0.157986 0.094256 0.061463
v 0.161704 0.095579 0.053560
v 0.160128 0.091809 0.050678
v 0.022484 0.006476 0.044367
v 0.024226 0.005458 0.038559
v 0.036864 0.008475 0.043292
v 0.035880 0.007219 0.038249
v 0.039942 0.009702 0.045833
v 0.050083 0.010630 0.039234
v 0.053284 0.012592 0.044085
v 0.067882 0.017588 0.044912
v 0.077885 0.022504 0.048233
v 0.077703 0.020917 0.042251
v 0.082518 0.023881 0.045477
v 0.091072 0.028833 0.047981
v 0.100377 0.033859 0.047063
v 0.100838 0.032818 0.042188
v 0.105440 0.036256 0.044315
v 0.114011 0.042862 0.046936
v 0.112796 0.040540 0.041737
v 0.119021 0.047028 0.048250
v 0.124706 0.052385 0.050511
v 0.123144 0.049618 0.046027
v 0.131344 0.057268 0.047696
v 0.134637 0.059458 0.044991
v 0.141053 0.066578 0.047002
v 0.145248 0.070222 0.044380
v 0.152354 0.079182 0.045833
v 0.153712 0.078440 0.038832
v 0.155012 0.082805 0.046419
v 0.157266 0.083046 0.038754
v 0.162180 0.089595 0.037778
v 0.162316 0.092225 0.044301
v 0.010393 0.003037 0.032047
v 0.019841 0.003524 0.030559
v 0.034133 0.005424 0.029863
v 0.048104 0.008539 0.030648
v 0.052806 0.010324 0.033769
v 0.062452 0.012851 0.031305
v 0.073611 0.016270 0.027007
v 0.076957 0.018430 0.031792
v 0.085544 0.022782 0.034272
v 0.089896 0.023941 0.028680
v 0.094874 0.027432 0.033413
v 0.093227 0.025230 0.025841
v 0.103959 0.031790 0.028192
v 0.108717 0.035805 0.033426
v 0.113470 0.038505 0.030693
v 0.126075 0.048863 0.034111
v 0.135053 0.055933 0.030222
v 0.138135 0.059735 0.033879
v 0.141168 0.062184 0.031420
v 0.148608 0.070733 0.033384
v 0.151172 0.073059 0.030780
v 0.156666 0.080331 0.032447
v 0.159933 0.084105 0.030177
v 0.162049 0.086005 0.025769
v 0.170338 0.098780 0.025922
v 0.015016 0.001487 0.017346
v 0.029371 0.003111 0.017198
v 0.033618 0.004079 0.020082
v 0.042918 0.005674 0.017685
v 0.054428 0.008945 0.021253
v 0.054321 0.008381 0.015705
v 0.069470 0.013649 0.018972
v 0.082014 0.018810 0.018650
v 0.088753 0.022167 0.020018
v 0.089122 0.021873 0.015364
v 0.093964 0.024581 0.017372
v 0.102865 0.029944 0.020037
v 0.102932 0.029488 0.015407
v 0.107611 0.032610 0.017406
v 0.116284 0.038820 0.020027
v 0.116092 0.038160 0.015425
v 0.120552 0.041662 0.017332
v 0.125275 0.046120 0.023083
v 0.127066 0.046422 0.013307
v 0.134898 0.053770 0.018129
v 0.136857 0.056186 0.022330
v 0.145553 0.064310 0.017788
v 0.147795 0.067330 0.021683
v 0.153712 0.074002 0.020315
v 0.155923 0.076350 0.017883
v 0.164031 0.087249 0.017553
v 0.171491 0.098278 0.013335
v 0.173745 0.102726 0.016836
v 0.012783 0.000626 0.004774
v 0.018887 0.001095 0.003646
v 0.029089 0.002378 0.005643
v 0.037717 0.003856 0.005402
v 0.049491 0.006622 0.008950
v 0.047163 0.005838 0.000247
v 0.052493 0.007255 0.004040
v 0.055973 0.008393 0.008266
v 0.057453 0.008670 0.003497
v 0.065849 0.011403 0.003762
v 0.081576 0.017670 0.003645
v 0.084311 0.019100 0.008572
v 0.094824 0.024188 0.002293
v 0.103137 0.028916 0.001492
v 0.108314 0.032486 0.010524
v 0.118087 0.038884 0.002561
v 0.128973 0.047444 0.002616
v 0.138473 0.056065 0.004785
v 0.142083 0.059553 0.002195
v 0.148148 0.066011 0.004157
v 0.151114 0.069497 0.007674
v 0.158583 0.078563 0.005353
v 0.159993 0.080654 0.009427
v 0.161102 0.081782 -0.000018
v 0.167663 0.091287 0.002064
v 0.168102 0.092317 0.008922
v 0.171626 0.097877 0.007204
v 0.174518 0.102635 0.001089
v 0.170839 0.097791 -0.017346
v 0.173662 0.103285 -0.020528
v 0.169458 0.094153 -0.003645
v 0.170235 0.095766 -0.009468
v 0.166860 0.094387 -0.030559
v 0.171521 0.102619 -0.032045
v 0.163749 0.085602 -0.005643
v 0.163037 0.093342 -0.044368
v 0.150830 0.069252 -0.008950
v 0.160202 0.082311 -0.020082
v 0.160944 0.086393 -0.033339
v 0.160332 0.096050 -0.058360
v 0.139237 0.056759 -0.003761
v 0.145437 0.063047 -0.003498
v 0.146347 0.064247 -0.008266
v 0.147095 0.065718 -0.015703
v 0.146543 0.065875 -0.021253
v 0.154818 0.081375 -0.043292
v 0.135608 0.054525 -0.018972
v 0.146035 0.067943 -0.033770
v 0.146387 0.072621 -0.047480
v 0.148195 0.078862 -0.057225
v 0.145210 0.093129 -0.086036
v 0.124097 0.043689 -0.008572
v 0.125383 0.045613 -0.018649
v 0.135139 0.056995 -0.034453
v 0.135739 0.061663 -0.048384
v 0.143354 0.072534 -0.055769
v 0.140676 0.076920 -0.070481
v 0.146295 0.084878 -0.072481
v 0.139395 0.092272 -0.094218
v 0.114877 0.037506 -0.017373
v 0.120252 0.044233 -0.034273
v 0.123925 0.050958 -0.048234
v 0.126787 0.056549 -0.056920
v 0.128113 0.059557 -0.061323
v 0.136244 0.078741 -0.081460
v 0.128511 0.089140 -0.105367
v 0.130418 0.092889 -0.106913
v 0.095285 0.024474 -0.004462
v 0.099406 0.027023 -0.010367
v 0.101594 0.028891 -0.017405
v 0.112367 0.041994 -0.047981
v 0.114119 0.046500 -0.057484
v 0.115610 0.049384 -0.061996
v 0.121723 0.058287 -0.070672
v 0.124858 0.068086 -0.083103
v 0.123872 0.071605 -0.089833
v 0.127128 0.078471 -0.094716
v 0.119146 0.092810 -0.119277
v 0.085660 0.019844 -0.010780
v 0.087709 0.021364 -0.017332
v 0.093699 0.026286 -0.030693
v 0.098652 0.033112 -0.048064
v 0.104367 0.039869 -0.057939
v 0.104144 0.042597 -0.065350
v 0.108766 0.048411 -0.071287
v 0.108217 0.051602 -0.078487
v 0.112408 0.057921 -0.084091
v 0.115215 0.063438 -0.089303
v 0.115248 0.068178 -0.096116
v 0.117657 0.074090 -0.101031
v 0.117124 0.078910 -0.107339
v 0.066811 0.011776 -0.004784
v 0.069626 0.013517 -0.016798
v 0.075402 0.016107 -0.020142
v 0.078094 0.019421 -0.034525
v 0.083593 0.025132 -0.048250
v 0.088691 0.032128 -0.062004
v 0.097151 0.042818 -0.075787
v 0.098279 0.048291 -0.084958
v 0.100450 0.059744 -0.100665
v 0.102984 0.070484 -0.111895
v 0.096794 0.095855 -0.140383
v 0.053589 0.007571 -0.004158
v 0.056270 0.009131 -0.017789
v 0.062974 0.011814 -0.023073
v 0.060133 0.012102 -0.031421
v 0.063681 0.013719 -0.033879
v 0.065492 0.016724 -0.044992
v 0.068923 0.018691 -0.047696
v 0.074065 0.024989 -0.061480
v 0.077268 0.031888 -0.075270
v 0.086319 0.040843 -0.084347
v 0.085497 0.043647 -0.090225
v 0.087918 0.049468 -0.097496
v 0.089816 0.061455 -0.112417
v 0.092232 0.072412 -0.122961
v 0.084419 0.097261 -0.149140
v 0.037697 0.003851 -0.005351
v 0.040865 0.005240 -0.017884
v 0.043954 0.006167 -0.020313
v 0.045933 0.008018 -0.030781
v 0.049158 0.009271 -0.033385
v 0.051119 0.012048 -0.044381
v 0.056254 0.014170 -0.047002
v 0.055924 0.017145 -0.057797
v 0.059293 0.019131 -0.060577
v 0.061730 0.023296 -0.069711
v 0.071863 0.034576 -0.085830
v 0.072056 0.040089 -0.095574
v 0.076496 0.043341 -0.097488
v 0.079284 0.056376 -0.113963
v 0.078967 0.063960 -0.123132
v 0.081339 0.075009 -0.132935
v 0.083175 0.086187 -0.141584
v 0.027251 0.002218 -0.008460
v 0.027490 0.002863 -0.017555
v 0.032018 0.003862 -0.020747
v 0.032134 0.005122 -0.030178
v 0.036971 0.006356 -0.032447
v 0.044608 0.014599 -0.059510
v 0.045711 0.017385 -0.066852
v 0.054599 0.021886 -0.072085
v 0.051158 0.027144 -0.086079
v 0.060766 0.035410 -0.095486
v 0.059226 0.038938 -0.102241
v 0.059810 0.042522 -0.107345
v 0.061102 0.045860 -0.111406
v 0.067524 0.064867 -0.130725
v 0.070493 0.078144 -0.141770
v 0.072417 0.089200 -0.149675
v 0.064090 0.103242 -0.162686
v 0.014587 0.000822 -0.007204
v 0.019460 0.002224 -0.020857
v 0.033943 0.012541 -0.060154
v 0.034179 0.015468 -0.068468
v 0.038519 0.018317 -0.073591
v 0.040660 0.025215 -0.087773
v 0.048208 0.042815 -0.113484
v 0.057696 0.062930 -0.133405
v 0.058248 0.073500 -0.143267
v 0.172609 0.099404 -0.004774
v 0.173070 0.100765 -0.011647
v 0.165336 0.088432 -0.012062
v 0.169538 0.096821 -0.023304
v 0.158569 0.078546 -0.005402
v 0.162967 0.085678 -0.017198
v 0.165059 0.089307 -0.020721
v 0.162181 0.085786 -0.024039
v 0.167955 0.097307 -0.034196
v 0.148921 0.066850 -0.004040
v 0.154619 0.074709 -0.017686
v 0.157027 0.078295 -0.021236
v 0.154291 0.075580 -0.025134
v 0.158769 0.082452 -0.029862
v 0.158655 0.083887 -0.035527
v 0.162939 0.095594 -0.049682
v 0.137392 0.055613 -0.013693
v 0.149735 0.071350 -0.030648
v 0.152132 0.075098 -0.034204
v 0.149599 0.072716 -0.036436
v 0.152345 0.079170 -0.045833
v 0.155376 0.083956 -0.048019
v 0.150658 0.079375 -0.051581
v 0.157084 0.093287 -0.062063
v 0.126600 0.045496 -0.003645
v 0.131205 0.049785 -0.011350
v 0.125878 0.045502 -0.013894
v 0.134350 0.054134 -0.024033
v 0.139462 0.060446 -0.031305
v 0.142168 0.064063 -0.034904
v 0.139252 0.061640 -0.036997
v 0.143793 0.068529 -0.044084
v 0.143404 0.070272 -0.050094
v 0.145113 0.077415 -0.061790
v 0.148961 0.081896 -0.061412
v 0.152201 0.093901 -0.074108
v 0.144713 0.086586 -0.078136
v 0.114844 0.036561 -0.002292
v 0.113092 0.035479 -0.007082
v 0.113380 0.035931 -0.011548
v 0.119465 0.040626 -0.015364
v 0.119367 0.041087 -0.020019
v 0.128583 0.048829 -0.022816
v 0.118634 0.041814 -0.028390
v 0.127984 0.049967 -0.031793
v 0.130459 0.053003 -0.035741
v 0.125114 0.049382 -0.039522
v 0.132795 0.057706 -0.044912
v 0.132356 0.059293 -0.050811
v 0.135915 0.068545 -0.064401
v 0.137351 0.076077 -0.075347
v 0.140284 0.081126 -0.078060
v 0.138220 0.082415 -0.083526
v 0.141929 0.091371 -0.089243
v 0.136568 0.086348 -0.091336
v 0.100118 0.027144 -0.003235
v 0.106478 0.031680 -0.015407
v 0.106100 0.031943 -0.020038
v 0.110924 0.035333 -0.022055
v 0.114626 0.038455 -0.025841
v 0.111920 0.037967 -0.033414
v 0.117227 0.043843 -0.042085
v 0.110953 0.039306 -0.042015
v 0.120622 0.047430 -0.045476
v 0.115249 0.044833 -0.050359
v 0.120150 0.048963 -0.051442
v 0.122179 0.054043 -0.060528
v 0.124331 0.057647 -0.064592
v 0.128887 0.063704 -0.068630
v 0.125445 0.061519 -0.070600
v 0.125137 0.064036 -0.075846
v 0.129371 0.070306 -0.079628
v 0.127907 0.072041 -0.084655
v 0.131601 0.080591 -0.091242
v 0.129281 0.082187 -0.096505
v 0.132980 0.091238 -0.101955
v 0.092836 0.023787 -0.015425
v 0.092160 0.023911 -0.020028
v 0.098203 0.028372 -0.028286
v 0.092387 0.024629 -0.024733
v 0.098241 0.029330 -0.033427
v 0.101522 0.033146 -0.041823
v 0.106755 0.035876 -0.039566
v 0.103710 0.035919 -0.047063
v 0.107671 0.039433 -0.050226
v 0.109150 0.044249 -0.060996
v 0.111520 0.047668 -0.065190
v 0.112280 0.051616 -0.072607
v 0.115193 0.057213 -0.078971
v 0.117420 0.061743 -0.083629
v 0.122571 0.076938 -0.098681
v 0.122074 0.080800 -0.103885
v 0.119503 0.082636 -0.108869
v 0.119013 0.088503 -0.115374
v 0.072640 0.014298 -0.012274
v 0.080538 0.017667 -0.013308
v 0.086929 0.021729 -0.023712
v 0.082037 0.019410 -0.023687
v 0.085379 0.023300 -0.037178
v 0.092420 0.027269 -0.038995
v 0.088084 0.025868 -0.042627
v 0.089560 0.027751 -0.046936
v 0.094549 0.033214 -0.056030
v 0.089654 0.029695 -0.053431
v 0.094665 0.034923 -0.060658
v 0.097153 0.040385 -0.070580
v 0.092866 0.037507 -0.069762
v 0.101203 0.042908 -0.070520
v 0.104158 0.050254 -0.081355
v 0.098598 0.045231 -0.078852
v 0.107373 0.055707 -0.086880
v 0.105387 0.057464 -0.092041
v 0.105570 0.061964 -0.098485
v 0.108126 0.067948 -0.103776
v 0.107736 0.077445 -0.115240
v 0.112827 0.080435 -0.113483
v 0.111396 0.086903 -0.121276
v 0.057884 0.009273 -0.013649
v 0.068689 0.013646 -0.021597
v 0.073179 0.016344 -0.028632
v 0.068341 0.014753 -0.030348
v 0.069032 0.016913 -0.040187
v 0.078887 0.021456 -0.042402
v 0.077869 0.022496 -0.048229
v 0.081021 0.025445 -0.053488
v 0.073872 0.022359 -0.053672
v 0.084614 0.029238 -0.059791
v 0.078953 0.027206 -0.061630
v 0.083448 0.030620 -0.065105
v 0.084939 0.035038 -0.073920
v 0.090232 0.041504 -0.081414
v 0.084392 0.036958 -0.078668
v 0.093111 0.045598 -0.085917
v 0.097074 0.050912 -0.090770
v 0.092369 0.047951 -0.090794
v 0.096606 0.055486 -0.098372
v 0.090205 0.054281 -0.102594
v 0.098491 0.062493 -0.106231
v 0.095665 0.058064 -0.102955
v 0.099408 0.066078 -0.109917
v 0.097779 0.068204 -0.113899
v 0.101676 0.077186 -0.120347
v 0.096527 0.077767 -0.125100
v 0.103306 0.081321 -0.123109
v 0.096868 0.087155 -0.133403
v 0.107276 0.094255 -0.131259
v 0.100909 0.095579 -0.137237
v 0.097681 0.091807 -0.136629
v 0.049144 0.006476 -0.007674
v 0.044159 0.005458 -0.011126
v 0.052565 0.008475 -0.021682
v 0.047465 0.007219 -0.022304
v 0.055933 0.009702 -0.023824
v 0.052790 0.010630 -0.035508
v 0.058393 0.012592 -0.037053
v 0.063691 0.017589 -0.050681
v 0.069940 0.022504 -0.059168
v 0.064194 0.020917 -0.060844
v 0.068751 0.023881 -0.064426
v 0.073775 0.028833 -0.071787
v 0.069748 0.029780 -0.077823
v 0.075777 0.033859 -0.080920
v 0.068238 0.031117 -0.081980
v 0.078204 0.037128 -0.085152
v 0.073494 0.038261 -0.091282
v 0.079870 0.042862 -0.093927
v 0.082669 0.047028 -0.098286
v 0.076154 0.046248 -0.102267
v 0.086574 0.052384 -0.102993
v 0.081827 0.049618 -0.102894
v 0.085948 0.057269 -0.110177
v 0.084394 0.059457 -0.114144
v 0.088289 0.066578 -0.119625
v 0.087091 0.070222 -0.124425
v 0.083571 0.071853 -0.128452
v 0.084430 0.078439 -0.134189
v 0.093096 0.085931 -0.135043
v 0.090674 0.081434 -0.132803
v 0.086046 0.089596 -0.142569
v 0.092293 0.092225 -0.140681
v 0.033690 0.003037 0.000018
v 0.035194 0.003524 -0.009427
v 0.038949 0.005424 -0.023235
v 0.044013 0.008539 -0.036279
v 0.048434 0.010324 -0.039787
v 0.049072 0.012851 -0.049721
v 0.048432 0.016270 -0.061663
v 0.054017 0.018430 -0.063366
v 0.055055 0.023941 -0.076633
v 0.061096 0.027432 -0.079905
v 0.053385 0.025230 -0.080679
v 0.065385 0.035804 -0.093067
v 0.059511 0.031926 -0.090049
v 0.064254 0.038505 -0.098432
v 0.072397 0.044611 -0.102506
v 0.071954 0.049392 -0.109725
v 0.065462 0.049040 -0.113264
v 0.070619 0.056028 -0.119135
v 0.067878 0.052412 -0.116254
v 0.074906 0.059734 -0.120905
v 0.073506 0.062185 -0.124550
v 0.077674 0.070733 -0.131018
v 0.076143 0.072997 -0.134117
v 0.079271 0.080331 -0.138972
v 0.078121 0.084105 -0.142780
v 0.074581 0.086004 -0.146155
v 0.077290 0.098779 -0.153990
v 0.021137 0.001487 -0.008921
v 0.025433 0.003111 -0.022619
v 0.029488 0.004079 -0.025767
v 0.030082 0.005674 -0.035353
v 0.037032 0.008945 -0.045197
v 0.031722 0.008381 -0.046809
v 0.039511 0.013649 -0.060207
v 0.043081 0.018810 -0.072237
v 0.046464 0.022166 -0.078223
v 0.042151 0.021873 -0.080012
v 0.045558 0.024581 -0.083996
v 0.050843 0.029943 -0.091638
v 0.046461 0.029488 -0.093133
v 0.049807 0.032610 -0.096965
v 0.054981 0.038820 -0.104403
v 0.050542 0.038160 -0.105644
v 0.053736 0.041662 -0.109295
v 0.051921 0.046422 -0.116735
v 0.059562 0.050318 -0.118133
v 0.057896 0.054326 -0.123827
v 0.062554 0.055222 -0.122633
v 0.065253 0.059514 -0.126165
v 0.061897 0.064310 -0.132932
v 0.066292 0.067331 -0.133863
v 0.066817 0.074000 -0.139912
v 0.065191 0.076349 -0.142765
v 0.067382 0.087248 -0.150577
v 0.065675 0.098278 -0.158977
v 0.069702 0.102725 -0.160039
v 0.008491 0.000626 -0.010682
v 0.009304 0.001095 -0.016836
v 0.014356 0.002378 -0.025922
v 0.016792 0.003856 -0.034201
v 0.023805 0.006622 -0.044303
v 0.014809 0.005838 -0.044778
v 0.020064 0.007255 -0.048675
v 0.025158 0.008393 -0.050679
v 0.021079 0.008669 -0.053560
v 0.023926 0.011403 -0.061463
v 0.028674 0.017669 -0.076456
v 0.034205 0.019099 -0.077535
v 0.036579 0.025271 -0.089660
v 0.031482 0.024188 -0.089474
v 0.043930 0.033731 -0.101659
v 0.039589 0.036277 -0.107404
v 0.038926 0.038883 -0.111516
v 0.042342 0.047443 -0.121852
v 0.052961 0.051980 -0.123278
v 0.047339 0.056064 -0.130217
v 0.045994 0.059552 -0.134450
v 0.049733 0.066010 -0.139612
v 0.053994 0.069496 -0.141347
v 0.054094 0.078561 -0.149167
v 0.058405 0.080653 -0.149249
v 0.049766 0.081782 -0.153222
v 0.053772 0.091285 -0.158819
v 0.060430 0.092316 -0.157118
v 0.059886 0.097877 -0.161000
v 0.054962 0.102634 -0.165641
v -0.141615 0.103693 0.103017
v -0.141241 0.092316 0.091589
v -0.136854 0.091284 0.096880
v -0.150459 0.102725 0.088503
v -0.146579 0.098278 0.090009
v -0.134978 0.080653 0.086414
v -0.130323 0.081781 0.094707
v -0.153043 0.098779 0.079150
v -0.126765 0.069496 0.082613
v -0.157357 0.092225 0.059565
v -0.146246 0.086006 0.074404
v -0.136655 0.076349 0.077181
v -0.116238 0.059552 0.081737
v -0.163941 0.094256 0.043136
v -0.162304 0.095579 0.051714
v -0.159335 0.091808 0.053120
v -0.152693 0.082805 0.053559
v -0.150009 0.083046 0.061087
v -0.132314 0.067331 0.069331
v -0.156590 0.081874 0.037884
v -0.132676 0.062184 0.057556
v -0.122689 0.055222 0.062442
v -0.097040 0.038884 0.067337
v -0.164098 0.088502 0.023385
v -0.157983 0.080435 0.025491
v -0.145801 0.069386 0.039775
v -0.135369 0.059458 0.042738
v -0.127158 0.056028 0.054872
v -0.123247 0.052412 0.054152
v -0.110620 0.046422 0.063921
v -0.090757 0.033147 0.061940
v -0.163638 0.085555 0.005665
v -0.159823 0.080801 0.012293
v -0.137910 0.058064 0.027063
v -0.130578 0.052384 0.032435
v -0.126680 0.049618 0.035145
v -0.118822 0.044611 0.040374
v -0.105847 0.038820 0.052146
v -0.078062 0.024188 0.053880
v -0.167278 0.091370 -0.011225
v -0.164171 0.086347 -0.006380
v -0.160099 0.080591 -0.003537
v -0.139361 0.057465 0.012518
v -0.131888 0.050911 0.016375
v -0.128095 0.047951 0.019160
v -0.119826 0.042862 0.029042
v -0.115786 0.040540 0.032533
v -0.107601 0.035804 0.036858
v -0.094997 0.029943 0.044251
v -0.068138 0.017669 0.044999
v -0.163003 0.086586 -0.021845
v -0.159374 0.081125 -0.019305
v -0.151467 0.070305 -0.011620
v -0.146538 0.064669 -0.010460
v -0.142343 0.059931 -0.003608
v -0.136854 0.054538 -0.002382
v -0.132084 0.050254 0.004595
v -0.126116 0.045232 0.005839
v -0.120853 0.041504 0.012828
v -0.116409 0.038374 0.014824
v -0.108869 0.033859 0.020925
v -0.096394 0.027432 0.028733
v -0.090611 0.025229 0.033891
v -0.083569 0.022166 0.035972
v -0.163564 0.093288 -0.042123
v -0.157246 0.083067 -0.038812
v -0.156198 0.079786 -0.032536
v -0.147441 0.068287 -0.028505
v -0.138552 0.057647 -0.020824
v -0.128539 0.047668 -0.012810
v -0.121080 0.041202 -0.003633
v -0.116181 0.037599 -0.003898
v -0.105779 0.030620 0.003621
v -0.093489 0.023881 0.011711
v -0.080946 0.018430 0.019513
v -0.044843 0.007255 0.027585
v -0.161022 0.095593 -0.055582
v -0.153927 0.083955 -0.052479
v -0.152205 0.078808 -0.045366
v -0.146338 0.072621 -0.047631
v -0.145462 0.070272 -0.043763
v -0.138255 0.061662 -0.040641
v -0.136944 0.059293 -0.036691
v -0.127440 0.048963 -0.029005
v -0.116629 0.039432 -0.022653
v -0.108637 0.032649 -0.009276
v -0.103938 0.029695 -0.009471
v -0.096987 0.025445 -0.004351
v -0.091311 0.022359 -0.000000
v -0.081317 0.017589 0.003565
v -0.068925 0.012851 0.011381
v -0.033689 0.003856 0.017799
v -0.155980 0.097308 -0.071054
v -0.149803 0.086394 -0.067629
v -0.149236 0.083886 -0.064513
v -0.143279 0.075263 -0.061858
v -0.142444 0.072715 -0.058455
v -0.135533 0.064064 -0.055327
v -0.134915 0.061363 -0.049843
v -0.126939 0.053602 -0.048559
v -0.125547 0.051194 -0.044650
v -0.119576 0.043843 -0.034858
v -0.114459 0.039306 -0.031225
v -0.106716 0.033146 -0.025838
v -0.097690 0.027269 -0.022775
v -0.096317 0.025868 -0.017289
v -0.079469 0.016913 -0.008064
v -0.069020 0.012592 -0.004346
v -0.056932 0.008539 0.003480
v -0.045117 0.005674 0.010919
v -0.150856 0.096820 -0.080798
v -0.145715 0.089306 -0.080256
v -0.145338 0.085785 -0.075878
v -0.139519 0.078293 -0.075117
v -0.139597 0.075579 -0.070355
v -0.131464 0.064871 -0.066080
v -0.124038 0.056576 -0.062881
v -0.122819 0.054134 -0.059525
v -0.117438 0.048830 -0.057121
v -0.102704 0.035333 -0.047356
v -0.096074 0.028372 -0.034838
v -0.089280 0.024629 -0.034294
v -0.084265 0.021729 -0.031912
v -0.080292 0.019410 -0.029058
v -0.059254 0.009702 -0.013602
v -0.045167 0.005424 -0.004097
v -0.033871 0.003111 0.003350
v -0.013148 0.000626 0.003651
v -0.145181 0.098681 -0.092687
v -0.140849 0.088430 -0.087422
v -0.119202 0.055613 -0.069678
v -0.112817 0.049785 -0.067939
v -0.110004 0.045501 -0.062749
v -0.098514 0.035931 -0.057301
v -0.075637 0.019844 -0.041628
v -0.054852 0.009273 -0.022981
v -0.042265 0.005458 -0.016955
v -0.147474 0.103240 0.093942
v -0.143083 0.097876 0.095050
v -0.148331 0.094145 0.081986
v -0.138228 0.087173 0.089972
v -0.155959 0.097261 0.071035
v -0.146564 0.089199 0.078524
v -0.143022 0.087248 0.082212
v -0.142537 0.083645 0.077913
v -0.131442 0.078562 0.088882
v -0.160823 0.095855 0.056678
v -0.150512 0.086187 0.065654
v -0.147126 0.084104 0.069589
v -0.145817 0.080330 0.065835
v -0.140361 0.078145 0.073259
v -0.136294 0.074000 0.073916
v -0.122298 0.066010 0.083714
v -0.158723 0.085805 0.040963
v -0.150196 0.079181 0.052470
v -0.143942 0.075009 0.059737
v -0.140433 0.072997 0.063746
v -0.139850 0.070733 0.060340
v -0.131467 0.064867 0.066066
v -0.128211 0.064310 0.071162
v -0.126949 0.059514 0.063714
v -0.114839 0.056065 0.077522
v -0.166501 0.092811 0.026464
v -0.161406 0.086902 0.032636
v -0.160786 0.084296 0.025854
v -0.153605 0.079163 0.041400
v -0.152996 0.077187 0.037600
v -0.146893 0.072412 0.045264
v -0.143595 0.070223 0.049470
v -0.142943 0.068163 0.045714
v -0.136262 0.063960 0.053199
v -0.131667 0.059734 0.053784
v -0.119623 0.054326 0.066147
v -0.117624 0.050318 0.060561
v -0.105879 0.047443 0.073691
v -0.105706 0.042815 0.063474
v -0.168419 0.093215 0.011768
v -0.163888 0.086375 0.011593
v -0.160671 0.082635 0.017834
v -0.157849 0.078911 0.017993
v -0.154898 0.077447 0.029904
v -0.151500 0.071509 0.020968
v -0.149086 0.070484 0.029993
v -0.145920 0.067799 0.033694
v -0.144163 0.064441 0.027244
v -0.138740 0.061455 0.038154
v -0.134295 0.057269 0.038615
v -0.122707 0.049392 0.046475
v -0.114916 0.045860 0.054213
v -0.111483 0.042522 0.051687
v -0.107715 0.041661 0.056836
v -0.102986 0.038159 0.055757
v -0.095160 0.036277 0.063621
v -0.095295 0.033731 0.056421
v -0.161315 0.082187 0.002083
v -0.158522 0.078473 0.001901
v -0.157165 0.076938 0.007788
v -0.154572 0.074091 0.012579
v -0.149733 0.068178 0.010020
v -0.146505 0.065762 0.020273
v -0.140435 0.059743 0.022397
v -0.137346 0.055915 0.016461
v -0.135978 0.055486 0.022800
v -0.128434 0.049468 0.027199
v -0.124652 0.047028 0.030922
v -0.119188 0.043340 0.033906
v -0.109839 0.038504 0.041864
v -0.112859 0.038941 0.034928
v -0.105286 0.035410 0.041532
v -0.097289 0.032609 0.049169
v -0.092330 0.029488 0.048036
v -0.160917 0.082414 -0.013669
v -0.158104 0.078740 -0.014181
v -0.153238 0.072041 -0.006694
v -0.155213 0.074997 -0.013609
v -0.149858 0.068085 -0.006156
v -0.146863 0.064680 -0.003430
v -0.143890 0.061474 0.002114
v -0.140368 0.057922 0.001959
v -0.137934 0.055707 0.007175
v -0.129447 0.048291 0.010966
v -0.125828 0.045597 0.014778
v -0.120447 0.041671 0.017855
v -0.111350 0.036255 0.026124
v -0.114119 0.037170 0.018899
v -0.108029 0.035014 0.031643
v -0.106377 0.032817 0.025139
v -0.091984 0.027144 0.039568
v -0.086229 0.024581 0.041176
v -0.081132 0.021873 0.039954
v -0.073247 0.019099 0.042621
v -0.160408 0.086433 -0.035837
v -0.160959 0.084878 -0.027349
v -0.155407 0.076076 -0.019775
v -0.154911 0.076414 -0.025157
v -0.146498 0.065753 -0.020268
v -0.142984 0.061518 -0.016617
v -0.143887 0.062007 -0.012118
v -0.140017 0.058287 -0.014372
v -0.133213 0.051423 -0.008581
v -0.135237 0.053606 -0.013270
v -0.134031 0.051984 -0.004020
v -0.129895 0.048411 -0.006259
v -0.125487 0.044623 -0.001632
v -0.123143 0.042818 0.004209
v -0.119326 0.039838 0.001422
v -0.112166 0.035038 0.009876
v -0.113280 0.035523 0.003131
v -0.106754 0.031888 0.015478
v -0.101880 0.028832 0.014712
v -0.095318 0.025312 0.017233
v -0.089351 0.022781 0.022554
v -0.076276 0.017385 0.027216
v -0.077313 0.018810 0.033118
v -0.067896 0.015468 0.035301
v -0.156722 0.087094 -0.051031
v -0.154211 0.079303 -0.039540
v -0.150568 0.073283 -0.034303
v -0.148653 0.072449 -0.039256
v -0.142227 0.064855 -0.037533
v -0.139691 0.059558 -0.025693
v -0.136029 0.056548 -0.028475
v -0.134423 0.054043 -0.022848
v -0.129971 0.049384 -0.017797
v -0.126113 0.046499 -0.020571
v -0.124157 0.044249 -0.014809
v -0.118491 0.039870 -0.014472
v -0.112240 0.034924 -0.006569
v -0.112047 0.035242 -0.013876
v -0.108198 0.032128 -0.001969
v -0.100100 0.027206 0.003452
v -0.103598 0.029237 -0.001363
v -0.096057 0.024989 0.006203
v -0.087697 0.020917 0.011490
v -0.091361 0.022504 0.006758
v -0.083576 0.019131 0.014156
v -0.079216 0.017145 0.013887
v -0.071068 0.014600 0.021925
v -0.065846 0.012239 0.017850
v -0.067354 0.013649 0.025484
v -0.054841 0.009281 0.023076
v -0.055484 0.011403 0.035661
v -0.048536 0.008669 0.030940
v -0.050141 0.008393 0.026212
v -0.157978 0.093341 -0.059935
v -0.154672 0.091328 -0.064712
v -0.150697 0.081375 -0.055976
v -0.148999 0.081693 -0.060974
v -0.150189 0.079169 -0.052465
v -0.141971 0.070516 -0.054651
v -0.142244 0.068530 -0.048854
v -0.133832 0.057706 -0.041720
v -0.128609 0.050959 -0.033820
v -0.126307 0.050411 -0.039541
v -0.124316 0.047430 -0.034108
v -0.119110 0.041995 -0.027231
v -0.111566 0.035919 -0.022885
v -0.109622 0.035876 -0.030739
v -0.108061 0.033111 -0.019101
v -0.101913 0.029706 -0.022513
v -0.100044 0.027751 -0.014670
v -0.095989 0.025132 -0.010100
v -0.091547 0.023197 -0.016051
v -0.091345 0.022495 -0.006753
v -0.088745 0.021457 -0.012064
v -0.083794 0.018690 -0.001926
v -0.079430 0.016724 -0.002096
v -0.073138 0.014170 0.004960
v -0.067443 0.012048 0.005857
v -0.062570 0.010324 0.003719
v -0.055172 0.008152 0.007913
v -0.053178 0.008381 0.019223
v -0.056526 0.008945 0.014797
v -0.043416 0.005566 0.015152
v -0.045299 0.006621 0.021849
v -0.157599 0.102618 -0.074890
v -0.152773 0.095179 -0.074833
v -0.152705 0.093028 -0.071838
v -0.146000 0.082452 -0.069162
v -0.139152 0.071349 -0.063217
v -0.130925 0.062583 -0.062326
v -0.131228 0.060445 -0.056646
v -0.122189 0.051993 -0.055392
v -0.122228 0.049966 -0.049506
v -0.117431 0.044233 -0.042955
v -0.111730 0.040858 -0.045726
v -0.110186 0.037967 -0.038753
v -0.107924 0.038455 -0.046470
v -0.099126 0.029330 -0.030701
v -0.100891 0.031785 -0.037737
v -0.093845 0.026286 -0.030244
v -0.090926 0.023300 -0.020107
v -0.083473 0.019420 -0.017971
v -0.078965 0.018047 -0.023678
v -0.073127 0.014753 -0.015617
v -0.076033 0.016344 -0.019850
v -0.071432 0.013719 -0.010023
v -0.067117 0.012102 -0.009925
v -0.059394 0.009271 -0.001886
v -0.055253 0.008018 -0.002097
v -0.048982 0.006356 0.004519
v -0.043736 0.005122 0.005526
v -0.039002 0.004079 0.003513
v -0.026851 0.002378 0.012533
v -0.148212 0.098191 -0.087196
v -0.141953 0.085678 -0.081875
v -0.141410 0.082311 -0.077917
v -0.135483 0.074707 -0.076574
v -0.134585 0.071262 -0.072291
v -0.129722 0.065257 -0.070249
v -0.119812 0.053778 -0.064603
v -0.112399 0.045612 -0.058609
v -0.108337 0.041087 -0.053966
v -0.105680 0.040626 -0.057790
v -0.103149 0.037506 -0.053468
v -0.097615 0.031943 -0.046153
v -0.095199 0.031679 -0.050120
v -0.092421 0.028890 -0.045633
v -0.086331 0.023911 -0.037967
v -0.084173 0.023787 -0.042089
v -0.081146 0.021364 -0.037532
v -0.072978 0.017666 -0.036573
v -0.072841 0.016107 -0.028025
v -0.066202 0.013517 -0.027335
v -0.068265 0.013646 -0.022902
v -0.064509 0.011814 -0.018349
v -0.055980 0.009131 -0.018683
v -0.055271 0.008475 -0.013356
v -0.047499 0.006167 -0.009402
v -0.043572 0.005240 -0.009552
v -0.032559 0.002863 -0.001956
v -0.019398 0.001122 0.002390
v -0.017423 0.001095 0.008152
v -0.142856 0.099911 -0.097521
v -0.141376 0.096355 -0.095961
v -0.137611 0.089312 -0.093497
v -0.135793 0.085601 -0.091683
v -0.131461 0.078546 -0.088834
v -0.127283 0.069251 -0.081415
v -0.123579 0.070983 -0.089478
v -0.122855 0.066850 -0.084264
v -0.123256 0.064246 -0.079331
v -0.119716 0.063046 -0.082656
v -0.114857 0.056759 -0.078797
v -0.104563 0.045495 -0.071463
v -0.105435 0.043689 -0.066007
v -0.094258 0.036561 -0.065648
v -0.087359 0.031240 -0.061625
v -0.086514 0.027023 -0.050042
v -0.079710 0.024474 -0.052396
v -0.075365 0.022326 -0.051589
v -0.065265 0.016417 -0.044183
v -0.065981 0.014298 -0.032767
v -0.056864 0.011776 -0.035400
v -0.051512 0.010107 -0.034711
v -0.045798 0.007571 -0.028135
v -0.044269 0.006476 -0.022678
v -0.033642 0.003851 -0.017828
v -0.034014 0.003524 -0.013061
v -0.027246 0.003037 -0.019817
v -0.019218 0.001420 -0.011413
v -0.022344 0.001487 -0.005207
v -0.016036 0.000822 -0.002746
v -0.007953 0.000363 -0.004432
v 0.047770 0.108616 -0.171200
v 0.036295 0.097791 -0.167838
v 0.034139 0.103285 -0.171507
v 0.048898 0.094152 -0.162291
v 0.043600 0.095766 -0.164829
v 0.022498 0.094386 -0.168136
v 0.022525 0.102618 -0.173028
v 0.045233 0.085601 -0.157478
v 0.008184 0.093342 -0.168768
v 0.038096 0.069252 -0.146213
v 0.030406 0.082310 -0.158566
v 0.018027 0.086393 -0.163369
v -0.005960 0.096049 -0.170519
v 0.039447 0.056758 -0.133585
v 0.041615 0.063045 -0.139399
v 0.037361 0.064245 -0.141737
v 0.026724 0.065256 -0.145080
v 0.027162 0.071263 -0.150338
v 0.006668 0.081373 -0.160618
v 0.024417 0.053778 -0.133912
v 0.000079 0.072620 -0.153894
v -0.010049 0.079302 -0.158882
v -0.036953 0.093128 -0.164689
v 0.030195 0.043688 -0.120672
v 0.021008 0.045613 -0.125009
v 0.006956 0.053601 -0.135732
v -0.004070 0.061662 -0.144047
v -0.008601 0.072449 -0.153508
v -0.013905 0.073283 -0.153799
v -0.023729 0.084876 -0.161531
v -0.046532 0.092272 -0.161687
v 0.018976 0.037505 -0.114622
v 0.004564 0.044232 -0.124957
v -0.001425 0.050411 -0.132343
v -0.007578 0.050958 -0.132765
v -0.016863 0.058068 -0.139530
v -0.018487 0.062278 -0.143491
v -0.025995 0.065753 -0.145590
v -0.035372 0.078740 -0.154747
v -0.063237 0.093214 -0.156539
v 0.025199 0.024474 -0.091999
v 0.020858 0.027023 -0.097743
v 0.014840 0.028890 -0.101999
v -0.010910 0.041994 -0.121694
v -0.017015 0.048476 -0.128998
v -0.023237 0.049384 -0.129109
v -0.029600 0.058287 -0.137605
v -0.040454 0.068086 -0.144427
v -0.047158 0.071605 -0.145569
v -0.050796 0.078472 -0.150175
v -0.076621 0.092810 -0.150173
v 0.016217 0.019844 -0.084798
v 0.010619 0.021364 -0.088771
v -0.000236 0.026286 -0.098598
v -0.007156 0.027942 -0.101204
v -0.011461 0.032462 -0.108136
v -0.018544 0.034666 -0.110520
v -0.022853 0.039869 -0.117163
v -0.034188 0.048411 -0.125472
v -0.041205 0.051602 -0.127175
v -0.045240 0.057920 -0.132891
v -0.049329 0.063438 -0.137172
v -0.055799 0.068178 -0.139308
v -0.059730 0.074090 -0.143118
v -0.065893 0.078909 -0.144561
v 0.016095 0.011776 -0.065019
v 0.005539 0.013517 -0.071409
v 0.004144 0.016107 -0.077935
v -0.004433 0.019249 -0.084911
v -0.011315 0.020748 -0.087409
v -0.020058 0.025132 -0.094412
v -0.031563 0.032128 -0.103510
v -0.042358 0.040567 -0.112599
v -0.050431 0.048290 -0.119723
v -0.064699 0.059743 -0.126639
v -0.074595 0.070484 -0.132521
v -0.103603 0.095855 -0.135436
v 0.012605 0.007571 -0.052251
v 0.000469 0.009131 -0.059013
v -0.002484 0.011814 -0.067021
v -0.011301 0.012102 -0.066899
v -0.012543 0.013719 -0.071033
v -0.022552 0.016724 -0.076189
v -0.024064 0.018690 -0.080288
v -0.035584 0.024989 -0.089438
v -0.047710 0.031888 -0.096745
v -0.054203 0.041670 -0.109033
v -0.059390 0.043647 -0.109192
v -0.065556 0.049468 -0.113743
v -0.079162 0.061455 -0.120158
v -0.088443 0.072413 -0.125715
v -0.115753 0.097260 -0.126373
v 0.006559 0.003851 -0.037505
v -0.004381 0.005240 -0.044391
v -0.005736 0.006167 -0.048080
v -0.015081 0.008018 -0.053196
v -0.016561 0.009270 -0.057069
v -0.026412 0.012048 -0.062331
v -0.027319 0.014170 -0.068025
v -0.037687 0.017145 -0.071047
v -0.039290 0.019131 -0.075110
v -0.045846 0.025312 -0.085327
v -0.051440 0.028896 -0.089306
v -0.063478 0.035014 -0.092963
v -0.070181 0.044218 -0.103471
v -0.083886 0.056376 -0.110619
v -0.092704 0.063959 -0.113152
v -0.101294 0.075009 -0.118438
v -0.108953 0.086187 -0.122855
v 0.000375 0.002218 -0.028531
v -0.008201 0.002863 -0.031570
v -0.009837 0.003862 -0.036862
v -0.018772 0.005122 -0.039887
v -0.019435 0.006356 -0.045188
v -0.042813 0.014599 -0.060814
v -0.049455 0.017385 -0.064133
v -0.066057 0.027145 -0.075254
v -0.072035 0.035410 -0.087299
v -0.078936 0.038938 -0.087921
v -0.083609 0.042522 -0.090054
v -0.087072 0.045861 -0.092538
v -0.103461 0.064867 -0.104615
v -0.113048 0.078145 -0.110853
v -0.119973 0.089200 -0.115123
v -0.134918 0.103241 -0.111226
v -0.002343 0.000822 -0.016100
v -0.013823 0.002224 -0.024953
v -0.046721 0.012541 -0.050870
v -0.054555 0.015468 -0.053664
v -0.058086 0.018317 -0.059374
v -0.070912 0.025215 -0.065793
v -0.093033 0.042815 -0.080917
v -0.109046 0.062931 -0.096097
v -0.118257 0.073500 -0.099668
v -0.129862 0.092530 -0.107313
v 0.048794 0.099402 -0.165636
v 0.042403 0.100764 -0.168199
v 0.039618 0.088429 -0.160970
v 0.030226 0.096820 -0.168441
v 0.043862 0.078546 -0.152478
v 0.034002 0.085677 -0.160305
v 0.031299 0.089305 -0.163383
v 0.027252 0.085785 -0.161672
v 0.019377 0.097307 -0.170302
v 0.042176 0.066849 -0.142880
v 0.030959 0.074707 -0.152514
v 0.028327 0.078295 -0.155904
v 0.023772 0.075579 -0.154506
v 0.020661 0.082452 -0.160227
v 0.015239 0.083885 -0.161867
v 0.003097 0.095594 -0.170318
v 0.029433 0.055613 -0.134898
v 0.022223 0.064870 -0.145449
v 0.017121 0.071349 -0.151877
v 0.014480 0.075096 -0.155255
v 0.011576 0.072715 -0.153536
v 0.003486 0.079169 -0.159051
v 0.002344 0.083954 -0.162609
v -0.003890 0.078807 -0.158773
v -0.010485 0.093287 -0.168575
v 0.035654 0.045495 -0.121529
v 0.029751 0.049785 -0.128290
v 0.025683 0.045501 -0.124011
v 0.021474 0.056575 -0.137398
v 0.018657 0.054133 -0.135202
v 0.013322 0.060446 -0.142310
v 0.007354 0.057348 -0.139641
v 0.010737 0.064064 -0.145997
v 0.005712 0.061362 -0.143713
v 0.002506 0.068530 -0.150379
v -0.003330 0.070271 -0.151864
v -0.011680 0.083067 -0.161543
v -0.017324 0.079786 -0.158607
v -0.023448 0.093901 -0.167653
v -0.029594 0.086584 -0.161774
v 0.033308 0.036561 -0.109931
v 0.024052 0.035930 -0.111399
v 0.022304 0.040625 -0.118365
v 0.017847 0.041086 -0.119710
v 0.018034 0.048829 -0.129340
v 0.009312 0.049966 -0.131544
v 0.003226 0.047026 -0.128407
v 0.003668 0.051194 -0.133200
v -0.001679 0.057706 -0.140174
v -0.007424 0.059292 -0.141579
v -0.018454 0.068287 -0.149033
v -0.023947 0.076413 -0.155102
v -0.029218 0.076077 -0.153912
v -0.030890 0.081125 -0.157539
v -0.036726 0.082413 -0.157264
v -0.041018 0.091370 -0.162559
v -0.044665 0.086348 -0.158108
v 0.027861 0.027144 -0.096217
v 0.018249 0.031679 -0.106027
v 0.013729 0.031943 -0.107099
v 0.013301 0.035333 -0.112310
v 0.010845 0.038455 -0.117001
v 0.002806 0.037967 -0.116767
v -0.003800 0.043843 -0.124494
v -0.005674 0.039306 -0.118505
v -0.005978 0.047430 -0.128771
v -0.012280 0.044832 -0.125169
v -0.011797 0.048963 -0.130165
v -0.019810 0.054042 -0.134903
v -0.023010 0.057647 -0.138205
v -0.028382 0.061518 -0.141121
v -0.033467 0.064036 -0.142449
v -0.035754 0.070305 -0.147644
v -0.040989 0.072041 -0.147806
v -0.046111 0.080591 -0.153355
v -0.051832 0.082186 -0.152775
v 0.014017 0.023787 -0.093058
v 0.009430 0.023910 -0.093837
v 0.003444 0.028372 -0.102137
v 0.005026 0.024629 -0.095507
v -0.001434 0.029329 -0.103761
v -0.005091 0.031409 -0.106972
v -0.007852 0.035041 -0.112360
v -0.012712 0.035919 -0.113177
v -0.014497 0.039432 -0.117921
v -0.021652 0.045804 -0.125086
v -0.028040 0.043619 -0.121043
v -0.027539 0.047667 -0.126206
v -0.034359 0.051616 -0.129221
v -0.039510 0.057212 -0.133958
v -0.043252 0.061743 -0.137515
v -0.055974 0.076937 -0.147066
v -0.061078 0.080799 -0.148201
v -0.066614 0.082636 -0.147297
v -0.072951 0.088502 -0.148839
v 0.010774 0.014298 -0.072877
v 0.012231 0.017666 -0.080707
v 0.004311 0.021729 -0.090001
v 0.002823 0.019410 -0.085341
v -0.008383 0.022522 -0.091274
v -0.013578 0.025150 -0.095618
v -0.011210 0.027799 -0.100567
v -0.016965 0.027750 -0.099680
v -0.024750 0.032649 -0.106186
v -0.023112 0.029695 -0.101777
v -0.023216 0.035689 -0.111162
v -0.028437 0.034924 -0.108776
v -0.036031 0.039537 -0.113349
v -0.031720 0.042320 -0.118429
v -0.039834 0.043278 -0.117226
v -0.045188 0.050254 -0.124200
v -0.044526 0.045231 -0.118138
v -0.049449 0.055706 -0.128964
v -0.054971 0.057464 -0.128671
v -0.061044 0.061964 -0.130836
v -0.065285 0.067947 -0.134902
v -0.076308 0.077446 -0.138074
v -0.073063 0.080435 -0.142373
v -0.080918 0.086904 -0.143422
v 0.004906 0.009273 -0.059269
v 0.000685 0.013646 -0.072000
v -0.007745 0.014752 -0.074373
v -0.016889 0.016913 -0.078071
v -0.015950 0.021456 -0.088129
v -0.021806 0.022495 -0.088961
v -0.025833 0.025444 -0.093584
v -0.028217 0.022359 -0.086842
v -0.030718 0.029237 -0.098949
v -0.034216 0.027205 -0.094133
v -0.036132 0.030620 -0.099482
v -0.044054 0.035037 -0.103624
v -0.049546 0.041503 -0.110973
v -0.051768 0.038932 -0.106143
v -0.052939 0.045596 -0.115102
v -0.056331 0.050911 -0.120372
v -0.057807 0.047951 -0.115904
v -0.063705 0.055486 -0.122277
v -0.069698 0.054280 -0.117494
v -0.068355 0.058063 -0.122797
v -0.077138 0.067799 -0.128366
v -0.082885 0.069386 -0.126374
v -0.083039 0.077186 -0.133888
v -0.089150 0.077767 -0.130460
v -0.085160 0.081320 -0.136292
v -0.096941 0.087155 -0.133350
v -0.091687 0.094256 -0.142586
v -0.099340 0.095579 -0.138377
v -0.099758 0.091808 -0.135120
v 0.007888 0.006476 -0.049110
v 0.003065 0.005458 -0.045435
v -0.004378 0.008475 -0.056693
v -0.006546 0.007219 -0.052034
v -0.005375 0.009702 -0.060557
v -0.017457 0.010630 -0.061179
v -0.017195 0.012592 -0.066984
v -0.028520 0.017588 -0.076235
v -0.034660 0.022503 -0.084800
v -0.038029 0.020917 -0.079854
v -0.040028 0.023881 -0.085294
v -0.045476 0.028833 -0.092347
v -0.053544 0.033859 -0.097074
v -0.056783 0.032817 -0.093402
v -0.059255 0.036255 -0.097827
v -0.064649 0.042862 -0.104986
v -0.066721 0.040539 -0.100065
v -0.067930 0.047027 -0.108994
v -0.071199 0.052384 -0.114163
v -0.072572 0.049618 -0.109618
v -0.078225 0.057269 -0.115789
v -0.082479 0.059457 -0.115536
v -0.087650 0.068162 -0.121818
v -0.091423 0.070222 -0.121278
v -0.096341 0.071853 -0.119174
v -0.101531 0.078440 -0.121764
v -0.099665 0.085931 -0.130269
v -0.098285 0.081434 -0.127273
v -0.109003 0.089596 -0.125890
v -0.105277 0.092225 -0.131248
v 0.010428 0.003037 -0.032036
v 0.001910 0.003524 -0.036385
v -0.010062 0.005424 -0.044222
v -0.020903 0.008539 -0.053070
v -0.022872 0.010324 -0.058358
v -0.032124 0.012851 -0.062034
v -0.043678 0.016270 -0.065117
v -0.043573 0.018430 -0.070954
v -0.049062 0.022781 -0.078007
v -0.055870 0.023941 -0.076041
v -0.057115 0.027432 -0.082797
v -0.060233 0.025229 -0.075703
v -0.067534 0.031789 -0.083913
v -0.068306 0.035804 -0.090944
v -0.073759 0.038505 -0.091526
v -0.076690 0.045303 -0.100435
v -0.084170 0.048160 -0.098796
v -0.091482 0.056028 -0.103977
v -0.089600 0.051836 -0.099627
v -0.091841 0.059734 -0.108602
v -0.095740 0.062184 -0.108396
v -0.100604 0.070734 -0.114359
v -0.104209 0.073058 -0.113758
v -0.107675 0.080331 -0.118335
v -0.111650 0.084106 -0.118420
v -0.115955 0.086005 -0.116095
v -0.122571 0.098779 -0.121092
v -0.001953 0.001487 -0.022859
v -0.013653 0.003111 -0.031178
v -0.015394 0.004079 -0.036007
v -0.024327 0.005674 -0.039534
v -0.031541 0.008945 -0.049186
v -0.034716 0.008381 -0.044634
v -0.045051 0.013649 -0.056182
v -0.055389 0.018810 -0.063295
v -0.060036 0.022166 -0.068362
v -0.063070 0.021873 -0.064814
v -0.065808 0.024581 -0.069285
v -0.071442 0.029944 -0.076672
v -0.074217 0.029488 -0.072966
v -0.076828 0.032609 -0.077332
v -0.082303 0.038820 -0.084552
v -0.084854 0.038159 -0.080715
v -0.087341 0.041662 -0.084880
v -0.094977 0.046422 -0.085453
v -0.093946 0.050318 -0.093151
v -0.099875 0.054326 -0.093327
v -0.097300 0.055222 -0.097387
v -0.099827 0.059515 -0.101047
v -0.107300 0.064310 -0.099944
v -0.106826 0.067331 -0.104413
v -0.112417 0.074000 -0.106782
v -0.115633 0.076349 -0.106116
v -0.122385 0.087248 -0.110616
v -0.130902 0.098279 -0.111588
v -0.130666 0.102724 -0.115745
v -0.007536 0.000626 -0.011376
v -0.013137 0.001095 -0.014051
v -0.020217 0.002378 -0.021664
v -0.027338 0.003856 -0.026539
v -0.034778 0.006622 -0.036330
v -0.040093 0.007255 -0.034123
v -0.040424 0.008393 -0.039587
v -0.044425 0.008669 -0.036599
v -0.051062 0.011403 -0.041748
v -0.063854 0.017669 -0.050897
v -0.063170 0.019099 -0.056491
v -0.073969 0.025271 -0.062494
v -0.075366 0.024188 -0.057590
v -0.086955 0.033148 -0.067174
v -0.083109 0.033731 -0.073195
v -0.089914 0.036276 -0.070841
v -0.094029 0.038884 -0.071481
v -0.102804 0.047444 -0.077924
v -0.100879 0.051980 -0.088464
v -0.109215 0.056064 -0.085263
v -0.113657 0.059553 -0.085290
v -0.117411 0.066011 -0.090442
v -0.117744 0.069496 -0.095030
v -0.125151 0.078562 -0.097541
v -0.123897 0.080653 -0.101667
v -0.130345 0.081781 -0.094678
v -0.132021 0.090798 -0.102851
v -0.136324 0.092550 -0.099022
v -0.134614 0.097876 -0.106707
v -0.140548 0.102633 -0.103458
v -0.003037 0.000241 -0.005473
v -0.144075 0.105576 -0.101343
v 0.003636 0.000191 -0.002675
v 0.005674 0.000241 0.002642
v -0.000760 0.000241 0.006213
v -0.148474 0.111344 -0.100193
v 0.051323 0.111866 -0.171879
v 0.179055 0.111352 -0.004914
v 0.061226 0.111343 0.168328
v -0.141171 0.111343 0.110244
v -0.147474 0.116159 -0.105665
v 0.054921 0.116159 -0.172908
v 0.181912 0.117274 0.002697
v 0.056635 0.115046 0.171810
v -0.146066 0.116159 0.107602
v -0.058979 0.293151 -0.166695
v 0.140245 0.293378 -0.107491
v -0.052262 0.292942 0.169040
v -0.176762 0.293151 0.004578
v -0.004558 0.399773 0.003317
v -0.042300 0.395177 0.006423
v -0.071486 0.386485 0.005426
v -0.084786 0.380811 0.005917
v -0.146127 0.336135 0.006027
v -0.155820 0.324966 0.005602
v -0.163745 0.314529 0.001999
v -0.170824 0.303715 0.001487
v -0.009227 0.399461 0.008405
v -0.006471 0.399173 0.015107
v -0.023664 0.398301 0.007296
v -0.020912 0.398144 0.015192
v -0.009998 0.397837 0.026246
v -0.036102 0.396300 0.009484
v -0.035125 0.396185 0.014350
v -0.025373 0.396195 0.028061
v -0.018335 0.395257 0.038297
v -0.049649 0.392871 0.015950
v -0.038298 0.393794 0.029955
v -0.029316 0.393117 0.042036
v -0.023165 0.391581 0.051792
v -0.063296 0.389280 0.009112
v -0.063483 0.388676 0.016816
v -0.055289 0.389889 0.028272
v -0.044045 0.390251 0.042139
v -0.034413 0.389072 0.054599
v -0.028701 0.388882 0.058478
v -0.077746 0.383911 0.006833
v -0.076204 0.383902 0.016768
v -0.068759 0.386243 0.022235
v -0.067634 0.385609 0.029674
v -0.057801 0.386057 0.044161
v -0.038878 0.383649 0.068337
v -0.031686 0.383621 0.072061
v -0.091107 0.377658 0.007167
v -0.083876 0.379864 0.022765
v -0.081741 0.379807 0.029806
v -0.072512 0.380640 0.044888
v -0.064691 0.380400 0.056305
v -0.055664 0.382618 0.058795
v -0.054878 0.378344 0.071303
v -0.044821 0.380690 0.072445
v -0.036505 0.377244 0.084624
v -0.034066 0.372661 0.094546
v -0.104935 0.369804 0.007950
v -0.098860 0.371004 0.029771
v -0.089429 0.374945 0.036014
v -0.089015 0.373748 0.042295
v -0.079426 0.374159 0.057058
v -0.069448 0.376987 0.061239
v -0.060307 0.375288 0.074406
v -0.050136 0.373021 0.086331
v -0.048715 0.367984 0.096514
v -0.039114 0.370243 0.096935
v -0.117495 0.361340 0.008568
v -0.109664 0.365597 0.021405
v -0.101919 0.368223 0.034864
v -0.095398 0.368100 0.050387
v -0.092083 0.368128 0.056109
v -0.075037 0.369057 0.075395
v -0.065570 0.366392 0.088975
v -0.061914 0.364900 0.094215
v -0.044009 0.361253 0.109419
v -0.041588 0.357995 0.114978
v -0.129208 0.352174 0.007867
v -0.130739 0.350184 0.016270
v -0.124606 0.354822 0.020237
v -0.121498 0.355778 0.029576
v -0.116799 0.358355 0.034362
v -0.108773 0.360477 0.048067
v -0.098308 0.362397 0.062126
v -0.088605 0.362349 0.075425
v -0.087106 0.357551 0.086514
v -0.069431 0.358518 0.099750
v -0.065301 0.354705 0.108202
v -0.059772 0.355461 0.110287
v -0.056240 0.350406 0.118840
v -0.046587 0.351787 0.121264
v -0.046823 0.347340 0.126551
v -0.140102 0.342149 0.009225
v -0.141129 0.340516 0.015860
v -0.130224 0.347233 0.035631
v -0.128465 0.346455 0.044125
v -0.121040 0.348302 0.057024
v -0.113786 0.348370 0.070240
v -0.102481 0.353822 0.075711
v -0.091425 0.348931 0.096729
v -0.082597 0.345643 0.108948
v -0.070174 0.343501 0.119953
v -0.059190 0.340580 0.129019
v -0.052234 0.341264 0.131273
v -0.150799 0.330225 0.014891
v -0.146156 0.333104 0.028864
v -0.139641 0.336750 0.041328
v -0.132456 0.339011 0.055091
v -0.125115 0.338283 0.071587
v -0.108059 0.342722 0.088594
v -0.094473 0.338540 0.108540
v -0.085436 0.334909 0.120035
v -0.074960 0.332482 0.129396
v -0.061616 0.330663 0.138019
v -0.054211 0.325121 0.146050
v -0.160040 0.318624 0.015462
v -0.154982 0.323093 0.027378
v -0.150175 0.324253 0.043846
v -0.144046 0.326940 0.055157
v -0.135981 0.329819 0.067539
v -0.129087 0.332994 0.074485
v -0.126438 0.329118 0.085111
v -0.119969 0.333399 0.087806
v -0.110879 0.332332 0.100465
v -0.108826 0.329154 0.106681
v -0.097171 0.327217 0.119502
v -0.086573 0.324478 0.130083
v -0.076759 0.320922 0.139305
v -0.063018 0.319153 0.147511
v -0.058286 0.320079 0.148697
v -0.167090 0.308692 0.014137
v -0.164515 0.309653 0.028972
v -0.158425 0.315089 0.039703
v -0.152723 0.317440 0.052908
v -0.146732 0.318113 0.066551
v -0.137544 0.318961 0.082690
v -0.123853 0.322578 0.097682
v -0.112649 0.320893 0.112255
v -0.109338 0.317142 0.119313
v -0.099252 0.315828 0.129015
v -0.089301 0.312586 0.138818
v -0.077407 0.310437 0.147430
v -0.068111 0.306818 0.154543
v -0.058478 0.309854 0.156362
v -0.173554 0.298902 0.006177
v -0.170991 0.301432 0.020253
v -0.166553 0.305835 0.031404
v -0.165992 0.304445 0.038246
v -0.156675 0.309894 0.057383
v -0.154763 0.308036 0.065540
v -0.149923 0.311494 0.070745
v -0.147272 0.307859 0.081174
v -0.134856 0.311997 0.095824
v -0.130203 0.310265 0.103934
v -0.124423 0.311919 0.109097
v -0.114906 0.310460 0.120452
v -0.103753 0.310230 0.130401
v -0.099005 0.306398 0.137112
v -0.087858 0.303720 0.146462
v -0.078956 0.298180 0.155112
v -0.068525 0.294863 0.162004
v -0.061845 0.297456 0.163150
v -0.057182 0.294435 0.166598
v 0.000758 0.399759 0.006213
v -0.006364 0.397458 0.030039
v -0.006961 0.395178 0.042214
v -0.016930 0.386485 0.069664
v -0.022556 0.381951 0.079361
v -0.030812 0.367058 0.105135
v -0.034564 0.357264 0.118278
v -0.038245 0.347433 0.129305
v -0.039424 0.336136 0.140836
v -0.042820 0.324969 0.149924
v 0.005140 0.399461 0.011373
v 0.012369 0.399173 0.010823
v -0.000372 0.398301 0.024761
v 0.007987 0.398144 0.024583
v 0.022453 0.397677 0.018782
v -0.002135 0.396300 0.037267
v 0.002793 0.396185 0.037840
v 0.018848 0.396195 0.032802
v 0.030757 0.395257 0.029272
v -0.000174 0.392872 0.052147
v 0.016653 0.393794 0.045680
v 0.030919 0.393118 0.040869
v 0.042098 0.391581 0.038034
v -0.010893 0.389280 0.063013
v -0.003747 0.388980 0.064689
v 0.013364 0.390038 0.060176
v 0.026467 0.390251 0.054912
v 0.041039 0.388980 0.050145
v 0.046624 0.388899 0.045421
v -0.013947 0.384499 0.075350
v -0.007984 0.383726 0.078038
v 0.007319 0.385609 0.073492
v 0.024136 0.386056 0.068622
v 0.052980 0.383649 0.058090
v 0.058742 0.383621 0.052403
v -0.012290 0.376225 0.093282
v 0.005040 0.379684 0.087142
v 0.020286 0.380641 0.082831
v 0.033561 0.380400 0.078924
v 0.037890 0.382412 0.072070
v 0.050055 0.378587 0.074201
v 0.055050 0.380690 0.065013
v 0.069200 0.377244 0.060868
v -0.025751 0.369405 0.102703
v -0.015966 0.370689 0.102553
v -0.002344 0.370835 0.103499
v 0.006618 0.374944 0.096182
v 0.012719 0.373748 0.097727
v 0.029998 0.374585 0.092282
v 0.052131 0.375286 0.080350
v 0.067567 0.372145 0.075548
v 0.080801 0.369401 0.068443
v 0.089091 0.364696 0.069670
v -0.028159 0.361342 0.114390
v -0.013532 0.365599 0.110909
v -0.000184 0.366952 0.109678
v 0.024906 0.368129 0.104913
v 0.048517 0.369057 0.094662
v 0.064362 0.366391 0.089854
v 0.070472 0.364900 0.087998
v 0.090828 0.360820 0.076138
v 0.096499 0.357995 0.075083
v -0.032443 0.352175 0.125314
v -0.024927 0.350185 0.129366
v -0.019260 0.354823 0.124760
v -0.008624 0.355098 0.125598
v -0.003412 0.358356 0.121699
v 0.010227 0.360548 0.118388
v 0.020504 0.359226 0.118840
v 0.029727 0.360456 0.115178
v 0.036353 0.360200 0.113611
v 0.045415 0.362343 0.107125
v 0.055361 0.357552 0.109576
v 0.073413 0.358518 0.096857
v 0.081952 0.353094 0.098750
v 0.086421 0.355461 0.090926
v 0.095644 0.350406 0.090212
v 0.100934 0.351786 0.081779
v 0.105888 0.347340 0.083637
v -0.034425 0.342097 0.136173
v -0.027928 0.340576 0.139178
v -0.013345 0.343806 0.138018
v 0.002268 0.346457 0.135812
v 0.017834 0.348378 0.132519
v 0.031638 0.348371 0.129921
v 0.039892 0.352377 0.122812
v 0.063742 0.348931 0.116842
v 0.078093 0.345642 0.112220
v 0.092399 0.343502 0.103802
v 0.096818 0.344795 0.097823
v 0.103674 0.341161 0.096109
v 0.108707 0.341265 0.090241
v -0.032438 0.330226 0.148019
v -0.017712 0.333105 0.147921
v -0.003845 0.336752 0.145577
v 0.011465 0.339012 0.142996
v 0.029424 0.338286 0.141110
v 0.035801 0.344294 0.133398
v 0.050867 0.342721 0.130146
v 0.066944 0.341270 0.124334
v 0.072555 0.338452 0.124377
v 0.087758 0.334911 0.118346
v 0.100783 0.334375 0.108167
v 0.112225 0.330663 0.101249
v 0.122149 0.325121 0.096690
v -0.034751 0.318627 0.156983
v -0.021853 0.323094 0.155856
v -0.004707 0.324253 0.156374
v 0.007946 0.326941 0.154039
v 0.022886 0.328361 0.151327
v 0.030507 0.333591 0.145338
v 0.041874 0.329118 0.146551
v 0.046439 0.333399 0.141230
v 0.059609 0.332725 0.136871
v 0.068559 0.329471 0.135792
v 0.083627 0.327217 0.129343
v 0.096964 0.324479 0.122533
v 0.108767 0.320923 0.116050
v 0.120817 0.319153 0.105518
v 0.123408 0.320078 0.101384
v -0.038185 0.308692 0.163281
v -0.023286 0.309653 0.165415
v -0.011193 0.315089 0.162940
v 0.003124 0.317441 0.161597
v 0.018633 0.317569 0.160432
v 0.026041 0.322987 0.155243
v 0.054630 0.322576 0.147978
v 0.071951 0.320892 0.141825
v 0.079685 0.317141 0.140857
v 0.092030 0.315829 0.134261
v 0.104428 0.312585 0.127828
v 0.116295 0.310436 0.119177
v 0.125932 0.306817 0.112535
v 0.130639 0.309853 0.103934
v -0.047753 0.298902 0.166969
v -0.033578 0.301433 0.168880
v -0.021602 0.305836 0.168104
v -0.014920 0.304444 0.169687
v 0.006160 0.309895 0.166738
v 0.014508 0.308037 0.167441
v 0.021702 0.309549 0.165658
v 0.036445 0.311479 0.161729
v 0.045941 0.308845 0.161107
v 0.051175 0.311706 0.157515
v 0.065309 0.311920 0.152045
v 0.075342 0.307911 0.150310
v 0.079050 0.310459 0.146503
v 0.091957 0.310231 0.138970
v 0.099808 0.306398 0.136529
v 0.112143 0.303722 0.128816
v 0.123121 0.298180 0.123024
v 0.132900 0.294865 0.115232
v 0.136056 0.297454 0.109234
v 0.141710 0.292639 0.106209
v 0.006144 0.399759 0.001200
v 0.037999 0.395178 0.019662
v 0.060373 0.386547 0.038344
v 0.072477 0.379959 0.047683
v 0.083403 0.373026 0.054947
v 0.090467 0.367058 0.061793
v 0.101809 0.357263 0.069422
v 0.111160 0.347432 0.076330
v 0.121761 0.336136 0.081015
v 0.129353 0.324968 0.087055
v 0.012405 0.399461 -0.001374
v 0.014115 0.399173 -0.008418
v 0.023437 0.398301 0.008006
v 0.025849 0.398144 0.000002
v 0.023520 0.397837 -0.015353
v 0.034782 0.396300 0.013547
v 0.036850 0.396185 0.009038
v 0.037021 0.396195 -0.007789
v 0.037344 0.395257 -0.020205
v 0.049541 0.392872 0.016277
v 0.049091 0.393669 -0.001823
v 0.048422 0.393118 -0.016776
v 0.049183 0.391581 -0.028283
v 0.057250 0.389104 0.029658
v 0.060368 0.388979 0.023553
v 0.061178 0.390083 0.006260
v 0.060403 0.390251 -0.008204
v 0.060374 0.388980 -0.023533
v 0.057606 0.388899 -0.030305
v 0.066912 0.383912 0.040171
v 0.072525 0.383795 0.029530
v 0.072157 0.385609 0.015748
v 0.071304 0.386612 -0.000164
v 0.069901 0.386928 -0.008885
v 0.072406 0.385455 -0.016427
v 0.070936 0.384101 -0.031425
v 0.067991 0.383621 -0.039674
v 0.069514 0.381800 -0.045066
v 0.078838 0.377358 0.047337
v 0.084435 0.379683 0.022136
v 0.085046 0.380641 0.006305
v 0.085432 0.380400 -0.007529
v 0.086036 0.378588 -0.024674
v 0.078844 0.380690 -0.032264
v 0.079273 0.377244 -0.047004
v 0.083375 0.373711 -0.052788
v 0.089718 0.369404 0.056229
v 0.093996 0.370018 0.046515
v 0.092715 0.372570 0.039063
v 0.097710 0.370834 0.034212
v 0.093518 0.374945 0.023428
v 0.096874 0.373748 0.018105
v 0.097797 0.374158 0.000524
v 0.092524 0.375288 -0.024750
v 0.092729 0.372145 -0.040916
v 0.090972 0.368874 -0.055835
v 0.100092 0.361341 0.062127
v 0.101300 0.365598 0.047141
v 0.104255 0.366951 0.034067
v 0.106754 0.368112 0.015476
v 0.107476 0.368128 0.008732
v 0.105022 0.369057 -0.016889
v 0.105343 0.366393 -0.033443
v 0.105470 0.364898 -0.039832
v 0.100479 0.360820 -0.062855
v 0.101229 0.357994 -0.068574
v 0.109156 0.352174 0.069580
v 0.114349 0.351007 0.063477
v 0.112702 0.354823 0.056868
v 0.115680 0.355778 0.047485
v 0.114689 0.358356 0.040853
v 0.116253 0.360477 0.025048
v 0.118727 0.360456 0.007321
v 0.120768 0.359083 -0.000013
v 0.115915 0.362344 -0.010088
v 0.121320 0.357552 -0.018790
v 0.116628 0.360569 -0.022653
v 0.114806 0.358516 -0.039888
v 0.116430 0.354705 -0.049152
v 0.113182 0.355460 -0.054094
v 0.115354 0.350405 -0.063085
v 0.108966 0.351787 -0.070723
v 0.112266 0.347339 -0.074859
v 0.118870 0.342097 0.074820
v 0.123735 0.340577 0.069570
v 0.126295 0.347235 0.047717
v 0.129865 0.346456 0.039812
v 0.131544 0.348379 0.023990
v 0.133341 0.348369 0.010058
v 0.130821 0.348931 -0.024517
v 0.130859 0.345644 -0.039589
v 0.127276 0.343503 -0.055795
v 0.122955 0.344794 -0.061848
v 0.123441 0.341162 -0.068899
v 0.119418 0.341264 -0.075499
v 0.130751 0.330226 0.076590
v 0.135210 0.333104 0.062555
v 0.137264 0.336751 0.048643
v 0.139540 0.339012 0.033284
v 0.143298 0.338284 0.015625
v 0.139495 0.342722 -0.008159
v 0.140229 0.338540 -0.032281
v 0.139675 0.334910 -0.046891
v 0.134018 0.334374 -0.062424
v 0.130974 0.330663 -0.075444
v 0.129704 0.325122 -0.086292
v 0.138563 0.318625 0.081560
v 0.141475 0.323094 0.068945
v 0.147267 0.324252 0.052798
v 0.148956 0.326941 0.040045
v 0.149710 0.329819 0.025288
v 0.147652 0.333590 0.015899
v 0.152317 0.329119 0.005463
v 0.148668 0.333399 -0.000521
v 0.148755 0.332332 -0.016104
v 0.151106 0.328843 -0.021647
v 0.146043 0.332149 -0.033370
v 0.146498 0.324481 -0.054351
v 0.143986 0.321175 -0.067122
v 0.137688 0.319154 -0.082297
v 0.134556 0.320080 -0.086038
v 0.143489 0.308692 0.086775
v 0.150124 0.309655 0.073259
v 0.151508 0.315088 0.060996
v 0.154654 0.317440 0.046966
v 0.158336 0.317570 0.031859
v 0.159879 0.318961 0.013947
v 0.157617 0.322576 -0.006228
v 0.157116 0.320894 -0.024603
v 0.158992 0.316902 -0.031045
v 0.156130 0.315828 -0.046037
v 0.153842 0.312586 -0.059814
v 0.149283 0.310436 -0.073772
v 0.145943 0.306818 -0.084991
v 0.139218 0.309854 -0.092126
v 0.143525 0.299381 0.097272
v 0.148149 0.302672 0.086269
v 0.153204 0.305834 0.072490
v 0.156770 0.304445 0.066627
v 0.160481 0.309894 0.045667
v 0.163729 0.308038 0.037944
v 0.164256 0.309549 0.030551
v 0.166859 0.307858 0.020892
v 0.165426 0.311997 0.001742
v 0.164786 0.311919 -0.015127
v 0.163761 0.310459 -0.029907
v 0.160586 0.310229 -0.044512
v 0.160689 0.306398 -0.052732
v 0.157167 0.303720 -0.066848
v 0.155050 0.298181 -0.079077
v 0.150663 0.294864 -0.090783
v 0.145932 0.297456 -0.095639
v 0.144046 0.294412 -0.101390
v 0.022806 0.397458 -0.020561
v 0.030443 0.395177 -0.030063
v 0.054643 0.386485 -0.046409
v 0.086724 0.367059 -0.066943
v 0.097485 0.357264 -0.075372
v 0.106945 0.347432 -0.082131
v 0.114678 0.336136 -0.090766
v 0.122768 0.324968 -0.096119
v 0.002526 0.399461 -0.012222
v -0.003327 0.399150 -0.016347
v 0.014855 0.398301 -0.019813
v 0.005804 0.398305 -0.024010
v -0.007125 0.397677 -0.028394
v 0.023633 0.396300 -0.028893
v 0.019981 0.396185 -0.032254
v 0.004032 0.396195 -0.037616
v -0.007677 0.395257 -0.041759
v 0.030791 0.392872 -0.042087
v 0.013376 0.393794 -0.046745
v -0.000989 0.393118 -0.051238
v 0.045852 0.389280 -0.044575
v 0.041056 0.388980 -0.050132
v 0.025715 0.390176 -0.055519
v 0.010863 0.390252 -0.059979
v -0.003725 0.388980 -0.064690
v -0.011021 0.388899 -0.064152
v 0.058884 0.383911 -0.051224
v 0.051797 0.383901 -0.058356
v 0.037279 0.385609 -0.063757
v 0.020806 0.386056 -0.069704
v -0.008716 0.383649 -0.078137
v -0.016721 0.383622 -0.076922
v 0.064772 0.376225 -0.068243
v 0.048610 0.379808 -0.072157
v 0.032277 0.380641 -0.078935
v 0.017743 0.380136 -0.084500
v 0.011709 0.382412 -0.080577
v 0.003852 0.378901 -0.088782
v -0.006320 0.380691 -0.084953
v -0.020207 0.377245 -0.089917
v -0.027680 0.372623 -0.096680
v 0.081201 0.369406 -0.067950
v 0.073196 0.370689 -0.073582
v 0.062732 0.370835 -0.082354
v 0.051920 0.374935 -0.081246
v 0.047154 0.373749 -0.086537
v 0.030720 0.374159 -0.092846
v 0.005055 0.375286 -0.095647
v -0.010257 0.372145 -0.100835
v -0.024870 0.369798 -0.102265
v 0.090019 0.361341 -0.075991
v 0.076138 0.365599 -0.081773
v 0.064617 0.366952 -0.088624
v 0.041518 0.368129 -0.099515
v 0.016390 0.369057 -0.105100
v 0.000746 0.366391 -0.110524
v -0.005287 0.364899 -0.112616
v -0.028709 0.361253 -0.114390
v -0.033937 0.357994 -0.117465
v 0.099906 0.352175 -0.082311
v 0.096205 0.350185 -0.090010
v 0.088913 0.354824 -0.089611
v 0.080652 0.355582 -0.095874
v 0.072903 0.359313 -0.095957
v 0.059743 0.360479 -0.102821
v 0.043469 0.360625 -0.110485
v 0.035374 0.358240 -0.116627
v 0.026226 0.362344 -0.113359
v 0.019621 0.357552 -0.121190
v 0.014497 0.360569 -0.117919
v 0.004506 0.357322 -0.123005
v -0.001743 0.358227 -0.121907
v -0.008253 0.353094 -0.128060
v -0.016469 0.355461 -0.124358
v -0.023775 0.349991 -0.129798
v -0.031388 0.351480 -0.126417
v -0.036291 0.346844 -0.130533
v 0.107892 0.342096 -0.089933
v 0.104402 0.340575 -0.096182
v 0.085897 0.348840 -0.101844
v 0.077993 0.346457 -0.111207
v 0.071559 0.349696 -0.111226
v 0.064404 0.348301 -0.117281
v 0.050771 0.348370 -0.123706
v 0.038409 0.353823 -0.121487
v 0.017111 0.348931 -0.131994
v 0.002785 0.345643 -0.136690
v -0.013737 0.343503 -0.138288
v -0.020364 0.345476 -0.135388
v -0.028758 0.341184 -0.138401
v -0.034901 0.341263 -0.136905
v 0.113247 0.330225 -0.100683
v 0.101276 0.333105 -0.109259
v 0.086826 0.335839 -0.117965
v 0.074778 0.339012 -0.122424
v 0.035348 0.342722 -0.135188
v 0.014160 0.337825 -0.143902
v -0.001436 0.334910 -0.147328
v -0.015412 0.332481 -0.148745
v -0.029542 0.328882 -0.149791
v -0.041987 0.325123 -0.150020
v 0.120389 0.318625 -0.106576
v 0.109674 0.322735 -0.113259
v 0.095724 0.324253 -0.123742
v 0.084116 0.326941 -0.129291
v 0.069170 0.327597 -0.137259
v 0.060652 0.332995 -0.136135
v 0.052265 0.329118 -0.143175
v 0.045444 0.333400 -0.141553
v 0.030654 0.332332 -0.146450
v 0.025339 0.329152 -0.150274
v 0.012896 0.332413 -0.149011
v -0.006943 0.324579 -0.156020
v -0.021843 0.323114 -0.155841
v -0.035560 0.317949 -0.157318
v -0.040245 0.320079 -0.154558
v 0.126870 0.308692 -0.109650
v 0.116067 0.309654 -0.120136
v 0.104831 0.315089 -0.125241
v 0.092458 0.317442 -0.132570
v 0.079227 0.317567 -0.140745
v 0.070185 0.322985 -0.140901
v 0.042784 0.322577 -0.151826
v 0.025155 0.320892 -0.157030
v 0.019605 0.316904 -0.160802
v 0.003625 0.316056 -0.162582
v -0.009348 0.312586 -0.164796
v -0.024030 0.310436 -0.164773
v -0.035733 0.306818 -0.165064
v -0.043059 0.307511 -0.162850
v 0.136777 0.298900 -0.107011
v 0.126431 0.301433 -0.116890
v 0.116286 0.305835 -0.123303
v 0.111812 0.304444 -0.128508
v 0.093023 0.309895 -0.138514
v 0.086683 0.308037 -0.143990
v 0.079817 0.309549 -0.146775
v 0.071432 0.307858 -0.152236
v 0.065578 0.311480 -0.152262
v 0.051187 0.311706 -0.157511
v 0.036537 0.311919 -0.161395
v 0.022163 0.310459 -0.164989
v 0.007290 0.310231 -0.166480
v -0.000494 0.306399 -0.169119
v -0.015009 0.303721 -0.170131
v -0.027294 0.298180 -0.171898
v -0.039785 0.294864 -0.171342
v -0.048376 0.298713 -0.166896
v -0.051915 0.294412 -0.168328
v -0.019183 0.395178 -0.038243
v -0.022912 0.391529 -0.052109
v -0.027251 0.386485 -0.066311
v -0.028399 0.381951 -0.077462
v -0.037199 0.367090 -0.102999
v -0.041557 0.357263 -0.116008
v -0.045063 0.347433 -0.127090
v -0.050885 0.336137 -0.137112
v -0.053478 0.324969 -0.146461
v -0.011806 0.399366 -0.007261
v -0.015927 0.399192 -0.002741
v -0.014253 0.398301 -0.020251
v -0.020911 0.398144 -0.015194
v -0.020176 0.396300 -0.031406
v -0.024502 0.396185 -0.028972
v -0.034529 0.396195 -0.015459
v -0.042088 0.395257 -0.005604
v -0.030512 0.392872 -0.042290
v -0.040785 0.393669 -0.027379
v -0.049036 0.393118 -0.014889
v -0.056411 0.391582 -0.006027
v -0.028224 0.389280 -0.057382
v -0.034990 0.388980 -0.054538
v -0.045549 0.390272 -0.040438
v -0.053204 0.390352 -0.029087
v -0.061924 0.389201 -0.016847
v -0.064417 0.388899 -0.009343
v -0.071585 0.386499 -0.003584
v -0.033004 0.384499 -0.069158
v -0.039410 0.383726 -0.067827
v -0.049118 0.385609 -0.055154
v -0.059863 0.386056 -0.041328
v -0.077005 0.383649 -0.015857
v -0.078325 0.383621 -0.007866
v -0.085577 0.380497 -0.003676
v -0.035916 0.377674 -0.083975
v -0.047568 0.379864 -0.072737
v -0.053604 0.379808 -0.068530
v -0.065099 0.380641 -0.055089
v -0.073544 0.380398 -0.044127
v -0.073120 0.382617 -0.034774
v -0.083928 0.378672 -0.030561
v -0.082750 0.380691 -0.020238
v -0.091759 0.377246 -0.008570
v -0.100501 0.372623 -0.003550
v -0.039864 0.370705 -0.095825
v -0.058939 0.370834 -0.085111
v -0.061889 0.374943 -0.073925
v -0.067732 0.373748 -0.071587
v -0.078512 0.374585 -0.057024
v -0.087495 0.375813 -0.036519
v -0.097605 0.373017 -0.021008
v -0.106417 0.368874 -0.008301
v -0.111677 0.365550 -0.005946
v -0.044456 0.361341 -0.109096
v -0.054244 0.365598 -0.097681
v -0.065661 0.366962 -0.087808
v -0.081817 0.368129 -0.070236
v -0.094893 0.369056 -0.048066
v -0.102914 0.367510 -0.035313
v -0.108453 0.365090 -0.029753
v -0.118237 0.360818 -0.008207
v -0.122205 0.357993 -0.004023
v -0.047410 0.352175 -0.120451
v -0.055874 0.350185 -0.119311
v -0.057748 0.354823 -0.112255
v -0.066847 0.355097 -0.106682
v -0.068733 0.359313 -0.098987
v -0.079326 0.360479 -0.088594
v -0.091749 0.360456 -0.075710
v -0.098051 0.359349 -0.069909
v -0.100150 0.361071 -0.062600
v -0.108238 0.360580 -0.048922
v -0.116324 0.358518 -0.035209
v -0.123085 0.354705 -0.028671
v -0.123362 0.355460 -0.022765
v -0.130406 0.350404 -0.016766
v -0.130463 0.350990 -0.009780
v -0.134827 0.347339 -0.005427
v -0.052191 0.342097 -0.130401
v -0.059210 0.340575 -0.129016
v -0.070330 0.343805 -0.119504
v -0.080956 0.347668 -0.107439
v -0.083669 0.349696 -0.102427
v -0.091637 0.348302 -0.097494
v -0.101961 0.348371 -0.086512
v -0.104224 0.352951 -0.075074
v -0.121049 0.348286 -0.057047
v -0.129141 0.345641 -0.044889
v -0.135768 0.343499 -0.029675
v -0.135829 0.344792 -0.022236
v -0.140364 0.341161 -0.016819
v -0.140990 0.341263 -0.009111
v -0.060760 0.330225 -0.138818
v -0.072617 0.333105 -0.130082
v -0.082457 0.336751 -0.120035
v -0.093326 0.339013 -0.108947
v -0.106746 0.338284 -0.096868
v -0.117649 0.342722 -0.075393
v -0.132422 0.338540 -0.056308
v -0.140562 0.334909 -0.044163
v -0.145116 0.334373 -0.028272
v -0.150305 0.330663 -0.015950
v -0.155654 0.325121 -0.006426
v -0.064156 0.318624 -0.147431
v -0.073825 0.322736 -0.139304
v -0.085939 0.325171 -0.129836
v -0.096968 0.326942 -0.119952
v -0.107463 0.328360 -0.108977
v -0.110106 0.333592 -0.099650
v -0.120017 0.329118 -0.093950
v -0.120582 0.333399 -0.086963
v -0.129811 0.332331 -0.074410
v -0.134971 0.328843 -0.071306
v -0.137767 0.332147 -0.058845
v -0.150469 0.324477 -0.042140
v -0.155942 0.321173 -0.030331
v -0.159765 0.319154 -0.014349
v -0.159431 0.320079 -0.009486
v -0.065079 0.308693 -0.154543
v -0.078391 0.309653 -0.147510
v -0.089311 0.313546 -0.138021
v -0.097649 0.317516 -0.128724
v -0.109371 0.317569 -0.118841
v -0.112316 0.322987 -0.110289
v -0.131175 0.322576 -0.087607
v -0.141571 0.320895 -0.072446
v -0.146875 0.316902 -0.068338
v -0.153719 0.315337 -0.054602
v -0.159621 0.312583 -0.042033
v -0.164134 0.310437 -0.028062
v -0.168027 0.306819 -0.017021
v -0.166780 0.309854 -0.007298
v -0.059507 0.298900 -0.163152
v -0.072099 0.301434 -0.156364
v -0.081333 0.305836 -0.148697
v -0.087666 0.304444 -0.146051
v -0.102989 0.309895 -0.131274
v -0.110156 0.308037 -0.126936
v -0.114930 0.309548 -0.121264
v -0.122712 0.307859 -0.114979
v -0.124008 0.311584 -0.109914
v -0.130108 0.309964 -0.104372
v -0.132807 0.311998 -0.098644
v -0.142207 0.311918 -0.084622
v -0.150065 0.310459 -0.072061
v -0.156104 0.310144 -0.058477
v -0.160996 0.306399 -0.051788
v -0.166443 0.303721 -0.038299
v -0.171920 0.298179 -0.027159
v -0.175031 0.295251 -0.015181
v -0.174277 0.297455 -0.008403
v -0.178490 0.289570 0.007835
v -0.188187 0.260056 0.030062
v -0.191112 0.235339 0.046328
v -0.191257 0.219888 0.054193
v -0.189656 0.207587 0.062340
v -0.188117 0.197393 0.067207
v -0.173048 0.158310 0.090766
v -0.166678 0.146079 0.096119
v -0.161156 0.133785 0.097864
v -0.154180 0.123554 0.101610
v -0.179219 0.287522 0.012582
v -0.182722 0.278356 0.020133
v -0.180054 0.282764 0.025759
v -0.186145 0.266651 0.028891
v -0.184408 0.269867 0.032255
v -0.177285 0.284135 0.037616
v -0.171208 0.294189 0.041761
v -0.185228 0.261483 0.042787
v -0.179231 0.274595 0.047251
v -0.172286 0.287251 0.051238
v -0.166122 0.296145 0.055514
v -0.189803 0.243638 0.044575
v -0.186580 0.249729 0.051290
v -0.180957 0.263023 0.056538
v -0.175025 0.275368 0.059978
v -0.167362 0.287847 0.064691
v -0.164027 0.294336 0.064152
v -0.158442 0.300143 0.069186
v -0.190828 0.229583 0.051225
v -0.187651 0.235915 0.058355
v -0.182684 0.249665 0.063759
v -0.175719 0.264597 0.069703
v -0.160363 0.289927 0.078135
v -0.156757 0.297076 0.076922
v -0.151179 0.301248 0.082524
v -0.189662 0.217258 0.060352
v -0.185238 0.231710 0.067718
v -0.182962 0.234952 0.072173
v -0.176005 0.251915 0.078935
v -0.169959 0.263470 0.083577
v -0.168023 0.272300 0.080285
v -0.160344 0.278089 0.089975
v -0.158786 0.286465 0.084953
v -0.149497 0.297339 0.089916
v -0.142020 0.301958 0.096679
v -0.187754 0.204186 0.068110
v -0.180854 0.220291 0.082355
v -0.179687 0.231795 0.081243
v -0.169509 0.250409 0.092850
v -0.167331 0.261092 0.090365
v -0.159041 0.273872 0.095646
v -0.149384 0.286162 0.100834
v -0.139868 0.297877 0.103773
v -0.184564 0.191637 0.075994
v -0.182165 0.205956 0.081775
v -0.177608 0.218122 0.089582
v -0.171700 0.232509 0.096746
v -0.168946 0.238053 0.099518
v -0.158540 0.260944 0.105100
v -0.149159 0.273745 0.110523
v -0.145124 0.278476 0.112616
v -0.130992 0.297617 0.114986
v -0.126137 0.301010 0.117466
v -0.180789 0.178695 0.082310
v -0.177353 0.181115 0.090009
v -0.178241 0.189712 0.089613
v -0.175225 0.197441 0.095875
v -0.174863 0.204367 0.096451
v -0.170255 0.218333 0.102821
v -0.163038 0.232714 0.110654
v -0.157459 0.246487 0.113747
v -0.149693 0.252913 0.121189
v -0.150100 0.258843 0.117920
v -0.140682 0.273091 0.121512
v -0.133239 0.275850 0.128061
v -0.131681 0.284258 0.124358
v -0.123635 0.289045 0.129202
v -0.120740 0.297925 0.125487
v -0.115110 0.298132 0.130533
v -0.175345 0.167045 0.089933
v -0.172425 0.169486 0.096181
v -0.169439 0.190345 0.105368
v -0.166838 0.196226 0.109795
v -0.161097 0.209589 0.117692
v -0.155410 0.220944 0.123707
v -0.155077 0.231172 0.121969
v -0.140168 0.251245 0.132750
v -0.131511 0.262643 0.136691
v -0.122208 0.276462 0.138290
v -0.113518 0.285782 0.140252
v -0.110739 0.294393 0.136906
v -0.167122 0.156947 0.100685
v -0.164342 0.168941 0.109262
v -0.161972 0.181838 0.115514
v -0.157777 0.195285 0.122425
v -0.143461 0.232211 0.135190
v -0.129561 0.250659 0.143343
v -0.120024 0.261619 0.147329
v -0.111602 0.273034 0.148745
v -0.102878 0.286413 0.147877
v -0.093132 0.293512 0.150022
v -0.159941 0.145374 0.106577
v -0.158974 0.157295 0.113245
v -0.153944 0.169949 0.123742
v -0.151157 0.181532 0.129290
v -0.145058 0.195194 0.137261
v -0.146078 0.205228 0.136135
v -0.139009 0.210711 0.143051
v -0.140341 0.216848 0.141147
v -0.132070 0.231764 0.146450
v -0.126916 0.234271 0.150399
v -0.124186 0.247120 0.149208
v -0.108464 0.261412 0.156126
v -0.099309 0.271772 0.157818
v -0.090598 0.285238 0.156380
v -0.089401 0.289701 0.154558
v -0.153953 0.135132 0.109652
v -0.149983 0.145224 0.120136
v -0.149820 0.157705 0.125241
v -0.146390 0.169823 0.132571
v -0.140588 0.181714 0.140743
v -0.141388 0.192225 0.140901
v -0.128769 0.216551 0.151827
v -0.119380 0.231568 0.157029
v -0.113328 0.234745 0.160803
v -0.105597 0.247809 0.162714
v -0.096516 0.258711 0.164797
v -0.088027 0.270885 0.164773
v -0.079559 0.279735 0.165063
v -0.076900 0.286595 0.162851
v -0.149628 0.121892 0.107010
v -0.147265 0.132278 0.116890
v -0.146665 0.143320 0.123304
v -0.143420 0.146700 0.128509
v -0.139893 0.165944 0.138515
v -0.135396 0.170783 0.143991
v -0.133678 0.177601 0.146775
v -0.128415 0.184343 0.152237
v -0.129037 0.191201 0.152263
v -0.123081 0.197219 0.157342
v -0.122803 0.204175 0.157512
v -0.117574 0.206343 0.161393
v -0.116441 0.217373 0.161396
v -0.108708 0.229577 0.164989
v -0.101852 0.242777 0.166481
v -0.094942 0.248026 0.169121
v -0.086057 0.259813 0.170131
v -0.075606 0.268321 0.171898
v -0.067054 0.278010 0.171343
v -0.066656 0.287417 0.166895
v -0.061227 0.288657 0.168327
v -0.051112 0.287944 0.172041
v -0.029560 0.260055 0.188267
v -0.014957 0.234524 0.196216
v -0.007561 0.219888 0.198643
v 0.000873 0.209901 0.199537
v 0.005511 0.197142 0.199681
v 0.032848 0.158309 0.192627
v 0.039910 0.146080 0.188222
v 0.043277 0.133784 0.183509
v 0.048992 0.123554 0.178033
v -0.043855 0.286944 0.174522
v -0.038017 0.275396 0.181126
v -0.031142 0.282765 0.179201
v -0.030043 0.266650 0.185963
v -0.026308 0.269866 0.185350
v -0.019008 0.284135 0.180232
v -0.013189 0.294190 0.175733
v -0.017536 0.258715 0.190168
v -0.010447 0.274596 0.185060
v -0.004509 0.287253 0.179686
v 0.001463 0.296144 0.175147
v -0.016259 0.243636 0.194288
v -0.010230 0.247791 0.193710
v -0.002148 0.263023 0.189572
v 0.002961 0.275369 0.184992
v 0.009809 0.287848 0.179161
v 0.010326 0.294338 0.175822
v 0.016839 0.300143 0.172066
v -0.010250 0.229583 0.197318
v -0.002488 0.235916 0.196499
v 0.004186 0.249665 0.193446
v 0.011993 0.264597 0.188658
v 0.024759 0.289928 0.176658
v 0.024716 0.297076 0.172855
v 0.029205 0.300405 0.170239
v -0.001445 0.217952 0.198961
v 0.007164 0.231711 0.197097
v 0.013692 0.238190 0.195600
v 0.020684 0.251915 0.191783
v 0.026969 0.263470 0.187466
v 0.024971 0.271529 0.184839
v 0.035906 0.277534 0.180559
v 0.031730 0.286467 0.177265
v 0.037950 0.298715 0.169490
v 0.006582 0.203130 0.199639
v 0.012687 0.210867 0.199067
v 0.022439 0.220292 0.197451
v 0.021740 0.231795 0.195998
v 0.035380 0.251268 0.189778
v 0.041820 0.273873 0.180812
v 0.049740 0.286161 0.173231
v 0.055473 0.297875 0.165091
v 0.060990 0.299844 0.161941
v 0.015241 0.191637 0.199015
v 0.021482 0.205955 0.198519
v 0.029213 0.216868 0.196887
v 0.042440 0.238053 0.191429
v 0.050966 0.260946 0.183257
v 0.059022 0.273745 0.176012
v 0.062260 0.278475 0.172821
v 0.068881 0.297618 0.160112
v 0.022415 0.178694 0.197375
v 0.029811 0.181927 0.196705
v 0.030148 0.189711 0.197209
v 0.038671 0.196581 0.195948
v 0.037156 0.206040 0.196178
v 0.045178 0.218331 0.193695
v 0.054858 0.232713 0.189251
v 0.060647 0.236877 0.186693
v 0.059316 0.249145 0.184282
v 0.069001 0.252914 0.179815
v 0.072094 0.273092 0.171344
v 0.080619 0.275850 0.166291
v 0.077581 0.284256 0.163665
v 0.084674 0.289047 0.157508
v 0.082037 0.297924 0.153607
v 0.088575 0.298130 0.149813
v 0.031348 0.167045 0.194553
v 0.038193 0.169485 0.193707
v 0.048416 0.190206 0.193555
v 0.054507 0.195736 0.192120
v 0.053362 0.203301 0.192456
v 0.062150 0.209591 0.189581
v 0.069628 0.220943 0.186031
v 0.067719 0.234437 0.184727
v 0.082940 0.251245 0.174329
v 0.089363 0.262644 0.167313
v 0.093757 0.276463 0.158960
v 0.098309 0.285782 0.151301
v 0.095985 0.294393 0.147625
v 0.044112 0.156946 0.190056
v 0.053128 0.168942 0.190063
v 0.059810 0.181839 0.189740
v 0.067678 0.195284 0.187886
v 0.084242 0.232211 0.178216
v 0.096289 0.250661 0.167516
v 0.103029 0.261618 0.159676
v 0.106977 0.273035 0.152104
v 0.108849 0.286410 0.143541
v 0.113900 0.293513 0.134933
v 0.051936 0.145372 0.185046
v 0.058638 0.156792 0.186050
v 0.070115 0.169948 0.184647
v 0.076252 0.181534 0.183712
v 0.085718 0.195195 0.180374
v 0.084332 0.205227 0.180996
v 0.093257 0.210995 0.176307
v 0.091477 0.219009 0.176546
v 0.098473 0.231763 0.170860
v 0.103820 0.234270 0.167180
v 0.103531 0.247120 0.164215
v 0.114912 0.261925 0.151231
v 0.118693 0.273356 0.142994
v 0.120730 0.285238 0.134488
v 0.119367 0.289700 0.132787
v 0.056710 0.135133 0.180303
v 0.067909 0.145225 0.179767
v 0.075635 0.158057 0.180108
v 0.083160 0.170398 0.179219
v 0.082301 0.178155 0.180715
v 0.090412 0.181715 0.177198
v 0.090314 0.192225 0.178009
v 0.104605 0.216552 0.169383
v 0.112453 0.231568 0.162061
v 0.118016 0.235994 0.157128
v 0.122120 0.247808 0.150709
v 0.119963 0.258834 0.148529
v 0.129506 0.270884 0.134638
v 0.132400 0.279734 0.126672
v 0.128801 0.289018 0.124188
v 0.055536 0.121893 0.175373
v 0.062603 0.131582 0.177008
v 0.071948 0.143321 0.177589
v 0.077900 0.146701 0.176112
v 0.088506 0.165942 0.175850
v 0.095763 0.171182 0.172961
v 0.095639 0.178263 0.174053
v 0.105104 0.184344 0.169174
v 0.104479 0.190679 0.170021
v 0.110869 0.202883 0.166167
v 0.117163 0.206344 0.161692
v 0.117514 0.217373 0.160616
v 0.123322 0.229578 0.154371
v 0.126860 0.242776 0.148312
v 0.131505 0.248026 0.142556
v 0.131463 0.254826 0.140111
v 0.140121 0.268321 0.125025
v 0.142235 0.278008 0.116721
v 0.139506 0.284606 0.115414
v 0.141169 0.288658 0.110246
v 0.148863 0.286618 0.101390
v 0.169918 0.260055 0.086290
v 0.181991 0.234523 0.074859
v 0.186585 0.219889 0.068574
v 0.192303 0.196621 0.054030
v 0.193350 0.158310 0.028281
v 0.187901 0.133784 0.015549
v 0.184460 0.123556 0.008420
v 0.152429 0.286943 0.095639
v 0.160514 0.275395 0.092127
v 0.160808 0.282764 0.084992
v 0.167577 0.266649 0.086040
v 0.168149 0.269866 0.082297
v 0.165537 0.284134 0.073773
v 0.163057 0.294191 0.066847
v 0.175442 0.258716 0.075442
v 0.172774 0.274595 0.067122
v 0.169499 0.287252 0.059814
v 0.167026 0.296144 0.052732
v 0.179755 0.243637 0.075502
v 0.181463 0.247282 0.068899
v 0.180122 0.259778 0.062423
v 0.176853 0.275368 0.054351
v 0.173422 0.287849 0.046036
v 0.170408 0.294338 0.044512
v 0.168849 0.300143 0.037155
v 0.184493 0.229582 0.070722
v 0.186113 0.235914 0.063087
v 0.184494 0.245224 0.061849
v 0.185271 0.249666 0.055796
v 0.183130 0.264597 0.046893
v 0.175695 0.289460 0.032257
v 0.172033 0.297076 0.029907
v 0.170812 0.301248 0.022096
v 0.188914 0.217259 0.062654
v 0.189664 0.231709 0.054094
v 0.190258 0.238188 0.047423
v 0.188788 0.251915 0.039591
v 0.186435 0.264690 0.031004
v 0.183509 0.271529 0.033370
v 0.182607 0.278089 0.021456
v 0.178394 0.286467 0.024603
v 0.173797 0.297339 0.015126
v 0.171723 0.301957 0.005260
v 0.191930 0.204185 0.055256
v 0.194657 0.220593 0.039830
v 0.193124 0.231796 0.039888
v 0.191712 0.250409 0.024517
v 0.184885 0.273874 0.016105
v 0.180123 0.286161 0.006226
v 0.173977 0.298183 -0.000005
v 0.172224 0.301069 -0.006094
v 0.193795 0.191553 0.047777
v 0.195441 0.205956 0.040914
v 0.195937 0.219811 0.033442
v 0.195174 0.238057 0.018792
v 0.190037 0.260944 0.008159
v 0.185636 0.273745 -0.001741
v 0.183602 0.278476 -0.005806
v 0.177901 0.289803 -0.013948
v 0.171092 0.301009 -0.020892
v 0.194642 0.178694 0.039673
v 0.196388 0.181114 0.031426
v 0.196873 0.189712 0.032267
v 0.198210 0.197089 0.024675
v 0.198160 0.204366 0.024748
v 0.198176 0.218333 0.016889
v 0.197044 0.231075 0.010085
v 0.195875 0.239082 -0.001011
v 0.194138 0.246950 -0.001751
v 0.192337 0.252913 -0.010057
v 0.190745 0.258844 -0.007175
v 0.187769 0.266328 -0.015624
v 0.185237 0.273090 -0.015616
v 0.183065 0.275849 -0.025287
v 0.175965 0.289047 -0.031857
v 0.171440 0.297925 -0.030553
v 0.169852 0.298131 -0.037943
v 0.194718 0.167045 0.030307
v 0.196028 0.169487 0.023535
v 0.198337 0.182095 0.015775
v 0.199561 0.195737 0.007531
v 0.199507 0.209590 -0.000525
v 0.198443 0.220943 -0.008734
v 0.197164 0.231179 -0.007062
v 0.191427 0.251245 -0.025011
v 0.186739 0.262643 -0.033285
v 0.180154 0.276461 -0.040047
v 0.174276 0.285781 -0.046742
v 0.170062 0.294394 -0.045665
v 0.193131 0.154016 0.022478
v 0.196257 0.164971 0.013021
v 0.197151 0.168664 0.007738
v 0.198936 0.181838 0.001751
v 0.199604 0.195283 -0.006306
v 0.195525 0.232212 -0.025048
v 0.189072 0.250660 -0.039810
v 0.183699 0.261619 -0.048644
v 0.177717 0.273035 -0.054738
v 0.170152 0.286411 -0.059163
v 0.163527 0.293512 -0.066627
v 0.194472 0.154799 0.007704
v 0.194995 0.156486 0.000001
v 0.197277 0.169949 -0.009626
v 0.198283 0.181535 -0.015752
v 0.198035 0.195195 -0.025782
v 0.198197 0.205228 -0.024275
v 0.196496 0.210994 -0.034210
v 0.195950 0.218586 -0.034067
v 0.192928 0.231764 -0.040852
v 0.191080 0.234271 -0.047077
v 0.188171 0.247121 -0.047716
v 0.179518 0.261412 -0.062554
v 0.173366 0.271494 -0.068946
v 0.165214 0.285237 -0.073261
v 0.163175 0.289700 -0.072491
v 0.189003 0.135134 0.001781
v 0.191954 0.145225 -0.009037
v 0.194822 0.157704 -0.013261
v 0.196355 0.169825 -0.021206
v 0.196464 0.181715 -0.031229
v 0.197205 0.192225 -0.030884
v 0.194081 0.206490 -0.046876
v 0.193418 0.216553 -0.047142
v 0.188880 0.231567 -0.056869
v 0.185907 0.235995 -0.063684
v 0.181070 0.247809 -0.069571
v 0.174951 0.258710 -0.076590
v 0.168068 0.270884 -0.081560
v 0.161387 0.279734 -0.086774
v 0.157912 0.289018 -0.084121
v 0.183995 0.122030 0.002113
v 0.187593 0.131304 -0.004731
v 0.191131 0.143321 -0.013548
v 0.191566 0.146703 -0.019665
v 0.194593 0.165944 -0.029833
v 0.194173 0.170783 -0.036908
v 0.194420 0.177603 -0.040169
v 0.193373 0.184344 -0.047681
v 0.193891 0.191200 -0.047337
v 0.192058 0.197219 -0.054947
v 0.191643 0.204489 -0.056228
v 0.189880 0.206207 -0.061792
v 0.189070 0.217373 -0.062128
v 0.184924 0.229577 -0.069581
v 0.180256 0.242776 -0.074819
v 0.176216 0.248026 -0.081015
v 0.169623 0.259812 -0.087054
v 0.162207 0.268321 -0.094627
v 0.155183 0.278060 -0.098812
v 0.152876 0.284606 -0.097013
v 0.148473 0.288657 -0.100192
v 0.142474 0.287944 -0.109140
v 0.134576 0.260055 -0.134935
v 0.127383 0.235339 -0.149813
v 0.122875 0.219888 -0.156262
v 0.116792 0.207588 -0.161911
v 0.109741 0.196884 -0.166916
v 0.086647 0.158310 -0.175147
v 0.078347 0.146081 -0.175734
v 0.072852 0.133782 -0.173899
v 0.063854 0.123886 -0.173401
v 0.138062 0.286945 -0.115413
v 0.137220 0.275395 -0.124189
v 0.130527 0.282766 -0.126671
v 0.133613 0.266651 -0.132787
v 0.130231 0.269865 -0.134488
v 0.121317 0.284134 -0.134638
v 0.113964 0.294190 -0.134419
v 0.124704 0.261482 -0.143489
v 0.117228 0.274596 -0.143575
v 0.109265 0.287253 -0.142719
v 0.101766 0.296146 -0.142555
v 0.127353 0.243638 -0.147626
v 0.120798 0.249729 -0.151164
v 0.115030 0.259778 -0.152015
v 0.106342 0.275370 -0.151401
v 0.097374 0.287849 -0.150708
v 0.094993 0.294339 -0.148311
v 0.087514 0.300143 -0.149103
v 0.124273 0.229584 -0.153608
v 0.117511 0.235914 -0.157509
v 0.110319 0.249666 -0.158960
v 0.101189 0.264597 -0.159676
v 0.083807 0.289928 -0.157472
v 0.081606 0.297076 -0.154371
v 0.073801 0.301247 -0.155623
v 0.117965 0.217258 -0.160307
v 0.110057 0.231709 -0.163665
v 0.105596 0.234953 -0.165932
v 0.095993 0.251914 -0.167314
v 0.088373 0.263469 -0.167515
v 0.088445 0.271530 -0.164214
v 0.077084 0.277535 -0.167179
v 0.078525 0.286466 -0.162061
v 0.068094 0.297338 -0.160616
v 0.058069 0.301958 -0.161692
v 0.111861 0.204184 -0.165462
v 0.098033 0.220593 -0.172821
v 0.097616 0.231794 -0.171345
v 0.082928 0.251270 -0.174328
v 0.072449 0.273872 -0.170860
v 0.061583 0.286162 -0.169383
v 0.052161 0.297875 -0.166167
v 0.047978 0.301501 -0.165246
v 0.104647 0.191636 -0.169965
v 0.099307 0.205955 -0.173232
v 0.092354 0.219810 -0.176013
v 0.082042 0.232510 -0.179192
v 0.078184 0.238053 -0.179815
v 0.066485 0.260945 -0.178215
v 0.055709 0.273744 -0.177089
v 0.051213 0.278476 -0.176410
v 0.038390 0.297618 -0.170020
v 0.033002 0.301009 -0.169175
v 0.097880 0.178694 -0.172855
v 0.091504 0.181927 -0.176660
v 0.091525 0.189710 -0.177266
v 0.083888 0.196581 -0.181256
v 0.084774 0.204367 -0.180813
v 0.077302 0.218331 -0.183258
v 0.068199 0.232449 -0.184902
v 0.060106 0.237754 -0.186693
v 0.060330 0.249145 -0.183953
v 0.049871 0.252912 -0.186031
v 0.042390 0.273093 -0.180995
v 0.032521 0.275850 -0.181919
v 0.033436 0.284257 -0.178009
v 0.024079 0.289046 -0.177198
v 0.023330 0.295266 -0.174052
v 0.016401 0.298131 -0.173264
v 0.088996 0.167045 -0.175822
v 0.082959 0.169485 -0.179161
v 0.074601 0.190206 -0.185047
v 0.068831 0.195737 -0.187466
v 0.068832 0.202943 -0.187495
v 0.061677 0.208719 -0.189778
v 0.053017 0.220942 -0.191429
v 0.050736 0.231983 -0.190516
v 0.036372 0.251300 -0.189581
v 0.026051 0.262643 -0.187885
v 0.017585 0.276463 -0.183711
v 0.009166 0.285807 -0.180191
v 0.009120 0.294393 -0.175850
v 0.076021 0.156946 -0.179688
v 0.068731 0.168942 -0.184994
v 0.063140 0.181837 -0.188658
v 0.055683 0.195283 -0.191783
v 0.036600 0.232211 -0.193695
v 0.026816 0.246253 -0.192456
v 0.020564 0.250660 -0.192120
v 0.010501 0.261619 -0.189740
v 0.004481 0.276153 -0.184647
v -0.005265 0.284044 -0.181188
v -0.012834 0.293512 -0.176112
v 0.066750 0.145372 -0.180233
v 0.061917 0.156791 -0.184985
v 0.051808 0.169950 -0.190596
v 0.046293 0.181532 -0.193446
v 0.040278 0.195167 -0.195601
v 0.038161 0.205229 -0.195998
v 0.028377 0.210711 -0.197438
v 0.030573 0.216848 -0.196681
v 0.021079 0.233484 -0.195801
v 0.013880 0.233802 -0.196388
v 0.010430 0.243815 -0.194616
v -0.004018 0.261413 -0.190062
v -0.012421 0.271772 -0.186050
v -0.018621 0.285238 -0.179766
v -0.018518 0.289699 -0.177590
v 0.060098 0.135131 -0.179201
v 0.050724 0.145224 -0.185351
v 0.047590 0.157705 -0.189385
v 0.040509 0.169822 -0.193298
v 0.031010 0.181715 -0.196499
v 0.031564 0.192226 -0.197098
v 0.014933 0.216551 -0.198519
v 0.004281 0.231567 -0.197209
v -0.003118 0.235996 -0.196487
v -0.010211 0.247808 -0.193707
v -0.018779 0.258711 -0.190055
v -0.025634 0.270886 -0.185045
v -0.032657 0.279733 -0.180303
v -0.031205 0.289018 -0.176178
v 0.057601 0.122766 -0.175093
v 0.053395 0.131582 -0.180000
v 0.046176 0.143320 -0.185963
v 0.040493 0.146701 -0.188266
v 0.031760 0.165942 -0.194288
v 0.024901 0.170783 -0.196075
v 0.021874 0.177602 -0.197318
v 0.014408 0.184344 -0.198643
v 0.014894 0.191201 -0.199029
v 0.006765 0.204174 -0.199612
v 0.000205 0.207203 -0.199659
v -0.001095 0.216699 -0.199074
v -0.009031 0.229575 -0.197376
v -0.015457 0.242775 -0.194554
v -0.022597 0.248026 -0.192627
v -0.030377 0.259812 -0.188222
v -0.039871 0.268321 -0.183509
v -0.046025 0.278061 -0.178121
v -0.045023 0.284605 -0.175372
v -0.049407 0.288658 -0.172168
v -0.067811 0.280932 -0.169683
v -0.086744 0.260055 -0.169687
v -0.103117 0.235339 -0.167443
v -0.110642 0.219889 -0.165150
v -0.117897 0.207586 -0.161109
v -0.139799 0.158310 -0.136530
v -0.142922 0.146080 -0.128817
v -0.142875 0.133784 -0.123025
v -0.144281 0.123555 -0.115235
v -0.067352 0.287522 -0.166558
v -0.080139 0.282765 -0.163281
v -0.085000 0.266652 -0.168106
v -0.088877 0.269860 -0.164756
v -0.090558 0.284133 -0.156986
v -0.092623 0.294190 -0.149924
v -0.097930 0.261483 -0.162941
v -0.100322 0.274595 -0.155858
v -0.101969 0.287254 -0.148020
v -0.104131 0.296145 -0.140837
v -0.101046 0.243637 -0.166739
v -0.106437 0.249729 -0.161598
v -0.109029 0.259778 -0.156375
v -0.111129 0.275368 -0.147923
v -0.113242 0.287848 -0.139180
v -0.111699 0.294338 -0.136175
v -0.114762 0.300143 -0.129306
v -0.107687 0.229584 -0.165658
v -0.113487 0.235914 -0.160433
v -0.117090 0.249666 -0.154041
v -0.120592 0.264599 -0.145578
v -0.123866 0.289928 -0.128368
v -0.121598 0.297077 -0.125313
v -0.125202 0.301248 -0.118278
v -0.116007 0.217257 -0.161730
v -0.121646 0.231711 -0.155245
v -0.126046 0.238189 -0.150198
v -0.129462 0.251915 -0.142998
v -0.132007 0.263471 -0.135813
v -0.128848 0.271528 -0.134861
v -0.135121 0.278088 -0.124692
v -0.129863 0.286465 -0.124762
v -0.131714 0.297339 -0.114392
v -0.122797 0.204184 -0.157517
v -0.134212 0.220293 -0.146552
v -0.132793 0.231794 -0.145787
v -0.140170 0.251269 -0.132738
v -0.140110 0.273872 -0.121701
v -0.142062 0.286161 -0.110912
v -0.140755 0.298181 -0.102257
v -0.142914 0.301070 -0.096301
v -0.128702 0.191554 -0.152562
v -0.134065 0.205955 -0.147979
v -0.140082 0.218122 -0.141233
v -0.145071 0.232510 -0.133399
v -0.146855 0.238053 -0.129923
v -0.148949 0.260944 -0.118300
v -0.151206 0.273746 -0.107705
v -0.151951 0.278475 -0.103220
v -0.149394 0.297795 -0.089608
v -0.150695 0.301011 -0.083664
v -0.134149 0.178694 -0.146504
v -0.140410 0.181114 -0.140858
v -0.140308 0.189711 -0.141823
v -0.145852 0.197088 -0.136468
v -0.145370 0.206040 -0.136873
v -0.150401 0.218331 -0.130148
v -0.153588 0.234152 -0.123051
v -0.160135 0.238314 -0.113066
v -0.156307 0.249145 -0.114221
v -0.161516 0.252912 -0.104916
v -0.159039 0.273091 -0.096246
v -0.162967 0.275849 -0.087145
v -0.158964 0.284257 -0.086807
v -0.161084 0.289046 -0.077657
v -0.156657 0.297925 -0.076052
v -0.159717 0.298130 -0.069139
v -0.139717 0.167045 -0.138971
v -0.144758 0.169487 -0.134261
v -0.151185 0.182094 -0.129343
v -0.156281 0.197022 -0.124380
v -0.157048 0.202941 -0.123401
v -0.161430 0.208718 -0.117303
v -0.165678 0.220943 -0.109575
v -0.164028 0.233349 -0.108975
v -0.169568 0.251244 -0.092284
v -0.170641 0.262642 -0.082833
v -0.169286 0.276461 -0.073493
v -0.168467 0.285781 -0.064621
v -0.164425 0.294393 -0.063014
v -0.147401 0.156946 -0.127828
v -0.154701 0.168940 -0.122533
v -0.159914 0.181838 -0.118347
v -0.165190 0.195283 -0.112221
v -0.172905 0.232210 -0.094664
v -0.176364 0.250660 -0.078923
v -0.177208 0.261619 -0.068620
v -0.175952 0.273033 -0.060174
v -0.172432 0.286409 -0.052148
v -0.171458 0.293513 -0.042217
v -0.150785 0.145372 -0.119178
v -0.156829 0.157295 -0.116197
v -0.165258 0.169949 -0.108169
v -0.169673 0.181533 -0.103805
v -0.173581 0.195167 -0.098751
v -0.174613 0.205226 -0.096859
v -0.179006 0.210710 -0.088000
v -0.177608 0.216848 -0.089854
v -0.180095 0.231764 -0.080349
v -0.182258 0.234270 -0.074227
v -0.180281 0.247119 -0.071999
v -0.182002 0.261412 -0.054910
v -0.180783 0.271771 -0.045679
v -0.176723 0.285237 -0.037840
v -0.174620 0.289700 -0.037266
v -0.151860 0.135132 -0.112533
v -0.160605 0.145224 -0.105517
v -0.167056 0.158056 -0.101251
v -0.172621 0.170398 -0.096110
v -0.172805 0.178154 -0.097826
v -0.177300 0.181714 -0.090213
v -0.177697 0.192224 -0.090927
v -0.184188 0.216550 -0.075548
v -0.186234 0.231567 -0.065011
v -0.187834 0.235995 -0.057751
v -0.187381 0.247808 -0.050147
v -0.186557 0.258710 -0.040869
v -0.183910 0.270884 -0.032804
v -0.181569 0.279734 -0.024658
v -0.178603 0.286593 -0.023125
v -0.148012 0.121892 -0.109235
v -0.156678 0.132278 -0.103935
v -0.162591 0.143320 -0.101383
v -0.166539 0.146701 -0.096688
v -0.174965 0.165941 -0.090242
v -0.179138 0.171180 -0.083639
v -0.180900 0.177602 -0.081779
v -0.184461 0.190681 -0.076139
v -0.187366 0.202883 -0.069265
v -0.189479 0.217374 -0.060868
v -0.190506 0.229579 -0.052402
v -0.189808 0.242776 -0.045420
v -0.190182 0.248025 -0.038033
v -0.188398 0.259810 -0.029272
v -0.186849 0.268322 -0.018786
v -0.183626 0.278060 -0.011271
v -0.181015 0.283930 -0.011278
v -0.180110 0.286372 -0.006384
v -0.057201 0.283841 0.172168
v -0.077900 0.253299 0.176112
v -0.095763 0.228818 0.172960
v -0.105103 0.215656 0.169174
v -0.123563 0.179269 0.155624
v -0.128707 0.166509 0.149104
v -0.131505 0.151974 0.142556
v -0.135212 0.140190 0.134419
v -0.058176 0.277700 0.174702
v -0.062604 0.268418 0.177008
v -0.056711 0.264868 0.180302
v -0.051253 0.266848 0.181214
v -0.071947 0.256679 0.177590
v -0.067910 0.254776 0.179767
v -0.051937 0.254629 0.185046
v -0.039909 0.253920 0.188223
v -0.075636 0.241943 0.180107
v -0.058638 0.243208 0.186050
v -0.044113 0.243054 0.190055
v -0.032849 0.241690 0.192627
v -0.088506 0.234057 0.175850
v -0.083161 0.229601 0.179219
v -0.070116 0.230051 0.184647
v -0.053563 0.231339 0.189893
v -0.038929 0.230948 0.193499
v -0.031348 0.232955 0.194553
v -0.022583 0.229723 0.196279
v -0.098283 0.222399 0.172491
v -0.090412 0.218287 0.177198
v -0.082302 0.221844 0.180714
v -0.076253 0.218467 0.183711
v -0.059809 0.218163 0.189740
v -0.046285 0.217908 0.193505
v -0.030800 0.218885 0.196487
v -0.022415 0.221306 0.197375
v -0.014745 0.216865 0.198531
v -0.104936 0.208801 0.169773
v -0.090315 0.207776 0.178008
v -0.085717 0.204806 0.180375
v -0.067679 0.204716 0.187885
v -0.054507 0.204265 0.192120
v -0.037783 0.202913 0.196134
v -0.030150 0.210290 0.197209
v -0.015243 0.208363 0.199015
v -0.111856 0.195826 0.165466
v -0.093094 0.189290 0.176411
v -0.084333 0.194773 0.180996
v -0.062150 0.190409 0.189581
v -0.037696 0.195633 0.196110
v -0.021482 0.194046 0.198519
v -0.006146 0.194154 0.199599
v -0.117515 0.182627 0.160616
v -0.104605 0.183450 0.169383
v -0.090874 0.183152 0.177088
v -0.069628 0.179057 0.186031
v -0.045178 0.181668 0.193695
v -0.030314 0.181877 0.196597
v -0.022439 0.179709 0.197451
v 0.001445 0.182048 0.198961
v 0.007560 0.180112 0.198643
v -0.123322 0.170422 0.154371
v -0.117913 0.165255 0.157472
v -0.112453 0.168433 0.162061
v -0.103821 0.165729 0.167179
v -0.098473 0.168236 0.170860
v -0.084241 0.167790 0.178216
v -0.068079 0.168828 0.185177
v -0.051928 0.165847 0.189826
v -0.042442 0.161947 0.191429
v -0.027767 0.164473 0.194596
v -0.022274 0.167542 0.195833
v -0.012212 0.163065 0.195926
v -0.007164 0.168289 0.197097
v 0.002487 0.164084 0.196499
v 0.010250 0.170416 0.197317
v 0.014958 0.165475 0.196216
v -0.126860 0.157224 0.148312
v -0.122119 0.152191 0.150709
v -0.104353 0.152959 0.163714
v -0.096291 0.149341 0.167515
v -0.091428 0.153746 0.171461
v -0.082008 0.148700 0.174752
v -0.069003 0.147087 0.179814
v -0.059317 0.150855 0.184282
v -0.035379 0.148731 0.189778
v -0.020684 0.148086 0.191783
v -0.004185 0.150335 0.193446
v 0.001811 0.154778 0.194577
v 0.009452 0.152716 0.193872
v 0.016258 0.156364 0.194288
v -0.126905 0.141288 0.142719
v -0.114969 0.138589 0.151401
v -0.103029 0.138382 0.159676
v -0.089362 0.137356 0.167313
v -0.050967 0.139056 0.183257
v -0.026970 0.136529 0.187466
v -0.011993 0.135403 0.188658
v 0.003710 0.140222 0.190595
v 0.017536 0.141285 0.190168
v 0.029562 0.139945 0.188266
v -0.129506 0.129116 0.134638
v -0.119408 0.128228 0.143215
v -0.106978 0.126965 0.152104
v -0.093758 0.123538 0.158960
v -0.080619 0.124150 0.166291
v -0.072094 0.126908 0.171344
v -0.062260 0.121524 0.172821
v -0.059022 0.126254 0.176011
v -0.041819 0.126128 0.180813
v -0.036023 0.121912 0.180300
v -0.024437 0.127698 0.184607
v -0.002960 0.124633 0.184993
v 0.010447 0.125405 0.185060
v 0.026308 0.130134 0.185350
v 0.030043 0.133348 0.185962
v -0.132400 0.120266 0.126671
v -0.120731 0.114763 0.134487
v -0.108850 0.113590 0.143540
v -0.098308 0.114217 0.151301
v -0.084674 0.110954 0.157509
v -0.077583 0.115743 0.163664
v -0.049738 0.113838 0.173231
v -0.031730 0.113535 0.177266
v -0.024758 0.110074 0.176659
v -0.009809 0.112153 0.179161
v 0.004508 0.112749 0.179687
v 0.019007 0.115865 0.180232
v 0.031142 0.117236 0.179202
v 0.038017 0.124605 0.181127
v -0.139506 0.115394 0.115414
v -0.128802 0.110983 0.124188
v -0.119367 0.110300 0.132786
v -0.113899 0.106487 0.134933
v -0.095985 0.105606 0.147624
v -0.088576 0.101869 0.149812
v -0.082038 0.102077 0.153607
v -0.072742 0.098990 0.156261
v -0.068879 0.102383 0.160114
v -0.055472 0.102124 0.165091
v -0.039321 0.102661 0.169965
v -0.024717 0.102924 0.172855
v -0.010326 0.105662 0.175822
v -0.001463 0.103855 0.175146
v 0.013190 0.105810 0.175733
v 0.026642 0.105224 0.173899
v 0.039520 0.108847 0.173400
v 0.051110 0.112056 0.172042
v 0.143421 0.253299 0.128509
v 0.135396 0.229218 0.143991
v 0.128417 0.215656 0.152236
v 0.116219 0.189586 0.162166
v 0.109824 0.179269 0.165605
v 0.102032 0.166509 0.168484
v 0.094941 0.151974 0.169121
v 0.149628 0.278107 0.107010
v 0.147265 0.267724 0.116889
v 0.153954 0.264867 0.109651
v 0.146664 0.256681 0.123304
v 0.149983 0.254777 0.120137
v 0.159941 0.254628 0.106576
v 0.149820 0.242295 0.125241
v 0.157756 0.243516 0.114612
v 0.169459 0.245986 0.095334
v 0.173048 0.241690 0.090766
v 0.139893 0.234057 0.138515
v 0.146390 0.230177 0.132571
v 0.153944 0.230051 0.123742
v 0.164047 0.231337 0.109621
v 0.166430 0.235029 0.104822
v 0.172424 0.230515 0.096181
v 0.175345 0.232954 0.089933
v 0.179695 0.229722 0.082130
v 0.133679 0.222398 0.146774
v 0.140588 0.218287 0.140742
v 0.151156 0.218467 0.129291
v 0.161971 0.218162 0.115515
v 0.177866 0.218073 0.089135
v 0.180788 0.221306 0.082311
v 0.184257 0.216867 0.075372
v 0.129413 0.209319 0.151905
v 0.141388 0.207775 0.140901
v 0.147557 0.204834 0.134569
v 0.157776 0.204716 0.122426
v 0.165874 0.204263 0.111207
v 0.169122 0.209794 0.105856
v 0.174407 0.203421 0.097331
v 0.178241 0.210288 0.089613
v 0.184565 0.208363 0.075994
v 0.188206 0.202859 0.066945
v 0.121992 0.195511 0.158135
v 0.129462 0.193510 0.152001
v 0.139009 0.189287 0.143050
v 0.146655 0.194592 0.135512
v 0.150133 0.191055 0.131456
v 0.161447 0.191283 0.117280
v 0.174863 0.195633 0.096451
v 0.182165 0.194046 0.081774
v 0.185403 0.189135 0.073583
v 0.187834 0.196870 0.067954
v 0.116441 0.182627 0.161396
v 0.127752 0.182205 0.152531
v 0.140340 0.183152 0.141148
v 0.155410 0.179057 0.123708
v 0.170255 0.181670 0.102821
v 0.178223 0.183131 0.088625
v 0.180853 0.179707 0.082356
v 0.189670 0.182050 0.060108
v 0.191258 0.180113 0.054192
v 0.108707 0.170422 0.164989
v 0.112969 0.164007 0.160795
v 0.119380 0.168432 0.157029
v 0.126915 0.165729 0.150400
v 0.132141 0.166515 0.146017
v 0.143462 0.167790 0.135189
v 0.153029 0.168016 0.124309
v 0.158765 0.164951 0.116010
v 0.163037 0.167285 0.110655
v 0.168944 0.161945 0.099519
v 0.171700 0.167491 0.096746
v 0.179687 0.168205 0.081243
v 0.181797 0.161813 0.073464
v 0.185237 0.168289 0.067718
v 0.187650 0.164087 0.058356
v 0.190828 0.170418 0.051226
v 0.191113 0.164661 0.046327
v 0.101812 0.157341 0.166536
v 0.105140 0.152379 0.163068
v 0.122831 0.156185 0.151317
v 0.129560 0.149340 0.143343
v 0.134816 0.153747 0.139939
v 0.140857 0.148699 0.131996
v 0.149692 0.147088 0.121190
v 0.156972 0.152647 0.114062
v 0.169557 0.148733 0.092292
v 0.176005 0.148087 0.078937
v 0.182685 0.150336 0.063758
v 0.186573 0.150432 0.051466
v 0.189803 0.156362 0.044576
v 0.092629 0.145176 0.168326
v 0.104191 0.141167 0.159989
v 0.108320 0.138076 0.156021
v 0.120024 0.138382 0.147329
v 0.131510 0.137356 0.136692
v 0.158539 0.139058 0.105101
v 0.169958 0.136531 0.083578
v 0.175719 0.135404 0.069703
v 0.180957 0.136977 0.056538
v 0.186279 0.141285 0.042088
v 0.188187 0.139945 0.030061
v 0.088029 0.129116 0.164772
v 0.099318 0.126646 0.157071
v 0.112156 0.123846 0.146749
v 0.122208 0.123539 0.138291
v 0.133556 0.121182 0.125921
v 0.140681 0.126908 0.121512
v 0.145327 0.121504 0.112340
v 0.150623 0.126683 0.108790
v 0.159041 0.126128 0.095645
v 0.161127 0.122923 0.089452
v 0.168387 0.128894 0.080582
v 0.175024 0.124633 0.059979
v 0.179316 0.125297 0.046745
v 0.184409 0.130135 0.032255
v 0.186145 0.133349 0.028892
v 0.079559 0.120266 0.165063
v 0.090598 0.114762 0.156379
v 0.102240 0.115956 0.149680
v 0.113328 0.114192 0.140391
v 0.123633 0.110955 0.129203
v 0.131680 0.115742 0.124359
v 0.149383 0.113838 0.100835
v 0.158785 0.113536 0.084955
v 0.160363 0.110074 0.078135
v 0.167361 0.112152 0.064692
v 0.172286 0.112749 0.051238
v 0.177286 0.115867 0.037617
v 0.180054 0.117236 0.025758
v 0.184010 0.124606 0.019815
v 0.066656 0.115396 0.168344
v 0.078308 0.110984 0.160874
v 0.089401 0.110300 0.154559
v 0.093132 0.106486 0.150021
v 0.110739 0.105606 0.136905
v 0.115109 0.101869 0.130535
v 0.120739 0.102076 0.125488
v 0.126136 0.098990 0.117467
v 0.130991 0.102381 0.114985
v 0.135167 0.100155 0.108048
v 0.139869 0.102123 0.103773
v 0.142627 0.098401 0.096182
v 0.149027 0.102016 0.090004
v 0.156758 0.102925 0.076921
v 0.164026 0.105662 0.064152
v 0.166122 0.103856 0.055515
v 0.171208 0.105811 0.041761
v 0.173622 0.105226 0.028398
v 0.176515 0.107667 0.016030
v 0.179533 0.113057 0.012223
v 0.180028 0.113381 0.005471
v 0.146404 0.282975 -0.107802
v 0.166539 0.253298 -0.096688
v 0.179138 0.228818 -0.083639
v 0.184469 0.215657 -0.075085
v 0.191438 0.179269 -0.053274
v 0.191767 0.166509 -0.044976
v 0.190182 0.151974 -0.038033
v 0.188398 0.140190 -0.029271
v 0.147614 0.277972 -0.109856
v 0.154691 0.268418 -0.106404
v 0.151860 0.264868 -0.112533
v 0.162591 0.256680 -0.101383
v 0.160606 0.254777 -0.105515
v 0.150784 0.254628 -0.119178
v 0.142923 0.253921 -0.128816
v 0.167056 0.241944 -0.101252
v 0.156797 0.243209 -0.116050
v 0.147401 0.243054 -0.127827
v 0.139799 0.241690 -0.136530
v 0.174965 0.234058 -0.090242
v 0.172433 0.230522 -0.096162
v 0.163173 0.230106 -0.111276
v 0.154700 0.231059 -0.122534
v 0.144757 0.230513 -0.134262
v 0.139717 0.232955 -0.138971
v 0.133641 0.229723 -0.145519
v 0.180901 0.222398 -0.081778
v 0.177299 0.218286 -0.090213
v 0.169673 0.218466 -0.103805
v 0.159913 0.218161 -0.118348
v 0.140410 0.218887 -0.140858
v 0.134149 0.221307 -0.146504
v 0.128623 0.216866 -0.151947
v 0.184685 0.208802 -0.075669
v 0.177698 0.207776 -0.090924
v 0.173581 0.204834 -0.098750
v 0.165190 0.204717 -0.112222
v 0.157022 0.204263 -0.123391
v 0.152573 0.209655 -0.128584
v 0.145330 0.202560 -0.137021
v 0.140308 0.210289 -0.141824
v 0.129310 0.208362 -0.152047
v 0.187752 0.195826 -0.068116
v 0.179078 0.189006 -0.087820
v 0.174613 0.194773 -0.096860
v 0.161431 0.191283 -0.117302
v 0.145767 0.195633 -0.136499
v 0.134066 0.194045 -0.147979
v 0.122294 0.194155 -0.157867
v 0.189480 0.182627 -0.060867
v 0.184188 0.183449 -0.075548
v 0.177777 0.180991 -0.089061
v 0.165677 0.179058 -0.109576
v 0.150400 0.181670 -0.130149
v 0.140081 0.181878 -0.141233
v 0.134212 0.179708 -0.146551
v 0.115778 0.182048 -0.161812
v 0.110643 0.180112 -0.165150
v 0.190506 0.170423 -0.052402
v 0.187954 0.165256 -0.058090
v 0.186234 0.168433 -0.065012
v 0.182258 0.165729 -0.074228
v 0.180095 0.168236 -0.080349
v 0.172905 0.167789 -0.094663
v 0.163921 0.168827 -0.109796
v 0.155620 0.167286 -0.120863
v 0.146855 0.161948 -0.129923
v 0.132793 0.168205 -0.145787
v 0.125179 0.165047 -0.151703
v 0.121645 0.168289 -0.155246
v 0.113487 0.164085 -0.160433
v 0.107688 0.170416 -0.165658
v 0.103116 0.164661 -0.167443
v 0.189807 0.157224 -0.045421
v 0.187381 0.152192 -0.050147
v 0.180281 0.152880 -0.071999
v 0.176363 0.149341 -0.078926
v 0.169063 0.148699 -0.093175
v 0.161516 0.147088 -0.104915
v 0.156987 0.152647 -0.114042
v 0.140171 0.148731 -0.132738
v 0.129461 0.148085 -0.142998
v 0.117090 0.150336 -0.154041
v 0.106602 0.150433 -0.161538
v 0.101046 0.156363 -0.166739
v 0.186556 0.141289 -0.040871
v 0.182002 0.138588 -0.054909
v 0.177208 0.138382 -0.068621
v 0.170641 0.137357 -0.082833
v 0.158533 0.141158 -0.106313
v 0.148948 0.139056 -0.118301
v 0.133126 0.136058 -0.134506
v 0.120592 0.135403 -0.145579
v 0.109689 0.136978 -0.154630
v 0.097590 0.141285 -0.164157
v 0.086743 0.139945 -0.169687
v 0.183910 0.129116 -0.032804
v 0.180782 0.128228 -0.045678
v 0.174226 0.123847 -0.061318
v 0.169286 0.123538 -0.073492
v 0.162966 0.124150 -0.087145
v 0.159038 0.126907 -0.096245
v 0.151951 0.121525 -0.103220
v 0.151206 0.126255 -0.107706
v 0.140110 0.126128 -0.121702
v 0.135177 0.122467 -0.124972
v 0.128278 0.127699 -0.134989
v 0.111130 0.124633 -0.147923
v 0.099867 0.125294 -0.156095
v 0.088876 0.130139 -0.164757
v 0.084999 0.133348 -0.168106
v 0.181569 0.120266 -0.024658
v 0.176723 0.114764 -0.037840
v 0.173947 0.115956 -0.050984
v 0.168540 0.114193 -0.064397
v 0.161085 0.110955 -0.077657
v 0.158963 0.115742 -0.086808
v 0.142061 0.113839 -0.110912
v 0.129864 0.113535 -0.124761
v 0.123866 0.110074 -0.128369
v 0.113243 0.112153 -0.139180
v 0.101969 0.112747 -0.148020
v 0.090560 0.115867 -0.156985
v 0.080366 0.120511 -0.164776
v 0.076605 0.123090 -0.167778
v 0.180702 0.115396 -0.011372
v 0.177199 0.110983 -0.024763
v 0.174619 0.110299 -0.037267
v 0.171458 0.106488 -0.042216
v 0.164424 0.105605 -0.063013
v 0.159716 0.101870 -0.069140
v 0.156658 0.102076 -0.076051
v 0.150696 0.098990 -0.083663
v 0.149837 0.102382 -0.089048
v 0.144529 0.100156 -0.095164
v 0.141916 0.102124 -0.100956
v 0.135834 0.098043 -0.105194
v 0.131713 0.102660 -0.114393
v 0.121597 0.102924 -0.125315
v 0.111699 0.105662 -0.136175
v 0.104131 0.103855 -0.140837
v 0.092622 0.105809 -0.149924
v 0.080659 0.105224 -0.156348
v 0.069792 0.107666 -0.162922
v 0.067102 0.113057 -0.166969
v 0.060836 0.113381 -0.169526
v -0.057286 0.282974 -0.172551
v -0.040493 0.253298 -0.188267
v -0.024902 0.229217 -0.196075
v -0.014407 0.215655 -0.198644
v -0.007091 0.202781 -0.199638
v -0.000572 0.191297 -0.199587
v 0.008491 0.179269 -0.198531
v 0.016485 0.166510 -0.196280
v 0.022597 0.151974 -0.192627
v 0.030377 0.140189 -0.188223
v -0.058026 0.276801 -0.175138
v -0.063930 0.276330 -0.173279
v -0.050432 0.267725 -0.181126
v -0.060099 0.264869 -0.179201
v -0.046178 0.256679 -0.185963
v -0.050722 0.254777 -0.185351
v -0.066750 0.254629 -0.180233
v -0.078346 0.253920 -0.175734
v -0.047590 0.242295 -0.189385
v -0.061918 0.243208 -0.184985
v -0.076022 0.243056 -0.179687
v -0.086648 0.241691 -0.175147
v -0.031759 0.234058 -0.194288
v -0.040508 0.230178 -0.193298
v -0.051809 0.230050 -0.190596
v -0.068732 0.231059 -0.184993
v -0.082957 0.230514 -0.179162
v -0.088996 0.232956 -0.175822
v -0.097100 0.229723 -0.172067
v -0.021875 0.222398 -0.197318
v -0.031011 0.218286 -0.196499
v -0.046294 0.218467 -0.193446
v -0.063140 0.218161 -0.188658
v -0.091504 0.218074 -0.176660
v -0.097880 0.221305 -0.172856
v -0.104764 0.216866 -0.169282
v -0.014894 0.208799 -0.199029
v -0.031565 0.207775 -0.197098
v -0.040278 0.204834 -0.195601
v -0.055684 0.204717 -0.191783
v -0.068830 0.204263 -0.187467
v -0.075145 0.209656 -0.184839
v -0.085954 0.202703 -0.180300
v -0.091526 0.210289 -0.177266
v -0.104647 0.208364 -0.169965
v -0.006765 0.195826 -0.199612
v -0.028376 0.189288 -0.197438
v -0.038161 0.194773 -0.195998
v -0.061153 0.190409 -0.189905
v -0.084774 0.195633 -0.180813
v -0.099308 0.194045 -0.173232
v -0.111861 0.195816 -0.165462
v -0.116792 0.192413 -0.161911
v 0.001094 0.183300 -0.199074
v -0.014935 0.183449 -0.198519
v -0.030573 0.183152 -0.196681
v -0.046498 0.179697 -0.193193
v -0.053017 0.179057 -0.191429
v -0.077302 0.181669 -0.183258
v -0.091033 0.181878 -0.176868
v -0.097906 0.179707 -0.172930
v -0.117964 0.182742 -0.160308
v -0.122876 0.180112 -0.156262
v 0.009031 0.170422 -0.197375
v 0.003117 0.164006 -0.196487
v -0.004281 0.168433 -0.197209
v -0.014275 0.165729 -0.196275
v -0.020763 0.168236 -0.196110
v -0.036601 0.167790 -0.193695
v -0.050738 0.168017 -0.190516
v -0.060671 0.163124 -0.186686
v -0.069325 0.165457 -0.184110
v -0.078184 0.161947 -0.179816
v -0.082043 0.167490 -0.179192
v -0.097616 0.168206 -0.171345
v -0.105597 0.165048 -0.165931
v -0.110057 0.168290 -0.163665
v -0.117510 0.164086 -0.157510
v -0.124274 0.170416 -0.153608
v -0.127383 0.164661 -0.149813
v 0.015519 0.157341 -0.194574
v 0.010787 0.152380 -0.193725
v -0.012766 0.152880 -0.193706
v -0.020267 0.151026 -0.192600
v -0.036372 0.148699 -0.189581
v -0.049870 0.147088 -0.186031
v -0.058327 0.153050 -0.185177
v -0.082559 0.149592 -0.174753
v -0.095993 0.148086 -0.167314
v -0.110318 0.150334 -0.158961
v -0.120798 0.150273 -0.151165
v -0.127354 0.156363 -0.147626
v 0.018780 0.141290 -0.190055
v 0.004018 0.138587 -0.190062
v -0.010504 0.138382 -0.189740
v -0.026050 0.137357 -0.187885
v -0.052120 0.141156 -0.183626
v -0.066484 0.139056 -0.178215
v -0.088374 0.136530 -0.167514
v -0.101189 0.135403 -0.159676
v -0.115030 0.140221 -0.152015
v -0.124704 0.138519 -0.143490
v -0.134577 0.139945 -0.134934
v 0.025632 0.129116 -0.185046
v 0.012421 0.128227 -0.186049
v -0.004478 0.123847 -0.184647
v -0.017586 0.123538 -0.183711
v -0.034038 0.121183 -0.180374
v -0.042390 0.126907 -0.180995
v -0.051540 0.121505 -0.176307
v -0.057913 0.126680 -0.176545
v -0.072448 0.126129 -0.170861
v -0.077083 0.122466 -0.167179
v -0.088445 0.128472 -0.164215
v -0.106343 0.124632 -0.151401
v -0.117228 0.125403 -0.143574
v -0.130231 0.130135 -0.134488
v -0.133613 0.133349 -0.132786
v 0.032656 0.120265 -0.180302
v 0.018620 0.114763 -0.179767
v 0.005265 0.115955 -0.181188
v -0.009166 0.114192 -0.180191
v -0.024079 0.110955 -0.177198
v -0.033436 0.115742 -0.178008
v -0.061585 0.113841 -0.169383
v -0.078525 0.113536 -0.162061
v -0.083810 0.110073 -0.157472
v -0.097374 0.112152 -0.150709
v -0.109266 0.112748 -0.142719
v -0.121317 0.115867 -0.134638
v -0.130526 0.117235 -0.126672
v -0.137220 0.124604 -0.124188
v 0.045023 0.115395 -0.175372
v 0.031205 0.110982 -0.176178
v 0.018519 0.110299 -0.177589
v 0.012833 0.106486 -0.176111
v -0.009121 0.105606 -0.175849
v -0.016400 0.101869 -0.173264
v -0.023920 0.102076 -0.172491
v -0.033002 0.098990 -0.169173
v -0.038390 0.102383 -0.170020
v -0.047977 0.098499 -0.165247
v -0.052163 0.102126 -0.166167
v -0.068095 0.102661 -0.160616
v -0.081607 0.102925 -0.154370
v -0.094993 0.105661 -0.148311
v -0.101766 0.103855 -0.142555
v -0.113964 0.105810 -0.134419
v -0.123771 0.105224 -0.125025
v -0.133382 0.107665 -0.116720
v -0.138061 0.113056 -0.115414
v -0.142578 0.111912 -0.108885
v -0.181268 0.284193 0.000141
v -0.191566 0.253298 -0.019665
v -0.194173 0.229216 -0.036908
v -0.193374 0.215656 -0.047681
v -0.192058 0.202782 -0.054947
v -0.190204 0.190262 -0.060342
v -0.185504 0.176250 -0.070274
v -0.181579 0.166510 -0.076331
v -0.176216 0.151974 -0.081016
v -0.169623 0.140190 -0.087055
v -0.183995 0.277971 0.002111
v -0.187689 0.268421 -0.004841
v -0.189002 0.264868 0.001782
v -0.191131 0.256679 -0.013546
v -0.191953 0.254777 -0.009037
v -0.192038 0.254630 0.007789
v -0.191344 0.253918 0.020206
v -0.194822 0.242296 -0.013261
v -0.195176 0.242705 0.001824
v -0.194385 0.243055 0.016777
v -0.193351 0.241689 0.028282
v -0.194593 0.234057 -0.029834
v -0.196355 0.230177 -0.021206
v -0.197277 0.230050 -0.009625
v -0.197179 0.231058 0.008204
v -0.196029 0.230513 0.023534
v -0.194718 0.232954 0.030308
v -0.193651 0.229722 0.039176
v -0.194420 0.222399 -0.040168
v -0.196464 0.218286 -0.031230
v -0.198283 0.218468 -0.015751
v -0.198936 0.218163 0.001751
v -0.198337 0.217906 0.015777
v -0.196388 0.218886 0.031426
v -0.194642 0.221305 0.039674
v -0.193371 0.216864 0.047325
v -0.193891 0.208801 -0.047336
v -0.197205 0.207775 -0.030885
v -0.198474 0.204834 -0.022136
v -0.199604 0.204717 -0.006307
v -0.199543 0.202978 0.008766
v -0.198308 0.203420 0.023771
v -0.196873 0.210289 0.032269
v -0.193796 0.208447 0.047776
v -0.192405 0.203049 0.053677
v -0.191933 0.195825 -0.055249
v -0.196496 0.189004 -0.034211
v -0.198197 0.194773 -0.024274
v -0.199508 0.190411 -0.000525
v -0.199526 0.196701 0.008722
v -0.198160 0.195634 0.024749
v -0.195441 0.194045 0.040915
v -0.191730 0.194155 0.055834
v -0.189070 0.182626 -0.062128
v -0.193418 0.183449 -0.047142
v -0.196173 0.180991 -0.032442
v -0.198443 0.179057 -0.008734
v -0.197920 0.175072 0.010107
v -0.198187 0.183042 0.018172
v -0.195937 0.180190 0.033442
v -0.194657 0.179408 0.039830
v -0.188777 0.182047 0.062854
v -0.186585 0.180113 0.068573
v -0.184924 0.170421 -0.069581
v -0.186202 0.165255 -0.063480
v -0.188879 0.168432 -0.056870
v -0.190757 0.163880 -0.047010
v -0.192928 0.168237 -0.040854
v -0.195525 0.167790 -0.025046
v -0.196755 0.166652 -0.008249
v -0.196502 0.164199 -0.000918
v -0.197043 0.168923 0.010089
v -0.195175 0.161946 0.018790
v -0.195774 0.167491 0.022652
v -0.193652 0.164473 0.033726
v -0.193132 0.167542 0.039330
v -0.190111 0.163065 0.048927
v -0.189664 0.168289 0.054095
v -0.186113 0.164086 0.063086
v -0.184493 0.170416 0.070722
v -0.181845 0.164662 0.074852
v -0.180255 0.157224 -0.074820
v -0.181070 0.152192 -0.069571
v -0.188066 0.152317 -0.047551
v -0.189072 0.149341 -0.039812
v -0.191427 0.148756 -0.025009
v -0.192337 0.147087 -0.010056
v -0.193592 0.150855 0.000532
v -0.191712 0.149592 0.024517
v -0.188788 0.148085 0.039592
v -0.185272 0.150336 0.055795
v -0.181095 0.150272 0.068173
v -0.179755 0.156363 0.075500
v -0.174950 0.141287 -0.076589
v -0.179518 0.138588 -0.062555
v -0.183699 0.138382 -0.048643
v -0.186739 0.137357 -0.033285
v -0.187770 0.133673 -0.015623
v -0.190038 0.139057 0.008159
v -0.186625 0.136531 0.032284
v -0.183131 0.135404 0.046892
v -0.180121 0.140221 0.062423
v -0.175002 0.138518 0.074259
v -0.169918 0.139947 0.086292
v -0.168069 0.129116 -0.081560
v -0.173106 0.128228 -0.069305
v -0.177718 0.126965 -0.054738
v -0.180154 0.123539 -0.040046
v -0.182335 0.122350 -0.024996
v -0.185518 0.127678 -0.015901
v -0.183602 0.121524 -0.005807
v -0.185637 0.126257 -0.001740
v -0.184886 0.126128 0.016103
v -0.183033 0.123438 0.023239
v -0.180355 0.123752 0.039565
v -0.176854 0.124634 0.054351
v -0.172546 0.125296 0.067581
v -0.168150 0.130135 0.082296
v -0.167577 0.133350 0.086039
v -0.161386 0.120265 -0.086774
v -0.165214 0.114763 -0.073260
v -0.170152 0.113591 -0.059164
v -0.174275 0.114217 -0.046742
v -0.175966 0.110956 -0.031859
v -0.179628 0.115742 -0.023209
v -0.180123 0.113839 0.006229
v -0.178395 0.113535 0.024602
v -0.175696 0.110540 0.032256
v -0.173423 0.112152 0.046035
v -0.169500 0.112749 0.059814
v -0.165538 0.115867 0.073773
v -0.160808 0.117236 0.084993
v -0.160514 0.124604 0.092127
v -0.152875 0.115395 -0.097014
v -0.157912 0.110982 -0.084120
v -0.163175 0.110299 -0.072490
v -0.163526 0.106486 -0.066626
v -0.170060 0.105605 -0.045667
v -0.169851 0.101868 -0.037945
v -0.171441 0.102077 -0.030554
v -0.171092 0.098990 -0.020892
v -0.173533 0.102206 -0.015316
v -0.173979 0.101819 -0.000006
v -0.173796 0.102659 0.015125
v -0.172033 0.102925 0.029907
v -0.170407 0.105662 0.044513
v -0.167025 0.103854 0.052733
v -0.163057 0.105810 0.066846
v -0.157155 0.105225 0.079076
v -0.152227 0.107666 0.090782
v -0.152428 0.113056 0.095639
v -0.148863 0.113380 0.101389
v -0.141709 0.107360 0.106209
v -0.122150 0.074877 0.096687
v -0.106087 0.053157 0.084271
v -0.096500 0.042007 0.075086
v -0.086265 0.033015 0.067714
v -0.042097 0.008418 0.038032
v -0.030759 0.004744 0.029271
v -0.022454 0.002324 0.018788
v -0.012371 0.000827 0.010827
v -0.136054 0.102544 0.109235
v -0.130640 0.090148 0.103934
v -0.125933 0.093181 0.112533
v -0.123408 0.079921 0.101382
v -0.120817 0.080846 0.105517
v -0.116293 0.089562 0.119176
v -0.112143 0.096278 0.128816
v -0.112224 0.069338 0.101251
v -0.108768 0.079078 0.116049
v -0.104428 0.087413 0.127827
v -0.099808 0.093603 0.136529
v -0.108708 0.058736 0.090241
v -0.103438 0.060103 0.098207
v -0.099900 0.067517 0.111276
v -0.096963 0.075521 0.122533
v -0.092030 0.084171 0.134261
v -0.091958 0.089771 0.138971
v -0.086351 0.093760 0.145518
v -0.100934 0.048214 0.081779
v -0.095645 0.049595 0.090212
v -0.092397 0.056498 0.103804
v -0.087760 0.065090 0.118347
v -0.078657 0.083096 0.141615
v -0.079050 0.089540 0.146503
v -0.072607 0.092497 0.151946
v -0.090829 0.039180 0.076137
v -0.086423 0.044540 0.090925
v -0.082725 0.045294 0.095542
v -0.078093 0.054358 0.112220
v -0.074036 0.061461 0.123390
v -0.076867 0.067853 0.128584
v -0.067284 0.071156 0.137019
v -0.071949 0.079105 0.141823
v -0.065113 0.088662 0.152561
v -0.058398 0.090765 0.156742
v -0.081214 0.031125 0.069264
v -0.070473 0.035102 0.088000
v -0.073414 0.041483 0.096859
v -0.063744 0.051071 0.116843
v -0.061284 0.067667 0.136497
v -0.054631 0.077424 0.147977
v -0.051175 0.088293 0.157514
v -0.045941 0.091157 0.161108
v -0.069198 0.022755 0.060868
v -0.067567 0.027855 0.075547
v -0.064359 0.033608 0.089853
v -0.055361 0.042448 0.109575
v -0.050866 0.057279 0.130147
v -0.046437 0.066602 0.141231
v -0.041872 0.070881 0.146550
v -0.036446 0.088520 0.161728
v -0.031693 0.092142 0.165148
v -0.058741 0.016378 0.052401
v -0.052977 0.016350 0.058090
v -0.055051 0.019310 0.065012
v -0.050054 0.021413 0.074201
v -0.052130 0.024713 0.080348
v -0.048516 0.030943 0.094663
v -0.044516 0.038423 0.108646
v -0.040195 0.047050 0.121997
v -0.031640 0.051630 0.129922
v -0.029423 0.061715 0.141111
v -0.030505 0.066410 0.145338
v -0.022888 0.071640 0.151328
v -0.026041 0.077016 0.155245
v -0.018631 0.082431 0.160432
v -0.021698 0.090449 0.165657
v -0.014509 0.091964 0.167442
v -0.046625 0.011101 0.045420
v -0.041039 0.011020 0.050146
v -0.037894 0.017590 0.072073
v -0.033562 0.019600 0.078923
v -0.030000 0.025417 0.092284
v -0.024907 0.031873 0.104916
v -0.028707 0.037603 0.112694
v -0.017831 0.051622 0.132519
v -0.011465 0.060989 0.142997
v -0.007944 0.073059 0.154039
v -0.003340 0.082484 0.161537
v -0.006160 0.090105 0.166738
v -0.030918 0.006883 0.040870
v -0.026466 0.009748 0.054910
v -0.024137 0.013944 0.068621
v -0.020283 0.019360 0.082833
v -0.012103 0.039521 0.118301
v -0.001444 0.052464 0.134666
v 0.003846 0.063250 0.145578
v 0.007313 0.073705 0.154629
v 0.008871 0.086453 0.164156
v 0.014920 0.095556 0.169687
v -0.018847 0.003805 0.032804
v -0.016904 0.006331 0.046123
v -0.009804 0.010111 0.061318
v -0.007319 0.014391 0.073493
v -0.001519 0.020723 0.088108
v -0.005750 0.025064 0.096245
v 0.002342 0.029165 0.103498
v -0.001510 0.033038 0.109632
v 0.003412 0.041645 0.121700
v 0.008625 0.044904 0.125600
v 0.006053 0.053112 0.135245
v 0.017711 0.066897 0.147923
v 0.021853 0.076908 0.155857
v 0.023284 0.090346 0.165415
v 0.021600 0.094166 0.168106
v -0.009884 0.001942 0.024658
v -0.002795 0.003815 0.037840
v -0.002621 0.006831 0.050982
v 0.001374 0.010879 0.064398
v 0.007603 0.016099 0.077657
v 0.004270 0.020137 0.086805
v 0.013531 0.034403 0.110911
v 0.019257 0.045177 0.124761
v 0.025036 0.048994 0.128368
v 0.027927 0.059425 0.139179
v 0.032436 0.069776 0.148020
v 0.034750 0.081374 0.156984
v 0.038184 0.091308 0.163281
v 0.036549 0.097464 0.167580
v -0.005141 0.000539 0.011373
v 0.000372 0.001699 0.024763
v 0.002137 0.003700 0.037265
v 0.006962 0.004823 0.042216
v 0.010895 0.010720 0.063013
v 0.016343 0.013260 0.069138
v 0.017524 0.016088 0.076051
v 0.022951 0.020039 0.083662
v 0.020302 0.022326 0.089048
v 0.024667 0.026077 0.095163
v 0.024074 0.029295 0.100956
v 0.028157 0.038660 0.114393
v 0.032445 0.047826 0.125315
v 0.034423 0.057904 0.136174
v 0.039424 0.063864 0.140836
v 0.042823 0.075031 0.149923
v 0.048696 0.085469 0.156347
v 0.051372 0.096283 0.162922
v 0.047753 0.101098 0.166969
v 0.051434 0.106575 0.169018
v 0.056941 0.105589 0.166695
v 0.054209 0.074878 0.146050
v 0.047365 0.053157 0.126936
v 0.041590 0.042007 0.114979
v 0.037743 0.033015 0.102967
v 0.029940 0.019502 0.080250
v 0.025529 0.013500 0.066971
v 0.023162 0.008418 0.051789
v 0.018334 0.004744 0.038299
v 0.061846 0.102543 0.163149
v 0.058478 0.090148 0.156363
v 0.068110 0.093181 0.154543
v 0.058284 0.079920 0.148697
v 0.063017 0.080846 0.147510
v 0.077408 0.089563 0.147429
v 0.087858 0.096279 0.146460
v 0.064154 0.070967 0.138401
v 0.076759 0.079079 0.139306
v 0.089302 0.087414 0.138817
v 0.099005 0.093603 0.137112
v 0.052231 0.058736 0.131273
v 0.061431 0.060262 0.128900
v 0.071731 0.065627 0.129276
v 0.086573 0.075521 0.130082
v 0.099252 0.084171 0.129015
v 0.103752 0.089770 0.130402
v 0.111713 0.093760 0.127091
v 0.046586 0.048214 0.121265
v 0.056242 0.049596 0.118841
v 0.070172 0.056498 0.119951
v 0.085435 0.065090 0.120036
v 0.109340 0.082859 0.119311
v 0.114906 0.089541 0.120452
v 0.122074 0.092498 0.116007
v 0.044343 0.039180 0.109911
v 0.059769 0.044540 0.110291
v 0.065303 0.045295 0.108200
v 0.082597 0.054358 0.108948
v 0.094473 0.061461 0.108541
v 0.098537 0.067852 0.112839
v 0.109522 0.071156 0.106331
v 0.112648 0.079105 0.112254
v 0.124424 0.088081 0.109096
v 0.040778 0.031125 0.098642
v 0.061916 0.035102 0.094217
v 0.069432 0.041483 0.099752
v 0.091661 0.051713 0.097493
v 0.110880 0.067668 0.100464
v 0.123853 0.077423 0.097683
v 0.133993 0.088294 0.097343
v 0.139027 0.091157 0.093476
v 0.036505 0.022755 0.084620
v 0.050970 0.027855 0.087606
v 0.065568 0.033607 0.088974
v 0.087105 0.042447 0.086511
v 0.108059 0.057279 0.088593
v 0.121549 0.066941 0.086158
v 0.126627 0.070875 0.084819
v 0.142551 0.088520 0.084637
v 0.147273 0.092143 0.081175
v 0.031685 0.016378 0.072059
v 0.038876 0.016351 0.068335
v 0.044818 0.019310 0.072446
v 0.055101 0.021413 0.070533
v 0.060307 0.024713 0.074408
v 0.075038 0.030944 0.075393
v 0.087849 0.037657 0.076294
v 0.098067 0.042425 0.073811
v 0.103606 0.047050 0.075926
v 0.113787 0.051631 0.070239
v 0.129087 0.067006 0.074485
v 0.136640 0.072405 0.070388
v 0.139601 0.077017 0.072738
v 0.146823 0.082432 0.067296
v 0.150845 0.090450 0.071827
v 0.154763 0.091964 0.065540
v 0.028789 0.011101 0.058378
v 0.035010 0.011020 0.054526
v 0.056836 0.017590 0.058310
v 0.064021 0.019864 0.057933
v 0.079429 0.025843 0.057060
v 0.092085 0.031873 0.056108
v 0.099853 0.038410 0.061731
v 0.120524 0.051622 0.057908
v 0.132457 0.060990 0.055092
v 0.144046 0.073059 0.055156
v 0.152600 0.082485 0.053094
v 0.156675 0.090106 0.057383
v 0.029315 0.006883 0.042034
v 0.044045 0.009748 0.042138
v 0.057804 0.013944 0.044161
v 0.072512 0.019360 0.044887
v 0.108771 0.039522 0.048068
v 0.127630 0.052464 0.042985
v 0.139641 0.063250 0.041329
v 0.149321 0.073706 0.040827
v 0.158863 0.086453 0.042288
v 0.165993 0.095557 0.038244
v 0.025374 0.003805 0.028061
v 0.038296 0.006206 0.029954
v 0.055287 0.010111 0.028272
v 0.067635 0.014392 0.029671
v 0.083326 0.020723 0.028671
v 0.089758 0.025064 0.035209
v 0.098858 0.028996 0.029771
v 0.101920 0.031777 0.034864
v 0.116800 0.041645 0.034362
v 0.121603 0.044420 0.030159
v 0.130223 0.052766 0.035630
v 0.146156 0.066897 0.028866
v 0.155301 0.077266 0.027165
v 0.164515 0.090348 0.028971
v 0.166553 0.094165 0.031403
v 0.020397 0.001942 0.017020
v 0.035125 0.003815 0.014351
v 0.047677 0.006831 0.018246
v 0.061671 0.010879 0.018593
v 0.076206 0.016099 0.016765
v 0.083877 0.020137 0.022762
v 0.109666 0.034404 0.021404
v 0.124606 0.045178 0.020237
v 0.130739 0.049816 0.016270
v 0.140998 0.059426 0.016447
v 0.150800 0.069776 0.014892
v 0.160039 0.081375 0.015461
v 0.167090 0.091308 0.014138
v 0.170991 0.098568 0.020252
v 0.009228 0.000539 0.008403
v 0.023666 0.001699 0.007298
v 0.036102 0.003700 0.009483
v 0.042301 0.004823 0.006424
v 0.063296 0.010720 0.009110
v 0.070805 0.013260 0.005821
v 0.077745 0.016088 0.006834
v 0.086660 0.020040 0.004025
v 0.090964 0.022326 0.008209
v 0.098129 0.026077 0.005947
v 0.103454 0.029295 0.008300
v 0.110088 0.033325 0.003961
v 0.117233 0.038428 0.007848
v 0.129208 0.047826 0.007866
v 0.140148 0.057905 0.009340
v 0.146127 0.063865 0.006025
v 0.155819 0.075032 0.005601
v 0.163744 0.085472 0.002002
v 0.170823 0.096283 0.001487
v 0.173553 0.101098 0.006179
v 0.176762 0.106849 0.004579
v 0.176133 0.105591 -0.002643
v 0.155653 0.074878 -0.006424
v 0.135360 0.053157 -0.005821
v 0.122205 0.042008 -0.004024
v 0.109592 0.033016 -0.004078
v 0.085576 0.019502 -0.003677
v 0.071583 0.013501 -0.003584
v 0.056412 0.008418 -0.006025
v 0.042090 0.004744 -0.005602
v 0.174277 0.102545 -0.008405
v 0.166781 0.090149 -0.007298
v 0.168027 0.093182 -0.017021
v 0.159431 0.079922 -0.009483
v 0.159764 0.080847 -0.014351
v 0.164133 0.089563 -0.028063
v 0.166442 0.096279 -0.038299
v 0.151453 0.070967 -0.018246
v 0.155941 0.078826 -0.030330
v 0.159619 0.087415 -0.042034
v 0.160997 0.093604 -0.051788
v 0.140990 0.058737 -0.009110
v 0.141575 0.060263 -0.018593
v 0.145116 0.065628 -0.028272
v 0.150469 0.075522 -0.042139
v 0.153371 0.084171 -0.054526
v 0.156081 0.089771 -0.058378
v 0.155392 0.093760 -0.066972
v 0.129726 0.048215 -0.006834
v 0.130405 0.049596 -0.016766
v 0.135765 0.056498 -0.029671
v 0.140562 0.065091 -0.044161
v 0.147261 0.082860 -0.067120
v 0.150065 0.089541 -0.072060
v 0.148051 0.092498 -0.080251
v 0.118235 0.039181 -0.008209
v 0.123363 0.044541 -0.022762
v 0.124343 0.046906 -0.031722
v 0.129141 0.054358 -0.044886
v 0.132487 0.062178 -0.057933
v 0.137767 0.067853 -0.058845
v 0.134972 0.071156 -0.071303
v 0.141570 0.079105 -0.072447
v 0.142206 0.088081 -0.084621
v 0.106416 0.031126 -0.008301
v 0.108454 0.034911 -0.029755
v 0.116326 0.041484 -0.035209
v 0.120248 0.051071 -0.057061
v 0.129811 0.067668 -0.074408
v 0.131176 0.077424 -0.087606
v 0.132808 0.088002 -0.098643
v 0.091760 0.022755 -0.008570
v 0.099069 0.027855 -0.021405
v 0.102914 0.032491 -0.035314
v 0.109195 0.042448 -0.056109
v 0.117650 0.057279 -0.075393
v 0.120582 0.066602 -0.086964
v 0.120015 0.070882 -0.093951
v 0.124009 0.088416 -0.109912
v 0.122712 0.092142 -0.114980
v 0.078324 0.016379 -0.007867
v 0.077004 0.016351 -0.015856
v 0.082750 0.019310 -0.020238
v 0.084109 0.021413 -0.030609
v 0.089402 0.024713 -0.034362
v 0.094891 0.030944 -0.048068
v 0.099269 0.038375 -0.062577
v 0.104226 0.047050 -0.075072
v 0.101963 0.051630 -0.086512
v 0.110730 0.067006 -0.099752
v 0.109167 0.072404 -0.108201
v 0.112317 0.077016 -0.110291
v 0.109373 0.082432 -0.118841
v 0.114926 0.090450 -0.121265
v 0.110158 0.091964 -0.126935
v 0.064418 0.011101 -0.009341
v 0.062676 0.011021 -0.016448
v 0.073020 0.017590 -0.036035
v 0.073543 0.019601 -0.044124
v 0.078513 0.025417 -0.057026
v 0.081818 0.031873 -0.070239
v 0.090468 0.038930 -0.075926
v 0.092318 0.051622 -0.096730
v 0.093327 0.060989 -0.108948
v 0.096969 0.073059 -0.119952
v 0.097511 0.082560 -0.128900
v 0.102989 0.090105 -0.131273
v 0.049036 0.006883 -0.014892
v 0.053687 0.009748 -0.028868
v 0.059862 0.013944 -0.041329
v 0.065097 0.019360 -0.055092
v 0.067733 0.026253 -0.071588
v 0.079327 0.039522 -0.088594
v 0.080321 0.052464 -0.108100
v 0.082457 0.063250 -0.120035
v 0.088106 0.075747 -0.129276
v 0.086717 0.084912 -0.138402
v 0.087668 0.095556 -0.146050
v 0.034529 0.003805 -0.015461
v 0.040322 0.006206 -0.027166
v 0.043973 0.010111 -0.043845
v 0.049119 0.014392 -0.055156
v 0.053607 0.020194 -0.068530
v 0.061885 0.025055 -0.073924
v 0.058940 0.029165 -0.085109
v 0.065661 0.033038 -0.087807
v 0.068773 0.041645 -0.100464
v 0.066847 0.044903 -0.106682
v 0.074596 0.053112 -0.112974
v 0.072618 0.066897 -0.130083
v 0.073930 0.076907 -0.138936
v 0.078391 0.090347 -0.147510
v 0.081334 0.094164 -0.148696
v 0.022490 0.001942 -0.014139
v 0.024503 0.003815 -0.028971
v 0.032087 0.006831 -0.039706
v 0.036740 0.010879 -0.052907
v 0.039494 0.016099 -0.067296
v 0.047568 0.020137 -0.072737
v 0.054244 0.034403 -0.097684
v 0.057753 0.045178 -0.112253
v 0.055198 0.048994 -0.118569
v 0.059212 0.059425 -0.129015
v 0.060761 0.069775 -0.138817
v 0.064159 0.081374 -0.147429
v 0.065081 0.091308 -0.154543
v 0.072099 0.098567 -0.156364
v 0.010844 0.000539 -0.006180
v 0.014254 0.001699 -0.020252
v 0.020174 0.003700 -0.031404
v 0.019181 0.004823 -0.038245
v 0.028224 0.010720 -0.057383
v 0.027416 0.013260 -0.065540
v 0.030523 0.016088 -0.071827
v 0.030607 0.020040 -0.081174
v 0.035916 0.022326 -0.083975
v 0.034885 0.027300 -0.094172
v 0.039863 0.029295 -0.095825
v 0.044457 0.038660 -0.109097
v 0.047409 0.047826 -0.120453
v 0.052191 0.057904 -0.130401
v 0.050886 0.063864 -0.137112
v 0.053477 0.075031 -0.146461
v 0.052503 0.085470 -0.155111
v 0.054201 0.096283 -0.162003
v 0.059506 0.101100 -0.163151
v 0.058977 0.106847 -0.166695
v -0.145696 0.106848 0.100192
v -0.156771 0.095557 0.066627
v -0.163731 0.091964 0.037943
v -0.166859 0.092141 0.020891
v -0.167419 0.091156 0.006093
v -0.167988 0.092000 -0.005262
v -0.166946 0.092497 -0.022099
v -0.165081 0.093761 -0.037155
v -0.160690 0.093604 -0.052732
v -0.157167 0.096280 -0.066848
v -0.144041 0.101098 0.097012
v -0.150239 0.098567 0.084120
v -0.143490 0.091309 0.086775
v -0.153203 0.094165 0.072491
v -0.150125 0.090347 0.073260
v -0.138563 0.081374 0.081560
v -0.129353 0.075031 0.087054
v -0.153379 0.086452 0.059165
v -0.141476 0.076907 0.068945
v -0.130752 0.069775 0.076590
v -0.121761 0.063864 0.081015
v -0.160481 0.090106 0.045666
v -0.154664 0.082485 0.046742
v -0.144801 0.073705 0.054738
v -0.135211 0.066897 0.062553
v -0.123737 0.059425 0.069569
v -0.118872 0.057904 0.074819
v -0.111159 0.052568 0.076331
v -0.164255 0.090451 0.030553
v -0.158338 0.082432 0.031857
v -0.148956 0.073059 0.040045
v -0.137265 0.063250 0.048643
v -0.114349 0.048994 0.063479
v -0.109155 0.047825 0.069581
v -0.101808 0.042737 0.069423
v -0.165074 0.088519 0.015314
v -0.155694 0.077016 0.023209
v -0.149710 0.070181 0.025287
v -0.139541 0.060989 0.033285
v -0.128522 0.052465 0.040243
v -0.126754 0.053112 0.047550
v -0.116787 0.044903 0.047015
v -0.112704 0.045178 0.056868
v -0.100093 0.038660 0.062129
v -0.165620 0.088295 0.000005
v -0.152298 0.070875 0.005809
v -0.147652 0.066410 0.015900
v -0.143296 0.061715 0.015623
v -0.131544 0.051622 0.023992
v -0.114690 0.041645 0.040853
v -0.101302 0.034403 0.047142
v -0.088575 0.029295 0.054093
v -0.082883 0.026077 0.052866
v -0.164786 0.088080 -0.015127
v -0.157617 0.077424 -0.006229
v -0.148977 0.066940 0.001740
v -0.133340 0.051630 0.010057
v -0.116251 0.039522 0.025046
v -0.102948 0.031777 0.031701
v -0.097477 0.028995 0.034022
v -0.078416 0.022326 0.046825
v -0.072475 0.020040 0.047680
v -0.163761 0.089540 -0.029908
v -0.158991 0.083097 -0.031046
v -0.157116 0.079105 -0.024602
v -0.150749 0.070847 -0.022341
v -0.148755 0.067668 -0.016103
v -0.139496 0.057279 -0.008158
v -0.129128 0.047623 0.000012
v -0.117819 0.038930 0.008250
v -0.107478 0.031873 0.008733
v -0.093311 0.025064 0.024273
v -0.084265 0.020723 0.025782
v -0.081237 0.020137 0.030886
v -0.071506 0.016099 0.031229
v -0.066913 0.016088 0.040168
v -0.060704 0.013260 0.036908
v -0.160587 0.089771 -0.044512
v -0.156130 0.084172 -0.046035
v -0.145704 0.067588 -0.033782
v -0.141236 0.062178 -0.031005
v -0.130822 0.051071 -0.024517
v -0.121320 0.042448 -0.018790
v -0.117085 0.038423 -0.008763
v -0.097037 0.025416 -0.000014
v -0.085047 0.019360 0.006307
v -0.072158 0.014391 0.015750
v -0.060821 0.010879 0.021206
v -0.056563 0.010720 0.029833
v -0.153841 0.087413 -0.059814
v -0.146500 0.075522 -0.054353
v -0.139674 0.065091 -0.046893
v -0.130861 0.054358 -0.039593
v -0.105022 0.030944 -0.016888
v -0.085432 0.019600 -0.007530
v -0.072722 0.013944 -0.001750
v -0.061346 0.010111 0.009624
v -0.049297 0.006831 0.013262
v -0.037998 0.004823 0.019666
v -0.149281 0.089562 -0.073772
v -0.143981 0.079078 -0.067582
v -0.136700 0.067517 -0.060623
v -0.127276 0.056498 -0.055796
v -0.116430 0.045295 -0.049151
v -0.114805 0.041484 -0.039889
v -0.105231 0.034911 -0.039675
v -0.104016 0.032490 -0.031921
v -0.092526 0.024713 -0.024750
v -0.086037 0.021413 -0.024675
v -0.080256 0.017590 -0.013767
v -0.060401 0.009749 -0.008202
v -0.048589 0.006206 -0.001724
v -0.036852 0.003815 0.009035
v -0.034780 0.003700 0.013548
v -0.145941 0.093181 -0.084993
v -0.137687 0.080845 -0.082296
v -0.130975 0.069338 -0.075443
v -0.125366 0.060103 -0.068027
v -0.115354 0.049596 -0.063086
v -0.113182 0.044540 -0.054095
v -0.092730 0.027855 -0.040915
v -0.078842 0.019310 -0.032267
v -0.071618 0.016351 -0.032434
v -0.060374 0.011021 -0.023534
v -0.048424 0.006883 -0.016775
v -0.037023 0.003805 -0.007787
v -0.026506 0.001942 -0.001781
v -0.023436 0.001699 0.008006
v -0.146430 0.102837 -0.095161
v -0.141484 0.092236 -0.091111
v -0.134557 0.079921 -0.086038
v -0.129703 0.074878 -0.086292
v -0.119418 0.058737 -0.075500
v -0.112931 0.053157 -0.074852
v -0.108968 0.048215 -0.070722
v -0.101232 0.042007 -0.068573
v -0.100479 0.039180 -0.062855
v -0.093843 0.034450 -0.060829
v -0.090971 0.031125 -0.055834
v -0.079273 0.022755 -0.047002
v -0.067990 0.016378 -0.039673
v -0.057605 0.011101 -0.030307
v -0.049180 0.008418 -0.028284
v -0.037344 0.004744 -0.020208
v -0.024808 0.002324 -0.015549
v -0.014120 0.000827 -0.008420
v -0.012405 0.000539 -0.001375
v -0.006143 0.000241 0.001197
v 0.051914 0.105588 -0.168328
v 0.041988 0.074878 -0.150021
v 0.036292 0.053157 -0.130534
v 0.033935 0.042007 -0.117467
v 0.028853 0.034449 -0.108047
v 0.022947 0.019502 -0.082522
v 0.018711 0.013501 -0.069187
v 0.011701 0.008418 -0.055513
v 0.007679 0.004744 -0.041761
v 0.045860 0.102543 -0.168344
v 0.044597 0.090148 -0.160874
v 0.035735 0.093181 -0.165063
v 0.040247 0.079920 -0.154557
v 0.035721 0.080845 -0.156379
v 0.024031 0.089563 -0.164772
v 0.015008 0.096279 -0.170131
v 0.031276 0.069337 -0.147878
v 0.019342 0.078825 -0.157681
v 0.009347 0.087414 -0.164796
v 0.000495 0.093603 -0.169120
v 0.034902 0.058736 -0.136904
v 0.025957 0.060102 -0.140251
v 0.015413 0.067517 -0.148744
v 0.006420 0.075521 -0.156125
v -0.004464 0.084171 -0.162714
v -0.007292 0.089771 -0.166481
v -0.015676 0.093760 -0.168483
v 0.033587 0.048214 -0.125489
v 0.024352 0.049595 -0.129203
v 0.013734 0.056498 -0.138289
v 0.001436 0.065092 -0.147330
v -0.019606 0.083097 -0.160803
v -0.022160 0.089541 -0.164989
v -0.030574 0.092497 -0.165604
v 0.028729 0.039180 -0.114985
v 0.016472 0.044540 -0.124359
v 0.010766 0.045294 -0.125920
v -0.002785 0.054357 -0.136690
v -0.012631 0.061460 -0.143341
v -0.012897 0.067587 -0.149011
v -0.025337 0.070848 -0.150274
v -0.025154 0.079105 -0.157028
v -0.036536 0.088081 -0.161395
v 0.024989 0.031125 -0.103772
v 0.005288 0.035102 -0.112617
v 0.002460 0.041483 -0.121512
v -0.016852 0.051713 -0.132750
v -0.030654 0.067668 -0.146450
v -0.042784 0.077424 -0.151827
v -0.052776 0.088002 -0.156790
v -0.059059 0.090037 -0.155994
v 0.020204 0.022755 -0.089917
v 0.010256 0.027855 -0.100834
v -0.000748 0.033607 -0.110522
v -0.019619 0.042447 -0.121188
v -0.035347 0.057278 -0.135189
v -0.045447 0.066601 -0.141553
v -0.052267 0.070881 -0.143173
v -0.066211 0.088416 -0.151904
v -0.071434 0.092142 -0.152236
v 0.016721 0.016378 -0.076922
v 0.008715 0.016351 -0.078135
v 0.006323 0.019310 -0.084954
v -0.002488 0.021657 -0.089942
v -0.005055 0.024713 -0.095644
v -0.016392 0.030944 -0.105101
v -0.028840 0.038375 -0.113747
v -0.039192 0.047050 -0.122323
v -0.050770 0.051630 -0.123706
v -0.060653 0.067006 -0.136135
v -0.070312 0.070182 -0.134569
v -0.070186 0.077016 -0.140901
v -0.079227 0.082432 -0.140744
v -0.079817 0.090450 -0.146773
v -0.086683 0.091963 -0.143990
v 0.011022 0.011101 -0.064151
v 0.003725 0.011020 -0.064691
v -0.011189 0.017679 -0.080866
v -0.019239 0.019600 -0.083577
v -0.029974 0.025416 -0.092292
v -0.041519 0.031873 -0.099518
v -0.043017 0.037603 -0.108044
v -0.063469 0.051622 -0.117690
v -0.074777 0.060989 -0.122426
v -0.084116 0.073059 -0.129290
v -0.092459 0.082560 -0.132570
v -0.093024 0.090106 -0.138515
v 0.000990 0.006883 -0.051237
v -0.010865 0.009748 -0.059979
v -0.020808 0.013944 -0.069703
v -0.032280 0.019360 -0.078935
v -0.059744 0.039521 -0.102821
v -0.077995 0.053543 -0.111206
v -0.088681 0.063250 -0.115514
v -0.095724 0.075747 -0.123742
v -0.104831 0.084911 -0.125242
v -0.111812 0.095556 -0.128508
v -0.004035 0.003805 -0.037617
v -0.013376 0.006206 -0.046743
v -0.028111 0.010111 -0.055369
v -0.037278 0.014391 -0.063758
v -0.050560 0.020723 -0.072173
v -0.051921 0.025064 -0.081243
v -0.062479 0.028995 -0.082192
v -0.061963 0.031777 -0.088113
v -0.074295 0.041645 -0.096452
v -0.080653 0.044419 -0.095875
v -0.084410 0.052766 -0.105369
v -0.101275 0.066897 -0.109262
v -0.109675 0.077266 -0.113260
v -0.116067 0.090346 -0.120136
v -0.116286 0.094167 -0.123304
v -0.006497 0.001942 -0.025759
v -0.019981 0.003815 -0.032256
v -0.027847 0.006831 -0.042786
v -0.038964 0.010879 -0.051291
v -0.051798 0.016099 -0.058356
v -0.054479 0.020137 -0.067716
v -0.076140 0.034404 -0.081776
v -0.088914 0.045178 -0.089614
v -0.095709 0.048994 -0.089135
v -0.104402 0.059425 -0.096182
v -0.113246 0.069775 -0.100684
v -0.120388 0.081374 -0.106575
v -0.126869 0.091309 -0.109651
v -0.126431 0.098567 -0.116890
v -0.002526 0.000539 -0.012223
v -0.014857 0.001699 -0.019814
v -0.023633 0.003700 -0.028891
v -0.030446 0.004823 -0.030061
v -0.045853 0.010720 -0.044575
v -0.053861 0.013260 -0.046327
v -0.058880 0.016088 -0.051225
v -0.067744 0.020040 -0.054193
v -0.068767 0.022326 -0.060108
v -0.078783 0.027300 -0.062279
v -0.078818 0.029295 -0.067524
v -0.090019 0.038660 -0.075995
v -0.097487 0.042737 -0.075372
v -0.099907 0.047825 -0.082310
v -0.106946 0.052568 -0.082130
v -0.107892 0.057904 -0.089932
v -0.114678 0.063864 -0.090765
v -0.122767 0.075031 -0.096119
v -0.136777 0.101098 -0.107010
v -0.140311 0.106847 -0.107603
s 0
f 9279 9277 12
f 1052 9278 9282
f 1 9280 9281
f 1 9281 12144
f 1052 9282 9287
f 9284 1053 3
f 4 9286 9291
f 11402 9287 5254
f 2 9288 11250
f 9290 10952 1051
f 4 9291 11554
f 1057 9292 9901
f 1054 9293 9752
f 9293 10507 4501
f 9599 2481 122
f 2481 1055 4103
f 6 9296 9446
f 2916 1323 1286
f 108 9297 1285
f 1285 1457 2916
f 1331 9298 1470
f 1492 1284 1350
f 1284 9946 107
f 1361 1283 1360
f 1360 2952 106
f 1360 1283 2952
f 1369 2963 105
f 1369 1282 2963
f 1282 9360 1370
f 1383 3192 1578
f 1383 1281 3192
f 1281 1383 9375
f 1281 1369 105
f 1393 2989 1280
f 9427 9303 1697
f 1454 9304 2910
f 9304 9305 1316
f 9306 1319 2912
f 1318 1317 1456
f 1317 1455 1320
f 1318 1456 9308
f 9309 9297 131
f 1323 9309 1324
f 9310 9309 131
f 9310 1458 1324
f 1460 1325 1458
f 1459 1325 1460
f 1458 1325 1324
f 1321 9311 1461
f 1321 1456 1459
f 9312 1461 132
f 9312 1462 1461
f 1321 1462 1322
f 1463 1327 108
f 1327 1333 133
f 9313 1327 133
f 1466 1465 1464
f 1464 9310 131
f 1464 1465 9310
f 1466 1335 134
f 1328 1465 1460
f 9314 1336 135
f 1468 1329 1467
f 1467 1329 1460
f 1468 9314 135
f 9315 1475 136
f 9315 1337 1475
f 132 9315 1326
f 132 1326 9312
f 1326 1469 1309
f 1469 1869 1309
f 1331 9317 1332
f 9317 1331 1470
f 1332 9317 1333
f 133 9318 1471
f 9318 9317 1470
f 1471 9313 133
f 1471 1334 9313
f 1339 1334 1471
f 1473 1336 1472
f 1472 1466 134
f 1472 1336 1466
f 1473 1340 137
f 1337 9320 1474
f 1476 1475 1474
f 9321 1342 1488
f 1475 9321 136
f 1330 9322 1477
f 9321 9322 136
f 1310 1477 9322
f 1477 1742 1330
f 1477 1310 1742
f 1478 9323 3086
f 1480 1479 9323
f 9323 1478 9299
f 9298 1479 1470
f 1481 9325 1338
f 1338 9325 9318
f 1481 1338 1496
f 1485 1484 1482
f 1482 9319 1339
f 1482 1484 9319
f 1485 1482 1483
f 1340 1484 137
f 9327 1346 139
f 1487 1341 1486
f 1486 1341 137
f 1487 9327 139
f 1487 1347 1341
f 1476 1347 1342
f 1489 138 1488
f 9329 1349 1491
f 1349 9329 9328
f 1311 9329 1491
f 1490 1311 9450
f 1492 9330 2936
f 1495 1494 1352
f 1352 1493 1351
f 1352 1494 1493
f 1495 1515 140
f 1494 1344 1480
f 1499 9332 1497
f 1499 1497 1517
f 9331 9332 1496
f 1500 1345 1498
f 1498 1345 1481
f 1500 1498 1499
f 1353 1500 1499
f 9333 1354 141
f 1500 9333 1345
f 1502 1346 1501
f 1501 1485 1483
f 1501 1346 1485
f 1502 9333 141
f 1502 1501 9333
f 9345 9334 1355
f 1503 9335 139
f 1505 1503 1356
f 1505 9336 1504
f 1507 9336 142
f 1506 9336 1507
f 1504 1506 1348
f 1506 1489 1348
f 1506 9337 1489
f 1357 1509 1508
f 1357 1507 142
f 1357 1508 1507
f 1508 1509 1491
f 1510 9338 1511
f 1511 9339 1510
f 1510 1897 1343
f 1284 9340 1350
f 1513 1512 1362
f 1362 1512 1361
f 1513 9351 143
f 1513 1362 9351
f 1513 1514 1512
f 1515 9341 1516
f 1516 9352 144
f 1516 9341 9352
f 1519 9343 1363
f 1363 9343 144
f 9342 9343 1517
f 1520 1354 1518
f 1518 1353 1499
f 1518 1354 1353
f 1520 1518 1519
f 1354 1520 141
f 1365 9344 1364
f 1521 1365 1523
f 1523 9345 1521
f 1366 1524 1522
f 1366 1522 1523
f 1522 1505 1356
f 1522 1524 1505
f 1367 1527 1525
f 1367 1525 1526
f 1527 1367 145
f 1525 1527 142
f 1529 1527 145
f 1529 9348 1528
f 1528 1530 1511
f 1530 9349 1511
f 1531 1530 9348
f 123 9349 1312
f 123 1312 9451
f 1360 9350 1361
f 1533 1532 1371
f 1371 1532 1370
f 1533 1371 1372
f 9351 1534 143
f 1535 1534 1373
f 1373 1533 1372
f 1373 1534 1533
f 1535 1373 1374
f 1534 1535 143
f 1535 9352 143
f 9352 9341 143
f 1536 1535 1374
f 9352 1537 144
f 1538 1537 1375
f 1375 1536 1374
f 1375 1537 1536
f 1538 1375 1376
f 1538 144 1537
f 9353 1538 1376
f 1363 9354 1519
f 1363 9353 9354
f 1539 9354 1377
f 1377 9353 1376
f 1539 9366 1541
f 1539 1377 9366
f 9354 1364 1519
f 9354 1539 1364
f 1541 1365 1539
f 1365 1540 1523
f 1378 1543 1540
f 1378 1540 1541
f 1543 9367 1545
f 1543 1378 9367
f 1540 1542 1523
f 1540 1543 1542
f 1542 1366 1523
f 1366 9355 1524
f 1379 1547 1544
f 1379 1544 1545
f 1544 1546 1526
f 1544 1547 1546
f 1546 1367 1526
f 9356 1547 146
f 1367 9356 145
f 9356 9357 145
f 1381 9357 1380
f 1380 9356 146
f 1380 9357 9356
f 1548 9348 1529
f 1382 1550 1549
f 1382 1381 147
f 1549 1358 1531
f 1549 1550 1358
f 9359 9358 1551
f 9359 9452 124
f 9360 1553 1370
f 1553 9360 9361
f 1384 9361 1552
f 9362 9361 1554
f 9361 1384 1581
f 1372 1554 9363
f 1556 9363 1385
f 1559 1557 1560
f 1560 1386 1562
f 1560 9365 1559
f 1563 1561 1564
f 1564 1387 149
f 1564 9366 1563
f 1566 1564 149
f 9366 1567 1541
f 9366 1565 1567
f 1567 1565 1568
f 1388 1566 149
f 1388 1565 1566
f 1568 9381 150
f 1568 9367 1567
f 1570 1568 150
f 9367 1569 1545
f 1389 9368 1569
f 1389 1570 150
f 1389 1569 1570
f 9368 1595 151
f 9368 1389 1595
f 1569 1571 1545
f 1571 1379 1545
f 1572 9368 151
f 1572 1571 9368
f 151 1573 1572
f 1573 1390 152
f 1573 9369 146
f 1574 1573 152
f 152 9370 1574
f 9371 9370 1575
f 1574 9370 147
f 1550 1576 148
f 148 1577 9373
f 9373 1368 1551
f 9374 1577 153
f 1368 9373 125
f 1609 9374 153
f 1578 9375 1383
f 9376 9375 1579
f 1394 9376 1579
f 9376 1580 1384
f 1397 1582 1396
f 1580 1582 1581
f 1385 1584 1556
f 1385 9377 1584
f 1584 1585 1386
f 1386 1585 1586
f 1584 1558 1556
f 1584 1386 1558
f 1586 1585 1587
f 1386 1586 1562
f 1400 9379 1587
f 9379 1586 1587
f 1589 1400 154
f 1586 1588 1562
f 1387 1588 1590
f 1588 1387 1562
f 1590 1589 154
f 1590 1588 1589
f 1387 1590 149
f 149 9380 1591
f 9380 1590 154
f 1591 1401 1593
f 149 1591 1388
f 9381 1592 150
f 1592 1402 1594
f 1402 1592 1593
f 1594 1403 1597
f 1594 1402 1403
f 1592 1594 150
f 150 1596 1389
f 1596 9382 1595
f 1598 1601 1390
f 1598 1390 151
f 1601 1598 1599
f 1390 1600 152
f 1390 1601 1600
f 9383 1601 1599
f 1602 9383 1603
f 1600 1602 152
f 1602 1603 1391
f 1602 1391 152
f 1391 1604 1575
f 1391 1603 1604
f 1604 1605 1606
f 1604 1606 1575
f 1607 1605 156
f 1605 9385 1606
f 9385 9386 153
f 9386 1609 153
f 1610 9386 1611
f 1609 9386 1610
f 1612 1393 1280
f 1613 1612 9301
f 1613 9387 1612
f 9387 1394 1579
f 9387 1614 1394
f 1395 1394 1616
f 1614 9388 1616
f 1397 1396 1618
f 1618 1396 1617
f 1397 9389 1583
f 9389 1398 1583
f 1399 1398 1620
f 1620 1398 1619
f 1399 9390 1587
f 1399 1620 9390
f 9390 1621 1587
f 1400 1621 1622
f 1621 1400 1587
f 1622 1621 1416
f 1400 1622 154
f 154 9391 1623
f 1623 9391 1624
f 1623 9380 154
f 1623 1401 9380
f 1401 1625 1593
f 1626 1418 1625
f 1625 1418 1627
f 1627 1418 1628
f 1625 1627 1593
f 1627 1402 1593
f 1629 9392 1628
f 9392 1627 1628
f 1403 1629 1597
f 1419 1420 1629
f 1419 1629 1628
f 1631 1420 1659
f 1629 1630 1597
f 1630 1633 1404
f 1630 1404 1597
f 1633 1630 1631
f 1421 1633 1631
f 1633 9393 1632
f 1634 1635 1405
f 1634 9383 1599
f 1634 1405 9383
f 1405 1636 155
f 1405 1635 1636
f 9394 1635 1422
f 1636 1637 1406
f 1636 1406 155
f 9395 1637 157
f 1406 1637 156
f 1638 1607 156
f 1640 1638 1639
f 1640 9396 1608
f 9396 1643 1608
f 1643 1611 1608
f 1392 1643 127
f 127 9397 1313
f 1313 1407 128
f 1644 1408 104
f 9301 1645 1613
f 9301 1408 1645
f 1644 9398 1645
f 1410 1409 1646
f 1646 1409 1428
f 1410 9399 1615
f 1412 1411 1647
f 9399 1411 1615
f 1647 1430 158
f 1647 1411 1430
f 1412 1648 1617
f 1414 1413 1649
f 1648 1413 1617
f 1649 9400 159
f 1649 1413 9400
f 1414 1650 1619
f 1414 1649 1650
f 1650 1415 1619
f 1651 1415 1650
f 1652 1651 160
f 1416 1652 9402
f 1432 9402 1431
f 1653 1432 1655
f 9402 1417 1416
f 9402 1653 1417
f 1417 9403 9391
f 1433 9404 1654
f 1433 1654 1655
f 1654 1626 1624
f 1654 9404 1626
f 1656 1435 1658
f 1435 1656 1657
f 1658 1435 1436
f 1656 1419 1628
f 1656 1658 1419
f 1437 9407 1436
f 1686 9407 1437
f 1660 1661 1421
f 1438 1661 1660
f 1660 1421 1631
f 1421 1661 1422
f 1689 9408 1439
f 9408 1661 1438
f 1662 9408 1663
f 1662 1663 1423
f 1662 9394 1422
f 1423 1663 157
f 1691 9409 1440
f 1664 1665 1424
f 1664 9395 157
f 1424 1666 1639
f 1424 1665 1666
f 9410 1665 162
f 1666 1667 1425
f 1666 1641 1639
f 1668 1667 163
f 1425 9411 1642
f 1425 1667 9411
f 9411 1442 164
f 9411 9412 1642
f 9412 9397 1642
f 128 1669 1314
f 103 1670 1426
f 1670 1444 165
f 1428 1427 1671
f 9413 1427 1426
f 1671 1427 1445
f 9414 1671 1445
f 9414 9429 166
f 1430 1429 1673
f 1672 1429 1428
f 1673 9414 166
f 1673 1429 9414
f 1430 9415 158
f 1675 1702 167
f 1676 159 9416
f 1676 9417 160
f 168 9417 1446
f 9417 1431 160
f 1679 1677 1447
f 1678 1677 1679
f 1432 1678 1655
f 9418 1448 1449
f 1678 1433 1655
f 1680 1434 1681
f 1680 1681 1682
f 1682 1681 1450
f 1680 9419 1657
f 1680 1682 9419
f 9419 1435 1657
f 1683 1684 1685
f 1685 1684 1451
f 1683 1437 1436
f 1683 1685 1437
f 1688 9421 169
f 9420 9421 1686
f 9421 1688 1439
f 9422 1689 1688
f 1690 9422 1452
f 1452 9422 9439
f 161 1690 1440
f 9423 1690 1452
f 9423 1691 1690
f 1453 9423 1720
f 1692 1693 1441
f 1692 9410 162
f 1441 1693 163
f 163 1694 1442
f 9425 1694 170
f 1442 1694 164
f 9426 1696 129
f 1315 1696 1443
f 1315 1443 130
f 1696 1315 129
f 1698 9295 10054
f 1698 9427 9295
f 1266 1699 1698
f 1266 1698 10054
f 1699 1266 3312
f 9428 1699 3312
f 3315 1700 1265
f 9429 9430 166
f 1703 9430 1264
f 1264 1701 3315
f 1704 1702 1703
f 1702 1705 167
f 1706 9431 1705
f 1707 9431 1706
f 9431 1707 9432
f 1709 1708 3478
f 1708 9433 9432
f 9433 1709 1710
f 9434 10088 3331
f 9434 1448 1710
f 1711 1263 1712
f 1712 10098 1713
f 1712 1263 10098
f 1711 9435 1449
f 9435 1681 1449
f 1714 3348 1715
f 1714 9437 9436
f 1716 1262 3358
f 1262 9438 1451
f 9438 1687 1451
f 1687 9438 9421
f 1717 3588 1718
f 1717 1261 3588
f 1261 1717 9439
f 1718 9439 1717
f 1719 3381 1260
f 1720 1719 1260
f 1453 1720 9441
f 9441 1722 1453
f 9441 1721 1722
f 1722 1721 1723
f 1724 1725 170
f 1725 1726 1695
f 9444 9443 1727
f 1443 9445 130
f 1443 9444 9445
f 5 9445 10204
f 9445 9294 130
f 6 9446 9600
f 9305 1731 1860
f 1731 9305 1318
f 9305 1860 1316
f 1309 9448 1308
f 1308 1863 1322
f 1742 9449 1876
f 1755 1311 1343
f 1898 1897 1762
f 1762 9339 123
f 1762 1897 9339
f 1898 1763 1900
f 1771 9451 1770
f 1770 1359 124
f 125 9452 1368
f 9452 9508 1780
f 1792 1609 126
f 1792 9453 1609
f 9453 1792 9525
f 1803 1392 127
f 9580 1315 130
f 1860 9446 1316
f 1860 9456 9446
f 9456 9457 1728
f 9458 1731 1318
f 1730 1729 1862
f 1729 1861 1732
f 1863 9447 1322
f 9461 9448 171
f 9447 9461 1735
f 9462 9461 171
f 9462 1864 1735
f 1866 1736 1864
f 1865 1736 1866
f 1864 1736 1735
f 1733 9463 1867
f 9464 1867 172
f 9464 1868 1867
f 1733 1868 1734
f 1869 1738 1309
f 1738 1744 173
f 9465 1738 173
f 1872 1871 1870
f 1870 9462 171
f 1870 1871 9462
f 1872 1746 174
f 1739 1871 1866
f 9466 1747 175
f 1874 1740 1873
f 1873 1740 1866
f 1874 9466 175
f 9467 1881 176
f 9467 1748 1881
f 172 9467 1737
f 172 1737 9464
f 1737 1875 1298
f 1875 2268 1298
f 1742 9469 1743
f 9469 1742 1876
f 1743 9469 1744
f 1885 9470 1750
f 9470 9469 1876
f 1745 9465 173
f 1877 1751 177
f 1745 1877 174
f 1879 1747 1878
f 1878 1872 174
f 1878 1747 1872
f 1879 9471 178
f 1748 9472 1880
f 1882 1881 1880
f 9473 1753 1893
f 1881 9473 176
f 176 9473 9474
f 1741 9474 1883
f 1300 1883 9474
f 1883 1299 1741
f 1883 1300 1299
f 1884 9475 1749
f 9450 1749 1490
f 1749 9475 9449
f 9449 9475 1876
f 9476 9475 1884
f 1886 1885 1750
f 1886 1903 180
f 1886 1750 1903
f 1751 1885 177
f 1889 1888 1887
f 1887 1888 177
f 1889 1757 181
f 1889 1887 1757
f 9471 1888 178
f 9478 1758 182
f 1891 1752 1890
f 1890 1752 178
f 1891 9478 182
f 1892 1910 183
f 1892 1759 1910
f 1891 1759 1752
f 1882 1759 1753
f 1894 179 1893
f 9480 1760 1896
f 1760 9480 9479
f 1301 9480 1896
f 1895 1301 2282
f 9481 1899 1900
f 1902 1919 184
f 1901 1756 1884
f 1902 1756 1901
f 1904 1902 184
f 1764 1904 184
f 9482 1922 1907
f 9482 1764 1922
f 1904 9482 1903
f 1907 1906 1905
f 1905 1906 180
f 1907 1905 9482
f 1757 1906 181
f 9483 1765 185
f 1909 1758 1908
f 1908 1758 181
f 1909 9483 185
f 1909 1908 9483
f 1910 1767 1911
f 9486 1910 1911
f 1913 9486 186
f 1912 9486 1913
f 1912 1894 183
f 1912 9487 1894
f 1768 1915 1914
f 1768 1913 186
f 1768 1914 1913
f 1914 1915 1896
f 1302 9488 1916
f 1303 1302 1761
f 1302 2294 1754
f 1917 9489 1771
f 1763 9490 1900
f 1763 1917 9490
f 1918 9490 1772
f 1772 1917 1771
f 1918 1772 9500
f 1920 9490 1918
f 1919 9491 1921
f 1921 1942 187
f 1921 9491 1942
f 1919 1921 184
f 1924 9493 1773
f 1773 9493 187
f 9492 9493 1922
f 1925 1765 1923
f 1923 1765 1907
f 1925 1923 1924
f 1765 1925 185
f 1774 1925 1924
f 1926 1775 1928
f 1925 9494 185
f 9494 1926 185
f 1928 1766 1926
f 1926 1766 185
f 1776 1929 1927
f 1776 1927 1928
f 1927 1929 1911
f 1777 1932 1930
f 1777 1930 1931
f 1932 1777 188
f 1930 1932 186
f 9496 1932 188
f 1778 1934 1933
f 1778 9496 188
f 1778 1933 9496
f 1933 1934 1916
f 1761 1304 1303
f 1935 9498 9497
f 1304 9605 1303
f 1770 9499 1771
f 1937 1936 1781
f 1781 1936 1780
f 1937 1961 1939
f 1937 1781 1961
f 9500 1938 1918
f 1940 1938 1782
f 1782 1938 1939
f 1940 1782 1783
f 1938 9501 1918
f 1938 1940 9501
f 9501 9491 1918
f 1943 1941 1784
f 1942 1941 1943
f 1943 1784 189
f 1944 1943 189
f 1773 9502 1924
f 1773 1944 9502
f 1786 9502 1785
f 1785 1944 189
f 9502 1945 1924
f 1947 1775 1945
f 1945 1774 1924
f 1945 1775 1774
f 1947 1945 1786
f 1775 1946 1928
f 1787 1949 1946
f 1787 1946 1947
f 1949 9517 1951
f 1949 1787 9517
f 1946 1948 1928
f 1946 1949 1948
f 1948 1776 1928
f 1776 9503 1929
f 1788 1953 1950
f 1788 1950 1951
f 1950 1952 1931
f 1950 1953 1952
f 1952 1777 1931
f 9504 1953 190
f 1777 9504 188
f 9504 9505 188
f 1790 9505 1789
f 1789 9504 190
f 1789 9505 9504
f 1778 1954 1934
f 1791 1956 1955
f 1791 1790 191
f 1955 1769 1935
f 1955 1956 1769
f 9507 9506 1957
f 9507 9606 116
f 9508 1959 1780
f 1959 9508 9509
f 1793 9509 1958
f 9510 9509 1960
f 9509 1793 1980
f 1961 9511 1939
f 1960 9511 1961
f 193 1964 1963
f 1965 1795 194
f 1964 9513 1783
f 1964 1965 9513
f 1784 9513 1966
f 9513 1941 1783
f 9513 1784 1941
f 1966 1965 194
f 1784 9514 189
f 1784 1966 9514
f 1967 1796 195
f 9514 1967 189
f 9515 1967 195
f 1786 9516 1947
f 1786 9515 9516
f 1798 9516 1797
f 1797 9515 195
f 9516 1968 1947
f 1970 9517 1968
f 1968 1787 1947
f 1970 1968 1798
f 9517 1969 1951
f 1799 9518 1969
f 1799 1970 1798
f 1799 1969 1970
f 9518 1994 196
f 9518 1799 1994
f 1969 1971 1951
f 1971 1788 1951
f 1972 9518 196
f 1972 1971 9518
f 196 1973 1972
f 1973 1800 197
f 1973 9519 190
f 1974 1973 197
f 9520 1974 197
f 9521 9520 1975
f 1956 1976 192
f 192 1977 9523
f 9523 1779 1957
f 9524 1977 199
f 1779 9523 117
f 2004 9524 199
f 126 9525 1792
f 1804 9526 1978
f 1978 9526 9525
f 9526 1979 1793
f 1807 9527 1806
f 1979 9527 1980
f 9527 1981 1962
f 1962 1981 1794
f 1794 1981 1982
f 1982 1981 1983
f 1794 1982 193
f 1984 9528 1985
f 1982 1984 193
f 1795 1984 1986
f 1984 1795 193
f 1795 1986 194
f 1987 9529 1988
f 1986 1987 194
f 1796 1987 1989
f 1987 1796 194
f 1796 1989 195
f 1989 9530 1990
f 9530 1988 201
f 9530 1989 1988
f 1990 9543 1992
f 1989 1990 195
f 1991 9531 1992
f 1992 1811 1991
f 1991 1993 1798
f 1993 1995 1799
f 1993 1799 1798
f 1995 1812 202
f 1995 1993 1812
f 1813 1995 202
f 1995 9532 1994
f 1996 1998 1800
f 1996 1800 196
f 1998 1996 1997
f 1800 1998 197
f 9533 1998 1997
f 197 1999 1801
f 197 1801 9520
f 2000 1999 203
f 1801 1999 198
f 198 9535 2002
f 198 2002 1975
f 2002 9535 9536
f 2003 9536 1816
f 9536 9537 199
f 9537 2004 199
f 2005 9537 2006
f 2004 9537 2005
f 2007 1803 127
f 2008 2007 9455
f 2008 9538 2007
f 9538 1804 1978
f 9538 2009 1804
f 1805 1804 2011
f 2009 9539 2011
f 1807 1806 2013
f 2013 1806 2012
f 1807 9540 1983
f 9540 1808 1983
f 1809 1808 2014
f 2014 1824 204
f 2014 1808 1824
f 1809 9541 200
f 1809 2014 9541
f 1826 9541 1825
f 2016 1826 205
f 9541 2015 200
f 1810 2015 2017
f 2015 1810 200
f 2017 2016 205
f 2017 2015 2016
f 1810 2017 201
f 201 9542 2018
f 9556 9542 1827
f 2018 9542 2019
f 2018 9530 201
f 2018 9543 9530
f 9543 2020 1992
f 2021 1828 2020
f 2020 1828 2022
f 2022 1828 2023
f 2020 2022 1992
f 2024 9544 2023
f 9544 2022 2023
f 1812 2024 202
f 2024 1829 2025
f 1829 2024 2023
f 2025 1829 1830
f 2024 2025 202
f 202 9545 1813
f 1831 9546 1830
f 9545 9546 2026
f 2027 2028 1814
f 2027 9533 1997
f 2027 1814 9533
f 1814 2028 203
f 9547 2028 1832
f 2029 2030 1815
f 2029 2000 203
f 2029 1815 2000
f 2031 2030 206
f 1815 9548 2001
f 1815 2030 9548
f 2001 2033 1816
f 1816 9549 2003
f 1816 2033 9549
f 9549 2036 2003
f 2036 2006 2003
f 1802 2036 119
f 119 9550 1305
f 1305 1817 120
f 2037 1818 128
f 9455 2037 2008
f 9455 1818 2037
f 1820 1819 2038
f 2038 1819 1838
f 1820 9552 2010
f 1822 1821 2039
f 9552 1821 2010
f 2039 1840 207
f 2039 1821 1840
f 1822 2040 2012
f 1824 1823 2041
f 2040 1823 2012
f 2041 9553 208
f 2041 1823 9553
f 1824 2041 204
f 1826 1825 2043
f 2043 1825 2042
f 1826 2043 205
f 205 9555 1843
f 9571 9555 1842
f 205 1843 1827
f 2046 9557 2045
f 2045 2021 2019
f 2045 9557 2021
f 2047 1845 2049
f 1845 2047 2048
f 2049 2075 2050
f 2049 1845 2075
f 2047 9559 2023
f 2047 2049 9559
f 9559 1829 2023
f 9560 9559 2050
f 9560 2051 1830
f 2051 1831 1830
f 1831 2052 1832
f 2081 9561 1847
f 9561 2052 2051
f 2053 9561 2054
f 2053 2054 1833
f 2053 9547 1832
f 1833 2054 206
f 2083 9562 1848
f 2055 2056 1834
f 2055 2031 206
f 1834 2057 2032
f 1834 2056 2057
f 9563 2056 210
f 2057 2058 1835
f 2057 2034 2032
f 2059 2058 211
f 1835 9564 2035
f 1835 2058 9564
f 9564 1850 212
f 9564 9565 2035
f 9565 9550 2035
f 120 2060 1306
f 129 2061 1836
f 2061 1852 213
f 1838 1837 2062
f 9566 1837 1836
f 2062 1837 1853
f 9567 2062 1853
f 9567 9582 214
f 1840 1839 2064
f 2063 1839 1838
f 2064 9567 214
f 2064 1839 9567
f 1840 9568 207
f 2066 2094 215
f 208 2067 1841
f 2067 208 9569
f 1841 1842 2042
f 1841 2067 1842
f 2070 2068 1856
f 2069 2070 2071
f 2071 2102 216
f 2071 2070 2102
f 2069 2046 2044
f 2072 1844 2073
f 2072 2073 2074
f 2074 2073 2104
f 2072 9572 2048
f 2072 2074 9572
f 9572 1845 2048
f 2075 2076 2077
f 2077 2076 1857
f 2075 2077 2050
f 2080 9574 217
f 9573 9574 2078
f 9574 2080 1847
f 9575 2081 2080
f 2082 9575 1858
f 1858 9575 9593
f 209 2082 1848
f 9576 2082 1858
f 9576 2083 2082
f 1859 9576 2111
f 2084 2085 1849
f 2084 9563 210
f 1849 2085 211
f 211 2086 1850
f 9578 2086 218
f 1850 2086 212
f 9579 2088 121
f 1307 2088 1851
f 1307 1851 122
f 2088 1307 121
f 2090 9580 2089
f 1258 2091 2090
f 1258 2090 2089
f 2091 1258 3707
f 9581 2091 3707
f 3710 2092 1257
f 9582 9583 214
f 2095 9583 1256
f 1256 2093 3710
f 2096 2094 2095
f 2094 2097 215
f 2098 9584 2097
f 2099 9584 2098
f 9584 2099 9585
f 9585 1855 1854
f 2100 9586 3723
f 1856 1855 9586
f 9586 2100 2101
f 1255 9587 2101
f 9588 3736 93
f 2104 1254 2105
f 2105 3745 1253
f 2105 1254 3745
f 2105 9590 2104
f 2106 2105 1253
f 1253 9591 2106
f 9591 3756 2107
f 9591 1252 3756
f 1857 2106 9591
f 9591 9592 1857
f 9592 2079 1857
f 2079 9592 9574
f 2107 9592 9591
f 2108 3984 2109
f 2108 1251 3984
f 1251 2108 9593
f 2109 9593 2108
f 2110 3778 1250
f 2111 2110 1250
f 1859 2111 9595
f 9595 2113 1859
f 9595 2112 2113
f 2113 2112 2114
f 2115 2116 218
f 2116 2117 2087
f 9598 9597 2118
f 1851 9598 122
f 9457 2122 2260
f 2122 9457 1730
f 9457 2260 1728
f 1734 2126 9460
f 1298 9601 1297
f 1297 2263 1734
f 1299 2135 1741
f 9603 1301 1754
f 9604 1302 1303
f 2167 9605 2166
f 2166 9498 116
f 117 9606 1779
f 9606 9666 2177
f 2188 2004 118
f 2188 9607 2004
f 9607 2188 9683
f 2199 1802 119
f 9735 1307 122
f 2260 9600 1728
f 2260 9610 9600
f 9610 9611 2119
f 9612 2122 1730
f 2121 2120 2262
f 2120 2261 2123
f 2121 2262 9614
f 9615 9601 219
f 2126 9615 2127
f 9616 9615 219
f 9616 2264 2127
f 2265 2128 2264
f 2129 2128 2265
f 2264 2128 2127
f 2124 9617 2266
f 2124 2262 2129
f 9618 2266 220
f 9618 2267 2266
f 2124 2267 2125
f 2268 2131 1298
f 2131 2137 221
f 9619 2131 221
f 2271 2270 2269
f 2269 9616 219
f 2269 2270 9616
f 2271 2139 222
f 2132 2270 2265
f 2140 2271 222
f 2273 2133 2272
f 2272 2133 2265
f 2273 9620 223
f 9621 2279 224
f 9621 2141 2279
f 220 9621 2130
f 220 2130 9618
f 2130 2274 1289
f 2274 2656 1289
f 2135 9623 2136
f 9623 2135 2143
f 2136 9623 2137
f 2285 9624 2144
f 2138 9619 221
f 2275 2145 225
f 2138 2275 222
f 2276 2277 9625
f 9620 2277 223
f 2141 9626 2278
f 2280 2279 2278
f 9627 2149 2292
f 2279 9627 224
f 224 9627 9628
f 2134 9628 2281
f 1290 2281 9628
f 2281 2527 2134
f 2281 1290 2527
f 2282 9629 1895
f 2284 2283 9629
f 9629 2282 2151
f 2286 2285 2144
f 2286 9630 227
f 2286 2144 9630
f 2145 2285 225
f 2288 2146 2287
f 2287 2146 225
f 2288 2153 228
f 2288 2287 2153
f 2146 2288 9632
f 2289 2154 229
f 9632 2147 2276
f 2289 9633 9632
f 2155 2290 229
f 2149 9634 2291
f 9634 2155 230
f 9643 9635 2156
f 9635 2292 2291
f 2292 9635 226
f 9636 2157 2293
f 2157 9636 9635
f 2142 9636 9637
f 1292 9637 2150
f 2293 2150 9637
f 9637 9636 2293
f 9637 2671 2142
f 9637 1291 2671
f 9603 9638 2151
f 9638 2296 2297
f 2296 2295 231
f 2297 2152 2284
f 2300 2298 232
f 2299 2298 2300
f 9630 2299 227
f 2152 2299 9630
f 9639 2317 2303
f 9639 2300 2317
f 2303 2302 2301
f 2301 2302 227
f 2303 2301 9639
f 2153 2302 228
f 9640 2160 233
f 2305 2154 2304
f 2304 2154 228
f 2305 9640 233
f 2305 2304 9640
f 2162 9641 2161
f 2306 2162 234
f 2307 2155 2306
f 230 2155 2307
f 2306 2155 229
f 2307 2306 234
f 2308 9642 235
f 2156 9642 2308
f 2164 2310 2309
f 2164 2308 235
f 2164 2309 2308
f 2309 2310 2293
f 2311 9644 9645
f 2150 2311 1292
f 2311 2685 1292
f 2313 9646 2167
f 2314 9647 2168
f 2168 2313 2167
f 2314 2168 9657
f 2312 9647 231
f 231 9648 2159
f 9648 9647 2314
f 2159 2315 232
f 2159 9648 2315
f 2315 9649 2316
f 2316 2335 237
f 2316 9649 2335
f 2319 9651 2169
f 2169 9651 237
f 9650 9651 2317
f 2320 2160 2318
f 2318 2160 2303
f 2320 2318 2319
f 2160 2320 233
f 2171 9652 2170
f 2321 2171 238
f 2322 2162 2321
f 2322 2321 238
f 2162 2322 234
f 2173 2323 2172
f 2172 2322 238
f 234 2323 2163
f 2174 2326 2324
f 2174 2324 2325
f 2326 2174 239
f 2324 2326 235
f 9654 2326 239
f 2175 2328 2327
f 2175 9654 239
f 2175 2327 9654
f 2327 2328 236
f 9655 2328 240
f 2165 1293 2329
f 2165 9655 240
f 2329 9756 2158
f 2329 1293 9756
f 2166 9656 2167
f 2331 2330 2178
f 2178 2330 2177
f 2331 2178 2179
f 9657 2332 2314
f 2333 2332 2180
f 2180 2331 2179
f 2180 2332 2331
f 2333 2352 241
f 2333 2180 2352
f 2332 9658 2314
f 2332 2333 9658
f 9658 9649 2314
f 2336 2334 2181
f 2335 2334 2336
f 2181 2334 241
f 2336 2181 242
f 9659 2336 242
f 2169 9660 2319
f 2169 9659 9660
f 2337 9660 2182
f 2182 9659 242
f 2337 2182 243
f 9660 2170 2319
f 9660 2337 2170
f 2338 2171 2337
f 2338 2337 243
f 2171 2338 238
f 2183 2338 243
f 2339 9674 2341
f 2339 2183 9674
f 2172 9661 2173
f 2184 2343 2340
f 2184 2340 2341
f 2340 2342 2325
f 2340 2343 2342
f 2342 2174 2325
f 9662 2343 244
f 2174 9662 239
f 9662 9663 239
f 2186 9663 2185
f 2185 9662 244
f 2185 9663 9662
f 2175 2344 2328
f 2187 2346 2345
f 2187 2186 245
f 2345 2346 240
f 9665 9664 2347
f 9665 9757 109
f 9666 2349 2177
f 2349 9666 9667
f 2190 2348 2189
f 2350 2190 247
f 2350 9668 2190
f 2179 2350 9669
f 2351 9669 2191
f 2191 2350 247
f 2351 2191 2370
f 2352 2353 2354
f 2353 2351 2370
f 2354 2192 2356
f 2352 2354 241
f 2354 9671 241
f 9671 2181 241
f 2181 2355 242
f 2357 2193 248
f 2355 2357 242
f 9672 2357 248
f 9672 9673 243
f 2359 9674 2358
f 2358 2183 243
f 9674 2360 2341
f 2195 9675 2360
f 2195 2360 2359
f 9675 2382 249
f 9675 2195 2382
f 2360 9676 2341
f 9676 2184 2341
f 2361 9675 249
f 2361 9676 9675
f 249 2362 2361
f 2362 2196 250
f 2362 9677 244
f 2363 2362 250
f 250 9678 2363
f 9679 9678 2364
f 2363 9678 245
f 2346 2365 246
f 246 2366 9681
f 9681 2176 2347
f 9682 2366 252
f 2176 9681 110
f 2393 9682 252
f 118 9683 2188
f 2200 9684 2367
f 2367 9684 9683
f 9684 2368 2189
f 2203 2369 2202
f 2201 2369 2368
f 2372 9686 2373
f 2192 2372 2374
f 2372 2353 2370
f 2372 2192 2353
f 2192 2374 2356
f 2375 9687 2376
f 2374 2375 2356
f 2193 2375 2377
f 2375 2193 2356
f 2193 2377 248
f 2377 9688 2378
f 9688 2376 254
f 9688 2377 2376
f 2378 2207 2380
f 2377 2378 248
f 2194 2379 2359
f 2208 2379 2380
f 2379 2381 2359
f 2381 2383 2195
f 2381 2195 2359
f 2383 2381 2209
f 2210 2383 2209
f 2383 9689 2382
f 2384 2387 2196
f 2384 2196 249
f 2387 2384 2385
f 2196 2386 250
f 2196 2387 2386
f 9690 2387 2385
f 2388 9690 2389
f 2386 2388 250
f 2388 2389 2197
f 2388 2197 250
f 2197 2389 251
f 251 9692 2391
f 251 2391 2364
f 2391 9692 9693
f 2392 9693 2213
f 9693 9694 252
f 9694 2393 252
f 2394 9694 2395
f 2393 9694 2394
f 2396 2199 119
f 2397 2396 9609
f 2397 9695 2396
f 9695 2200 2367
f 9695 2398 2200
f 2201 2200 2400
f 2398 9696 2400
f 2203 2202 2402
f 2402 2202 2401
f 2203 9697 2371
f 9697 2204 2371
f 2205 2204 2404
f 2404 2204 2403
f 2205 9698 253
f 2205 2404 9698
f 9698 2405 253
f 2206 2405 2406
f 2405 2206 253
f 2406 2405 2223
f 2206 2406 254
f 254 9699 2407
f 9711 9699 2224
f 2407 9699 2408
f 2407 9688 254
f 2407 2207 9688
f 2207 2409 2380
f 2410 2225 2409
f 2409 2225 2411
f 2411 2225 2412
f 2409 2411 2380
f 2411 2208 2380
f 2413 9700 2412
f 9700 2411 2412
f 2226 2227 2413
f 2226 2413 2412
f 2227 2441 256
f 2413 2414 2209
f 2414 2416 2210
f 2414 2210 2209
f 2416 2227 256
f 2416 2414 2227
f 2416 9701 2415
f 2417 2418 2211
f 2417 9690 2385
f 2417 2211 9690
f 2211 2419 255
f 2211 2418 2419
f 9702 2418 2228
f 2419 2420 2212
f 2419 2212 255
f 2421 2420 257
f 2212 9703 2390
f 2212 2420 9703
f 2390 2423 2213
f 2213 9704 2392
f 2213 2423 9704
f 9704 2426 2392
f 2426 2395 2392
f 2198 2426 112
f 112 9705 1294
f 1294 2214 113
f 2427 2215 120
f 9609 2427 2397
f 9609 2215 2427
f 2217 2216 2428
f 2428 2216 2234
f 2217 9707 2399
f 2219 2218 2429
f 9707 2218 2399
f 2429 2236 258
f 2429 2218 2236
f 2219 2430 2401
f 2221 2220 2431
f 2430 2220 2401
f 2431 9708 259
f 2431 2220 9708
f 2221 2432 2403
f 2221 2431 2432
f 2223 2222 2434
f 2432 2222 2403
f 2434 2222 2433
f 2223 2434 9710
f 2239 9710 2238
f 2435 2239 2437
f 9710 2224 2223
f 9710 2435 2224
f 2240 9712 2436
f 2240 2436 2437
f 2436 2410 2408
f 2436 9712 2410
f 2438 2242 2440
f 2242 2438 2439
f 2440 2242 2243
f 2438 2226 2412
f 2438 2440 2226
f 2441 9715 2442
f 2244 9715 2243
f 2245 9715 2244
f 2442 2245 2444
f 2441 2442 256
f 2445 2443 2446
f 2473 2443 2472
f 2445 2446 2229
f 2445 9702 2228
f 2229 2446 257
f 2475 9717 2246
f 2447 2448 2230
f 2447 2421 257
f 9718 2448 260
f 2230 2449 2422
f 2230 2448 2449
f 2449 2450 2231
f 2449 2424 2422
f 2451 2450 261
f 2231 9719 2425
f 2231 2450 9719
f 9719 2248 262
f 9719 9720 2425
f 9720 9705 2425
f 113 2452 1295
f 121 2453 2232
f 2234 2233 2454
f 9721 2233 2232
f 2454 2233 2251
f 9722 2454 2251
f 9722 9737 263
f 2236 2235 2456
f 2455 2235 2234
f 2456 9722 263
f 2456 2235 9722
f 2236 9723 258
f 2458 2487 264
f 259 2459 2237
f 2459 259 9724
f 2237 2238 2433
f 2237 2459 2238
f 2462 2460 2254
f 2461 2460 2462
f 2239 2461 2437
f 9726 2255 2256
f 2461 2240 2437
f 2463 2241 2464
f 2463 2464 2465
f 2465 2464 2498
f 2463 9727 2439
f 2463 2465 9727
f 9727 2242 2439
f 2466 2467 2468
f 2468 2467 2257
f 2466 2244 2243
f 2466 2468 2244
f 2245 2470 2444
f 2245 9728 2470
f 2470 2502 2471
f 9730 2472 2471
f 2474 9730 2258
f 2258 9730 9746
f 2473 2474 2246
f 9731 2474 2258
f 9731 2475 2474
f 2259 9731 2506
f 2476 2477 2247
f 2476 9718 260
f 2247 2477 261
f 261 2478 2248
f 9733 2478 265
f 2248 2478 262
f 9734 2480 114
f 1296 2480 2249
f 1296 2249 115
f 2480 1296 114
f 2250 9735 2482
f 2481 9735 122
f 2482 2481 4103
f 4104 2483 1248
f 2251 9736 2484
f 2483 9736 2250
f 4108 2485 1247
f 9737 9738 263
f 2488 9738 1246
f 1246 2486 4108
f 2489 2487 2488
f 2487 2490 264
f 2491 9739 2490
f 2492 9739 2491
f 9739 2492 9740
f 9740 2253 2252
f 2493 9741 4278
f 2254 2253 9741
f 9741 2493 2494
f 9742 10388 4126
f 9742 2255 2494
f 2495 1245 2496
f 2496 10398 2497
f 2496 1245 10398
f 2495 9743 2256
f 9743 2464 2256
f 2498 1244 2499
f 2499 4142 2500
f 2499 1244 4142
f 2499 9744 2498
f 2501 1243 4152
f 1243 9745 2257
f 9745 2469 2257
f 2469 9745 9729
f 2503 4388 2504
f 2503 1242 4388
f 1242 2503 9746
f 2504 9746 2503
f 2505 4177 1241
f 2506 2505 1241
f 2259 2506 9748
f 9748 2508 2259
f 9748 2507 2508
f 2508 2507 2509
f 2510 2511 265
f 2511 2512 2479
f 9751 9750 2513
f 2249 9752 115
f 2249 9751 9752
f 1054 9752 10506
f 1287 1267 6
f 9611 2516 2647
f 2516 9611 2121
f 9611 2647 2119
f 1289 9754 1288
f 1288 2651 2125
f 2527 9755 2663
f 2686 2685 2547
f 2547 2685 2158
f 2686 2548 2688
f 2560 9756 2559
f 2559 1293 109
f 110 9757 2176
f 9757 9812 2570
f 2581 2393 111
f 2581 9758 2393
f 9758 2581 9830
f 2592 2198 112
f 9883 1296 115
f 2647 9761 2119
f 9761 9762 2514
f 9763 2516 2121
f 2650 2649 9764
f 9764 2648 2517
f 9764 2649 2648
f 2649 9765 2515
f 2651 9753 2125
f 9766 9754 266
f 9753 9766 2520
f 9767 9766 266
f 9767 2652 2520
f 2654 2521 2652
f 2653 2521 2654
f 2652 2521 2520
f 9769 2518 267
f 9769 2655 2518
f 2518 2655 2519
f 2656 2523 1289
f 2523 2529 268
f 9770 2523 268
f 2659 2658 2657
f 2657 9767 266
f 2657 2658 9767
f 2659 2531 269
f 2524 2658 2654
f 9771 2532 270
f 2661 2525 2660
f 2660 2525 2654
f 2661 9771 270
f 9772 2668 271
f 9772 2533 2668
f 267 9772 2522
f 267 2522 9769
f 2522 1270 1269
f 1271 1270 2526
f 1270 3061 1269
f 2527 9773 2528
f 9773 2527 2663
f 2528 9773 2529
f 2674 9774 2534
f 9774 9773 2663
f 2530 9770 268
f 2664 2535 272
f 2530 2664 269
f 2665 9775 2666
f 2666 2532 2665
f 2665 2659 269
f 2665 2532 2659
f 2533 9776 2667
f 2669 2668 2667
f 9777 2538 2681
f 2668 9777 271
f 271 9777 9778
f 2526 9778 2670
f 9778 2526 2662
f 2526 2670 1271
f 1272 2670 9778
f 2670 2925 1271
f 2670 1272 2925
f 2671 9779 2142
f 2673 2672 9779
f 9779 2671 2540
f 9755 2672 2663
f 2675 2674 2534
f 2675 2691 274
f 2675 2534 2691
f 2535 2674 272
f 2678 2536 2676
f 2676 2536 272
f 2678 2676 2677
f 9782 2543 275
f 2680 2537 2679
f 2679 2537 2666
f 2680 9782 275
f 2680 2544 2537
f 2669 2544 2538
f 2682 273 2681
f 9784 2546 2684
f 2546 9784 9783
f 1273 9784 2684
f 2683 1273 9905
f 1291 2687 2540
f 9785 2687 2688
f 2690 2706 277
f 2689 2541 2673
f 2690 2541 2689
f 2692 2690 277
f 2694 9786 2549
f 2549 2692 277
f 2694 2549 2709
f 2692 9786 2691
f 2695 2542 2693
f 2693 2542 274
f 2695 2693 2694
f 2550 2695 2694
f 9787 2551 278
f 2695 9787 2542
f 2697 2543 2696
f 2696 2678 2677
f 2696 2543 2678
f 2697 9787 278
f 2697 2696 9787
f 2553 9788 2552
f 9788 2553 279
f 2545 9789 2698
f 2698 9788 279
f 2698 9789 9788
f 2545 2698 276
f 2699 2682 276
f 2699 9791 2682
f 2556 2701 2700
f 2556 2700 2555
f 2700 2701 2684
f 2702 9792 2703
f 2703 9793 2702
f 2702 3088 2539
f 2704 9794 2560
f 2548 9795 2688
f 2548 2704 9795
f 2705 9795 2561
f 2561 2704 2560
f 2705 2561 9804
f 2707 9795 2705
f 2706 9796 2708
f 2708 2728 280
f 2708 9796 2728
f 2706 2708 277
f 2709 9797 9798
f 2711 9798 2562
f 2562 9798 280
f 2712 2551 2710
f 2710 2550 2694
f 2710 2551 2550
f 2712 2710 2711
f 2551 2712 278
f 2564 9799 2563
f 2713 2564 281
f 2714 2553 2713
f 2714 2713 281
f 2553 2714 279
f 2566 2715 2565
f 2565 2714 281
f 279 2715 2554
f 9790 9800 2555
f 2567 2718 2716
f 2567 2716 2717
f 2718 2567 282
f 2716 2556 2555
f 2716 2718 2556
f 9801 2718 282
f 2568 2720 2719
f 2568 9801 282
f 2568 2719 9801
f 2719 2720 2703
f 95 9802 1274
f 95 1274 9906
f 2559 9803 2560
f 2723 2722 2571
f 2571 2722 2570
f 2723 2744 2725
f 2723 2571 2744
f 9804 2724 2705
f 2726 2724 2572
f 2572 2724 2725
f 2726 9816 283
f 2726 2572 9816
f 2724 9805 2705
f 2724 2726 9805
f 9805 9796 2705
f 2729 2727 2573
f 2728 2727 2729
f 2573 2727 283
f 2729 2573 284
f 2730 2729 284
f 2562 9806 2711
f 2562 2730 9806
f 2575 9806 2574
f 2574 2730 284
f 9806 2563 2711
f 2731 2564 2563
f 2731 2563 2575
f 2564 2731 281
f 2576 2731 2575
f 2732 9820 2734
f 2732 2576 9820
f 2565 9807 2566
f 2577 2736 2733
f 2577 2733 2734
f 2733 2735 2717
f 2733 2736 2735
f 2735 2567 2717
f 9808 2736 285
f 2567 9808 282
f 9808 9809 282
f 2579 9809 2578
f 2578 9808 285
f 2578 9809 9808
f 2568 2737 2720
f 2580 2739 2738
f 2580 2579 286
f 2738 2557 2721
f 2738 2739 2557
f 9811 9810 2740
f 9811 9907 96
f 9812 2742 2570
f 2742 9812 9813
f 2582 9813 2741
f 9814 9813 2743
f 9813 2582 2764
f 2583 2745 9832
f 2744 9815 2725
f 2743 9815 2744
f 2747 2583 288
f 9816 2746 283
f 2748 2746 2584
f 2584 2747 288
f 2584 2746 2747
f 2748 2584 2585
f 2746 2748 283
f 2748 9817 283
f 9817 2573 283
f 2750 2748 2585
f 2573 2749 284
f 2751 2586 289
f 2749 2751 284
f 9818 2751 289
f 2574 9818 2575
f 2587 9819 2752
f 2587 9818 289
f 2587 2752 9818
f 9819 9837 290
f 2752 2753 2575
f 2755 9820 2753
f 2753 2576 2575
f 2755 9819 290
f 2755 2753 9819
f 9820 2754 2734
f 2588 9821 2754
f 2588 2755 290
f 2588 2754 2755
f 9821 2777 291
f 9821 2588 2777
f 2754 9822 2734
f 9822 2577 2734
f 2756 9821 291
f 2756 9822 9821
f 291 9823 2756
f 9824 9823 2757
f 2756 9823 285
f 9825 2757 292
f 9825 2758 2757
f 9826 9825 2759
f 2739 2760 287
f 9827 2759 293
f 9828 2569 2740
f 2569 2761 97
f 2761 9828 9829
f 111 9830 2581
f 2593 9831 2762
f 2762 9831 9830
f 9831 2763 2582
f 2596 2765 2595
f 2763 2765 2764
f 2583 2767 288
f 2585 9834 2768
f 2768 9834 2769
f 2599 9835 2769
f 9835 2768 2769
f 2771 2599 294
f 2768 2770 2585
f 2586 2770 2772
f 2770 2750 2585
f 2770 2586 2750
f 2772 2771 294
f 2772 2770 2771
f 2586 2772 289
f 289 9836 2773
f 9836 2772 294
f 2773 2600 2775
f 289 2773 2587
f 9837 2774 290
f 2774 2601 2776
f 2601 2774 2775
f 2776 2602 2779
f 2776 2601 2602
f 2774 2776 290
f 290 2778 2588
f 2778 9838 2777
f 2780 2782 2589
f 2780 2589 291
f 2782 2780 2781
f 2589 2782 292
f 9839 2782 2781
f 292 2590 9825
f 2785 2783 295
f 2784 2783 2785
f 2590 2784 293
f 9841 9827 293
f 2788 2786 296
f 2786 9842 2787
f 9843 2790 9829
f 2791 9843 2792
f 2790 9843 2791
f 2793 2592 112
f 2794 2793 9760
f 2794 9844 2793
f 9844 2593 2762
f 9844 2795 2593
f 2594 2593 2797
f 2795 9845 2797
f 2596 2595 2799
f 2799 2611 297
f 2799 2595 2611
f 2596 2798 2766
f 9846 2612 298
f 2798 2597 2766
f 2598 2597 2800
f 2800 9846 298
f 2800 2597 9846
f 2598 9847 2769
f 2598 2800 9847
f 2614 9847 2613
f 2802 2614 299
f 9847 2801 2769
f 2599 2801 2803
f 2801 2599 2769
f 2803 2802 299
f 2803 2801 2802
f 2599 2803 294
f 294 2615 2804
f 2615 2803 299
f 2804 9836 294
f 2804 2600 9836
f 2600 2805 2775
f 2806 2617 2805
f 2805 2617 2807
f 2807 2617 2808
f 2805 2807 2775
f 2807 2601 2775
f 2809 9848 2808
f 9848 2807 2808
f 2602 2809 2779
f 2618 2619 2809
f 2618 2809 2808
f 2811 2619 2838
f 2809 2810 2779
f 2810 2813 2603
f 2810 2603 2779
f 2813 2810 2811
f 9849 2813 2811
f 2813 9849 2812
f 2814 2815 2604
f 2814 9839 2781
f 2814 2604 9839
f 2604 2815 295
f 9850 2815 2620
f 2816 2817 2605
f 2816 2785 295
f 2816 2605 2785
f 9851 2817 300
f 2605 2817 296
f 2818 2788 296
f 2820 2818 2819
f 2820 2821 2789
f 2821 2823 2591
f 2821 2792 2789
f 2823 2821 2822
f 2591 2823 99
f 99 9853 1275
f 1275 2606 100
f 2824 2607 113
f 9760 2824 2794
f 9760 2607 2824
f 2609 2608 2825
f 2825 2608 2626
f 2609 9855 2796
f 9855 2610 2796
f 2611 2610 2826
f 2826 2628 301
f 2826 2610 2628
f 2611 2827 297
f 2612 2828 2829
f 2828 2612 297
f 2829 9856 302
f 2829 2828 9856
f 2612 2829 298
f 2614 2613 2830
f 2830 2629 303
f 2830 2613 2629
f 2614 2830 299
f 299 9858 2831
f 9874 9858 303
f 2831 9858 2832
f 2831 2615 299
f 2615 9859 2616
f 2834 9860 2833
f 2833 2806 2616
f 2833 9860 2806
f 2835 2631 2837
f 2631 2835 2836
f 2837 2631 2632
f 2835 2618 2808
f 2835 2837 2618
f 2633 9863 2632
f 2634 9863 2633
f 2842 9864 2839
f 2839 9849 2811
f 2839 9864 9849
f 2842 2839 2840
f 2843 2841 2844
f 2872 2841 2635
f 2843 2844 2621
f 2843 9850 2620
f 2621 2844 300
f 2845 2846 2622
f 2845 9851 300
f 2847 2846 305
f 2622 9866 2819
f 2622 2846 9866
f 9867 2637 307
f 2849 9868 2822
f 9868 9853 2822
f 100 2851 1276
f 114 2852 2624
f 2852 2639 308
f 2626 2625 2853
f 9869 2625 2624
f 2853 2625 2640
f 9870 2853 2640
f 9870 9885 309
f 2628 2627 2855
f 2854 2627 2626
f 2855 9870 309
f 2855 2627 9870
f 2628 9871 301
f 2857 2883 310
f 302 2858 2629
f 2858 302 9872
f 2629 2858 303
f 2861 2859 2643
f 2860 2861 2862
f 2862 2891 311
f 2862 2861 2891
f 2860 2834 2832
f 2863 2630 2864
f 2863 2864 2865
f 2865 2864 2894
f 2863 9875 2836
f 2863 2865 9875
f 9875 2631 2836
f 2866 2867 2868
f 2868 2867 2644
f 2866 2633 2632
f 2866 2868 2633
f 2634 2870 2840
f 2634 9876 2870
f 2870 2898 2871
f 2871 2872 2635
f 2872 2873 304
f 9878 2872 2871
f 2645 9878 9895
f 9879 2874 2645
f 2646 9879 2902
f 2875 2876 2636
f 2875 2847 305
f 2636 2876 306
f 306 2877 2637
f 9881 2877 312
f 2637 2877 307
f 307 9882 2623
f 2623 2878 101
f 1277 2878 2638
f 2638 9882 313
f 2638 2878 9882
f 1277 9900 102
f 2878 1277 101
f 2879 9293 4501
f 2879 9883 9293
f 1239 2880 2879
f 1239 2879 4501
f 2880 1239 4503
f 9884 2880 4503
f 4507 2881 1238
f 9885 9886 309
f 2884 9886 1237
f 1237 2882 4507
f 2885 2883 2884
f 2883 2886 310
f 2887 9887 2886
f 2888 9887 2887
f 9887 2888 9888
f 9888 2642 2641
f 2889 9889 4669
f 2643 2642 9889
f 9889 2889 2890
f 9890 10541 4524
f 9890 9891 2890
f 2893 1236 10551
f 2893 9892 1236
f 2894 1235 2895
f 2895 4542 2896
f 2895 1235 4542
f 2895 9893 2894
f 2897 4552 92
f 2897 1234 4552
f 1234 9894 2644
f 9894 2869 2644
f 2869 9894 9877
f 1233 2897 92
f 2899 4774 2900
f 2899 1233 4774
f 1233 2899 9895
f 2900 9895 2899
f 2901 4577 1232
f 2902 2901 1232
f 2646 2902 9897
f 9897 2904 2646
f 9897 2903 2904
f 2904 2903 2905
f 2906 2907 312
f 2908 9899 2909
f 2908 2638 313
f 9900 2908 2909
f 9900 9901 102
f 1057 9901 10658
f 2515 2913 9762
f 2519 2917 9765
f 1269 9902 1268
f 1268 3055 2519
f 9903 1270 1271
f 2925 9904 3068
f 2937 1273 2539
f 3089 3088 2944
f 2944 9793 95
f 2944 3088 9793
f 3089 9947 3090
f 2954 9906 2953
f 2953 2558 96
f 97 9907 2569
f 9907 9965 2964
f 2977 2790 98
f 2977 9908 2790
f 9908 2977 9981
f 2990 2591 99
f 10035 1277 102
f 3053 1267 2514
f 1267 9911 2910
f 2911 9911 2914
f 9912 1454 2910
f 9913 2913 2515
f 2912 2911 3054
f 9915 9902 314
f 2917 9915 2918
f 9916 9915 314
f 9916 3056 2918
f 3058 2919 3056
f 3057 2919 3058
f 3056 2919 2918
f 2915 9917 3059
f 9918 3059 315
f 9918 3060 3059
f 2915 3060 2916
f 3061 2921 1269
f 2921 9903 316
f 9919 2921 316
f 3064 3063 3062
f 3062 9916 314
f 3062 3063 9916
f 3064 2927 317
f 2922 3063 3058
f 2928 3064 317
f 3066 2923 3065
f 3065 2923 3058
f 3066 9920 318
f 9921 2929 319
f 315 9921 2920
f 315 2920 9918
f 2920 3067 108
f 3067 1463 108
f 2925 9923 9903
f 9923 2925 3068
f 3076 9924 2931
f 9924 9923 3068
f 2926 9919 316
f 3069 2932 320
f 2926 3069 317
f 9925 2933 3071
f 9920 3070 318
f 9927 2935 3084
f 319 9927 9928
f 2924 9928 3074
f 9929 3074 9928
f 3074 1331 2924
f 3074 9929 1331
f 3075 9930 2930
f 9905 2930 2683
f 2930 9930 9904
f 9904 9930 3068
f 9931 9930 3075
f 3077 3076 2931
f 3077 3093 322
f 3077 2931 3093
f 2932 3076 320
f 3080 2933 3078
f 3078 2933 320
f 3080 3078 3079
f 9933 2940 323
f 3082 2934 3081
f 3081 2934 3071
f 3082 9933 323
f 3082 2941 2934
f 2935 2941 3083
f 3084 2935 3083
f 2935 3073 3072
f 3085 321 3084
f 9935 2943 3087
f 2943 9935 9934
f 9936 9935 3087
f 3086 9936 1478
f 3092 3091 2945
f 2945 3091 3090
f 3092 3112 324
f 3091 2938 3075
f 3096 9939 3094
f 3096 3094 3114
f 9938 9939 3093
f 3097 2939 3095
f 3095 2939 322
f 3097 3095 3096
f 2946 3097 3096
f 9940 2947 325
f 3097 9940 2939
f 3099 2940 3098
f 3098 3080 3079
f 3098 2940 3080
f 3099 9940 325
f 3099 3098 9940
f 3100 9942 323
f 3102 3100 2949
f 3102 9943 3101
f 3103 9943 3104
f 3101 3103 2942
f 3103 3085 2942
f 3103 9944 3085
f 2951 3106 3105
f 2951 3104 2950
f 2951 3105 3104
f 3105 3106 3087
f 3107 9945 3108
f 3108 9946 3107
f 3107 1492 2936
f 9947 3109 3090
f 3110 3109 2955
f 2955 3109 2954
f 3110 9957 326
f 3110 2955 9957
f 3110 3111 3109
f 3112 9948 3113
f 3113 3134 327
f 3113 9948 3134
f 3116 9950 2956
f 2956 9950 327
f 9949 9950 3114
f 3117 2947 3115
f 3115 2946 3096
f 3115 2947 2946
f 3117 3115 3116
f 2947 3117 325
f 2957 3117 3116
f 3118 2958 3120
f 3117 9951 325
f 9951 3118 325
f 3120 2948 3118
f 3118 2948 325
f 2959 3121 3119
f 2959 3119 3120
f 3121 2959 328
f 3119 9952 2949
f 3119 3121 9952
f 2950 9952 3122
f 9952 3102 2949
f 9952 9943 3102
f 3122 3121 328
f 2950 3122 3123
f 3125 3124 2960
f 2960 3122 328
f 3125 2960 2961
f 3123 2951 2950
f 2962 3127 3126
f 2962 3125 2961
f 2962 3126 3125
f 3126 3127 3108
f 9954 3127 329
f 107 9954 9955
f 9955 9954 329
f 2953 9956 2954
f 3129 3128 2965
f 2965 3128 2964
f 3129 3151 3131
f 3129 2965 3151
f 9957 3130 326
f 3132 3130 2966
f 2966 3130 3131
f 3132 9969 330
f 3132 2966 9969
f 3130 3132 326
f 3135 3133 2967
f 3134 3133 3135
f 2967 3133 330
f 3135 2967 331
f 3136 3135 331
f 2956 9959 3116
f 2956 3136 9959
f 2969 9959 2968
f 2968 3136 331
f 9959 3137 3116
f 3139 2958 3137
f 3137 2957 3116
f 3137 2958 2957
f 3139 3137 2969
f 2958 3138 3120
f 2970 3141 3138
f 2970 3138 3139
f 3141 2970 2971
f 3138 3140 3120
f 3138 3141 3140
f 3140 2959 3120
f 3142 3141 2971
f 2959 9960 328
f 9960 3142 328
f 2972 3143 3142
f 2973 3143 2972
f 2972 3142 2971
f 3142 3143 328
f 2975 9962 2974
f 2974 2973 332
f 2974 9962 2973
f 2962 3144 3127
f 2976 3146 3145
f 2976 2975 333
f 3145 3146 329
f 9964 9963 3147
f 9964 1282 106
f 9965 3149 2964
f 3149 9965 9966
f 2978 9966 3148
f 9967 9966 3150
f 9966 2978 3169
f 9968 2979 2980
f 3151 9968 3131
f 3150 9968 3151
f 9969 3153 330
f 3154 3153 2981
f 2981 3153 2980
f 3154 2981 2982
f 3153 3154 330
f 3154 9970 330
f 9970 2967 330
f 3156 3154 2982
f 2967 3155 331
f 3157 2983 335
f 3155 3157 331
f 9971 3157 335
f 2969 3158 3139
f 2969 9971 3158
f 2985 9972 2984
f 2984 9971 335
f 3158 2970 3139
f 9973 9972 2985
f 3160 3159 3161
f 3161 2986 337
f 3161 9974 3160
f 3162 3161 337
f 337 3163 3162
f 3163 2987 338
f 3163 9975 332
f 3164 3163 338
f 338 9976 3164
f 9977 9976 3165
f 3164 9976 333
f 3146 3166 334
f 9979 2963 3147
f 9980 9979 340
f 105 9979 9980
f 3192 9980 340
f 98 9981 2977
f 2991 9982 3167
f 3167 9982 9981
f 9982 3168 2978
f 2994 9983 2993
f 3168 9983 3169
f 9983 3170 2979
f 3171 3170 3172
f 2979 3171 2980
f 3171 9984 2980
f 2982 9985 3173
f 3173 9985 3174
f 2997 9986 3174
f 9986 3173 3174
f 3176 2997 341
f 3173 3175 2982
f 2983 3175 3177
f 3175 3156 2982
f 3175 2983 3156
f 3177 3176 341
f 3177 3175 3176
f 2983 3177 335
f 335 9987 3178
f 9987 3177 341
f 3178 2998 3180
f 2984 9988 2985
f 2999 3179 3180
f 3179 3181 336
f 3181 3183 2986
f 3181 2986 336
f 3183 3181 3000
f 2986 3182 337
f 2986 3183 3182
f 3001 3183 3000
f 3184 9989 3002
f 9989 3001 3002
f 3182 3184 337
f 3184 3186 2987
f 3184 2987 337
f 3186 3184 3002
f 2987 3185 338
f 2987 3186 3185
f 9990 3186 3002
f 3187 9990 3188
f 3185 3187 338
f 3187 3188 2988
f 3187 2988 338
f 2988 3188 339
f 339 9992 3190
f 339 3190 3165
f 3190 9992 9993
f 3191 9993 3005
f 9993 9994 340
f 9994 3192 340
f 3193 9994 3194
f 3192 9994 3193
f 3195 2990 99
f 3196 3195 9910
f 3196 9995 3195
f 9995 2991 3167
f 9995 3197 2991
f 2992 2991 3199
f 3197 9996 3199
f 2994 2993 3200
f 3200 2993 3228
f 2994 9997 3172
f 9997 2995 3172
f 2996 2995 3201
f 3201 3012 343
f 3201 2995 3012
f 2996 9998 3174
f 2996 3201 9998
f 3014 9998 3013
f 3203 3014 344
f 9998 3202 3174
f 2997 3202 3204
f 3202 2997 3174
f 3204 3203 344
f 3204 3202 3203
f 2997 3204 341
f 341 9999 3205
f 10011 9999 3015
f 3205 9999 3206
f 3205 9987 341
f 3205 2998 9987
f 2998 3207 3180
f 3208 3016 3207
f 3207 3016 3209
f 3209 3016 3210
f 3207 3209 3180
f 3209 2999 3180
f 3211 10000 3210
f 10000 3209 3210
f 3017 3018 3211
f 3017 3211 3210
f 3018 3240 345
f 3211 3212 3000
f 3212 3213 3001
f 3214 3213 3212
f 3212 3001 3000
f 3214 3018 345
f 3214 3212 3018
f 3001 3213 3002
f 3215 3216 3003
f 3215 9990 3002
f 3215 3003 9990
f 3003 3217 342
f 3003 3216 3217
f 10002 3216 3019
f 3217 3218 3004
f 3217 3004 342
f 3219 3218 346
f 3004 10003 3189
f 3004 3218 10003
f 3189 3221 3005
f 3005 10004 3191
f 3005 3221 10004
f 10004 3224 3191
f 3224 3194 3191
f 2989 3224 1280
f 1280 10005 1279
f 1279 3006 104
f 3225 3007 100
f 9910 3226 3196
f 9910 3007 3226
f 3225 10006 3226
f 3009 3008 3227
f 3227 3008 3025
f 3009 10007 3198
f 10007 3010 3198
f 3228 3010 3229
f 3229 3027 347
f 3229 3010 3027
f 3229 10008 3228
f 3012 3011 3231
f 3231 3011 3230
f 3012 3231 343
f 3014 3013 3233
f 3233 3013 3232
f 3014 3233 344
f 344 10010 3032
f 10026 10010 3031
f 344 3032 3015
f 3236 10012 3235
f 3235 3208 3206
f 3235 10012 3208
f 3237 3034 3239
f 3034 3237 3238
f 3239 3034 3035
f 3237 3017 3210
f 3237 3239 3017
f 3240 10015 3241
f 3036 10015 3035
f 3037 10015 3036
f 3241 3037 3243
f 3240 3241 345
f 345 10016 3214
f 3244 3242 3245
f 3273 3242 3272
f 3244 3245 3020
f 3244 10002 3019
f 3020 3245 346
f 3275 10017 3038
f 3246 3247 3021
f 3246 3219 346
f 10018 3247 348
f 3021 3248 3220
f 3021 3247 3248
f 3248 3249 3022
f 3248 3222 3220
f 3250 3249 349
f 3022 10019 3223
f 3022 3249 10019
f 10019 3040 350
f 10019 10020 3223
f 10020 10005 3223
f 104 3251 9302
f 101 3252 3023
f 3252 3042 351
f 3025 3024 3253
f 10021 3024 3023
f 3253 3024 3043
f 10022 3253 3043
f 10022 10037 352
f 3027 3026 3255
f 3254 3026 3025
f 3255 10022 352
f 3255 3026 10022
f 3027 3256 347
f 10023 3285 353
f 3257 3028 347
f 3257 10023 353
f 3028 10024 3230
f 3030 3029 3258
f 10024 3029 3230
f 3030 3031 3232
f 3030 3258 3031
f 3261 3259 3046
f 3260 3261 3262
f 3262 3261 3047
f 3260 3236 3234
f 3263 3033 3264
f 3263 3264 3265
f 3265 3264 3295
f 3263 10027 3238
f 3263 3265 10027
f 10027 3034 3238
f 3266 3267 3268
f 3268 3267 3048
f 3266 3036 3035
f 3266 3268 3036
f 3037 3270 3243
f 3037 10028 3270
f 3270 3299 3271
f 10030 3272 3271
f 3274 10030 3049
f 3273 3274 3038
f 10031 3274 3049
f 10031 3275 3274
f 3050 10031 3303
f 3276 3277 3039
f 3276 10018 348
f 3039 3277 349
f 3305 10032 3051
f 349 3278 3040
f 10033 3278 354
f 3040 3278 350
f 10034 3280 103
f 9303 3280 3041
f 9303 3041 1697
f 3280 9303 103
f 3281 10035 9292
f 1230 3282 3281
f 3282 1230 4893
f 10036 3282 4893
f 4896 3283 1229
f 10037 10038 352
f 3286 10038 1228
f 1228 3284 4896
f 3287 3285 3286
f 3285 3288 353
f 3289 10039 3288
f 3290 10039 3289
f 10039 3290 10040
f 10040 3045 3044
f 3291 10041 5060
f 3046 3045 10041
f 10041 3291 3292
f 10042 10691 4913
f 10042 10043 3292
f 10044 10045 3047
f 10045 3264 3047
f 3294 10045 10044
f 3295 1227 3296
f 3296 4931 3297
f 3296 1227 4931
f 3296 10046 3295
f 3298 1226 4941
f 1226 10047 3048
f 10047 3269 3048
f 3269 10047 10029
f 3300 5170 3301
f 3300 1225 5170
f 1225 3300 10048
f 3301 10048 3300
f 10030 10048 3049
f 3302 4963 1224
f 3303 3302 1224
f 3050 3303 10050
f 10050 3051 3050
f 10050 3304 3051
f 3305 3304 3306
f 3307 10051 3308
f 354 3307 3052
f 3052 3309 3279
f 3052 3307 3309
f 10053 10052 3310
f 3041 10053 1697
f 1278 1222 1056
f 46 10054 1056
f 1056 10054 9295
f 6883 3313 1158
f 6886 3316 1157
f 45 10055 1156
f 1156 3445 6886
f 10057 11438 6903
f 10058 1155 6912
f 3350 10059 3349
f 3349 6921 44
f 43 1154 6930
f 1154 10117 3359
f 3371 7157 3562
f 3371 1153 7157
f 1153 3371 10133
f 3382 6951 1152
f 10184 10063 3675
f 3441 10064 3440
f 10064 1266 10054
f 3443 10065 3442
f 3313 10065 3441
f 3312 3311 3444
f 10067 10055 355
f 10068 10067 355
f 10068 3446 3443
f 3448 3447 3446
f 3446 3447 3443
f 10066 3447 3444
f 10070 3314 356
f 10070 3449 3314
f 3314 3449 3315
f 3450 3318 45
f 3318 3324 357
f 3325 3318 357
f 3453 3452 3451
f 3451 10068 355
f 3451 3452 10068
f 3453 10071 358
f 3319 3452 3448
f 3455 3320 3454
f 3454 3320 3448
f 3455 10072 359
f 10073 3463 360
f 10073 3327 3463
f 356 10073 3317
f 356 3317 10070
f 3317 3456 1703
f 3456 1704 1703
f 3322 10075 3323
f 10075 3322 10056
f 3323 10075 3324
f 3461 3460 3459
f 3459 3453 358
f 3459 3460 3453
f 3461 10077 362
f 10072 3460 359
f 3327 10078 3462
f 3464 3463 3462
f 10079 3330 3476
f 3463 10079 360
f 360 10079 10080
f 3321 10080 3465
f 10081 3465 10080
f 3465 1707 3321
f 3465 10081 1707
f 3466 10082 7048
f 3468 3467 10082
f 10082 3466 3332
f 10056 3467 3457
f 361 3328 3469
f 3469 3484 364
f 3469 3328 3484
f 3328 361 10076
f 3473 3472 3470
f 3470 3458 361
f 3470 3472 3458
f 3473 3470 3471
f 10077 3472 362
f 10085 3335 365
f 3475 3329 3474
f 3474 3329 362
f 3475 10085 365
f 3475 3336 3329
f 3464 3336 3330
f 3477 363 3476
f 10087 3338 3479
f 3338 10087 10086
f 10088 10087 3479
f 3478 10088 1709
f 10057 10089 3332
f 3483 3482 3340
f 3340 3481 3339
f 3340 3482 3481
f 3483 3502 366
f 3482 3333 3468
f 3486 10091 3341
f 3341 10091 366
f 10090 10091 3484
f 3487 3334 3485
f 3485 3334 364
f 3487 3485 3486
f 3342 3487 3486
f 10092 3343 367
f 3487 10092 3334
f 3489 3335 3488
f 3488 3473 3471
f 3488 3335 3473
f 3489 10092 367
f 3489 3488 10092
f 10103 10093 3344
f 3490 10094 365
f 3492 3490 3345
f 3492 10095 3491
f 3491 3493 3337
f 3493 3477 3337
f 3493 10096 3477
f 3495 3493 10095
f 3346 3496 3494
f 3346 3494 3495
f 3494 3496 3479
f 3497 10097 3498
f 3498 10098 3497
f 3497 1263 3331
f 3500 3499 3351
f 3351 3499 3350
f 3500 10108 368
f 3500 3351 10108
f 3500 3501 3499
f 3502 10100 3503
f 3503 3525 3505
f 3503 10100 3525
f 3504 10101 3505
f 3341 3504 3486
f 3507 3504 3352
f 3504 3506 3486
f 3508 3343 3506
f 3506 3342 3486
f 3506 3343 3342
f 3508 3506 3507
f 3343 3508 367
f 3354 10102 3353
f 3509 3354 3511
f 3511 10103 3509
f 3355 3512 3510
f 3355 3510 3511
f 3510 3492 3345
f 3510 3512 3492
f 3356 3515 3513
f 3356 3513 3514
f 3515 3356 369
f 3513 3346 3495
f 3513 3515 3346
f 10105 3515 369
f 3357 3517 3516
f 3357 10105 369
f 3357 3516 10105
f 3516 3517 3498
f 10106 3517 370
f 3347 3348 3518
f 3347 10106 370
f 3518 3348 1713
f 3349 10107 3350
f 3520 3519 3360
f 3360 3519 3359
f 3520 3542 3522
f 3520 3360 3542
f 10108 3521 368
f 3523 3521 3361
f 3361 3521 3522
f 3523 3545 371
f 3523 3361 3545
f 3521 3523 368
f 3526 3524 3362
f 3525 3524 3526
f 3362 3524 371
f 3526 3362 372
f 10110 3526 372
f 3352 10111 3507
f 3352 10110 10111
f 3527 10111 3363
f 3363 10110 372
f 3527 3363 3364
f 10111 3353 3507
f 10111 3527 3353
f 3528 3354 3527
f 3528 3527 3364
f 3354 3529 3511
f 3354 3528 3529
f 3366 3530 3365
f 3365 3528 3364
f 3529 3355 3511
f 3355 10112 3512
f 3367 3534 3531
f 3367 3531 3532
f 3531 3533 3514
f 3531 3534 3533
f 3533 3356 3514
f 10113 3534 373
f 3356 10113 369
f 10113 10114 369
f 3369 10114 3368
f 3368 10113 373
f 3368 10114 10113
f 3357 3535 3517
f 3370 3537 3536
f 3370 3369 374
f 3536 3537 370
f 10116 10115 3538
f 10116 1262 1715
f 10117 3540 3359
f 3540 10117 10118
f 3372 10118 3539
f 10119 10118 3541
f 10118 3372 3565
f 3544 10120 3373
f 3542 10120 3522
f 3541 10120 3542
f 3545 3546 3548
f 3548 3374 3550
f 3545 3548 371
f 3548 10122 371
f 10122 3362 371
f 3362 3549 372
f 3551 3375 376
f 3549 3551 372
f 10123 3551 376
f 3364 10123 3552
f 3552 3376 3553
f 3553 3377 3555
f 3553 3376 3377
f 3553 10124 3552
f 3366 3554 3532
f 3555 10125 3554
f 10125 3378 377
f 3554 10126 3532
f 10126 3367 3532
f 3556 10125 377
f 3556 10126 10125
f 377 3557 3556
f 3557 3379 378
f 3557 10127 373
f 3558 3557 378
f 10128 3558 378
f 10129 10128 3559
f 3537 3560 375
f 375 3561 10131
f 10131 3358 3538
f 10132 3561 380
f 3358 10131 1716
f 3562 10133 3371
f 3383 10134 3563
f 3563 10134 10133
f 10134 3564 3372
f 3386 3566 3385
f 3564 3566 3565
f 3373 10136 3544
f 3373 10135 10136
f 3568 10136 3569
f 10136 3568 3544
f 3374 3568 3570
f 3568 3547 3544
f 3568 3374 3547
f 3374 3570 3550
f 3571 10137 3572
f 3570 3571 3550
f 3375 3571 3573
f 3571 3375 3550
f 3375 3573 376
f 3573 10138 3574
f 10138 3572 382
f 10138 3573 3572
f 3574 3390 383
f 3573 10139 376
f 3573 3574 10139
f 10139 3376 376
f 3575 10139 3576
f 3377 3575 3555
f 3576 3391 3575
f 3575 3577 3555
f 3577 3579 3378
f 3577 3378 3555
f 3579 3577 3392
f 3378 3578 377
f 3378 3579 3578
f 3393 3579 3392
f 3580 10140 3394
f 10140 3393 3394
f 3578 3580 377
f 3580 3581 3379
f 3580 3379 377
f 3581 3580 3394
f 3379 3581 378
f 10141 3581 3394
f 378 3582 3380
f 378 3380 10128
f 3583 3582 384
f 3380 3582 379
f 3584 3585 3586
f 3584 3559 379
f 3584 3586 3559
f 10143 3585 385
f 10144 3588 10132
f 3589 10144 3590
f 3588 10144 3589
f 3591 3382 1152
f 3592 3591 10061
f 3592 10145 3591
f 10145 3383 3563
f 10145 3593 3383
f 3384 3383 3595
f 3593 10146 3595
f 3386 3385 3597
f 3597 3385 3596
f 3386 10147 3567
f 10147 3387 3567
f 3388 3387 3598
f 3598 3404 386
f 3598 3387 3404
f 3388 10148 381
f 3388 3598 10148
f 3406 10148 3405
f 3600 3406 387
f 10148 3599 381
f 3389 3599 3601
f 3599 3389 381
f 3601 3600 387
f 3601 3599 3600
f 3389 3601 382
f 382 3407 3602
f 3407 3601 387
f 3602 10138 382
f 3602 3390 10138
f 3390 3603 383
f 3603 3604 3605
f 3605 3409 388
f 3605 3604 3409
f 3603 3605 383
f 3606 10149 3607
f 3607 3410 3606
f 3410 3635 389
f 3606 3608 3392
f 3608 3609 3393
f 3610 3609 3608
f 3608 3393 3392
f 3610 3410 389
f 3610 3608 3410
f 3393 3609 3394
f 3611 3612 3395
f 3611 10141 3394
f 3611 3395 10141
f 3395 3612 384
f 10151 3612 3411
f 3613 3614 3396
f 3613 3583 384
f 3613 3396 3583
f 10152 3614 390
f 3396 3614 385
f 3615 10143 385
f 3617 3615 3616
f 3617 10153 3587
f 10153 3620 3587
f 3620 3590 3587
f 3381 3620 1260
f 1260 10154 1259
f 1259 3397 1723
f 3621 3398 42
f 10061 3621 3592
f 10061 3398 3621
f 3400 3399 3622
f 3622 3399 3418
f 3400 10156 3594
f 3402 3401 3623
f 10156 3401 3594
f 3623 3420 391
f 3623 3401 3420
f 3402 3624 3596
f 3404 3403 3625
f 3624 3403 3596
f 3625 10157 392
f 3625 3403 10157
f 3404 3625 386
f 3406 3405 3627
f 3627 3405 3626
f 3406 3627 387
f 387 10159 3628
f 10175 10159 3422
f 3628 10159 3629
f 3628 3407 387
f 3407 10160 3408
f 3631 10161 3630
f 3630 10162 3408
f 3630 10161 10162
f 10162 3604 3408
f 3633 10162 3632
f 10162 10161 3632
f 3409 3633 388
f 3633 3424 3634
f 3424 3633 3632
f 3634 3424 3425
f 3633 3634 388
f 3635 10164 3636
f 3426 10164 3425
f 3427 10164 3426
f 3636 3427 3638
f 3635 3636 389
f 389 10165 3610
f 3639 3637 3640
f 3668 3637 3667
f 3639 3640 3412
f 3639 10151 3411
f 3412 3640 390
f 3670 10166 3428
f 3641 3642 3413
f 3641 10152 390
f 3413 3643 3616
f 3413 3642 3643
f 10167 3642 393
f 3643 3644 3414
f 3643 3618 3616
f 3645 3644 394
f 3414 10168 3619
f 3414 3644 10168
f 10168 3430 395
f 10168 10169 3619
f 10169 10154 3619
f 1723 3646 9442
f 41 3647 3416
f 3647 3432 396
f 3418 3417 3648
f 10170 3417 3416
f 3648 3417 3433
f 10171 3648 3433
f 10171 10186 397
f 3420 3419 3650
f 3649 3419 3418
f 3650 10171 397
f 3650 3419 10171
f 3420 10172 391
f 3652 3680 398
f 392 3653 3421
f 3653 392 10173
f 3421 3422 3626
f 3421 3653 3422
f 3656 3654 3436
f 3655 3656 3657
f 3657 3688 399
f 3657 3656 3688
f 3655 3631 3629
f 3658 3423 3659
f 3658 3659 3660
f 3660 3659 3690
f 3658 10176 3632
f 3658 3660 10176
f 10176 3424 3632
f 3661 3662 3663
f 3663 3662 3437
f 3661 3426 3425
f 3661 3663 3426
f 3427 3665 3638
f 3427 10177 3665
f 3665 3694 3666
f 10179 3667 3666
f 3669 10179 3438
f 3438 10179 10198
f 3668 3669 3428
f 10180 3669 3438
f 10180 3670 3669
f 3439 10180 3698
f 3671 3672 3429
f 3671 10167 393
f 3429 3672 394
f 394 3673 3430
f 10182 3673 400
f 3430 3673 395
f 395 10183 3415
f 3415 3674 1724
f 9443 3674 3431
f 3431 10183 401
f 3431 3674 10183
f 9443 10203 1727
f 3674 9443 1724
f 3676 9291 85
f 3676 10184 9291
f 1214 3677 3676
f 1214 3676 85
f 3677 1214 84
f 10185 3677 84
f 5594 3678 1213
f 10186 10187 397
f 3681 10187 1212
f 1212 3679 5594
f 3682 3680 3681
f 3680 3683 398
f 3684 10188 3683
f 3685 10188 3684
f 10188 3685 10189
f 10189 3435 3434
f 3686 10190 82
f 3436 3435 10190
f 10190 3686 3687
f 10191 10810 81
f 10191 10192 3687
f 10193 5479 80
f 3690 10195 3691
f 3691 5462 3692
f 3691 10196 3690
f 3693 1210 5448
f 1210 10197 3437
f 10197 3664 3437
f 3664 10197 10178
f 3695 5296 3696
f 3695 1209 5296
f 1209 3695 10198
f 3696 10198 3695
f 3697 5434 1208
f 3698 3697 1208
f 3439 3698 10200
f 10200 3700 3439
f 10200 3699 3700
f 3700 3699 3701
f 3702 3703 400
f 3704 10202 3705
f 3704 3431 401
f 10203 3704 3705
f 10203 10204 1727
f 5 10204 10806
f 10205 9294 5
f 1221 3840 5282
f 5289 3711 1220
f 91 10206 1219
f 1219 3844 5289
f 3717 10207 3857
f 10208 10841 5308
f 10209 3737 3880
f 3747 10210 3746
f 3746 5327 89
f 88 1218 5338
f 1218 10266 3757
f 3767 5561 3957
f 3767 1217 5561
f 1217 3767 10282
f 3779 5365 1216
f 10335 10214 4069
f 3840 10215 5282
f 10215 1258 2089
f 10216 1221 5285
f 3707 3706 3843
f 3706 3841 3708
f 10218 10206 402
f 10219 10218 402
f 10219 3845 3842
f 3847 3846 3845
f 3845 3846 3842
f 10217 3846 3843
f 3709 10220 3848
f 10221 3848 403
f 10221 3849 3848
f 3709 3849 3710
f 3850 3713 91
f 3713 3719 404
f 10222 3713 404
f 3853 3852 3851
f 3851 10219 402
f 3851 3852 10219
f 3853 3721 405
f 3714 3852 3847
f 3855 3715 3854
f 3854 3715 3847
f 3855 10223 406
f 10224 3863 407
f 10224 3722 3863
f 403 10224 3712
f 403 3712 10221
f 3712 3856 2095
f 3856 2096 2095
f 3717 10226 3718
f 10226 3717 3857
f 3718 10226 3719
f 3869 10227 3724
f 10227 10226 3857
f 3720 10222 404
f 3858 3725 408
f 3720 3858 405
f 3861 3860 3859
f 3859 3853 405
f 3859 3860 3853
f 3861 10228 409
f 10223 3860 406
f 3722 10229 3862
f 3864 3863 3862
f 10230 3727 3876
f 3863 10230 407
f 407 10230 10231
f 3716 10231 3865
f 10232 3865 10231
f 3865 2099 3716
f 3865 10232 2099
f 3866 10233 5460
f 3868 3867 10233
f 10233 3866 3728
f 10207 3867 3857
f 3870 3869 3724
f 3870 3883 411
f 3870 3724 3883
f 3725 3869 408
f 3873 3872 3871
f 3871 3872 408
f 3873 3730 412
f 3873 3871 3730
f 10228 3872 409
f 10236 3731 413
f 3875 3726 3874
f 3874 3726 409
f 3875 10236 413
f 3875 3732 3726
f 3864 3732 3727
f 3877 410 3876
f 10238 3734 3878
f 3734 10238 10237
f 3723 10238 10239
f 10239 10238 3878
f 10239 2100 3723
f 10239 1255 2100
f 10208 10240 3728
f 3882 3881 3738
f 3738 3881 3880
f 3882 3901 3884
f 3881 3729 3868
f 10242 3739 3887
f 10241 10242 3883
f 3887 3886 3885
f 3885 3886 411
f 3887 3885 10242
f 3730 3886 412
f 10243 3740 414
f 3889 3731 3888
f 3888 3731 412
f 3889 10243 414
f 3889 3888 10243
f 3891 10245 3742
f 3743 10246 3890
f 3743 3890 3891
f 3893 10246 415
f 3892 10246 3893
f 3890 3892 3733
f 3892 3877 3733
f 3892 10247 3877
f 3744 3895 3894
f 3744 3893 415
f 3744 3894 3893
f 3894 3895 3878
f 10248 3896 94
f 3735 3736 3896
f 3896 2103 94
f 3896 3736 2103
f 90 10249 10209
f 3898 10249 3747
f 3737 10250 3880
f 3737 3898 10250
f 3899 10250 3748
f 3748 3898 3747
f 3899 3748 10259
f 3900 10250 3899
f 3901 10251 3902
f 3902 3921 3904
f 3902 10251 3921
f 3903 10252 3904
f 3739 3903 3887
f 3906 3903 3749
f 3903 3905 3887
f 3907 3740 3905
f 3905 3740 3887
f 3907 3905 3906
f 3740 3907 414
f 3750 3907 3906
f 3908 3751 416
f 3907 10253 414
f 10253 3908 414
f 3909 3741 3908
f 3742 3741 3909
f 3908 3741 414
f 3909 3908 416
f 3742 3910 3891
f 3742 3909 3910
f 3753 3910 3752
f 3752 3909 416
f 3910 3743 3891
f 3754 3913 3911
f 3754 3911 3912
f 3913 3754 417
f 3911 3913 415
f 10255 3913 417
f 3755 3915 3914
f 3755 10255 417
f 3755 3914 10255
f 3914 3735 3897
f 3914 3915 3735
f 10256 3915 418
f 93 10256 10257
f 10257 10256 418
f 3746 10258 3747
f 3917 3916 3758
f 3758 3916 3757
f 3917 3758 3939
f 10259 3918 3899
f 3919 3918 3759
f 3759 3917 3939
f 3759 3918 3917
f 3919 10270 419
f 3919 3759 10270
f 3918 10260 3899
f 3918 3919 10260
f 10260 10251 3899
f 3922 3920 3760
f 3921 3920 3922
f 3760 3920 419
f 3922 3760 420
f 3923 3922 420
f 3749 10261 3906
f 3749 3923 10261
f 3925 10261 3761
f 3761 3923 420
f 3925 3761 3945
f 10261 3924 3906
f 3926 3751 3924
f 3924 3750 3906
f 3924 3751 3750
f 3926 3924 3925
f 3751 3926 416
f 3762 3926 3925
f 3927 10274 3929
f 3927 3762 10274
f 3752 10262 3753
f 3763 3931 3928
f 3763 3928 3929
f 3928 3930 3912
f 3928 3931 3930
f 3930 3754 3912
f 10263 3931 421
f 3754 10263 417
f 10263 10264 417
f 3765 10264 3764
f 3764 10263 421
f 3764 10264 10263
f 3755 3932 3915
f 3766 3934 3933
f 3766 3765 422
f 3933 3934 418
f 1252 10265 3935
f 10266 3937 3757
f 3937 10266 10267
f 3769 3936 3768
f 3938 3769 424
f 3938 10268 3769
f 10269 3770 3771
f 10269 10270 3939
f 10270 3940 419
f 3941 3940 3772
f 3772 3940 3771
f 3941 3772 3773
f 3940 3941 419
f 3941 10271 419
f 10271 3760 419
f 3943 3941 3773
f 3760 3942 420
f 3944 3774 425
f 3942 3944 420
f 10272 3944 425
f 10289 10273 425
f 3947 10289 426
f 3945 3946 3925
f 3949 10274 3946
f 3946 3762 3925
f 3949 3947 426
f 3949 3946 3947
f 10274 3948 3929
f 3949 10275 3948
f 10275 3775 427
f 3948 3950 3929
f 3950 3763 3929
f 3951 10275 427
f 3951 3950 10275
f 427 3952 3951
f 3952 3776 428
f 3952 10276 421
f 3953 3952 428
f 10277 3953 428
f 10278 10277 3954
f 3934 3955 423
f 423 3956 10280
f 10280 3756 3935
f 10281 3956 430
f 3756 10280 2107
f 3957 10282 3767
f 3780 10283 3958
f 3958 10283 10282
f 10283 3959 3768
f 3783 3961 3782
f 3781 3961 3959
f 3960 3770 424
f 3960 3961 3770
f 3770 3963 3771
f 10286 10285 3964
f 3773 10286 3965
f 3966 10287 3967
f 3965 3966 3773
f 3774 3966 3968
f 3966 3943 3773
f 3966 3774 3943
f 3774 3968 425
f 3968 10288 3969
f 10288 3967 432
f 10288 3968 3967
f 3969 3787 3971
f 3968 3969 425
f 10289 3970 426
f 3970 3788 3972
f 3788 3970 3971
f 3972 3789 3975
f 3972 3788 3789
f 3970 3972 426
f 426 3974 3775
f 426 3775 3949
f 3775 3973 427
f 3775 3974 3973
f 3976 10290 3791
f 10290 3790 3791
f 3973 3976 427
f 3976 3977 3776
f 3976 3776 427
f 3977 3976 3791
f 3776 3977 428
f 10291 3977 3791
f 428 3978 3777
f 428 3777 10277
f 3979 3978 433
f 3777 3978 429
f 3980 3981 3982
f 3980 3954 429
f 3980 3982 3954
f 10293 3981 434
f 10294 3984 10281
f 3985 10294 3986
f 3984 10294 3985
f 3987 3779 1216
f 3988 3987 10212
f 3988 10295 3987
f 10295 3780 3958
f 10295 3989 3780
f 3781 3780 3991
f 3989 10296 3991
f 3783 3782 3993
f 3993 3782 3992
f 3783 10297 3962
f 10297 3784 3962
f 3785 3784 3994
f 3994 3801 435
f 3994 3784 3801
f 3785 10298 431
f 3785 3994 10298
f 3803 10298 3802
f 3996 3803 436
f 10298 3995 431
f 3786 3995 3997
f 3995 3786 431
f 3997 3996 436
f 3997 3995 3996
f 3786 3997 432
f 432 3804 3998
f 3804 3997 436
f 3998 10288 432
f 3998 3787 10288
f 3787 3999 3971
f 4000 3806 3999
f 3999 3806 4001
f 4001 3806 4002
f 3999 4001 3971
f 4001 3788 3971
f 4003 10299 4002
f 10299 4001 4002
f 3789 4003 3975
f 3807 3808 4003
f 3807 4003 4002
f 4003 4004 3975
f 4004 4005 3790
f 4006 4005 4004
f 4004 3790 3975
f 4006 3809 437
f 4006 4004 3809
f 3790 4005 3791
f 4007 4008 3792
f 4007 10291 3791
f 4007 3792 10291
f 3792 4008 433
f 10301 4008 3810
f 4009 4010 3793
f 4009 3979 433
f 4009 3793 3979
f 10302 4010 438
f 3793 4010 434
f 4011 10293 434
f 4013 4011 4012
f 4013 10303 3983
f 10303 4016 3983
f 4016 3986 3983
f 3778 4016 1250
f 1250 10304 1249
f 1249 3794 2114
f 4017 3795 87
f 10212 4017 3988
f 10212 3795 4017
f 3797 3796 4018
f 4018 3796 3816
f 3797 10306 3990
f 10306 3798 3990
f 3799 3798 4019
f 4019 3818 439
f 4019 3798 3818
f 3799 4020 3992
f 3801 3800 4021
f 4020 3800 3992
f 4021 10307 440
f 4021 3800 10307
f 3801 4021 435
f 3803 3802 4022
f 4022 3802 3819
f 3803 4022 436
f 436 10309 4023
f 10326 10309 3820
f 4023 10309 4024
f 4023 3804 436
f 3804 10310 3805
f 4026 10311 4025
f 4025 4000 3805
f 4025 10311 4000
f 4027 3822 4029
f 3822 4027 4028
f 4029 3822 3823
f 4027 3807 4002
f 4027 4029 3807
f 437 10314 4030
f 3824 10314 3823
f 4058 10314 3824
f 4030 4006 437
f 4030 10315 4006
f 4061 4031 3826
f 4032 4031 4033
f 4032 4033 3811
f 4032 10301 3810
f 3811 4033 438
f 3827 4033 441
f 4034 4035 3812
f 4034 10302 438
f 3812 4036 4012
f 3812 4035 4036
f 4036 4037 3813
f 4036 4014 4012
f 4038 4037 443
f 3813 10318 4015
f 3813 4037 10318
f 10318 3829 444
f 10318 10319 4015
f 10319 10304 4015
f 2114 4039 9596
f 86 4040 3814
f 3816 3815 4041
f 10320 3815 3814
f 4041 3815 3832
f 10321 4041 3832
f 10321 10337 445
f 3818 3817 4043
f 4042 3817 3816
f 4043 10321 445
f 4043 3817 10321
f 3818 4044 439
f 10322 3833 446
f 4046 10322 446
f 4046 4045 10322
f 440 4045 4046
f 446 10323 4046
f 10323 10339 447
f 3819 10324 4047
f 4047 10324 10323
f 3819 4047 3820
f 4050 4048 3834
f 4049 4050 4051
f 4051 4050 3835
f 4049 4026 4024
f 4052 3821 4053
f 4052 4053 4054
f 4054 4053 4086
f 4052 10327 4028
f 4052 4054 10327
f 10327 3822 4028
f 4055 4056 4057
f 4057 4056 3836
f 4055 3824 3823
f 4055 4057 3824
f 4060 10329 448
f 10328 10329 4058
f 10329 4060 3826
f 10330 4061 4060
f 4062 10330 3837
f 3837 10330 10348
f 441 4062 3827
f 10331 4063 442
f 3838 4062 3837
f 3838 4063 4062
f 4063 4064 442
f 4064 4065 3828
f 3828 4065 443
f 4097 10332 3839
f 443 4066 3829
f 10333 4066 449
f 3829 4066 444
f 10334 4068 2115
f 9597 4068 3830
f 9597 3830 2118
f 4068 9597 2115
f 4071 10335 4070
f 1199 4072 4071
f 1199 4071 4070
f 4072 1199 74
f 3832 10336 4073
f 4071 10336 3831
f 4072 10336 4071
f 4073 4072 74
f 5996 4074 1198
f 10337 10338 445
f 4076 10338 1197
f 1197 4075 5996
f 4076 1197 73
f 3833 4076 4077
f 4076 3833 445
f 4077 4076 73
f 3833 4078 446
f 4079 10339 4078
f 4080 10339 4079
f 10339 4080 447
f 4080 10340 447
f 10340 10341 447
f 4081 10341 10340
f 10341 4082 4083
f 10342 10957 71
f 10342 10343 4083
f 4084 1196 4085
f 4085 1196 70
f 4084 10344 3835
f 10344 4053 3835
f 4086 10345 4087
f 4087 5862 4088
f 4087 10346 4086
f 4089 1195 5849
f 1195 10347 3836
f 10347 4059 3836
f 4059 10347 10329
f 4090 5694 4091
f 4090 1194 5694
f 1194 4090 10348
f 4091 10348 4090
f 4092 5833 4094
f 4095 4096 3839
f 4097 4096 4098
f 4099 4100 449
f 4100 4101 4067
f 10353 10352 4102
f 3830 10354 2118
f 3830 10353 10354
f 1206 4105 4239
f 4105 1206 5682
f 1206 4239 5680
f 5686 4109 1205
f 4111 10356 1204
f 4111 1204 5689
f 1204 4245 5686
f 4115 10357 4258
f 10358 10984 5706
f 79 1203 10994
f 4143 10359 10407
f 77 1202 5734
f 1202 10416 4153
f 4168 5962 4361
f 4168 1201 5962
f 1201 4168 10433
f 4178 5762 4391
f 10486 10362 9289
f 4239 10355 5680
f 4239 10363 10355
f 10363 1248 4103
f 10364 4105 5682
f 4244 4243 4242
f 4242 4240 4106
f 4242 4243 4240
f 4243 1247 4104
f 10366 10356 450
f 10367 10366 450
f 10367 4246 4241
f 4248 4247 4246
f 4246 4247 4241
f 10365 4247 4244
f 10369 4107 451
f 10369 4249 4107
f 4107 4249 4108
f 4251 4111 4250
f 4250 4111 5689
f 4251 4117 452
f 4111 4251 450
f 10370 4251 452
f 4254 4253 4252
f 4252 10367 450
f 4252 4253 10367
f 4254 4119 453
f 4112 4253 4248
f 4256 4113 4255
f 4255 4113 4248
f 4256 10371 454
f 10372 4264 455
f 10372 4120 4264
f 451 10372 4110
f 451 4110 10369
f 4110 4257 2488
f 4257 2489 2488
f 4115 10374 4116
f 10374 4115 4258
f 4116 10374 4117
f 452 10375 4259
f 10375 10374 4258
f 4259 10370 452
f 4259 4118 10370
f 4122 4118 4259
f 4262 4261 4260
f 4260 4254 453
f 4260 4261 4254
f 4262 4123 456
f 10371 4261 454
f 4120 10377 4263
f 4265 4264 4263
f 10378 4125 4277
f 4264 10378 455
f 455 10378 10379
f 4114 10379 4266
f 10380 4266 10379
f 4266 2492 4114
f 4266 10380 2492
f 4267 10381 5860
f 4269 4268 10381
f 10381 4267 4127
f 10357 4268 4258
f 4270 10383 4121
f 4121 10383 10375
f 4270 4121 4284
f 4273 4272 4271
f 4271 10376 4122
f 4271 4272 10376
f 4273 4129 458
f 4273 4271 4129
f 4123 4272 456
f 10385 4130 459
f 4275 4124 4274
f 4274 4124 456
f 4275 10385 459
f 4125 4131 4276
f 4275 4131 4124
f 10396 10386 4132
f 10386 4277 4276
f 4277 10386 457
f 10387 4133 4279
f 4133 10387 10386
f 10388 10387 4279
f 4278 10388 2493
f 10358 10389 4127
f 4283 4282 4135
f 4135 4281 4134
f 4135 4282 4281
f 4283 4302 4285
f 4282 4128 4269
f 10391 4136 4288
f 10390 10391 4284
f 4288 4287 4286
f 4286 4287 4270
f 4288 4286 10391
f 4129 4287 458
f 10392 4137 461
f 4290 4130 4289
f 4289 4130 458
f 4290 10392 461
f 4290 4289 10392
f 4139 10393 4138
f 10393 4139 462
f 4291 10393 462
f 4291 10394 10393
f 462 10395 4291
f 4293 4132 10395
f 4140 4294 4292
f 4140 4292 4293
f 4292 4294 4279
f 4295 10397 4296
f 4296 10398 4295
f 4295 1245 4126
f 79 10399 1203
f 4300 4299 4144
f 4144 4298 4143
f 4144 4299 4298
f 4300 10408 463
f 4300 4144 10408
f 4300 4301 4299
f 4302 10400 4303
f 4303 10409 4305
f 4303 10400 10409
f 4304 10401 4305
f 4136 4304 4288
f 4307 4304 4145
f 4304 4306 4288
f 4308 4137 4306
f 4306 4137 4288
f 4308 4306 4307
f 4137 4308 461
f 4147 10402 4146
f 4309 4147 464
f 4310 4139 4309
f 4310 4309 464
f 4139 4311 462
f 4139 4310 4311
f 4149 4312 4148
f 4148 4310 464
f 4150 4315 4313
f 4150 4313 4314
f 4315 4150 465
f 4313 4140 4293
f 4313 4315 4140
f 10404 4315 465
f 4151 4317 4316
f 4151 10404 465
f 4151 4316 10404
f 4316 4317 4296
f 10406 1244 2497
f 4320 4319 4154
f 4154 4319 4153
f 4320 4342 4322
f 4320 4154 4342
f 10408 4321 463
f 4323 4321 4155
f 4155 4321 4322
f 4323 4155 4156
f 4321 4323 463
f 4323 10409 463
f 10409 10400 463
f 4324 4323 4156
f 10409 4325 4305
f 4326 4325 4157
f 4157 4324 4156
f 4157 4325 4324
f 4326 4157 4158
f 4327 4326 4158
f 4145 10410 4307
f 4145 4327 10410
f 4328 10410 4159
f 4159 4327 4158
f 4328 4159 4160
f 10410 4146 4307
f 10410 4328 4146
f 4329 4147 4328
f 4329 4328 4160
f 4147 4329 464
f 4162 4330 4161
f 4161 4329 4160
f 4148 10411 4149
f 4163 4334 4331
f 4163 4331 4332
f 4331 4333 4314
f 4331 4334 4333
f 4333 4150 4314
f 10412 4334 466
f 4150 10412 465
f 10412 10413 465
f 4336 10413 4164
f 4164 10412 466
f 4164 10413 10412
f 4336 4164 4165
f 4151 4335 4317
f 4166 4336 4165
f 10414 4141 4318
f 10414 4337 4141
f 10415 4337 4338
f 10415 1243 2500
f 10416 4340 4153
f 4340 10416 10417
f 4169 10417 4339
f 10418 10417 4341
f 10417 4169 4364
f 4342 10419 4322
f 4341 10419 4342
f 4346 4345 4347
f 468 4345 4344
f 4347 4171 4349
f 4347 10421 4346
f 4350 4172 469
f 4348 10422 4158
f 4348 4350 10422
f 4160 10422 4351
f 10422 4159 4158
f 4351 4350 469
f 10423 4173 470
f 4160 10423 4352
f 4352 4161 4160
f 10424 10423 470
f 4161 10424 4162
f 470 10425 4353
f 470 4353 10424
f 10425 4174 471
f 4353 10426 4332
f 10426 4163 4332
f 4354 10425 471
f 4354 10426 10425
f 471 10427 4354
f 4354 10427 466
f 4355 10428 10427
f 10429 4355 472
f 10429 4356 4355
f 4357 10429 4358
f 4356 4357 4165
f 4357 4166 4165
f 4167 4359 467
f 4166 4359 4167
f 467 4360 10431
f 10431 4152 4338
f 10432 4360 474
f 4152 10431 2501
f 4361 10433 4168
f 4179 10434 4362
f 4362 10434 10433
f 10434 4363 4169
f 4182 10435 4181
f 4363 10435 4364
f 10435 4365 4343
f 4343 4365 4170
f 4170 4365 4366
f 4366 4365 4367
f 4170 4366 468
f 4368 10436 4369
f 4366 4368 468
f 4171 4368 4370
f 4368 4171 468
f 4171 4370 4349
f 4371 10437 4372
f 4370 4371 4349
f 4172 4371 4373
f 4371 4172 4349
f 4172 4373 469
f 4373 10438 4374
f 10438 4372 476
f 10438 4373 4372
f 4374 4186 4376
f 4373 10439 469
f 4373 4374 10439
f 10439 4173 469
f 4173 4375 470
f 4187 4375 4376
f 4375 4377 470
f 4377 4379 4174
f 4377 4174 470
f 4379 4377 4188
f 4174 4378 471
f 4174 4379 4378
f 4189 4379 4188
f 4380 10440 4190
f 10440 4189 4190
f 4378 4380 471
f 4380 4381 4175
f 4380 4175 471
f 4381 4380 4190
f 4175 4381 472
f 10441 4381 4190
f 472 4382 4176
f 472 4176 10429
f 4383 4382 477
f 4176 4382 473
f 4384 4385 4386
f 4384 4358 473
f 4384 4386 4358
f 10443 4385 478
f 10444 4388 10432
f 4389 10444 4390
f 4388 10444 4389
f 4394 10456 480
f 4393 4179 4362
f 4393 4394 4179
f 10446 4394 480
f 4180 4179 4395
f 4395 4181 4180
f 4182 4181 4397
f 4397 4181 4396
f 4182 10448 4367
f 10448 4183 4367
f 4184 4183 4398
f 4398 4200 481
f 4398 4183 4200
f 4184 10449 475
f 4184 4398 10449
f 4202 10449 4201
f 4400 4202 482
f 10449 4399 475
f 4185 4399 4401
f 4399 4185 475
f 4401 4400 482
f 4401 4399 4400
f 4185 4401 476
f 476 4203 4402
f 4203 4401 482
f 4402 10438 476
f 4402 4186 10438
f 4186 4403 4376
f 4404 4205 4403
f 4403 4205 4405
f 4405 4205 4406
f 4403 4405 4376
f 4405 4187 4376
f 4407 10450 4406
f 10450 4405 4406
f 4206 4207 4407
f 4206 4407 4406
f 4407 4408 4188
f 4408 4409 4189
f 4410 4409 4408
f 4408 4189 4188
f 4410 4208 483
f 4410 4408 4208
f 4189 4409 4190
f 4411 4412 4191
f 4411 10441 4190
f 4411 4191 10441
f 4191 4412 477
f 10452 4412 4209
f 4413 4414 4192
f 4413 4383 477
f 4413 4192 4383
f 10453 4414 484
f 4192 4414 478
f 4415 10443 478
f 4417 4415 4416
f 4417 10454 4387
f 10454 4420 4387
f 4420 4390 4387
f 4177 4420 1241
f 1241 10455 1240
f 1240 4193 2509
f 4421 4194 76
f 4195 4194 479
f 479 4421 4422
f 4422 4215 4423
f 4423 10457 10456
f 4198 4197 4424
f 4424 4217 485
f 4424 4197 4217
f 4198 4425 4396
f 4200 4199 4426
f 4425 4199 4396
f 4426 10458 486
f 4426 4199 10458
f 4200 4426 481
f 4202 4201 4428
f 4428 4201 4427
f 4202 4428 482
f 482 10460 4429
f 10476 10460 4219
f 4429 10460 4430
f 4429 4203 482
f 4203 10461 4204
f 4432 10462 4431
f 4431 4404 4204
f 4431 10462 4404
f 10463 10462 487
f 4433 4221 4434
f 4221 10463 487
f 4221 4433 10463
f 4434 4221 4222
f 4433 4206 4406
f 4433 4434 4206
f 483 10465 4435
f 4223 10465 4222
f 4460 10465 4223
f 4435 4410 483
f 4435 10466 4410
f 4463 4436 4225
f 4437 4436 4438
f 4437 4438 4210
f 4437 10452 4209
f 4210 4438 484
f 4465 10467 4226
f 4439 4440 4211
f 4439 10453 484
f 10468 4440 489
f 4211 4441 4416
f 4211 4440 4441
f 4441 4442 4212
f 4441 4418 4416
f 4443 4442 490
f 4212 10469 4419
f 4212 4442 10469
f 10469 4228 491
f 10469 10470 4419
f 10470 10455 4419
f 2509 4444 9749
f 75 4445 4213
f 4215 4214 4446
f 10471 4214 4213
f 4446 4214 4230
f 4215 4447 4423
f 10472 4446 4230
f 10472 10488 492
f 4217 4216 4448
f 4447 4216 4423
f 4448 10472 492
f 4448 4216 10472
f 4217 10473 485
f 4450 4477 493
f 486 4451 4218
f 4451 486 10474
f 4218 4219 4427
f 4218 4451 4219
f 4454 4452 4233
f 4453 4454 4455
f 4455 4485 494
f 4455 4454 4485
f 4453 4432 4430
f 4220 10477 487
f 487 10477 4456
f 4456 4234 495
f 487 4456 10478
f 10478 4221 487
f 4457 4458 4459
f 4459 4458 4235
f 4457 4223 4222
f 4457 4459 4223
f 4462 10480 496
f 10479 10480 4460
f 10480 4462 4225
f 10481 4463 4462
f 4464 10481 4236
f 4236 10481 10500
f 488 4464 4226
f 10482 4464 4236
f 10482 4465 4464
f 4237 10482 4493
f 4466 4467 4227
f 4466 10468 489
f 4227 4467 490
f 490 4468 4228
f 10484 4468 497
f 4228 4468 491
f 10485 4470 2510
f 9750 4470 4229
f 9750 4229 2513
f 4470 9750 2510
f 4471 10486 4472
f 4472 1053 62
f 6425 4473 1184
f 4471 4473 10487
f 4230 10487 4474
f 6397 4475 1183
f 10488 10489 492
f 4478 10489 1182
f 1182 4476 6397
f 4479 4477 4478
f 4477 4480 493
f 4481 10490 4480
f 4482 10490 4481
f 10490 4482 10491
f 10491 4232 4231
f 4483 10492 60
f 4233 4232 10492
f 10492 4483 4484
f 10493 11109 59
f 10493 10494 4484
f 10495 6277 58
f 494 4234 10477
f 4234 10496 495
f 495 10497 4487
f 4487 6260 4488
f 4487 10498 495
f 4489 1180 6246
f 1180 10499 4235
f 10499 4461 4235
f 4461 10499 10480
f 4490 6094 4491
f 4490 1179 6094
f 1179 4490 10500
f 4491 10500 4490
f 4492 6231 1178
f 4493 4492 1178
f 4237 4493 10502
f 10502 4495 4237
f 10502 4494 4495
f 4495 4494 4496
f 4497 10503 4498
f 497 4497 4238
f 4238 4499 4469
f 4238 4497 4499
f 10505 10504 4500
f 4229 10506 2513
f 4229 10505 10506
f 1191 4504 4633
f 4504 1191 6084
f 1191 4633 69
f 6087 4508 1190
f 68 10508 1189
f 1189 4637 6087
f 10510 11137 6105
f 10511 6113 67
f 4543 6122 66
f 65 1188 6133
f 1188 10570 4553
f 4565 6365 4748
f 4565 1187 6365
f 1187 4565 10586
f 4578 6158 1186
f 10516 6210 4861
f 4633 10517 69
f 10517 1239 4501
f 10518 4504 6084
f 4503 4502 4636
f 4502 4634 4505
f 10520 10508 498
f 10521 10520 498
f 10521 4638 4635
f 4640 4639 4638
f 4638 4639 4635
f 10519 4639 4636
f 10523 4506 499
f 10523 4641 4506
f 4506 4641 4507
f 4642 4510 68
f 4510 4516 500
f 4517 4510 500
f 4645 4644 4643
f 4643 10521 498
f 4643 4644 10521
f 4645 10524 501
f 4511 4644 4640
f 4647 4512 4646
f 4646 4512 4640
f 4647 10525 502
f 10526 4654 503
f 10526 4519 4654
f 499 10526 4509
f 499 4509 10523
f 4509 4648 2884
f 4648 2885 2884
f 4514 10528 4515
f 10528 4514 10509
f 4515 10528 4516
f 4652 4651 4650
f 4650 4645 501
f 4650 4651 4645
f 4652 4521 505
f 10525 4651 502
f 4519 10531 4653
f 4655 4654 4653
f 10532 4523 4667
f 4654 10532 503
f 503 10532 10533
f 4513 10533 4656
f 10534 4656 10533
f 4656 2888 4513
f 4656 10534 2888
f 4657 10535 6258
f 4659 4658 10535
f 10535 4657 4525
f 10509 4658 4649
f 504 4520 4660
f 4660 4675 507
f 4660 4520 4675
f 4520 504 10529
f 4664 4663 4661
f 4661 10530 504
f 4661 4663 10530
f 4664 4661 4662
f 4521 4663 505
f 10538 4528 508
f 4666 4522 4665
f 4665 4522 505
f 4666 10538 508
f 4666 4529 4522
f 4655 4529 4523
f 4668 506 4667
f 10540 4531 4670
f 4531 10540 10539
f 10541 10540 4670
f 4669 10541 2889
f 10510 10542 4525
f 4674 4673 4533
f 4533 4672 4532
f 4533 4673 4672
f 4674 4693 509
f 4673 4526 4659
f 4677 10544 4534
f 4534 10544 509
f 10543 10544 4675
f 4678 4527 4676
f 4676 4527 507
f 4678 4676 4677
f 4535 4678 4677
f 10545 4536 510
f 4678 10545 4527
f 4680 4528 4679
f 4679 4664 4662
f 4679 4528 4664
f 4680 10545 510
f 4680 4679 10545
f 4682 10547 4538
f 4539 10548 4681
f 4539 4681 4682
f 4684 10548 511
f 4683 10548 4684
f 4681 4683 4530
f 4683 4668 4530
f 4683 10549 4668
f 4540 4686 4685
f 4540 4684 511
f 4540 4685 4684
f 4685 4686 4670
f 4687 10550 4688
f 4688 10551 4687
f 4687 2892 4524
f 4691 4690 4544
f 4544 4690 4689
f 4691 10561 512
f 4691 4544 10561
f 4691 4692 4690
f 4693 10553 4694
f 4694 10562 4696
f 4694 10553 10562
f 4695 10554 4696
f 4534 4695 4677
f 4698 4695 4545
f 4695 4697 4677
f 4699 4536 4697
f 4697 4535 4677
f 4697 4536 4535
f 4699 4697 4698
f 4536 4699 510
f 4546 4699 4698
f 4700 4547 513
f 4699 10555 510
f 10555 4700 510
f 4701 4537 4700
f 4538 4537 4701
f 4700 4537 510
f 4701 4700 513
f 4538 4702 4682
f 4538 4701 4702
f 4549 4702 4548
f 4548 4701 513
f 4702 4539 4682
f 4550 4705 4703
f 4550 4703 4704
f 4705 4550 514
f 4703 4705 511
f 10557 4705 514
f 4551 4707 4706
f 4551 10557 514
f 4551 4706 10557
f 4706 4707 4688
f 10558 4707 515
f 4542 10559 4541
f 4541 10558 515
f 10559 1235 2893
f 4543 10560 10512
f 4709 4708 4554
f 4554 4708 4553
f 4709 4554 4730
f 10561 4710 512
f 4711 4710 4555
f 4555 4709 4730
f 4555 4710 4709
f 4711 4555 4556
f 4710 4711 512
f 4711 10562 512
f 10562 10553 512
f 4712 4711 4556
f 10562 4713 4696
f 4714 4713 4557
f 4557 4712 4556
f 4557 4713 4712
f 4714 4557 4558
f 10563 4714 4558
f 4545 10564 4698
f 4545 10563 10564
f 4716 10564 4559
f 4559 10563 4558
f 4716 4559 4737
f 10564 4715 4698
f 4717 4547 4715
f 4715 4546 4698
f 4715 4547 4546
f 4717 4715 4716
f 4547 4717 513
f 4560 4717 4716
f 4718 10578 4720
f 4718 4560 10578
f 4548 10565 4549
f 4561 4722 4719
f 4561 4719 4720
f 4719 4721 4704
f 4719 4722 4721
f 4721 4550 4704
f 10566 4722 516
f 4550 10566 514
f 10566 10567 514
f 4563 10567 4562
f 4562 10566 516
f 4562 10567 10566
f 4551 4723 4707
f 4564 4725 4724
f 4564 4563 517
f 4724 4725 515
f 10569 10568 4726
f 10569 1234 2896
f 10570 4728 4553
f 4728 10570 10571
f 4567 4727 4566
f 4729 4567 519
f 4729 10572 4567
f 10573 4568 4569
f 10573 10574 4730
f 4732 4731 4570
f 4570 4731 4569
f 4732 4570 4571
f 4732 10575 4731
f 4734 4732 4571
f 4735 4733 4736
f 4736 4572 520
f 4735 4559 4558
f 4739 10577 4740
f 4737 4739 4716
f 4740 10578 4739
f 4739 4560 4716
f 10578 4741 4720
f 4574 10579 4741
f 4574 4741 4740
f 10579 4763 521
f 10579 4574 4763
f 4741 4742 4720
f 4742 4561 4720
f 4743 10579 521
f 4743 4742 10579
f 521 4744 4743
f 4744 4575 522
f 4744 10580 516
f 4745 4744 522
f 10581 4745 522
f 10582 10581 4746
f 4725 4747 518
f 10584 4552 4726
f 10585 10584 524
f 92 10584 10585
f 4748 10586 4565
f 4579 10587 4749
f 4749 10587 10586
f 10587 4750 4566
f 4582 4752 4581
f 4580 4752 4750
f 4751 4568 519
f 4751 4752 4568
f 4568 4754 4569
f 4571 10590 4755
f 4755 10590 4756
f 4585 10591 4756
f 10591 4755 4756
f 4758 4585 525
f 4755 4757 4571
f 4572 4757 4759
f 4757 4734 4571
f 4757 4572 4734
f 4759 4758 525
f 4759 4757 4758
f 4572 4759 520
f 520 10592 4760
f 10592 4759 525
f 4760 4586 526
f 520 10593 4573
f 520 4573 4738
f 10593 4760 526
f 4573 4761 4740
f 4587 10593 526
f 4587 4761 10593
f 4761 4762 4740
f 4762 4764 4574
f 4762 4574 4740
f 4764 4588 527
f 4764 4762 4588
f 4589 4764 527
f 4764 10594 4763
f 4765 4767 4575
f 4765 4575 521
f 4767 4765 4766
f 4575 4767 522
f 10595 4767 4766
f 522 4768 4576
f 522 4576 10581
f 4769 4768 528
f 4576 4768 523
f 4771 4772 4770
f 4770 4746 523
f 4770 4772 4746
f 4772 4771 10597
f 10598 4774 10585
f 4775 10598 4776
f 4774 10598 4775
f 4777 4578 1186
f 4778 4777 10514
f 4778 10599 4777
f 10599 4579 4749
f 10599 4779 4579
f 4580 4579 4781
f 4779 10600 4781
f 4582 4581 4783
f 4783 4581 4782
f 4582 10601 4753
f 10601 4583 4753
f 4584 4583 4785
f 4785 4583 4784
f 4584 10602 4756
f 4584 4785 10602
f 10602 4786 4756
f 4585 4786 4787
f 4786 4585 4756
f 4787 4786 4601
f 4585 4787 525
f 525 4602 4788
f 4602 4787 4601
f 4788 10592 525
f 4788 4586 10592
f 4586 4789 526
f 4789 4790 4791
f 4791 4604 529
f 4791 4790 4604
f 4789 4791 526
f 4792 10603 4793
f 4588 4792 527
f 4792 4793 4794
f 4794 10618 4796
f 4794 4793 10618
f 4792 4794 527
f 527 10604 4589
f 10604 10605 4795
f 4797 4798 4590
f 4797 10595 4766
f 4797 4590 10595
f 4590 4798 528
f 10606 4798 4822
f 4799 4800 4591
f 4799 4769 528
f 4799 4591 4769
f 4801 4800 530
f 4591 10607 4771
f 4591 4800 10607
f 4803 4806 4773
f 4806 4776 4773
f 4577 4806 1232
f 1232 10609 1231
f 1231 4592 2905
f 4807 4593 64
f 10514 4807 4778
f 10514 4593 4807
f 4595 4594 4808
f 4808 4594 4611
f 4595 10611 4780
f 10611 4596 4780
f 4597 4596 4809
f 4809 4613 531
f 4809 4596 4613
f 4597 4810 4782
f 4599 4598 4811
f 4810 4598 4782
f 4811 10612 532
f 4811 4598 10612
f 4599 4812 4784
f 4599 4811 4812
f 4601 4600 4814
f 4812 4600 4784
f 4814 4600 4813
f 4601 4814 10614
f 10630 10614 4615
f 10614 4815 4601
f 4815 4602 4601
f 4602 10615 4603
f 4817 10616 4816
f 4816 10617 4603
f 4816 10616 10617
f 10617 4790 4603
f 4819 10617 4818
f 10617 10616 4818
f 4604 4819 529
f 4819 4618 4820
f 4618 4819 4818
f 4820 4847 533
f 4820 4618 4847
f 4819 4820 529
f 10618 4821 4796
f 10618 10619 4821
f 4821 4619 10620
f 4821 4605 4796
f 4853 4823 4620
f 4824 4823 4825
f 4824 4825 4606
f 4824 10606 4822
f 4606 4825 530
f 4855 10621 4621
f 4826 4827 4607
f 4826 4801 530
f 4607 4828 4802
f 4607 4827 4828
f 10622 4827 535
f 4828 4829 4608
f 4828 10608 4802
f 4830 4829 536
f 4608 10623 4805
f 4608 4829 10623
f 10623 4623 537
f 10623 10624 4805
f 10624 10609 4805
f 2905 4831 9898
f 63 4832 4609
f 4611 4610 4834
f 10625 4610 4609
f 4834 4610 4625
f 10626 4834 4625
f 10626 10641 538
f 4613 4612 4836
f 4835 4612 4611
f 4836 10626 538
f 4836 4612 10626
f 4613 10627 531
f 4838 4867 539
f 532 4839 4614
f 4839 532 10628
f 4614 4615 4813
f 4614 4839 4615
f 4842 4840 4628
f 4841 4842 4843
f 4843 4875 540
f 4843 4842 4875
f 4841 4817 4616
f 4844 4617 4845
f 4844 4845 4846
f 4846 4877 541
f 4846 4845 4877
f 4844 10631 4818
f 4844 4846 10631
f 10631 4618 4818
f 4847 4848 4849
f 4849 4848 4629
f 4847 4849 533
f 533 4850 10619
f 4852 10633 542
f 10632 10633 4850
f 10633 4852 4620
f 10634 4853 4852
f 4854 10634 4630
f 4630 10634 10652
f 534 4854 4621
f 10635 4854 4630
f 10635 4855 4854
f 4631 10635 4883
f 4856 4857 4622
f 4856 10622 535
f 4622 4857 536
f 536 4858 4623
f 10637 4858 543
f 4623 4858 537
f 10638 4860 2906
f 9899 4860 4624
f 9899 4624 2909
f 4860 9899 2906
f 4862 9288 51
f 4862 10639 9288
f 10639 4862 4833
f 1167 4863 4862
f 1167 4862 51
f 4863 1167 50
f 4625 10640 4864
f 4862 10640 4833
f 4863 10640 4862
f 4864 4863 50
f 6797 4865 1166
f 10641 10642 538
f 4868 10642 1165
f 1165 4866 6797
f 4869 4867 4868
f 4867 4870 539
f 4871 10643 4870
f 4872 10643 4871
f 10643 4872 10644
f 10644 4627 4626
f 4873 10645 48
f 4628 4627 10645
f 10645 4873 4874
f 10646 11257 47
f 10646 10647 4874
f 6676 10648 1164
f 1163 6657 4878
f 541 10649 10650
f 4879 1162 6644
f 1162 10651 4629
f 10651 4851 4629
f 4851 10651 10633
f 4880 6499 4881
f 4880 1161 6499
f 1161 4880 10652
f 4881 10652 4880
f 4882 6630 1160
f 4883 4882 1160
f 4631 4883 10654
f 10654 4885 4631
f 10654 4884 4885
f 4885 4884 4886
f 4887 10655 4888
f 543 4887 4632
f 4632 4889 4859
f 4632 4887 4889
f 10657 10656 4890
f 4624 10658 2909
f 4624 10657 10658
f 1057 10658 4890
f 9292 4891 3281
f 1057 4891 9292
f 11262 10659 57
f 6492 4897 1175
f 56 10660 1174
f 1174 5030 6492
f 10662 11286 6510
f 10663 1173 6518
f 1172 6528 55
f 4932 5081 10709
f 54 1171 6538
f 1171 10719 4942
f 4952 6764 5144
f 4952 1170 6764
f 1170 4952 10735
f 4964 6562 1169
f 10788 10667 5254
f 4894 10668 10659
f 4891 10668 3281
f 10668 1230 3281
f 5028 5027 5026
f 5026 5027 6488
f 5028 4897 544
f 4893 4892 5029
f 10670 10660 545
f 10671 10670 545
f 5032 5031 544
f 544 5031 5028
f 10669 5031 5029
f 10673 4895 546
f 10673 5033 4895
f 4895 5033 4896
f 5034 4899 56
f 4899 4905 547
f 4906 4899 547
f 5037 5036 5035
f 5035 10671 545
f 5035 5036 10671
f 5037 10674 548
f 4900 5036 5032
f 5039 4901 5038
f 5038 4901 5032
f 5039 10675 549
f 10676 5046 550
f 10676 4908 5046
f 546 10676 4898
f 546 4898 10673
f 4898 5040 3286
f 5040 3287 3286
f 4903 10678 4904
f 10678 4903 10661
f 4904 10678 4905
f 5044 5043 5042
f 5042 5037 548
f 5042 5043 5037
f 5044 4910 552
f 10675 5043 549
f 4908 10681 5045
f 5047 5046 5045
f 10682 4912 5058
f 5046 10682 550
f 550 10682 10683
f 4902 10683 5048
f 10684 5048 10683
f 5048 3290 4902
f 5048 10684 3290
f 5049 10685 6655
f 5051 5050 10685
f 10685 5049 4914
f 10661 5050 5041
f 551 4909 5052
f 5052 5066 554
f 5052 4909 5066
f 4909 551 10679
f 5055 5054 5053
f 5053 10680 551
f 5053 5054 10680
f 5055 4916 555
f 5055 5053 4916
f 4910 5054 552
f 10688 4917 556
f 5057 4911 5056
f 5056 4911 552
f 5057 10688 556
f 5057 4918 4911
f 5047 4918 4912
f 5059 553 5058
f 10690 4920 5061
f 4920 10690 10689
f 10691 10690 5061
f 5060 10691 3291
f 10662 10692 4914
f 5065 5064 4923
f 4923 5063 4922
f 4923 5064 5063
f 5065 5086 5067
f 5064 4915 5051
f 10694 4924 5070
f 10693 10694 5066
f 5070 5069 5068
f 5068 5069 554
f 5070 5068 10694
f 4916 5069 555
f 10695 4925 557
f 5072 4917 5071
f 5071 4917 555
f 5072 10695 557
f 5072 5071 10695
f 5074 10697 4927
f 4928 10698 5073
f 4928 5073 5074
f 5073 5075 4919
f 5075 5059 4919
f 5075 10699 5059
f 5077 5075 10698
f 4929 5078 5076
f 4929 5076 5077
f 5076 5078 5061
f 5079 10700 5080
f 5080 4921 5079
f 5079 3293 4913
f 5079 4921 3293
f 5084 5083 4933
f 4933 5082 4932
f 4933 5083 5082
f 5084 10710 558
f 5084 4933 10710
f 5084 5085 5083
f 5086 10702 5087
f 5087 5108 5089
f 5087 10702 5108
f 5088 10703 5089
f 4924 5088 5070
f 5091 5088 4934
f 5088 5090 5070
f 5092 4925 5090
f 5090 4925 5070
f 5092 5090 5091
f 4925 5092 557
f 4935 5092 5091
f 5093 4936 559
f 5092 10704 557
f 10704 5093 557
f 5094 4926 5093
f 4927 4926 5094
f 5093 4926 557
f 5094 5093 559
f 4927 5095 5074
f 4927 5094 5095
f 4938 5095 4937
f 4937 5094 559
f 5095 4928 5074
f 4939 5098 5096
f 4939 5096 5097
f 5098 4939 560
f 5096 4929 5077
f 5096 5098 4929
f 10706 5098 560
f 4940 5100 5099
f 4940 10706 560
f 4940 5099 10706
f 5099 5100 5080
f 10708 1227 3294
f 5103 5102 4943
f 4943 5102 4942
f 5103 5125 5105
f 5103 4943 5125
f 10710 5104 558
f 5106 5104 4944
f 4944 5104 5105
f 5106 10723 561
f 5106 4944 10723
f 5104 5106 558
f 5109 5107 4945
f 5108 5107 5109
f 4945 5107 561
f 5109 4945 562
f 10712 5109 562
f 4934 10713 5091
f 4934 10712 10713
f 5111 10713 4946
f 4946 10712 562
f 5111 4946 10725
f 10713 5110 5091
f 5112 4936 5110
f 5110 4935 5091
f 5110 4936 4935
f 5112 5110 5111
f 4936 5112 559
f 4947 5112 5111
f 5113 10727 5115
f 5113 4947 10727
f 4937 10714 4938
f 4948 5117 5114
f 4948 5114 5115
f 5114 5116 5097
f 5114 5117 5116
f 5116 4939 5097
f 10715 5117 563
f 4939 10715 560
f 10715 10716 560
f 4950 10716 4949
f 4949 10715 563
f 4949 10716 10715
f 4940 5118 5100
f 4951 5120 5119
f 4951 4950 564
f 5119 4930 5101
f 5119 5120 4930
f 10718 10717 5121
f 10718 1226 3297
f 10719 5123 4942
f 5123 10719 10720
f 4953 10720 5122
f 10721 10720 5124
f 10720 4953 5147
f 10722 4954 4955
f 5125 10722 5105
f 5124 10722 5125
f 10723 5127 561
f 5128 5127 4956
f 4956 5127 4955
f 5128 4956 4957
f 5127 5128 561
f 5128 10724 561
f 10724 4945 561
f 5130 5128 4957
f 562 5129 5131
f 5131 4958 566
f 5131 10725 562
f 5133 5131 566
f 10725 5132 5111
f 4959 10726 5132
f 4959 5133 566
f 4959 5132 5133
f 5132 5134 5111
f 5136 10727 5134
f 5134 4947 5111
f 5136 5134 10726
f 10727 5135 5115
f 5136 10728 5135
f 10728 4960 567
f 5135 5137 5115
f 5137 4948 5115
f 5138 10728 567
f 5138 5137 10728
f 567 5139 5138
f 5139 4961 568
f 5139 10729 563
f 5140 5139 568
f 10730 5140 568
f 10731 10730 5141
f 5120 5142 565
f 565 5143 10733
f 10733 4941 5121
f 10734 5143 570
f 4941 10733 3298
f 5144 10735 4952
f 4965 10736 5145
f 5145 10736 10735
f 10736 5146 4953
f 4968 10737 4967
f 5146 10737 5147
f 10737 5148 4954
f 5149 5148 5150
f 4954 5149 4955
f 5149 10738 4955
f 4957 10739 5151
f 5151 10739 5152
f 4971 10740 5152
f 10740 5151 5152
f 5154 4971 571
f 5151 5153 4957
f 4958 5153 5155
f 5153 5130 4957
f 5153 4958 5130
f 5155 5154 571
f 5155 5153 5154
f 4958 5155 566
f 566 10741 5156
f 10741 5155 571
f 5156 4972 572
f 566 5156 4959
f 5158 5156 572
f 5158 4973 5157
f 5157 5159 5136
f 5159 5161 4960
f 5159 4960 5136
f 5161 5159 4974
f 4960 5160 567
f 4960 5161 5160
f 4975 5161 4974
f 5162 10743 4976
f 10743 4975 4976
f 5160 5162 567
f 5162 5163 4961
f 5162 4961 567
f 5163 5162 4976
f 4961 5163 568
f 10744 5163 4976
f 568 5164 4962
f 568 4962 10730
f 5165 5164 573
f 4962 5164 569
f 5166 5167 5168
f 5166 5141 569
f 5166 5168 5141
f 10746 5167 574
f 10747 5170 10734
f 5171 10747 5172
f 5170 10747 5171
f 5173 4964 1169
f 5174 5173 10665
f 5174 10748 5173
f 10748 4965 5145
f 10748 5175 4965
f 4966 4965 5177
f 5175 10749 5177
f 4968 4967 5179
f 5179 4967 5178
f 4968 10750 5150
f 10750 4969 5150
f 4970 4969 5181
f 5181 4969 5180
f 4970 10751 5152
f 4970 5181 10751
f 10751 5182 5152
f 4971 5182 5183
f 5182 4971 5152
f 5183 5182 4988
f 4971 5183 571
f 571 4989 5184
f 4989 5183 4988
f 5184 10741 571
f 5184 4972 10741
f 4972 5185 572
f 5185 5186 5187
f 5187 4991 575
f 5187 5186 4991
f 5185 5187 572
f 5188 10752 5189
f 5189 4992 5188
f 5188 5190 4974
f 5190 5191 4975
f 5192 5191 5190
f 5190 4975 4974
f 5192 4993 576
f 5192 5190 4993
f 4975 5191 4976
f 5193 5194 4977
f 5193 10744 4976
f 5193 4977 10744
f 4977 5194 573
f 10754 5194 4994
f 5195 5196 4978
f 5195 5165 573
f 5195 4978 5165
f 10755 5196 577
f 4978 5196 574
f 5197 10746 574
f 5199 5197 5198
f 5199 10756 5169
f 10756 5202 5169
f 5202 5172 5169
f 4963 5202 1224
f 1224 10757 1223
f 1223 4979 3306
f 5203 4980 53
f 10665 5203 5174
f 10665 4980 5203
f 4982 4981 5204
f 5204 4981 5001
f 4982 10759 5176
f 4984 4983 5205
f 10759 4983 5176
f 5205 5003 578
f 5205 4983 5003
f 4984 5206 5178
f 4986 4985 5207
f 5206 4985 5178
f 5207 10760 579
f 5207 4985 10760
f 4986 5208 5180
f 4986 5207 5208
f 4988 4987 5209
f 5208 4987 5180
f 5209 4987 5004
f 4988 5209 10762
f 10779 10762 5005
f 10762 5210 4988
f 5210 4989 4988
f 4989 10763 4990
f 5212 10764 5211
f 5211 10765 4990
f 5211 10764 10765
f 10765 5186 4990
f 5214 10765 5213
f 10765 10764 5213
f 4991 5214 575
f 5214 5008 5215
f 5008 5214 5213
f 5215 5008 5009
f 5214 5215 575
f 576 10767 5216
f 5010 10767 5009
f 5244 10767 5010
f 5216 5192 576
f 5216 10768 5192
f 5247 5217 5012
f 5218 5217 5219
f 5218 5219 4995
f 5218 10754 4994
f 4995 5219 577
f 5249 10769 5013
f 5220 5221 4996
f 5220 10755 577
f 4996 5222 5198
f 4996 5221 5222
f 10770 5221 581
f 5222 5223 4997
f 5222 5200 5198
f 5224 5223 582
f 4997 10771 5201
f 4997 5223 10771
f 10771 5015 583
f 10771 10772 5201
f 10772 10757 5201
f 3306 5225 10051
f 52 5226 4999
f 5226 5017 584
f 5001 5000 5227
f 10773 5000 4999
f 5227 5000 5018
f 10774 5227 5018
f 10774 10790 585
f 5003 5002 5229
f 5228 5002 5001
f 5229 10774 585
f 5229 5002 10774
f 5003 5230 578
f 10775 5259 586
f 5232 10775 586
f 5232 5231 10775
f 579 5231 5232
f 586 10776 5232
f 10776 10792 587
f 5004 10777 5233
f 5233 10777 10776
f 5004 5233 5005
f 5236 5234 5020
f 5235 5236 5237
f 5237 5236 5021
f 5235 5212 5006
f 5238 5007 5239
f 5238 5239 5240
f 5240 5239 5269
f 5238 10780 5213
f 5238 5240 10780
f 10780 5008 5213
f 5241 5242 5243
f 5243 5242 5022
f 5241 5010 5009
f 5241 5243 5010
f 5246 10782 588
f 10781 10782 5244
f 10782 5246 5012
f 10783 5247 5246
f 5248 10783 5023
f 5023 10783 10799
f 580 5248 5013
f 10784 5248 5023
f 10784 5249 5248
f 5024 10784 5276
f 5250 5251 5014
f 5250 10770 581
f 5014 5251 582
f 582 5252 5015
f 10786 5252 589
f 5015 5252 583
f 583 10787 4998
f 5253 10787 590
f 3308 5253 10052
f 5255 9287 40
f 5255 10788 9287
f 1150 5256 5255
f 1150 5255 40
f 5256 1150 39
f 10789 5256 39
f 7192 5257 1149
f 10790 10791 585
f 5260 10791 1148
f 1148 5258 7192
f 5261 5259 5260
f 5259 5262 586
f 5263 10792 5262
f 5264 10792 5263
f 10792 5264 587
f 5264 10793 587
f 10793 5019 587
f 5265 10794 37
f 5020 5019 10794
f 10794 5265 5266
f 1147 10795 5266
f 5267 1146 5268
f 5268 1146 35
f 5267 10796 5021
f 10796 5239 5021
f 5269 1145 5270
f 5270 7050 5271
f 5270 1145 7050
f 5270 10797 5269
f 5272 1144 7037
f 1144 10798 5022
f 10798 5245 5022
f 5245 10798 10782
f 5273 6893 5274
f 5273 1143 6893
f 1143 5273 10799
f 5274 10799 5273
f 5275 7022 1142
f 5276 5275 1142
f 5024 5276 10801
f 10801 5278 5024
f 10801 5277 5278
f 5278 5277 5279
f 5280 10802 5281
f 589 5280 5025
f 5025 5280 590
f 10804 10803 1140
f 590 10804 5016
f 10805 10804 1140
f 5016 1222 3310
f 11403 10805 1140
f 1222 11403 1056
f 10202 5286 10814
f 5286 10202 3702
f 10202 10814 3705
f 3701 5290 10201
f 1208 10807 1207
f 1207 5428 3701
f 5296 10808 5441
f 10809 1210 3692
f 80 1211 10195
f 5329 5479 5328
f 5328 3689 81
f 5328 5479 3689
f 82 10810 3686
f 10810 10866 5339
f 5353 3685 83
f 5353 10811 3685
f 10811 5353 10882
f 5366 3682 3681
f 10935 1214 85
f 10814 10806 3705
f 5283 5284 5287
f 5284 1221 5282
f 5427 10815 5426
f 5426 5286 3702
f 5286 10815 5287
f 5283 10816 10817
f 10817 10816 591
f 10818 10807 592
f 10819 10818 592
f 10819 5429 5427
f 5431 5430 5429
f 5429 5430 5427
f 10816 5430 591
f 5288 10820 5432
f 10821 5432 593
f 10821 5433 5432
f 5288 5433 5289
f 5434 5292 1208
f 5292 5298 594
f 10822 5292 594
f 5437 5436 5435
f 5435 10819 592
f 5435 5436 10819
f 5437 5300 595
f 5293 5436 5431
f 10823 5301 596
f 5439 5294 5438
f 5438 5294 5431
f 5439 10823 596
f 10824 5302 597
f 593 10824 5291
f 593 5291 10821
f 5291 5440 91
f 5440 3850 91
f 5296 10826 5297
f 10826 5296 5441
f 5297 10826 5298
f 594 10827 5442
f 10827 10826 5441
f 5442 10822 594
f 5442 5299 10822
f 5304 5299 5442
f 5444 5301 5443
f 5443 5437 595
f 5443 5301 5437
f 5444 5305 598
f 10830 5307 5459
f 597 10830 10831
f 5295 10831 5447
f 10832 5447 10831
f 5447 3717 5295
f 5447 10832 3717
f 5448 10833 3693
f 5450 5449 10833
f 10833 5448 5309
f 10808 5449 5441
f 5451 10835 5303
f 5303 10835 10827
f 5451 5303 5466
f 5455 5454 5452
f 5452 10828 5304
f 5452 5454 10828
f 5455 5452 5453
f 5305 5454 598
f 10837 5312 600
f 5457 5306 5456
f 5456 5306 598
f 5457 10837 600
f 5307 10838 5458
f 10838 5313 601
f 5457 10838 5306
f 5307 5446 5445
f 10848 10839 5314
f 10839 5459 5458
f 5459 10839 599
f 10840 5315 5461
f 5315 10840 10839
f 10841 10840 5461
f 5460 10841 3866
f 10809 10842 5309
f 5465 5464 5318
f 5318 5463 5317
f 5318 5464 5463
f 5465 5483 602
f 5464 5310 5450
f 5468 10844 5319
f 5319 10844 602
f 10843 10844 5466
f 5469 5311 5467
f 5467 5311 5451
f 5469 5467 5468
f 5320 5469 5468
f 10845 5321 603
f 5469 10845 5311
f 5471 5312 5470
f 5470 5455 5453
f 5470 5312 5455
f 5471 10845 603
f 5471 5470 10845
f 5323 10846 5322
f 5472 5323 604
f 5473 5313 5472
f 601 5313 5473
f 5472 5313 600
f 5473 5472 604
f 5474 10847 605
f 5314 10847 5474
f 5325 5476 5475
f 5325 5474 605
f 5325 5475 5474
f 5475 5476 5461
f 5477 10849 5478
f 5478 5316 5477
f 5477 3879 5308
f 5477 5316 3879
f 80 10850 1211
f 5481 5480 5330
f 5330 5480 5329
f 5481 10858 606
f 5481 5330 10858
f 5481 5482 5480
f 5483 10851 5484
f 5484 10859 5486
f 5484 10851 10859
f 5485 10852 5486
f 5319 5485 5468
f 5488 5485 5331
f 5485 5487 5468
f 5489 5321 5487
f 5487 5320 5468
f 5487 5321 5320
f 5489 5487 5488
f 5321 5489 603
f 5333 10853 5332
f 5490 5333 607
f 5491 5323 5490
f 5491 5490 607
f 5323 5491 604
f 5493 5492 5334
f 5334 5491 607
f 5493 5334 608
f 604 5492 5324
f 5335 5495 5494
f 5335 5493 608
f 5335 5494 5493
f 5495 5335 5336
f 5494 5495 605
f 10855 5495 5336
f 5337 5497 5496
f 5337 10855 5336
f 5337 5496 10855
f 5496 5497 5478
f 10856 5497 609
f 5326 5327 5498
f 5326 10856 609
f 5498 10210 90
f 5498 5327 10210
f 5328 10857 5329
f 5500 5499 5340
f 5340 5499 5339
f 5500 5519 5502
f 5500 5340 5519
f 10858 5501 606
f 5503 5501 5341
f 5341 5501 5502
f 5503 5341 5342
f 5501 5503 606
f 5503 10859 606
f 10859 10851 606
f 5504 5503 5342
f 10859 5505 5486
f 5506 5505 5343
f 5343 5504 5342
f 5343 5505 5504
f 5506 5343 5344
f 5507 5506 5344
f 5331 10860 5488
f 5331 5507 10860
f 5508 10860 5345
f 5345 5507 5344
f 5508 10872 610
f 5508 5345 10872
f 10860 5332 5488
f 10860 5508 5332
f 5509 5333 5508
f 5509 5508 610
f 5333 5509 607
f 5347 5510 5346
f 5346 5509 610
f 5334 10861 608
f 10861 5511 608
f 5348 5512 5511
f 5349 5512 5348
f 5348 5511 5347
f 5511 5512 608
f 5351 10863 5350
f 5350 5349 611
f 5350 10863 5349
f 5337 5513 5497
f 5352 5515 5514
f 5352 5351 612
f 5514 5515 609
f 10865 10864 5516
f 10865 1218 89
f 10866 5518 5339
f 5518 10866 10867
f 5355 5517 5354
f 5520 5355 614
f 5520 10868 5355
f 5357 10869 5356
f 5356 5520 614
f 5519 10869 5502
f 5520 10869 5519
f 5522 5521 5358
f 5358 5357 615
f 5358 5521 5357
f 5522 5358 5359
f 5522 10871 5521
f 5524 5522 5359
f 5525 5523 5526
f 5526 5360 616
f 5526 10872 5525
f 5528 5526 616
f 10872 5527 610
f 610 5527 5529
f 616 5527 5528
f 5529 5361 617
f 10873 5529 617
f 5346 10873 5347
f 617 10874 5530
f 617 5530 10873
f 10874 5362 618
f 5530 5531 5347
f 5531 5348 5347
f 5532 10874 618
f 5532 5531 10874
f 618 10875 5532
f 10876 10875 5533
f 5532 10875 611
f 619 10877 5534
f 619 5534 5533
f 10878 10877 5535
f 5515 5536 613
f 613 5537 10880
f 10880 5338 5516
f 10881 5537 621
f 5338 10880 88
f 5561 10881 621
f 83 10882 5353
f 5367 10883 5538
f 5538 10883 10882
f 10883 5539 5354
f 5370 5540 5369
f 5368 5540 5539
f 5541 10884 5542
f 5357 5541 615
f 10886 10885 5543
f 5359 10886 5544
f 5545 10887 5546
f 5544 5545 5359
f 5360 5545 5547
f 5545 5524 5359
f 5545 5360 5524
f 5360 5547 616
f 5547 10888 5548
f 10888 5546 623
f 10888 5547 5546
f 5548 5374 624
f 5547 5548 616
f 616 10889 5361
f 10889 5548 624
f 5361 5549 617
f 5375 10889 624
f 5375 5549 10889
f 5549 5550 617
f 5550 5552 5362
f 5550 5362 617
f 5552 5376 625
f 5552 5550 5376
f 5362 5551 618
f 5362 5552 5551
f 5377 5552 625
f 5553 10890 5378
f 10890 5377 5378
f 5551 5553 618
f 5553 5555 5363
f 5553 5363 618
f 5555 5553 5378
f 5363 5554 619
f 5363 5555 5554
f 10891 5555 5378
f 5556 10891 5557
f 5554 5556 619
f 5556 5557 5364
f 5556 5364 619
f 5364 5557 620
f 620 10893 5559
f 620 5559 5535
f 5559 10893 10894
f 5560 10894 5381
f 10894 10895 621
f 10895 5561 621
f 5562 10895 5563
f 5561 10895 5562
f 5564 5366 3681
f 5565 5564 10813
f 5565 10896 5564
f 10896 5367 5538
f 10896 5566 5367
f 5368 5367 5568
f 5566 10897 5568
f 5370 5369 5570
f 5570 5369 5569
f 5370 10898 5542
f 10898 5371 5542
f 5372 5371 5572
f 5572 5371 5571
f 5372 10899 622
f 5372 5572 10899
f 10899 5573 622
f 5373 5573 5574
f 5573 5373 622
f 5574 5573 5391
f 5373 5574 623
f 623 5392 5575
f 5392 5574 5391
f 5575 10888 623
f 5575 5374 10888
f 5374 5576 624
f 5576 5577 5578
f 5578 5394 627
f 5578 5577 5394
f 5576 5578 624
f 5579 10900 5580
f 5376 5579 625
f 5579 5580 5581
f 5581 5609 5583
f 5581 5580 5609
f 5579 5581 625
f 625 5582 5377
f 5377 5582 5378
f 5584 5585 5379
f 5584 10891 5378
f 5584 5379 10891
f 5379 5586 626
f 5379 5585 5586
f 10902 5585 5396
f 5586 5587 5380
f 5586 5380 626
f 5588 5587 628
f 5380 10903 5558
f 5380 5587 10903
f 5558 5590 5381
f 5381 10904 5560
f 5381 5590 10904
f 10904 5593 5560
f 5593 5563 5560
f 5365 5593 1216
f 1216 10905 1215
f 1215 5382 87
f 5595 5383 5594
f 10813 5595 5565
f 10813 5383 5595
f 5385 5384 5596
f 5596 5384 5402
f 5385 10907 5567
f 10907 5386 5567
f 5387 5386 5597
f 5597 5404 629
f 5597 5386 5404
f 5387 10908 5569
f 5389 5388 5599
f 10908 5388 5569
f 5599 5388 5598
f 5389 5600 5571
f 5389 5599 5600
f 5391 5390 5602
f 5600 5390 5571
f 5602 5390 5601
f 5391 5602 10910
f 10926 10910 5408
f 10910 5603 5391
f 5603 5392 5391
f 5392 10911 5393
f 5605 10912 5604
f 5604 10913 5393
f 5604 10912 10913
f 10913 5577 5393
f 5607 10913 5606
f 10913 10912 5606
f 5394 5607 627
f 5607 5411 5608
f 5411 5607 5606
f 5608 5635 630
f 5608 5411 5635
f 5607 5608 627
f 5609 10915 5610
f 5610 5412 5612
f 5609 5395 5583
f 5395 10916 5396
f 5613 5611 5614
f 5642 5611 5641
f 5613 5614 5397
f 5613 10902 5396
f 5397 5614 628
f 5644 10917 5413
f 5615 5616 5398
f 5615 5588 628
f 10918 5616 631
f 5398 5617 5589
f 5398 5616 5617
f 5617 5618 5399
f 5617 5591 5589
f 5619 5618 632
f 5399 10919 5592
f 5399 5618 10919
f 10919 5415 633
f 10919 10920 5592
f 10920 10905 5592
f 87 5620 10213
f 84 5621 5400
f 5621 5417 634
f 5402 5401 5622
f 10921 5401 5400
f 5622 5401 5418
f 10922 5622 5418
f 10922 10937 635
f 5404 5403 5624
f 5623 5403 5402
f 5624 10922 635
f 5624 5403 10922
f 5404 5625 629
f 10923 5654 636
f 5626 5405 629
f 5626 10923 636
f 5405 10924 5598
f 5407 5406 5627
f 10924 5406 5598
f 5407 5408 5601
f 5407 5627 5408
f 5630 5628 5421
f 5629 5630 5631
f 5631 5630 5422
f 5629 5605 5409
f 5632 5410 5633
f 5632 5633 5634
f 5634 5633 5664
f 5632 10927 5606
f 5632 5634 10927
f 10927 5411 5606
f 5635 5636 5637
f 5637 5636 5423
f 5635 5637 630
f 630 5412 10915
f 5412 5639 5612
f 5412 10928 5639
f 5639 5668 5640
f 10930 5641 5640
f 5643 10930 5424
f 5424 10930 10947
f 5642 5643 5413
f 10931 5643 5424
f 10931 5644 5643
f 5425 10931 5672
f 5645 5646 5414
f 5645 10918 631
f 5414 5646 632
f 632 5647 5415
f 10933 5647 637
f 5415 5647 633
f 10934 5649 86
f 10214 5649 5416
f 10214 5416 4069
f 5649 10214 86
f 5650 9286 7276
f 5650 10935 9286
f 1139 5651 5650
f 1139 5650 7276
f 5651 1139 7278
f 10936 5651 7278
f 7282 5652 1138
f 10937 10938 635
f 5655 10938 1137
f 1137 5653 7282
f 5656 5654 5655
f 5654 5657 636
f 5658 10939 5657
f 5659 10939 5658
f 10939 5659 10940
f 10940 5420 5419
f 5660 10941 7452
f 5421 5420 10941
f 10941 5660 5661
f 10942 11588 7471
f 10942 10943 5661
f 5662 1136 5663
f 5663 1136 7307
f 5662 10944 5422
f 10944 5633 5422
f 5664 1135 5665
f 5665 7317 5666
f 5665 1135 7317
f 5665 10945 5664
f 5667 1134 7328
f 1134 10946 5423
f 10946 5638 5423
f 5638 10946 10929
f 5669 7562 5670
f 5669 1133 7562
f 1133 5669 10947
f 5670 10947 5669
f 5671 7355 1132
f 5672 5671 1132
f 5425 5672 10949
f 10949 5674 5425
f 10949 5673 5674
f 5674 5673 5675
f 5676 5677 637
f 5677 5678 5648
f 10951 1130 5679
f 5416 5678 10951
f 1055 1192 10355
f 10352 5683 5822
f 5683 10352 4099
f 10352 5822 4102
f 4098 5687 10351
f 5690 10953 1193
f 5690 1193 4094
f 1193 5826 4098
f 10955 1195 4088
f 5863 5862 5714
f 5714 10345 70
f 5714 5862 10345
f 5863 5715 5864
f 10956 1196 71
f 5735 4082 4081
f 5735 10957 4082
f 10957 11014 5736
f 5751 4080 72
f 5751 10958 4080
f 10958 5751 11031
f 10958 5735 4081
f 5763 4077 73
f 11084 1199 4070
f 5822 10960 4102
f 10960 1206 5680
f 10961 5683 4099
f 5682 5681 5825
f 5681 5823 5684
f 10963 10953 638
f 10964 10963 638
f 10964 5827 5824
f 5829 5828 5827
f 5827 5828 5824
f 10962 5828 5825
f 5685 10965 5830
f 5832 5831 5830
f 5685 5831 5686
f 5834 5690 5833
f 5833 5690 4094
f 5834 5696 639
f 5690 5834 638
f 5697 5834 639
f 5837 5836 5835
f 5835 10964 638
f 5835 5836 10964
f 5837 10966 640
f 5691 5836 5829
f 5699 5837 640
f 5839 5692 5838
f 5838 5692 5829
f 5701 5839 5700
f 5840 5846 641
f 5840 5701 5846
f 5841 4250 5689
f 5694 10970 5695
f 10970 5694 10954
f 5695 10970 5696
f 5844 5699 5843
f 5700 5699 5844
f 5843 5699 640
f 5844 5703 643
f 5845 5704 5847
f 10974 5701 5700
f 5847 5846 5845
f 10975 5705 5858
f 5846 10975 641
f 641 10975 10976
f 5693 10976 5848
f 10977 5848 10976
f 5848 4115 5693
f 5848 10977 4115
f 5849 10978 4089
f 5851 5850 10978
f 10978 5849 5707
f 10954 5850 5842
f 642 5702 5852
f 5852 5867 645
f 5852 5702 5867
f 5702 642 10971
f 5855 5854 5853
f 5853 10972 642
f 5853 5854 10972
f 5855 5709 646
f 5855 5853 5709
f 5703 5854 643
f 10981 5710 647
f 5857 5704 5856
f 5856 5704 643
f 5857 10981 647
f 5857 5711 5704
f 5847 5711 5705
f 5859 644 5858
f 10983 5713 5861
f 5713 10983 10982
f 10984 10983 5861
f 5860 10984 4267
f 10955 10985 5707
f 5866 5865 5716
f 5716 5865 5864
f 5866 5882 649
f 5865 5708 5851
f 10987 5884 5871
f 10987 5868 5884
f 10986 10987 5867
f 5871 5870 5869
f 5869 5870 645
f 5871 5869 10987
f 5709 5870 646
f 10988 5717 650
f 5873 5710 5872
f 5872 5710 646
f 5873 10988 650
f 5873 5872 10988
f 5712 10990 5874
f 5874 5719 651
f 5874 10990 5719
f 5712 5874 648
f 5875 5859 648
f 5875 10992 5859
f 5722 5877 5876
f 5722 5876 5721
f 5876 5877 5861
f 5878 10993 5879
f 5879 10994 5878
f 5878 4280 5706
f 5880 10995 5725
f 5715 10996 5864
f 5715 5880 10996
f 5727 10996 5726
f 5726 5880 5725
f 5881 10996 5727
f 5882 10997 5883
f 5883 11007 653
f 5883 10997 11007
f 5886 10999 5728
f 5728 10999 653
f 10998 10999 5884
f 5887 5717 5885
f 5885 5717 5871
f 5887 5885 5886
f 5717 5887 650
f 5729 5887 5886
f 5887 11000 650
f 11000 5888 650
f 5889 5718 5888
f 5719 5718 5889
f 5888 5718 650
f 5889 5888 5731
f 5719 5889 651
f 5891 5890 5732
f 5732 5889 5731
f 5891 5732 654
f 651 5890 5720
f 10991 11001 5721
f 5733 5893 5892
f 5733 5891 654
f 5733 5892 5891
f 5893 11010 655
f 5893 5733 11010
f 5892 5722 5721
f 5892 5893 5722
f 11002 5893 655
f 655 11003 5894
f 655 5894 11002
f 5894 5895 5879
f 5895 11004 5879
f 5897 11003 656
f 5897 5895 11003
f 5723 5724 5896
f 5723 5897 656
f 5896 4297 79
f 5896 5724 4297
f 10956 11005 5725
f 5899 5898 5737
f 5737 5898 5736
f 5899 5921 5901
f 5899 5737 5921
f 5727 5900 652
f 5902 5900 5738
f 5738 5900 5901
f 5902 5738 5739
f 5900 5902 652
f 5902 11007 652
f 11007 10997 652
f 5903 5902 5739
f 11007 5904 653
f 5905 5904 5740
f 5740 5903 5739
f 5740 5904 5903
f 5905 5740 5741
f 5906 5905 5741
f 5728 11008 5886
f 5728 5906 11008
f 5743 11008 5742
f 5742 5906 5741
f 11008 5907 5886
f 5909 5730 5907
f 5907 5729 5886
f 5907 5730 5729
f 5909 5907 5743
f 5744 5911 5908
f 5744 5908 5909
f 5911 5744 5745
f 5908 5910 5731
f 5908 5911 5910
f 5910 5732 5731
f 5912 5911 5745
f 5732 11009 654
f 11009 5912 654
f 5746 5913 5912
f 5747 5913 5746
f 5746 5912 5745
f 5912 5913 654
f 11010 11011 655
f 5749 11011 5748
f 5748 5747 657
f 5748 11011 5747
f 5914 11003 655
f 5750 5916 5915
f 5750 5749 658
f 5915 5916 656
f 11013 11012 5917
f 11013 1202 78
f 11014 5919 5736
f 5919 11014 11015
f 5752 11015 5918
f 11016 11015 5920
f 11015 5752 5939
f 5753 5922 11033
f 5921 11017 5901
f 5920 11017 5921
f 11018 5753 660
f 11018 11017 5753
f 5924 5923 5754
f 5754 11018 660
f 5754 5923 11018
f 5924 5754 5755
f 5924 11019 5923
f 5926 5924 5755
f 5927 5756 661
f 5925 11020 5741
f 5925 5927 11020
f 5743 11020 5928
f 11020 5742 5741
f 5928 5927 661
f 5743 11021 5909
f 5743 5928 11021
f 5929 11021 5757
f 5757 5928 661
f 5929 5758 662
f 5929 5757 5758
f 11021 11022 5909
f 11022 5744 5909
f 662 11023 5930
f 662 5930 5929
f 11023 5759 663
f 5930 11024 5745
f 11024 5746 5745
f 5931 11023 663
f 5931 11024 11023
f 663 5932 5931
f 5932 5760 664
f 5932 11025 657
f 5933 5932 664
f 11026 5933 664
f 11027 11026 5934
f 5916 5935 659
f 659 5936 11029
f 11029 5734 5917
f 11030 5936 666
f 5734 11029 77
f 72 11031 5751
f 11032 11031 5937
f 5764 11032 5937
f 11032 5938 5752
f 5767 5940 5766
f 5938 5940 5939
f 5753 5942 660
f 11035 11034 5943
f 5755 11035 5944
f 5945 11036 5946
f 5944 5945 5755
f 5756 5945 5947
f 5945 5926 5755
f 5945 5756 5926
f 5756 5947 661
f 5947 11037 5948
f 11037 5946 668
f 11037 5947 5946
f 5948 5771 5950
f 5947 5948 661
f 5949 11038 5950
f 5758 5949 662
f 5950 5772 5949
f 5949 5951 662
f 5951 5953 5759
f 5951 5759 662
f 5953 5951 5773
f 5759 5952 663
f 5759 5953 5952
f 5774 5953 5773
f 5954 11039 5775
f 11039 5774 5775
f 5952 5954 663
f 5954 5955 5760
f 5954 5760 663
f 5955 5954 5775
f 5760 5955 664
f 11040 5955 5775
f 664 5956 5761
f 664 5761 11026
f 5957 5956 669
f 5761 5956 665
f 5958 5959 5960
f 5958 5934 665
f 5958 5960 5934
f 11042 5959 670
f 11043 5962 11030
f 5963 11043 5964
f 5962 11043 5963
f 5967 5782 671
f 5966 5764 5937
f 5966 5967 5764
f 11045 5967 671
f 5765 5764 5968
f 5968 5766 5765
f 5767 5766 5970
f 5970 5766 5969
f 5767 11047 5941
f 11047 5768 5941
f 5769 5768 5971
f 5971 5785 672
f 5971 5768 5785
f 5769 11048 667
f 5769 5971 11048
f 5787 11048 5786
f 5973 5787 673
f 11048 5972 667
f 5770 5972 5974
f 5972 5770 667
f 5974 5973 673
f 5974 5972 5973
f 5770 5974 668
f 668 5788 5975
f 5788 5974 673
f 5975 11037 668
f 5975 5771 11037
f 5771 5976 5950
f 5977 5790 5976
f 5976 5790 5978
f 5978 5790 5979
f 5976 5978 5950
f 5980 11049 5979
f 11049 5978 5979
f 5791 5792 5980
f 5791 5980 5979
f 5982 5792 6012
f 5980 5981 5773
f 5981 5983 5774
f 5984 5983 5981
f 5981 5774 5773
f 5984 5981 5982
f 5774 5983 5775
f 5985 5986 5776
f 5985 11040 5775
f 5985 5776 11040
f 5776 5986 669
f 11051 5986 5793
f 5987 5988 5777
f 5987 5957 669
f 5987 5777 5957
f 11052 5988 674
f 5777 5988 670
f 5989 11042 670
f 5991 5989 5990
f 5991 11053 5961
f 11053 5993 5961
f 5993 5995 5762
f 5993 5964 5961
f 5995 5993 5994
f 5762 5995 4391
f 5995 11054 1200
f 1200 5778 76
f 5995 1200 4391
f 5997 5779 5996
f 5780 5779 5997
f 5782 5781 5998
f 5998 5781 5799
f 5999 5801 675
f 671 5999 5783
f 5783 5999 6000
f 6000 5999 675
f 5783 6001 5969
f 5785 5784 6002
f 6001 5784 5969
f 6002 11057 676
f 6002 5784 11057
f 5785 6002 672
f 5787 5786 6004
f 6004 5786 6003
f 5787 6004 673
f 673 11059 6005
f 11075 11059 5803
f 6005 11059 6006
f 6005 5788 673
f 5788 11060 5789
f 6008 11061 6007
f 6007 5977 5789
f 6007 11061 5977
f 6009 5805 6011
f 5805 6009 6010
f 6011 5805 5806
f 6009 5791 5979
f 6009 6011 5791
f 5807 11064 5806
f 5808 11064 5807
f 6016 11065 6013
f 6013 5984 5982
f 6013 11065 5984
f 6016 6013 6014
f 6017 6015 6018
f 6046 6015 6045
f 6017 6018 5794
f 6017 11051 5793
f 5794 6018 674
f 6048 11066 5809
f 6019 6020 5795
f 6019 11052 674
f 5795 6021 5990
f 5795 6020 6021
f 11067 6020 677
f 6021 6022 5796
f 6021 5992 5990
f 6023 6022 678
f 5796 11068 5994
f 5796 6022 11068
f 11068 5811 679
f 11068 11069 5994
f 11069 11054 5994
f 76 6024 10361
f 74 6025 5797
f 6025 5813 680
f 5799 5798 6026
f 11070 5798 5797
f 6026 5798 5814
f 11071 6026 5814
f 11071 11086 681
f 5801 5800 6028
f 6027 5800 5799
f 6028 11071 681
f 6028 5800 11071
f 5801 11072 675
f 6030 6058 682
f 676 6031 5802
f 6031 676 11073
f 5802 5803 6003
f 5802 6031 5803
f 6034 6032 5817
f 6033 6034 6035
f 6035 6034 5818
f 6033 6008 6006
f 6036 5804 6037
f 6036 6037 6038
f 6038 6068 683
f 6038 6037 6068
f 6036 11076 6010
f 6036 6038 11076
f 11076 5805 6010
f 6039 6040 6041
f 6041 6040 5819
f 6039 5807 5806
f 6039 6041 5807
f 5808 6043 6014
f 5808 11077 6043
f 6043 6071 6044
f 11079 6045 6044
f 6047 11079 5820
f 5820 11079 11098
f 6046 6047 5809
f 11080 6047 5820
f 11080 6048 6047
f 5821 11080 6075
f 6049 6050 5810
f 6049 11067 677
f 5810 6050 678
f 678 6051 5811
f 11082 6051 684
f 5811 6051 679
f 11083 6053 75
f 10362 6053 5812
f 10362 5812 9289
f 6053 10362 75
f 6054 9285 7681
f 6054 11084 9285
f 1129 6055 6054
f 1129 6054 7681
f 6055 1129 7683
f 11085 6055 7683
f 7687 6056 1128
f 11086 11087 681
f 6059 11087 1127
f 1127 6057 7687
f 6060 6058 6059
f 6058 6061 682
f 6062 11088 6061
f 6063 11088 6062
f 11088 6063 11089
f 11089 5816 5815
f 6064 11090 7854
f 5817 5816 11090
f 11090 6064 6065
f 11091 11736 7705
f 11091 11092 6065
f 11093 11094 5818
f 11094 6037 5818
f 6067 11094 11093
f 1126 7722 6069
f 683 11095 11096
f 6070 1125 7733
f 1125 11097 5819
f 11097 6042 5819
f 6042 11097 11078
f 6072 7962 6073
f 6072 1124 7962
f 1124 6072 11098
f 6073 11098 6072
f 6074 7759 1123
f 6075 6074 1123
f 5821 6075 11100
f 11100 6077 5821
f 11100 6076 6077
f 6077 6076 6078
f 6079 6080 684
f 6080 6081 6052
f 11103 11102 6082
f 5812 11104 9289
f 5812 11103 11104
f 3 11104 11850
f 10507 11105 69
f 1176 10507 1054
f 4498 6085 10504
f 4496 6088 10503
f 1178 11106 1177
f 1177 6226 4496
f 6094 11107 6238
f 11108 1180 4488
f 58 1181 10497
f 6124 6277 6123
f 6123 4486 59
f 6123 6277 4486
f 60 11109 4483
f 11109 11163 6134
f 6146 4482 61
f 6146 11110 4482
f 11110 6146 11178
f 6159 4479 4478
f 6193 1183 6425
f 11230 1184 62
f 6222 11113 6221
f 6221 1176 4500
f 11105 11113 69
f 11113 1191 69
f 6224 11114 6223
f 6085 11114 6222
f 6084 6083 6225
f 11116 11106 685
f 11117 11116 685
f 11117 6227 6224
f 6229 6228 6227
f 6227 6228 6224
f 11115 6228 6225
f 11119 6086 686
f 11119 6230 6086
f 6086 6230 6087
f 6231 6090 1178
f 6090 6096 687
f 11120 6090 687
f 6234 6233 6232
f 6232 11117 685
f 6232 6233 11117
f 6234 6098 688
f 6091 6233 6229
f 11121 6099 689
f 6236 6092 6235
f 6235 6092 6229
f 6236 11121 689
f 11122 6243 690
f 11122 6100 6243
f 686 11122 6089
f 686 6089 11119
f 6089 6237 68
f 6237 4642 68
f 6094 11124 6095
f 11124 6094 6238
f 6095 11124 6096
f 6249 11125 6101
f 11125 11124 6238
f 6097 11120 687
f 6239 6102 691
f 6097 6239 688
f 6241 6099 6240
f 6240 6234 688
f 6240 6099 6234
f 6241 11126 692
f 6100 11127 6242
f 6244 6243 6242
f 11128 6104 6257
f 6243 11128 690
f 690 11128 11129
f 6093 11129 6245
f 11130 6245 11129
f 6245 4514 6093
f 6245 11130 4514
f 6246 11131 4489
f 6248 6247 11131
f 11131 6246 6106
f 11107 6247 6238
f 6250 6249 6101
f 6250 6264 694
f 6250 6101 6264
f 6102 6249 691
f 6253 6252 6251
f 6251 6252 691
f 6253 6108 695
f 6253 6251 6108
f 11126 6252 692
f 11134 6109 696
f 6255 6103 6254
f 6254 6103 692
f 6255 11134 696
f 6104 6110 6256
f 6255 6110 6103
f 11145 11135 6111
f 11135 6257 6256
f 6257 11135 693
f 11136 6112 6259
f 6112 11136 11135
f 11137 11136 6259
f 6258 11137 4657
f 11108 11138 6106
f 6263 6262 6115
f 6115 6261 6114
f 6115 6262 6261
f 6263 6281 6265
f 6262 6107 6248
f 11140 6116 6268
f 11139 11140 6264
f 6268 6267 6266
f 6266 6267 694
f 6268 6266 11140
f 6108 6267 695
f 11141 6117 698
f 6270 6109 6269
f 6269 6109 695
f 6270 11141 698
f 6270 6269 11141
f 6271 6119 699
f 6271 11143 6119
f 699 11144 6271
f 6272 11144 700
f 6111 11144 6272
f 6120 6274 6273
f 6120 6272 700
f 6120 6273 6272
f 6273 6274 6259
f 6275 11146 6276
f 6276 6113 6275
f 6275 4671 6105
f 6275 6113 4671
f 58 11147 1181
f 6279 6278 6125
f 6125 6278 6124
f 6279 11155 701
f 6279 6125 11155
f 6279 6280 6278
f 6281 11148 6282
f 6282 6304 6284
f 6282 11148 6304
f 6283 11149 6284
f 6116 6283 6268
f 6286 6283 6126
f 6283 6285 6268
f 6287 6117 6285
f 6285 6117 6268
f 6287 6285 6286
f 6117 6287 698
f 6127 6287 6286
f 6288 6128 702
f 6287 11150 698
f 11150 6288 698
f 6289 6118 6288
f 6119 6118 6289
f 6288 6118 698
f 6289 6288 702
f 6119 6290 699
f 6119 6289 6290
f 6292 6291 6129
f 6129 6289 702
f 6292 6129 703
f 6130 6294 6293
f 6130 6292 703
f 6130 6293 6292
f 6294 6130 6131
f 6293 6294 700
f 11152 6294 6131
f 6132 6296 6295
f 6132 11152 6131
f 6132 6295 11152
f 6295 6296 6276
f 11153 6296 704
f 6121 6122 6297
f 6121 11153 704
f 6297 6122 67
f 6123 11154 6124
f 6299 6298 6135
f 6135 6298 6134
f 6299 6319 6301
f 6299 6135 6319
f 11155 6300 701
f 6302 6300 6136
f 6136 6300 6301
f 6302 6322 705
f 6302 6136 6322
f 6300 6302 701
f 6305 6303 6137
f 6304 6303 6305
f 6137 6303 705
f 6305 6137 706
f 6306 6305 706
f 6126 11157 6286
f 6126 6306 11157
f 6308 11157 6138
f 6138 6306 706
f 6308 6138 11169
f 11157 6307 6286
f 6309 6128 6307
f 6307 6127 6286
f 6307 6128 6127
f 6309 6307 6308
f 6128 6309 702
f 6139 6309 6308
f 6310 6139 6140
f 6311 6310 6140
f 6129 11158 703
f 11158 6311 703
f 6141 6312 6311
f 6142 6312 6141
f 6141 6311 6140
f 6311 6312 703
f 6144 11160 6143
f 6143 6142 707
f 6143 11160 6142
f 6132 6313 6296
f 6145 6315 6314
f 6145 6144 708
f 6314 6315 704
f 11162 11161 6316
f 11162 1188 66
f 11163 6318 6134
f 6318 11163 11164
f 6148 6317 6147
f 6320 6148 710
f 6320 11165 6148
f 6321 11166 6149
f 6149 6320 710
f 6321 6149 6342
f 6319 11166 6301
f 6320 11166 6319
f 6322 6323 6324
f 6323 6321 6342
f 6324 6150 6326
f 6322 6324 705
f 6324 11168 705
f 11168 6137 705
f 706 6325 6327
f 6327 6151 6329
f 6327 11169 706
f 11169 6328 6308
f 6152 6153 6328
f 6152 6328 6329
f 6330 6154 711
f 6330 6153 6154
f 6328 11170 6308
f 11170 6139 6308
f 711 11171 6331
f 711 6331 6330
f 11171 6155 712
f 6331 6332 6140
f 6332 6141 6140
f 6333 11171 712
f 6333 6332 11171
f 712 6334 6333
f 6334 6156 713
f 6334 11172 707
f 6335 6334 713
f 713 11173 6335
f 11174 11173 6336
f 6335 11173 708
f 6315 6337 709
f 709 6338 11176
f 11176 6133 6316
f 11177 6338 715
f 6133 11176 65
f 61 11178 6146
f 6160 11179 6339
f 6339 11179 11178
f 11179 6340 6147
f 6163 6341 6162
f 6161 6341 6340
f 6344 11181 6345
f 6150 6344 6346
f 6344 6323 6342
f 6344 6150 6323
f 6150 6346 6326
f 6347 11182 6348
f 6346 6347 6326
f 6151 6347 6349
f 6347 6151 6326
f 6151 6349 6329
f 6349 11183 6350
f 11183 6348 717
f 11183 6349 6348
f 6350 11194 718
f 6349 6152 6329
f 6349 6350 6152
f 6351 11184 6352
f 6154 6351 711
f 6352 6167 6351
f 6351 6353 711
f 6353 6355 6155
f 6353 6155 711
f 6355 6168 719
f 6355 6353 6168
f 6155 6354 712
f 6155 6355 6354
f 6169 6355 719
f 6356 11185 6170
f 11185 6169 6170
f 6354 6356 712
f 6356 6358 6156
f 6356 6156 712
f 6358 6356 6170
f 6156 6357 713
f 6156 6358 6357
f 11186 6358 6170
f 6359 11186 6360
f 6357 6359 713
f 6359 6360 6157
f 6359 6157 713
f 6157 6360 714
f 6361 6362 6363
f 6361 6336 714
f 6361 6363 6336
f 11188 6362 721
f 11189 6365 11177
f 6366 11189 6367
f 6365 11189 6366
f 6368 6159 4478
f 6369 6368 11112
f 6369 11190 6368
f 11190 6160 6339
f 11190 6370 6160
f 6161 6160 6372
f 6370 11191 6372
f 6163 6162 6374
f 6374 6162 6373
f 6163 11192 6343
f 11192 6164 6343
f 6165 6164 6376
f 6376 6164 6375
f 6165 11193 716
f 6165 6376 11193
f 11193 6377 716
f 6166 6377 6378
f 6377 6166 716
f 6378 6377 6182
f 6166 6378 717
f 717 6183 6379
f 6183 6378 6182
f 6379 11183 717
f 6379 11194 11183
f 11194 6380 718
f 6380 6381 6382
f 6382 6185 722
f 6382 6381 6185
f 6380 6382 718
f 6383 11195 6384
f 6168 6383 719
f 6383 6384 6385
f 6385 6384 6186
f 6383 6385 719
f 719 6386 6169
f 6169 6386 6170
f 6187 11196 6186
f 6387 6388 6171
f 6387 11186 6170
f 6387 6171 11186
f 6171 6389 720
f 6171 6388 6389
f 11197 6388 6188
f 6389 6390 6172
f 6389 6172 720
f 11198 6390 723
f 6172 6390 721
f 6391 11188 721
f 6393 6391 6392
f 6393 11199 6364
f 11199 6396 6364
f 6396 6367 6364
f 6158 6396 1186
f 1186 11200 1185
f 1185 6173 64
f 6398 6174 6397
f 11112 6399 6369
f 11112 6174 6399
f 6398 11201 6399
f 6176 6175 6400
f 6400 6175 6196
f 6176 11202 6371
f 11202 6177 6371
f 6178 6177 6401
f 6401 6198 724
f 6401 6177 6198
f 6178 6402 6373
f 6180 6179 6403
f 6402 6179 6373
f 6403 11203 725
f 6403 6179 11203
f 6180 6404 6375
f 6180 6403 6404
f 6182 6181 6406
f 6404 6181 6375
f 6406 6181 6405
f 6182 6406 11205
f 11221 11205 6200
f 11205 6407 6182
f 6407 6183 6182
f 6183 11206 6184
f 6409 11207 6408
f 6408 11208 6184
f 6408 11207 11208
f 11208 6381 6184
f 6411 11208 6410
f 11208 11207 6410
f 6185 6411 722
f 6411 6203 6412
f 6203 6411 6410
f 6412 6203 6204
f 6411 6412 722
f 6413 11210 6414
f 6205 11210 6204
f 6206 11210 6205
f 6414 6206 6416
f 6413 6187 6186
f 6187 11211 6188
f 6417 6415 6418
f 6447 6415 6446
f 6417 6418 6189
f 6417 11197 6188
f 6189 6418 723
f 6449 11212 6207
f 6419 6420 6190
f 6419 11198 723
f 6190 6421 6392
f 6190 6420 6421
f 11213 6420 726
f 6421 6422 6191
f 6421 6394 6392
f 6423 6422 727
f 6191 11214 6395
f 6191 6422 11214
f 11214 11215 6395
f 11215 11200 6395
f 64 6424 10515
f 6194 6193 6426
f 6426 6211 728
f 6426 6193 6211
f 6196 6195 6427
f 11216 6195 6194
f 6427 6195 6212
f 11217 6427 6212
f 11217 11232 729
f 6198 6197 6429
f 6428 6197 6196
f 6429 11217 729
f 6429 6197 11217
f 6198 11218 724
f 6431 6461 730
f 725 6432 6199
f 6432 725 11219
f 6199 6200 6405
f 6199 6432 6200
f 6435 6433 6215
f 6434 6435 6436
f 6436 6435 6216
f 6434 6409 6201
f 6437 6202 6438
f 6437 6438 6439
f 6439 6438 6471
f 6437 11222 6410
f 6437 6439 11222
f 11222 6203 6410
f 6440 6441 6442
f 6442 6441 6217
f 6440 6205 6204
f 6440 6442 6205
f 6206 6444 6416
f 6206 11223 6444
f 6444 6475 6445
f 11225 6446 6445
f 6448 11225 6218
f 6218 11225 11244
f 6447 6448 6207
f 11226 6448 6218
f 11226 6449 6448
f 6219 11226 6479
f 6450 6451 6208
f 6450 11213 726
f 6208 6451 727
f 727 6452 6209
f 6453 6452 731
f 6209 6452 11228
f 11228 11229 6209
f 11229 6424 6209
f 6454 11229 6455
f 6192 6454 63
f 6457 11230 6456
f 1113 6458 6457
f 1113 6457 6456
f 6458 1113 8077
f 11231 6458 8077
f 8081 6459 1112
f 11232 11233 729
f 6462 11233 1111
f 1111 6460 8081
f 6463 6461 6462
f 6461 6464 730
f 6465 11234 6464
f 6466 11234 6465
f 11234 6466 11235
f 11235 6214 6213
f 6467 11236 8243
f 6215 6214 11236
f 11236 6467 6468
f 11237 11884 8098
f 11237 11238 6468
f 11239 11240 6216
f 11240 6438 6216
f 6470 11240 11239
f 6471 11241 6472
f 6472 8114 6473
f 6472 11242 6471
f 6474 1110 8125
f 1110 11243 6217
f 11243 6443 6217
f 6443 11243 11224
f 6476 8353 6477
f 6476 1109 8353
f 1109 6476 11244
f 6477 11244 6476
f 6478 8149 1108
f 6479 6478 1108
f 6219 6479 11246
f 11246 6481 6219
f 11246 6480 6481
f 6481 6480 6482
f 6484 6453 731
f 6453 6484 6220
f 11249 11248 6486
f 6485 6455 6220
f 6210 11250 4861
f 6210 11249 11250
f 2 11250 11996
f 4891 11251 57
f 1057 11251 4891
f 4888 6489 10656
f 4886 6493 10655
f 1160 11252 1159
f 1159 6624 4886
f 11254 1162 4878
f 11255 10649 6676
f 11255 1163 10649
f 6529 11256 11304
f 48 11257 4873
f 11257 11314 6539
f 6553 4872 49
f 6553 11258 4872
f 11258 6553 11331
f 6563 4869 4868
f 11383 1167 51
f 6487 11261 6490
f 11263 6489 4888
f 6623 6622 6487
f 6622 1175 6488
f 11265 11252 732
f 11266 11265 732
f 11266 6625 6621
f 6627 6626 6625
f 6625 6626 6621
f 11264 6626 6623
f 6491 11267 6628
f 11268 6628 733
f 11268 6629 6628
f 6491 6629 6492
f 6630 6495 1160
f 6495 6501 734
f 6502 6495 734
f 6633 6632 6631
f 6631 11266 732
f 6631 6632 11266
f 6633 11269 735
f 6496 6632 6627
f 11270 6504 736
f 6635 6497 6634
f 6634 6497 6627
f 6635 11270 736
f 11271 6641 737
f 11271 6505 6641
f 733 11271 6494
f 733 6494 11268
f 6494 6636 56
f 6636 5034 56
f 6499 11273 6500
f 11273 6499 11253
f 6500 11273 6501
f 6639 6504 6638
f 6638 6633 735
f 6638 6504 6633
f 6639 6507 739
f 6505 11276 6640
f 6642 6641 6640
f 11277 6509 6653
f 6641 11277 737
f 737 11277 11278
f 6498 11278 6643
f 11279 6643 11278
f 6643 4903 6498
f 6643 11279 4903
f 6644 11280 4879
f 6646 6645 11280
f 11280 6644 6511
f 11253 6645 6637
f 738 6506 6647
f 6647 6661 741
f 6647 6506 6661
f 6506 738 11274
f 6650 6649 6648
f 6648 11275 738
f 6648 6649 11275
f 6650 6513 742
f 6650 6648 6513
f 6507 6649 739
f 11283 6514 743
f 6652 6508 6651
f 6651 6508 739
f 6652 11283 743
f 6652 6515 6508
f 6642 6515 6509
f 6654 740 6653
f 11285 6517 6656
f 6517 11285 11284
f 11286 11285 6656
f 6655 11286 5049
f 11254 11287 6511
f 6660 6659 6520
f 6520 6658 6519
f 6520 6659 6658
f 6660 6681 6662
f 6659 6512 6646
f 11289 6521 6665
f 11288 11289 6661
f 6665 6664 6663
f 6663 6664 741
f 6665 6663 11289
f 6513 6664 742
f 11290 6522 744
f 6667 6514 6666
f 6666 6514 742
f 6667 11290 744
f 6667 6666 11290
f 6524 11291 6523
f 6525 11293 6669
f 6525 6669 6668
f 6669 6670 6516
f 6670 6654 6516
f 6670 11294 6654
f 6672 6670 11293
f 6526 6673 6671
f 6526 6671 6672
f 6671 6673 6656
f 6674 11295 6675
f 6675 1173 6674
f 6674 5062 6510
f 6674 1173 5062
f 6679 6678 6530
f 6530 6677 6529
f 6530 6678 6677
f 6679 11305 745
f 6679 6530 11305
f 6679 6680 6678
f 6681 11297 6682
f 6682 11306 6684
f 6682 11297 11306
f 6683 11298 6684
f 6521 6683 6665
f 6686 6683 6531
f 6683 6685 6665
f 6687 6522 6685
f 6685 6522 6665
f 6687 6685 6686
f 6522 6687 744
f 6533 11299 6532
f 6688 6533 746
f 6689 6524 6688
f 6689 6688 746
f 6524 6690 6668
f 6524 6689 6690
f 6691 6690 6534
f 6534 6689 746
f 6691 6534 747
f 6690 6525 6668
f 6535 6693 6692
f 6535 6691 747
f 6535 6692 6691
f 6693 6535 6536
f 6692 6526 6672
f 6692 6693 6526
f 11301 6693 6536
f 6537 6695 6694
f 6537 11301 6536
f 6537 6694 11301
f 6694 6695 6675
f 11303 5081 6518
f 11303 1172 5081
f 6698 6697 6540
f 6540 6697 6539
f 6698 6717 6700
f 6698 6540 6717
f 11305 6699 745
f 6701 6699 6541
f 6541 6699 6700
f 6701 6541 6542
f 6699 6701 745
f 6701 11306 745
f 11306 11297 745
f 6702 6701 6542
f 11306 6703 6684
f 6704 6703 6543
f 6543 6702 6542
f 6543 6703 6702
f 6704 6543 6544
f 11307 6704 6544
f 6531 11308 6686
f 6531 11307 11308
f 6705 11308 6545
f 6545 11307 6544
f 6705 6545 748
f 11308 6532 6686
f 11308 6705 6532
f 6706 6533 6705
f 6706 6705 748
f 6533 6706 746
f 6546 6706 748
f 6707 6546 6547
f 6708 6707 6547
f 6534 11309 747
f 11309 6708 747
f 6548 6709 6708
f 6549 6709 6548
f 6548 6708 6547
f 6708 6709 747
f 6551 11311 6550
f 6550 6549 749
f 6550 11311 6549
f 6537 6710 6695
f 6552 6712 6711
f 6552 6551 750
f 6711 6527 6696
f 6711 6712 6527
f 11313 11312 6713
f 11313 1171 55
f 11314 6715 6539
f 6715 11314 11315
f 6554 11315 6714
f 11316 11315 6716
f 11315 6554 6739
f 6719 11317 6555
f 6717 11317 6700
f 6716 11317 6717
f 6722 6720 6723
f 6723 6556 6725
f 6723 11319 6722
f 6726 6557 752
f 6724 11320 6544
f 6724 6726 11320
f 748 11320 6727
f 11320 6545 6544
f 6727 6726 752
f 6727 11321 748
f 6728 6546 748
f 11322 6728 6729
f 6559 11323 6730
f 6559 11322 6729
f 6559 6730 11322
f 11323 6752 753
f 11323 6559 6752
f 6730 11324 6547
f 11324 6548 6547
f 6731 11323 753
f 6731 11324 11323
f 753 6732 6731
f 6732 6560 754
f 6732 11325 749
f 6733 6732 754
f 754 11326 6733
f 11327 11326 6734
f 6733 11326 750
f 6712 6735 751
f 751 6736 11329
f 11329 6538 6713
f 11330 6736 756
f 6538 11329 54
f 49 11331 6553
f 11332 11331 6737
f 6564 11332 6737
f 11332 6738 6554
f 6567 6740 6566
f 6738 6740 6739
f 6555 11334 6719
f 6555 11333 11334
f 6742 11334 6743
f 11334 6742 6719
f 6556 6742 6744
f 6742 6721 6719
f 6742 6556 6721
f 6556 6744 6725
f 6745 11335 6746
f 6744 6745 6725
f 6557 6745 6747
f 6745 6557 6725
f 6557 6747 752
f 6747 11336 6748
f 11336 6746 758
f 11336 6747 6746
f 6748 11347 6750
f 6747 11337 752
f 6747 6748 11337
f 11337 6558 752
f 6749 11337 6750
f 6558 6749 6729
f 6750 6571 6749
f 6749 6751 6729
f 6751 6753 6559
f 6751 6559 6729
f 6753 6751 6572
f 6573 6753 6572
f 6753 11338 6752
f 6754 6757 6560
f 6754 6560 753
f 6757 6754 6755
f 6560 6756 754
f 6560 6757 6756
f 11339 6757 6755
f 6758 11339 6759
f 6756 6758 754
f 6758 6759 6561
f 6758 6561 754
f 6561 6759 755
f 6761 6762 6760
f 6760 6734 755
f 6760 6762 6734
f 6762 6761 11341
f 11342 6764 11330
f 6765 11342 6766
f 6764 11342 6765
f 6767 6563 4868
f 6768 6767 11260
f 6768 11343 6767
f 11343 6564 6737
f 11343 6769 6564
f 6565 6564 6771
f 6769 11344 6771
f 6567 6566 6773
f 6773 6566 6772
f 6567 11345 6741
f 11345 6568 6741
f 6569 6568 6774
f 6774 6583 760
f 6774 6568 6583
f 6569 11346 757
f 6569 6774 11346
f 6585 11346 6584
f 6776 6585 761
f 11346 6775 757
f 6570 6775 6777
f 6775 6570 757
f 6777 6776 761
f 6777 6775 6776
f 6570 6777 758
f 758 6586 6778
f 6586 6777 761
f 6778 11336 758
f 6778 11347 11336
f 11347 6779 6750
f 6780 6588 6779
f 6779 6588 6781
f 6781 6588 6782
f 6779 6781 6750
f 6783 11348 6782
f 11348 6781 6782
f 6589 6590 6783
f 6589 6783 6782
f 6590 6812 762
f 6783 6784 6572
f 6784 6786 6573
f 6784 6573 6572
f 6786 6590 762
f 6786 6784 6590
f 6786 11349 6785
f 6787 6788 6574
f 6787 11339 6755
f 6787 6574 11339
f 6574 6789 759
f 6574 6788 6789
f 11350 6788 6591
f 6789 6790 6575
f 6789 6575 759
f 6791 6790 763
f 6575 11351 6761
f 6575 6790 11351
f 6793 6796 6763
f 6796 6766 6763
f 6562 6796 1169
f 1169 11353 1168
f 1168 6576 53
f 6798 6577 6797
f 11260 6798 6768
f 11260 6577 6798
f 6579 6578 6799
f 6799 6578 6597
f 6579 11355 6770
f 11355 6580 6770
f 6581 6580 6800
f 6800 6599 764
f 6800 6580 6599
f 6581 6801 6772
f 6583 6582 6802
f 6801 6582 6772
f 6802 11356 765
f 6802 6582 11356
f 6583 6802 760
f 6585 6584 6804
f 6804 6584 6803
f 6585 6804 761
f 761 11358 6805
f 11374 11358 6601
f 6805 11358 6806
f 6805 6586 761
f 6586 11359 6587
f 6808 11360 6807
f 6807 6780 6587
f 6807 11360 6780
f 6809 6603 6811
f 6603 6809 6810
f 6811 6603 6604
f 6809 6589 6782
f 6809 6811 6589
f 6812 11363 6813
f 6605 11363 6604
f 6606 11363 6605
f 6813 6606 6815
f 6812 6813 762
f 6816 6814 6817
f 6845 6814 6844
f 6816 6817 6592
f 6816 11350 6591
f 6592 6817 763
f 6847 11365 6607
f 6818 6819 6593
f 6818 6791 763
f 11366 6819 766
f 6593 6820 6792
f 6593 6819 6820
f 6820 6821 6594
f 6820 11352 6792
f 6822 6821 767
f 6594 11367 6795
f 6594 6821 11367
f 11367 6609 768
f 11367 11368 6795
f 11368 11353 6795
f 53 6823 10666
f 50 6824 6595
f 6824 6611 769
f 6597 6596 6825
f 11369 6596 6595
f 6825 6596 6612
f 11370 6825 6612
f 11370 11385 770
f 6599 6598 6827
f 6826 6598 6597
f 6827 11370 770
f 6827 6598 11370
f 6599 11371 764
f 6829 6857 771
f 765 6830 6600
f 6830 765 11372
f 6600 6601 6803
f 6600 6830 6601
f 6833 6831 6615
f 6832 6833 6834
f 6834 6833 6616
f 6832 6808 6806
f 6835 6602 6836
f 6835 6836 6837
f 6837 6836 6867
f 6835 11375 6810
f 6835 6837 11375
f 11375 6603 6810
f 6838 6839 6840
f 6840 6839 6617
f 6838 6605 6604
f 6838 6840 6605
f 6606 6842 6815
f 6606 11376 6842
f 6842 6871 6843
f 11378 6844 6843
f 6846 11378 6618
f 6618 11378 11396
f 6845 6846 6607
f 11379 6846 6618
f 11379 6847 6846
f 6619 11379 6875
f 6848 6849 6608
f 6848 11366 766
f 6608 6849 767
f 767 6850 6609
f 11381 6850 772
f 6609 6850 768
f 11382 6852 52
f 10667 6852 6610
f 10667 6610 5254
f 6852 10667 52
f 6853 11383 8878
f 1081 6854 6853
f 1081 6853 8878
f 6854 1081 8880
f 11384 6854 8880
f 8884 6855 1080
f 11385 11386 770
f 6858 11386 1079
f 1079 6856 8884
f 6859 6857 6858
f 6857 6860 771
f 6861 11387 6860
f 6862 11387 6861
f 11387 6862 11388
f 11388 6614 6613
f 6863 11389 9051
f 6615 6614 11389
f 11389 6863 6864
f 11390 12178 8900
f 11390 11391 6864
f 6866 11392 6865
f 11392 8908 13
f 6865 11393 6616
f 11393 6836 6616
f 6867 1078 6868
f 6868 8917 6869
f 6868 1078 8917
f 6868 11394 6867
f 6870 1077 8928
f 1077 11395 6617
f 11395 6841 6617
f 6841 11395 11377
f 6872 9158 6873
f 6872 1076 9158
f 1076 6872 11396
f 6873 11396 6872
f 6874 8954 1075
f 6875 6874 1075
f 6619 6875 11398
f 11398 6877 6619
f 11398 6876 6877
f 6877 6876 6878
f 6879 6880 772
f 6880 6881 6851
f 11401 11400 6882
f 6610 11401 5254
f 1056 11403 46
f 5281 6884 10803
f 5279 6887 10802
f 1142 11404 1141
f 1141 7017 5279
f 11406 1144 5271
f 11407 1145 35
f 6922 1146 36
f 36 11409 7088
f 11409 5265 37
f 11409 1147 5265
f 6931 7088 11409
f 11409 11466 6931
f 6941 5264 38
f 6941 11410 5264
f 11410 6941 11484
f 6952 5261 5260
f 11536 1150 40
f 7011 11413 7010
f 11403 11413 46
f 11413 1158 46
f 7013 11414 7012
f 6884 11414 7011
f 7016 7015 7014
f 7014 7015 7011
f 7015 1157 6883
f 11416 11404 773
f 11417 11416 773
f 11417 7018 7013
f 7020 7019 7018
f 7018 7019 7013
f 11415 7019 7016
f 11419 6885 774
f 11419 7021 6885
f 6885 7021 6886
f 7022 6889 1142
f 6889 6895 775
f 6896 6889 775
f 7025 7024 7023
f 7023 11417 773
f 7023 7024 11417
f 7025 11420 776
f 6890 7024 7020
f 7027 6891 7026
f 7026 6891 7020
f 7027 11421 777
f 11422 7034 778
f 11422 6898 7034
f 774 11422 6888
f 774 6888 11419
f 6888 7028 45
f 7028 3450 45
f 6893 11424 6894
f 11424 6893 11405
f 6894 11424 6895
f 7032 7031 7030
f 7030 7025 776
f 7030 7031 7025
f 7032 6900 780
f 11421 7031 777
f 6898 11427 7033
f 7035 7034 7033
f 11428 6902 7047
f 7034 11428 778
f 778 11428 11429
f 6892 11429 7036
f 11430 7036 11429
f 7036 3322 6892
f 7036 11430 3322
f 7037 11431 5272
f 7039 7038 11431
f 11431 7037 6904
f 11405 7038 7029
f 779 6899 7040
f 7040 7054 782
f 7040 6899 7054
f 6899 779 11425
f 7043 7042 7041
f 7041 11426 779
f 7041 7042 11426
f 7043 6906 783
f 7043 7041 6906
f 6900 7042 780
f 11434 6907 784
f 7045 6901 7044
f 7044 6901 780
f 7045 11434 784
f 6902 11435 7046
f 11435 6908 7062
f 7045 11435 6901
f 11445 11436 6909
f 11436 7047 7046
f 7047 11436 781
f 11437 6910 7049
f 6910 11437 11436
f 11438 11437 7049
f 7048 11438 3466
f 11406 11439 6904
f 7053 7052 6914
f 6914 7051 6913
f 6914 7052 7051
f 7053 7071 7055
f 7052 6905 7039
f 11441 6915 7058
f 11440 11441 7054
f 7058 7057 7056
f 7056 7057 782
f 7058 7056 11441
f 6906 7057 783
f 11442 6916 786
f 7060 6907 7059
f 7059 6907 783
f 7060 11442 786
f 7060 7059 11442
f 11452 11443 6917
f 7061 11443 7063
f 7061 6908 784
f 7062 7061 7063
f 11444 7062 7063
f 6919 7065 7064
f 6919 7064 6918
f 7064 7065 7049
f 6912 1155 11447
f 7066 11447 11446
f 1155 3480 6903
f 7069 7068 6923
f 6923 7068 7067
f 7069 11457 787
f 7069 6923 11457
f 7069 7070 7068
f 7071 11449 7072
f 7072 7094 7074
f 7072 11449 7094
f 7073 11450 7074
f 6915 7073 7058
f 7076 7073 6924
f 7073 7075 7058
f 7077 6916 7075
f 7075 6916 7058
f 7077 7075 7076
f 6916 7077 786
f 6926 11451 6925
f 7078 6926 7080
f 7080 11452 7078
f 6927 7081 7079
f 6927 7079 7080
f 7081 11461 7083
f 7081 6927 11461
f 7079 7081 7063
f 11444 11453 6918
f 6928 7084 7082
f 6928 7082 7083
f 7084 6928 788
f 7082 6919 6918
f 7082 7084 6919
f 11454 7084 788
f 6929 7086 7085
f 6929 11454 788
f 6929 7085 11454
f 7085 6911 7066
f 7085 7086 6911
f 11455 7086 789
f 6920 6921 7087
f 6920 11455 789
f 7087 10059 6912
f 7087 6921 10059
f 7088 6922 36
f 6922 11456 11408
f 7090 7089 6932
f 6932 7089 6931
f 7090 6932 7112
f 11457 7091 787
f 7092 7091 6933
f 6933 7090 7112
f 6933 7091 7090
f 7092 7114 790
f 7092 6933 7114
f 7091 7092 787
f 7095 7093 6934
f 7094 7093 7095
f 6934 7093 790
f 7095 6934 791
f 7096 7095 791
f 6924 11459 7076
f 6924 7096 11459
f 7097 11459 6935
f 6935 7096 791
f 7097 6936 7099
f 7097 6935 6936
f 11459 6925 7076
f 11459 7097 6925
f 7099 6926 7097
f 6926 7098 7080
f 7099 11460 7098
f 11460 11474 7102
f 7098 7100 7080
f 7102 11461 7100
f 7100 6927 7080
f 7102 7100 11460
f 11461 7101 7083
f 6937 7104 7101
f 6937 7101 7102
f 7101 7103 7083
f 7101 7104 7103
f 7103 6928 7083
f 11462 7104 792
f 6928 11462 788
f 11462 11463 788
f 6939 11463 6938
f 6938 11462 792
f 6938 11463 11462
f 6929 7105 7086
f 6940 7107 7106
f 6940 6939 793
f 7106 7107 789
f 11465 11464 7108
f 11465 1154 44
f 37 11466 11409
f 11466 7110 6931
f 7110 11466 11467
f 6943 7109 6942
f 7111 6943 795
f 7111 11468 6943
f 11469 11470 7112
f 7114 7115 7116
f 796 7115 7113
f 7116 6945 7118
f 7114 7116 790
f 7116 11471 790
f 11471 6934 790
f 6934 7117 791
f 7119 6946 797
f 7117 7119 791
f 11473 11472 7120
f 6936 11473 7099
f 11473 7121 7099
f 7122 11474 7121
f 11474 7123 7102
f 6948 11475 7123
f 6948 7123 7122
f 11475 7145 798
f 11475 6948 7145
f 7123 11476 7102
f 11476 6937 7102
f 7124 11475 798
f 7124 11476 11475
f 798 11477 7124
f 11478 11477 7125
f 7124 11477 792
f 799 11479 7126
f 799 7126 7125
f 11480 11479 7127
f 7107 7128 794
f 794 7129 11482
f 11482 6930 7108
f 11483 7129 801
f 6930 11482 43
f 38 11484 6941
f 6953 11485 7130
f 7130 11485 11484
f 11485 7131 6942
f 6956 7133 6955
f 6954 7133 7131
f 7132 11486 6944
f 7132 6944 795
f 6944 7135 796
f 6944 11486 7135
f 7135 7136 6945
f 6945 7136 7137
f 7135 6945 796
f 7137 7136 7138
f 6945 7137 7118
f 6959 11488 7138
f 11488 7137 7138
f 7140 6959 802
f 7137 7139 7118
f 6946 7139 7141
f 7139 6946 7118
f 7141 7140 802
f 7141 7139 7140
f 6946 7141 797
f 797 11489 7142
f 11489 7141 802
f 7142 6960 803
f 797 7142 7120
f 7120 11490 6947
f 11490 7142 803
f 6947 7143 7122
f 6961 11490 803
f 6961 7143 11490
f 7143 7144 7122
f 7144 7146 6948
f 7144 6948 7122
f 7146 7144 6962
f 6963 7146 6962
f 7146 11491 7145
f 7147 7150 6949
f 7147 6949 798
f 7150 7147 7148
f 6949 7149 799
f 6949 7150 7149
f 11492 7150 7148
f 7151 11492 7152
f 7149 7151 799
f 7151 7152 6950
f 7151 6950 799
f 6950 7152 800
f 7154 7155 7153
f 7153 7127 800
f 7153 7155 7127
f 7155 7154 11494
f 11495 7157 11483
f 7158 11495 7159
f 7157 11495 7158
f 7160 6952 5260
f 7161 7160 11412
f 7161 11496 7160
f 11496 6953 7130
f 11496 7162 6953
f 6954 6953 7164
f 7162 11497 7164
f 6956 6955 7166
f 7166 6955 7165
f 6956 11498 7134
f 11498 6957 7134
f 6958 6957 7167
f 7167 6973 805
f 7167 6957 6973
f 6958 11499 7138
f 6958 7167 11499
f 6975 11499 6974
f 7169 6975 806
f 11499 7168 7138
f 6959 7168 7170
f 7168 6959 7138
f 7170 7169 806
f 7170 7168 7169
f 6959 7170 802
f 802 11500 7171
f 11512 11500 6976
f 7171 11500 7172
f 7171 11489 802
f 7171 6960 11489
f 6960 7173 803
f 7173 7174 7175
f 7175 6977 807
f 7175 7174 6977
f 7173 7175 803
f 7176 11501 7177
f 7177 6978 7176
f 7179 6978 7206
f 7176 7178 6962
f 7178 7181 6963
f 7178 6963 6962
f 7181 7178 7179
f 6979 7181 7179
f 7181 11502 7180
f 7182 7183 6964
f 7182 11492 7148
f 7182 6964 11492
f 6964 7184 804
f 6964 7183 7184
f 11503 7183 6980
f 7184 7185 6965
f 7184 6965 804
f 7186 7185 808
f 6965 11504 7154
f 6965 7185 11504
f 7188 7191 7156
f 7191 7159 7156
f 6951 7191 1152
f 1152 11506 1151
f 1151 6966 42
f 7193 6967 7192
f 11412 7193 7161
f 11412 6967 7193
f 6969 6968 7194
f 7194 6968 6986
f 6969 11508 7163
f 11508 6970 7163
f 6971 6970 7195
f 7195 6988 809
f 7195 6970 6988
f 6971 11509 7165
f 6973 6972 7197
f 11509 6972 7165
f 7197 6972 7196
f 6973 7197 805
f 6975 6974 7199
f 7199 6974 7198
f 6975 7199 806
f 806 11511 6993
f 11527 11511 6992
f 806 6993 6976
f 7202 11513 7201
f 7201 11514 7172
f 7201 11513 11514
f 11514 7174 7172
f 7204 11514 7203
f 11514 11513 7203
f 6977 7204 807
f 7204 6995 7205
f 6995 7204 7203
f 7205 7232 7207
f 7205 6995 7232
f 7204 7205 807
f 11516 11515 7207
f 7208 7209 6979
f 6996 7209 7208
f 7208 6979 7179
f 6979 7209 6980
f 7238 11517 6997
f 11517 7209 6996
f 7210 11517 7211
f 7210 7211 6981
f 7210 11503 6980
f 6981 7211 808
f 7240 11518 6998
f 7212 7213 6982
f 7212 7186 808
f 6982 7214 7187
f 6982 7213 7214
f 11519 7213 811
f 7214 7215 6983
f 7214 11505 7187
f 7216 7215 812
f 6983 11520 7190
f 6983 7215 11520
f 11520 7000 813
f 11520 11521 7190
f 11521 11506 7190
f 42 7217 10062
f 39 7218 6984
f 7218 7002 814
f 6986 6985 7219
f 11522 6985 6984
f 7219 6985 7003
f 11523 7219 7003
f 11523 11538 815
f 6988 6987 7221
f 7220 6987 6986
f 7221 11523 815
f 7221 6987 11523
f 6988 7222 809
f 11524 7250 816
f 7223 6989 809
f 7223 11524 816
f 6989 11525 7196
f 6991 6990 7224
f 11525 6990 7196
f 6991 6992 7198
f 6991 7224 6992
f 7227 7225 7006
f 7226 7227 7228
f 7228 7258 817
f 7228 7227 7258
f 7226 7202 7200
f 7229 6994 7230
f 7229 7230 7231
f 7231 7230 7261
f 7229 11528 7203
f 7229 7231 11528
f 11528 6995 7203
f 7232 7233 7234
f 7234 7233 7007
f 7232 7234 7207
f 7237 11530 818
f 11529 11530 7235
f 11530 7237 6997
f 11531 7238 7237
f 7239 11531 7008
f 7008 11531 11548
f 810 7239 6998
f 11532 7239 7008
f 11532 7240 7239
f 7009 11532 7268
f 7241 7242 6999
f 7241 11519 811
f 6999 7242 812
f 812 7243 7000
f 11534 7243 819
f 7000 7243 813
f 11535 7245 41
f 10063 7245 7001
f 10063 7001 3675
f 7245 10063 41
f 7246 9282 18
f 7246 11536 9282
f 1090 7247 7246
f 1090 7246 18
f 7247 1090 17
f 11537 7247 17
f 8789 7248 1089
f 11538 11539 815
f 7251 11539 1088
f 1088 7249 8789
f 7252 7250 7251
f 7250 7253 816
f 7254 11540 7253
f 7255 11540 7254
f 11540 7255 11541
f 11541 7005 7004
f 7256 11542 15
f 7006 7005 11542
f 11542 7256 7257
f 11543 12003 14
f 11543 11544 7257
f 7260 1087 12002
f 7260 11545 1087
f 7261 1086 7262
f 7262 8650 7263
f 7262 1086 8650
f 7262 11546 7261
f 7264 1085 8636
f 1085 11547 7007
f 11547 7236 7007
f 7236 11547 11530
f 7265 8487 7266
f 7265 1084 8487
f 1084 7265 11548
f 7266 11548 7265
f 7267 8620 1083
f 7268 7267 1083
f 7009 7268 11550
f 11550 7270 7009
f 11550 7269 7270
f 7270 7269 7271
f 7272 7273 819
f 7273 7274 7244
f 11553 11552 7275
f 7001 11554 3675
f 7001 11553 11554
f 4 11554 11997
f 1098 7279 7415
f 7279 1098 8476
f 1098 7415 8474
f 8480 7283 1097
f 24 11556 1096
f 1096 7419 8480
f 11558 12031 8496
f 7454 11559 7455
f 11559 8504 23
f 7455 11599 7456
f 7319 1095 7318
f 7318 8512 22
f 7318 1095 8512
f 21 1094 8523
f 1094 11616 7329
f 7344 8755 7533
f 7344 1093 8755
f 1093 7344 11632
f 7356 8549 1092
f 11683 11563 7650
f 7415 11564 8474
f 11564 1139 7276
f 11565 7279 8476
f 7278 7277 7418
f 7277 7416 7280
f 11567 11556 820
f 11568 11567 820
f 11568 7420 7417
f 7422 7421 7420
f 7420 7421 7417
f 11566 7421 7418
f 11570 7281 821
f 11570 7423 7281
f 7281 7423 7282
f 7424 7285 24
f 7285 7291 822
f 11571 7285 822
f 7427 7426 7425
f 7425 11568 820
f 7425 7426 11568
f 7427 7293 823
f 7286 7426 7422
f 11572 7294 824
f 7429 7287 7428
f 7428 7287 7422
f 7429 11572 824
f 11573 7436 825
f 11573 7295 7436
f 821 11573 7284
f 821 7284 11570
f 7284 7430 5655
f 7430 5656 5655
f 7289 11575 7290
f 11575 7289 11557
f 7290 11575 7291
f 7292 11571 822
f 7432 11576 826
f 7292 7432 823
f 7434 7294 7433
f 7433 7427 823
f 7433 7294 7427
f 7434 11577 827
f 7295 11578 7435
f 7437 7436 7435
f 11579 7298 7450
f 7436 11579 825
f 825 11579 11580
f 7288 11580 7438
f 11581 7438 11580
f 7438 5659 7288
f 7438 11581 5659
f 7439 11582 8648
f 7441 7440 11582
f 11582 7439 7299
f 11557 7440 7431
f 7443 7442 7296
f 7443 7459 829
f 7443 7296 7459
f 11576 7442 826
f 7447 7446 7444
f 7444 7446 826
f 7447 7444 7445
f 11577 7446 827
f 11585 7302 830
f 7449 7297 7448
f 7448 7297 827
f 7449 11585 830
f 7449 7303 7297
f 7437 7303 7298
f 7451 828 7450
f 11587 7305 7453
f 7305 11587 11586
f 11588 11587 7453
f 7452 11588 5660
f 11558 11589 7299
f 7458 7457 7308
f 7308 7457 7456
f 7458 7476 831
f 7457 7300 7441
f 7461 11591 7309
f 7309 11591 831
f 11590 11591 7459
f 7462 7301 7460
f 7460 7301 829
f 7462 7460 7461
f 7310 7462 7461
f 11592 7311 832
f 7462 11592 7301
f 7464 7302 7463
f 7463 7447 7445
f 7463 7302 7447
f 7464 11592 832
f 7464 7463 11592
f 7313 11593 7312
f 7314 11595 7466
f 7314 7466 7465
f 7468 11595 833
f 7467 11595 7468
f 7466 7467 7304
f 7467 7451 7304
f 7467 11596 7451
f 7315 7470 7469
f 7315 7468 833
f 7315 7469 7468
f 7469 7470 7453
f 7472 11598 11597
f 11599 7473 7456
f 7474 7473 7320
f 7320 7473 7319
f 7474 11608 834
f 7474 7320 11608
f 7474 7475 7473
f 7476 11600 7477
f 7477 11609 7479
f 7477 11600 11609
f 7478 11601 7479
f 7309 7478 7461
f 7481 7478 7321
f 7478 7480 7461
f 7482 7311 7480
f 7480 7310 7461
f 7480 7311 7310
f 7482 7480 7481
f 7311 7482 832
f 7323 11602 7322
f 7483 7323 835
f 7484 7313 7483
f 7484 7483 835
f 7313 7485 7465
f 7313 7484 7485
f 7486 7485 7324
f 7324 7484 835
f 7486 7324 836
f 7485 7314 7465
f 7325 7488 7487
f 7325 7486 836
f 7325 7487 7486
f 7488 7325 7326
f 7487 7488 833
f 11604 7488 7326
f 7327 7490 7489
f 7327 11604 7326
f 7327 7489 11604
f 7489 7306 7472
f 7489 7490 7306
f 11606 1135 7307
f 7318 11607 7319
f 7493 7492 7330
f 7330 7492 7329
f 7493 7512 7495
f 7493 7330 7512
f 11608 7494 834
f 7496 7494 7331
f 7331 7494 7495
f 7496 7331 7332
f 7494 7496 834
f 7496 11609 834
f 11609 11600 834
f 7497 7496 7332
f 11609 7498 7479
f 7499 7498 7333
f 7333 7497 7332
f 7333 7498 7497
f 7499 7333 7334
f 7500 7499 7334
f 7321 11610 7481
f 7321 7500 11610
f 7501 11610 7335
f 7335 7500 7334
f 7501 7335 7336
f 11610 7322 7481
f 11610 7501 7322
f 7502 7323 7501
f 7502 7501 7336
f 7323 7502 835
f 7337 7502 7336
f 7503 7337 7338
f 7504 7503 7338
f 7324 11611 836
f 11611 7504 836
f 7339 7505 7504
f 7340 7505 7339
f 7339 7504 7338
f 7504 7505 836
f 7342 11613 7341
f 7341 7340 837
f 7341 11613 7340
f 7327 7506 7490
f 7343 7508 7507
f 7343 7342 838
f 7507 7316 7491
f 7507 7508 7316
f 11615 11614 7509
f 11615 1134 5666
f 11616 7511 7329
f 7511 11616 11617
f 7346 7510 7345
f 7513 7346 840
f 7513 11618 7346
f 7512 11619 7495
f 7513 11619 7512
f 7516 7515 7517
f 841 7515 7514
f 7517 7348 7519
f 7517 11621 7516
f 7520 7518 7521
f 7521 7349 842
f 7521 11622 7520
f 7522 7521 842
f 7350 7523 7522
f 7524 7523 7350
f 7350 7522 842
f 7524 7350 7351
f 7352 11624 7525
f 7352 7525 7524
f 11624 7550 843
f 11624 7352 7550
f 7525 7526 7338
f 7526 7339 7338
f 7527 11624 843
f 7527 7526 11624
f 843 11625 7527
f 11626 11625 7528
f 7527 11625 837
f 844 11627 7529
f 844 7529 7528
f 11628 11627 7530
f 7508 7531 839
f 839 7532 11630
f 11630 7328 7509
f 11631 7532 846
f 7328 11630 5667
f 7533 11632 7344
f 7357 11633 7534
f 7534 11633 11632
f 11633 7535 7345
f 7360 7537 7359
f 7358 7537 7535
f 7536 11634 7347
f 7536 7347 840
f 7347 7539 841
f 7347 11634 7539
f 7539 7540 7348
f 7348 7540 7541
f 7539 7348 841
f 7541 7540 7542
f 7348 7541 7519
f 7363 11636 7542
f 11636 7541 7542
f 7544 7363 847
f 7541 7543 7519
f 7349 7543 7545
f 7543 7349 7519
f 7545 7544 847
f 7545 7543 7544
f 7349 7545 842
f 842 11637 7546
f 11637 7545 847
f 7546 7364 7548
f 842 7546 11638
f 11638 7350 842
f 7547 11638 7548
f 7351 7547 7524
f 7548 7365 7547
f 7547 7549 7524
f 7549 7551 7352
f 7549 7352 7524
f 7551 7549 7366
f 7367 7551 7366
f 7551 11639 7550
f 7552 7555 7353
f 7552 7353 843
f 7555 7552 7553
f 7353 7554 844
f 7353 7555 7554
f 11640 7555 7553
f 7556 11640 7557
f 7554 7556 844
f 7556 7557 7354
f 7556 7354 844
f 7354 7557 845
f 7558 7559 7560
f 7558 7530 845
f 7558 7560 7530
f 11642 7559 849
f 11643 7562 11631
f 7563 11643 7564
f 7562 11643 7563
f 7565 7356 1092
f 7566 7565 11561
f 7566 11644 7565
f 11644 7357 7534
f 11644 7567 7357
f 7358 7357 7569
f 7567 11645 7569
f 7360 7359 7571
f 7571 7359 7570
f 7360 11646 7538
f 11646 7361 7538
f 7362 7361 7572
f 7572 7377 850
f 7572 7361 7377
f 7362 11647 7542
f 7362 7572 11647
f 7379 11647 7378
f 7574 7379 851
f 11647 7573 7542
f 7363 7573 7575
f 7573 7363 7542
f 7575 7574 851
f 7575 7573 7574
f 7363 7575 847
f 847 7380 7576
f 7380 7575 851
f 7576 11637 847
f 7576 7364 11637
f 7364 7577 7548
f 7578 7382 7577
f 7577 7382 7579
f 7579 7382 7580
f 7577 7579 7548
f 7581 11648 7580
f 11648 7579 7580
f 7383 7384 7581
f 7383 7581 7580
f 7583 7384 7610
f 7581 7582 7366
f 7582 7585 7367
f 7582 7367 7366
f 7585 7582 7583
f 11649 7585 7583
f 7585 11649 7584
f 7586 7587 7368
f 7586 11640 7553
f 7586 7368 11640
f 7368 7588 848
f 7368 7587 7588
f 11650 7587 7385
f 7588 7589 7369
f 7588 7369 848
f 11651 7589 852
f 7369 7589 849
f 7590 11642 849
f 7592 7590 7591
f 7592 11652 7561
f 11652 7595 7561
f 7595 7564 7561
f 7355 7595 1132
f 1132 11653 1131
f 1131 7370 5675
f 7596 7371 20
f 11561 7596 7566
f 11561 7371 7596
f 7373 7372 7597
f 7597 7372 7392
f 7373 11655 7568
f 7375 7374 7598
f 11655 7374 7568
f 7598 7394 853
f 7598 7374 7394
f 7375 7599 7570
f 7377 7376 7600
f 7599 7376 7570
f 7600 11656 854
f 7600 7376 11656
f 7377 7600 850
f 7379 7378 7602
f 7602 7378 7601
f 7379 7602 851
f 851 11658 7603
f 11674 11658 7396
f 7603 11658 7604
f 7603 7380 851
f 7380 11659 7381
f 7606 11660 7605
f 7605 7578 7381
f 7605 11660 7578
f 7607 7398 7609
f 7398 7607 7608
f 7609 7398 7399
f 7607 7383 7580
f 7607 7609 7383
f 7400 11663 7399
f 7401 11663 7400
f 7614 11664 7611
f 7611 11649 7583
f 7611 11664 11649
f 7614 7611 7612
f 7615 7613 7616
f 7644 7613 7643
f 7615 7616 7386
f 7615 11650 7385
f 7386 7616 852
f 7646 11665 7402
f 7617 7618 7387
f 7617 11651 852
f 11666 7618 855
f 7387 7619 7591
f 7387 7618 7619
f 7619 7620 7388
f 7619 7593 7591
f 7621 7620 856
f 7388 11667 7594
f 7388 7620 11667
f 11667 7404 857
f 11667 11668 7594
f 11668 11653 7594
f 5675 7622 10950
f 19 7623 7390
f 7623 7406 858
f 7392 7391 7624
f 11669 7391 7390
f 7624 7391 7407
f 11670 7624 7407
f 11670 11685 859
f 7394 7393 7626
f 7625 7393 7392
f 7626 11670 859
f 7626 7393 11670
f 7394 11671 853
f 7628 7655 860
f 854 7629 7395
f 7629 854 11672
f 7395 7396 7601
f 7395 7629 7396
f 7632 7630 7410
f 7631 7632 7633
f 7633 7632 7411
f 7631 7606 7604
f 7634 7397 7635
f 7634 7635 7636
f 7636 7635 7665
f 7634 11675 7608
f 7634 7636 11675
f 11675 7398 7608
f 7637 7638 7639
f 7639 7638 7412
f 7637 7400 7399
f 7637 7639 7400
f 7401 7641 7612
f 7401 11676 7641
f 7641 7669 7642
f 11678 7643 7642
f 7645 11678 7413
f 7413 11678 11696
f 7644 7645 7402
f 11679 7645 7413
f 11679 7646 7645
f 7414 11679 7673
f 7647 7648 7403
f 7647 11666 855
f 7403 7648 856
f 856 7649 7404
f 11681 7649 861
f 7404 7649 857
f 857 11682 7389
f 7389 1130 5676
f 7405 11682 862
f 7405 1130 11682
f 1130 7679 5679
f 1130 10951 5676
f 7651 9281 34
f 7651 11683 9281
f 1121 7652 7651
f 1121 7651 34
f 7652 1121 33
f 11684 7652 33
f 7995 7653 1120
f 11685 11686 859
f 7656 11686 1119
f 1119 7654 7995
f 7657 7655 7656
f 7655 7658 860
f 7659 11687 7658
f 7660 11687 7659
f 11687 7660 11688
f 11688 7409 7408
f 7661 11689 31
f 7410 7409 11689
f 11689 7661 7662
f 11690 11708 30
f 11690 11691 7662
f 11692 11693 7411
f 11693 7635 7411
f 7664 11693 11692
f 7665 1118 7666
f 7666 7856 7667
f 7666 1118 7856
f 7666 11694 7665
f 7668 1117 7842
f 1117 11695 7412
f 11695 7640 7412
f 7640 11695 11677
f 7670 7694 7671
f 7670 1116 7694
f 1116 7670 11696
f 7671 11696 7670
f 7672 7828 1115
f 7673 7672 1115
f 7414 7673 11698
f 11698 7675 7414
f 11698 7674 7675
f 7675 7674 7676
f 7677 7678 861
f 11701 11700 7680
f 1051 11702 11703
f 1051 11703 9285
f 11700 7684 7819
f 7684 11700 7677
f 11700 7819 7680
f 7676 7688 11699
f 1115 11704 1114
f 1114 7823 7676
f 11706 1117 7667
f 7856 11707 7857
f 11707 1118 7664
f 7857 11746 7858
f 7724 7873 7723
f 7723 7663 30
f 7723 7873 7663
f 31 11708 7661
f 11708 11763 7734
f 7748 7660 32
f 7748 11709 7660
f 11709 7748 11779
f 7760 7657 7656
f 11830 1121 34
f 7819 11703 7680
f 7819 11712 11703
f 11712 1129 7681
f 11713 7684 7677
f 7683 7682 7822
f 7682 7820 7685
f 11715 11704 863
f 11716 11715 863
f 11716 7824 7821
f 7826 7825 7824
f 7824 7825 7821
f 11714 7825 7822
f 11718 7686 864
f 11718 7827 7686
f 7686 7827 7687
f 7828 7690 1115
f 7690 7696 865
f 7697 7690 865
f 7831 7830 7829
f 7829 11716 863
f 7829 7830 11716
f 7831 11719 866
f 7691 7830 7826
f 11720 7699 867
f 7833 7692 7832
f 7832 7692 7826
f 7833 11720 867
f 11721 7839 868
f 11721 7700 7839
f 864 11721 7689
f 864 7689 11718
f 7689 7834 6059
f 7834 6060 6059
f 7694 11723 7695
f 11723 7694 11705
f 7695 11723 7696
f 7837 7699 7836
f 7836 7831 866
f 7836 7699 7831
f 7837 7702 870
f 7700 11726 7838
f 7840 7839 7838
f 11727 7704 7853
f 7839 11727 868
f 868 11727 11728
f 7693 11728 7841
f 11729 7841 11728
f 7841 6063 7693
f 7841 11729 6063
f 7842 11730 7668
f 7844 7843 11730
f 11730 7842 7706
f 11705 7843 7835
f 869 7701 7845
f 7845 7861 872
f 7845 7701 7861
f 7701 869 11724
f 7849 7848 7846
f 7846 11725 869
f 7846 7848 11725
f 7849 7846 7847
f 7702 7848 870
f 11733 7709 873
f 7851 7703 7850
f 7850 7703 870
f 7851 11733 873
f 7704 7710 7852
f 7851 7710 7703
f 11744 11734 7711
f 11734 7853 7852
f 7853 11734 871
f 11735 7712 7855
f 7712 11735 11734
f 11736 11735 7855
f 7854 11736 6064
f 11706 11737 7706
f 7860 7859 7714
f 7714 7859 7858
f 7860 7877 875
f 7859 7707 7844
f 7863 11739 7715
f 7715 11739 875
f 11738 11739 7861
f 7864 7708 7862
f 7862 7708 872
f 7864 7862 7863
f 7716 7864 7863
f 11740 7717 876
f 7864 11740 7708
f 7866 7709 7865
f 7865 7849 7847
f 7865 7709 7849
f 7866 11740 876
f 7866 7865 11740
f 7867 7719 877
f 7867 11742 7719
f 877 11743 7867
f 7868 11743 878
f 7711 11743 7868
f 7720 7870 7869
f 7720 7868 878
f 7720 7869 7868
f 7869 7870 7855
f 7871 11745 7872
f 7872 7713 7871
f 7871 6066 7705
f 7871 7713 6066
f 11746 7874 7858
f 7875 7874 7725
f 7725 7874 7724
f 7875 11755 879
f 7875 7725 11755
f 7875 7876 7874
f 7877 11747 7878
f 7878 11756 7880
f 7878 11747 11756
f 7879 11748 7880
f 7715 7879 7863
f 7882 7879 7726
f 7879 7881 7863
f 7883 7717 7881
f 7881 7716 7863
f 7881 7717 7716
f 7883 7881 7882
f 7717 7883 876
f 7727 7883 7882
f 7884 7728 880
f 7883 11749 876
f 11749 7884 876
f 7885 7718 7884
f 7719 7718 7885
f 7884 7718 876
f 7885 7884 880
f 7719 7886 877
f 7719 7885 7886
f 7730 7887 7729
f 7729 7885 880
f 7731 7890 7888
f 7731 7888 7889
f 7890 7731 881
f 7888 7890 878
f 11751 7890 881
f 7732 7892 7891
f 7732 11751 881
f 7732 7891 11751
f 7891 7892 7872
f 11753 11095 6067
f 11753 1126 11095
f 7723 11754 7724
f 7895 7894 7735
f 7735 7894 7734
f 7895 7916 7897
f 7895 7735 7916
f 11755 7896 879
f 7898 7896 7736
f 7736 7896 7897
f 7898 7736 7737
f 7896 7898 879
f 7898 11756 879
f 11756 11747 879
f 7899 7898 7737
f 11756 7900 7880
f 7901 7900 7738
f 7738 7899 7737
f 7738 7900 7899
f 7901 7738 7739
f 7902 7901 7739
f 7726 11757 7882
f 7726 7902 11757
f 7741 11757 7740
f 7740 7902 7739
f 11757 7903 7882
f 7904 7728 7903
f 7903 7727 7882
f 7903 7728 7727
f 7904 7903 7741
f 7728 7904 880
f 7743 7905 7742
f 7742 7904 7741
f 7729 11758 7730
f 7744 7909 7906
f 7744 7906 7907
f 7906 7908 7889
f 7906 7909 7908
f 7908 7731 7889
f 11759 7909 882
f 7731 11759 881
f 11759 11760 881
f 7746 11760 7745
f 7745 11759 882
f 7745 11760 11759
f 7732 7910 7892
f 7747 7912 7911
f 7747 7746 883
f 7911 7721 7893
f 7911 7912 7721
f 11762 11761 7913
f 11762 1125 6069
f 11763 7915 7734
f 7915 11763 11764
f 7750 7914 7749
f 7917 7750 885
f 7917 11765 7750
f 7916 11766 7897
f 7917 11766 7916
f 7920 7919 7921
f 886 7919 7918
f 7921 7752 7923
f 7921 11768 7920
f 7924 7753 887
f 7922 11769 7739
f 7922 7924 11769
f 7741 11769 7925
f 11769 7740 7739
f 7925 7924 887
f 7741 7925 11770
f 7926 11770 7754
f 7754 7925 887
f 7926 7754 7755
f 7743 7927 7907
f 7756 11772 7927
f 7756 7927 7926
f 11772 7950 888
f 11772 7756 7950
f 7927 7928 7907
f 7928 7744 7907
f 7929 11772 888
f 7929 7928 11772
f 888 7930 7929
f 7930 7757 889
f 7930 11773 882
f 7931 7930 889
f 889 11774 7931
f 11775 11774 7932
f 7931 11774 883
f 7912 7933 884
f 884 7934 11777
f 11777 7733 7913
f 11778 7934 891
f 7733 11777 6070
f 32 11779 7748
f 7761 11780 7935
f 7935 11780 11779
f 11780 7936 7749
f 7764 7938 7763
f 7762 7938 7936
f 7937 11781 7751
f 7937 7751 885
f 7751 11782 886
f 7751 11781 11782
f 7940 11782 7941
f 11782 7940 886
f 7752 7940 7942
f 7940 7752 886
f 7752 7942 7923
f 7943 11783 7944
f 7942 7943 7923
f 7753 7943 7945
f 7943 7753 7923
f 7753 7945 887
f 7945 11784 7946
f 11784 7944 893
f 11784 7945 7944
f 7946 7768 894
f 7945 7946 887
f 7947 11785 7948
f 7755 7947 7926
f 7948 7769 7947
f 7947 7949 7926
f 7949 7951 7756
f 7949 7756 7926
f 7951 7949 7770
f 7771 7951 7770
f 7951 11786 7950
f 7952 7955 7757
f 7952 7757 888
f 7955 7952 7953
f 7757 7954 889
f 7757 7955 7954
f 11787 7955 7953
f 7956 11787 7957
f 7954 7956 889
f 7956 7957 7758
f 7956 7758 889
f 7758 7957 890
f 7958 7959 7960
f 7958 7932 890
f 7958 7960 7932
f 11789 7959 896
f 11790 7962 11778
f 7963 11790 7964
f 7962 11790 7963
f 7965 7760 7656
f 7966 7965 11711
f 7966 11791 7965
f 11791 7761 7935
f 11791 7967 7761
f 7762 7761 7969
f 7967 11792 7969
f 7764 7763 7971
f 7971 7763 7970
f 7764 11793 7939
f 11793 7765 7939
f 7766 7765 7972
f 7972 7781 897
f 7972 7765 7781
f 7766 11794 892
f 7766 7972 11794
f 7783 11794 7782
f 7974 7783 898
f 11794 7973 892
f 7767 7973 7975
f 7973 7767 892
f 7975 7974 898
f 7975 7973 7974
f 7767 7975 893
f 893 7784 7976
f 7784 7975 898
f 7976 11784 893
f 7976 7768 11784
f 7768 7977 894
f 7977 7978 7979
f 7979 7786 899
f 7979 7978 7786
f 7977 7979 894
f 7980 11795 7981
f 7981 7787 7980
f 7980 7982 7770
f 7982 7984 7771
f 7982 7771 7770
f 7984 7788 900
f 7984 7982 7788
f 11796 7984 900
f 7984 11796 7983
f 7985 7986 7772
f 7985 11787 7953
f 7985 7772 11787
f 7772 7987 895
f 7772 7986 7987
f 11797 7986 7789
f 7987 7988 7773
f 7987 7773 895
f 11798 7988 901
f 7773 7988 896
f 7989 11789 896
f 7991 7989 7990
f 7991 11799 7961
f 11799 7994 7961
f 7994 7964 7961
f 7759 7994 1123
f 1123 11800 1122
f 1122 7774 6078
f 7996 7775 7995
f 11711 7996 7966
f 11711 7775 7996
f 7777 7776 7997
f 7997 7776 7795
f 7777 11802 7968
f 11802 7778 7968
f 7779 7778 7998
f 7998 7797 902
f 7998 7778 7797
f 7779 7999 7970
f 7781 7780 8000
f 7999 7780 7970
f 8000 11803 903
f 8000 7780 11803
f 7781 8000 897
f 7783 7782 8002
f 8002 7782 8001
f 7783 8002 898
f 898 11805 8003
f 11821 11805 7799
f 8003 11805 8004
f 8003 7784 898
f 7784 11806 7785
f 8006 11807 8005
f 8005 11808 7785
f 8005 11807 11808
f 11808 7978 7785
f 8008 11808 8007
f 11808 11807 8007
f 7786 8008 899
f 8008 7801 8009
f 7801 8008 8007
f 8009 7801 7802
f 8008 8009 899
f 900 11810 8010
f 7803 11810 7802
f 8037 11810 7803
f 8010 11796 900
f 8010 11811 11796
f 8040 8011 7805
f 8012 8011 8013
f 8012 8013 7790
f 8012 11797 7789
f 7790 8013 901
f 8042 11812 7806
f 8014 8015 7791
f 8014 11798 901
f 7791 8016 7990
f 7791 8015 8016
f 11813 8015 905
f 8016 8017 7792
f 8016 7992 7990
f 8018 8017 906
f 7792 11814 7993
f 7792 8017 11814
f 11814 7808 907
f 11814 11815 7993
f 11815 11800 7993
f 6078 8019 11101
f 33 8020 7793
f 8020 7810 908
f 7795 7794 8021
f 11816 7794 7793
f 8021 7794 7811
f 11817 8021 7811
f 11817 11832 909
f 7797 7796 8023
f 8022 7796 7795
f 8023 11817 909
f 8023 7796 11817
f 7797 11818 902
f 8025 8052 910
f 903 8026 7798
f 8026 903 11819
f 7798 7799 8001
f 7798 8026 7799
f 8029 8027 7814
f 8028 8029 8030
f 8030 8029 7815
f 8028 8006 8004
f 8031 7800 8032
f 8031 8032 8033
f 8033 8062 911
f 8033 8032 8062
f 8031 11822 8007
f 8031 8033 11822
f 11822 7801 8007
f 8034 8035 8036
f 8036 8035 7816
f 8034 7803 7802
f 8034 8036 7803
f 8039 11824 912
f 11823 11824 8037
f 11824 8039 7805
f 11825 8040 8039
f 8041 11825 7817
f 7817 11825 11844
f 904 8041 7806
f 11826 8041 7817
f 11826 8042 8041
f 7818 11826 8068
f 8043 8044 7807
f 8043 11813 905
f 7807 8044 906
f 906 8045 7808
f 11828 8045 913
f 7808 8045 907
f 11829 8047 6079
f 11102 8047 7809
f 11102 7809 6082
f 8047 11102 6079
f 8048 9280 29
f 8048 11830 9280
f 1106 8049 8048
f 1106 8048 29
f 8049 1106 28
f 11831 8049 28
f 8388 8050 1105
f 11832 11833 909
f 8053 11833 1104
f 1104 8051 8388
f 8054 8052 8053
f 8052 8055 910
f 8056 11834 8055
f 8057 11834 8056
f 11834 8057 11835
f 11835 7813 7812
f 8058 11836 26
f 7814 7813 11836
f 11836 8058 8059
f 11837 11856 25
f 11837 11838 8059
f 11839 11840 7815
f 11840 8032 7815
f 8061 11840 11839
f 1103 8245 8063
f 911 11841 11842
f 8064 1102 8232
f 1102 11843 7816
f 11843 8038 7816
f 8038 11843 11824
f 8065 8088 8066
f 8065 1101 8088
f 1101 8065 11844
f 8066 11844 8065
f 8067 8217 1100
f 8068 8067 1100
f 7818 8068 11846
f 11846 8070 7818
f 11846 8069 8070
f 8070 8069 8071
f 8072 8073 913
f 8073 8074 8046
f 11849 11848 8075
f 7809 11850 6082
f 7809 11849 11850
f 3 11850 11851
f 11848 8078 8208
f 8078 11848 8072
f 11848 8208 8075
f 8071 8082 11847
f 1100 11852 1099
f 1099 8212 8071
f 11854 1102 8063
f 8245 11855 8246
f 11855 11841 8061
f 11855 1103 11841
f 8246 11894 8247
f 8116 8263 8115
f 8115 8060 25
f 8115 8263 8060
f 26 11856 8058
f 11856 11910 8126
f 8139 8057 27
f 8139 11857 8057
f 11857 8139 11925
f 8150 8054 8053
f 11977 1106 29
f 8208 11851 8075
f 8208 11860 11851
f 11860 1113 6456
f 11861 8078 8072
f 8077 8076 8211
f 8076 8209 8079
f 11863 11852 914
f 11864 11863 914
f 11864 8213 8210
f 8215 8214 8213
f 8213 8214 8210
f 11862 8214 8211
f 11866 8080 915
f 11866 8216 8080
f 8080 8216 8081
f 8217 8084 1100
f 8084 8090 916
f 8091 8084 916
f 8220 8219 8218
f 8218 11864 914
f 8218 8219 11864
f 8220 11867 917
f 8085 8219 8215
f 8222 8086 8221
f 8221 8086 8215
f 8222 11868 918
f 11869 8229 919
f 11869 8093 8229
f 915 11869 8083
f 915 8083 11866
f 8083 8223 6462
f 8223 6463 6462
f 8088 11871 8089
f 11871 8088 11853
f 8089 11871 8090
f 8227 8226 8225
f 8225 8220 917
f 8225 8226 8220
f 8227 8095 921
f 11868 8226 918
f 8093 11874 8228
f 8230 8229 8228
f 11875 8097 8242
f 8229 11875 919
f 919 11875 11876
f 8087 11876 8231
f 11877 8231 11876
f 8231 6466 8087
f 8231 11877 6466
f 8232 11878 8064
f 8234 8233 11878
f 11878 8232 8099
f 11853 8233 8224
f 920 8094 8235
f 8235 8250 923
f 8235 8094 8250
f 8094 920 11872
f 8238 8237 8236
f 8236 11873 920
f 8236 8237 11873
f 8238 8101 924
f 8238 8236 8101
f 8095 8237 921
f 11881 8102 925
f 8240 8096 8239
f 8239 8096 921
f 8240 11881 925
f 8097 8103 8241
f 8240 8103 8096
f 11892 11882 8104
f 11882 8242 8241
f 8242 11882 922
f 11883 8105 8244
f 8105 11883 11882
f 11884 11883 8244
f 8243 11884 6467
f 11854 11885 8099
f 8249 8248 8107
f 8107 8248 8247
f 8249 8267 8251
f 8248 8100 8234
f 11887 8108 8254
f 11886 11887 8250
f 8254 8253 8252
f 8252 8253 923
f 8254 8252 11887
f 8101 8253 924
f 11888 8109 927
f 8256 8102 8255
f 8255 8102 924
f 8256 11888 927
f 8256 8255 11888
f 8111 11889 8110
f 11889 8111 928
f 8257 11889 928
f 8257 11890 11889
f 928 11891 8257
f 8258 11891 929
f 8104 11891 8258
f 8112 8260 8259
f 8112 8258 929
f 8112 8259 8258
f 8259 8260 8244
f 8261 11893 8262
f 8262 8106 8261
f 8261 6469 8098
f 8261 8106 6469
f 11894 8264 8247
f 8265 8264 8117
f 8117 8264 8116
f 8265 11902 930
f 8265 8117 11902
f 8265 8266 8264
f 8267 11895 8268
f 8268 8290 8270
f 8268 11895 8290
f 8269 11896 8270
f 8108 8269 8254
f 8272 8269 8118
f 8269 8271 8254
f 8273 8109 8271
f 8271 8109 8254
f 8273 8271 8272
f 8109 8273 927
f 8120 11897 8119
f 8274 8120 931
f 8275 8111 8274
f 8275 8274 931
f 8111 8276 928
f 8111 8275 8276
f 8278 8277 8121
f 8121 8275 931
f 8278 8121 932
f 8122 8280 8279
f 8122 8278 932
f 8122 8279 8278
f 8280 8122 8123
f 8279 8280 929
f 11899 8280 8123
f 8124 8282 8281
f 8124 11899 8123
f 8124 8281 11899
f 8281 8282 8262
f 11900 8282 933
f 8113 8114 8283
f 8113 11900 933
f 8283 11241 6470
f 8283 8114 11241
f 8115 11901 8116
f 8285 8284 8127
f 8127 8284 8126
f 8285 8304 8287
f 8285 8127 8304
f 11902 8286 930
f 8288 8286 8128
f 8128 8286 8287
f 8288 8307 934
f 8288 8128 8307
f 8286 8288 930
f 8291 8289 8129
f 8290 8289 8291
f 8129 8289 934
f 8291 8129 935
f 8292 8291 935
f 8118 11904 8272
f 8118 8292 11904
f 8293 11904 8130
f 8130 8292 935
f 8293 8130 8131
f 11904 8119 8272
f 11904 8293 8119
f 8294 8120 8293
f 8294 8293 8131
f 8120 8294 931
f 8132 8294 8131
f 8295 8132 8133
f 8296 8295 8133
f 8121 11905 932
f 11905 8296 932
f 8134 8297 8296
f 8135 8297 8134
f 8134 8296 8133
f 8296 8297 932
f 8137 11907 8136
f 8136 8135 936
f 8136 11907 8135
f 8124 8298 8282
f 8138 8300 8299
f 8138 8137 937
f 8299 8300 933
f 11909 11908 8301
f 11909 1110 6473
f 11910 8303 8126
f 8303 11910 11911
f 8141 8302 8140
f 8305 8141 939
f 8305 11912 8141
f 8304 11913 8287
f 8305 11913 8304
f 8307 8308 8309
f 940 8308 8306
f 8309 8143 8311
f 8307 8309 934
f 8309 11915 934
f 11915 8129 934
f 8129 8310 935
f 8312 8144 941
f 8310 8312 935
f 8313 11916 8314
f 8146 11918 8316
f 8146 8316 8317
f 11918 8341 942
f 11918 8146 8341
f 8316 8318 8133
f 8318 8134 8133
f 8319 11918 942
f 8319 8318 11918
f 942 8320 8319
f 8320 8147 943
f 8320 11919 936
f 8321 8320 943
f 943 11920 8321
f 11921 11920 8322
f 8321 11920 937
f 8300 8323 938
f 938 8324 11923
f 11923 8125 8301
f 11924 8324 945
f 8125 11923 6474
f 27 11925 8139
f 8151 11926 8325
f 8325 11926 11925
f 11926 8326 8140
f 8154 8328 8153
f 8152 8328 8326
f 8327 11927 8142
f 8327 8142 939
f 8142 8330 940
f 8142 11927 8330
f 8330 8331 8143
f 8143 8331 8332
f 8330 8143 940
f 8332 8331 8333
f 8143 8332 8311
f 8157 11929 8333
f 11929 8332 8333
f 8335 8157 946
f 8332 8334 8311
f 8144 8334 8336
f 8334 8144 8311
f 8336 8335 946
f 8336 8334 8335
f 8144 8336 941
f 941 11930 8337
f 11930 8336 946
f 8337 8158 8339
f 941 8337 8314
f 8313 11931 8145
f 8159 8338 8339
f 8338 8340 8317
f 8340 8342 8146
f 8340 8146 8317
f 8342 8340 8160
f 8161 8342 8160
f 8342 11932 8341
f 8343 8346 8147
f 8343 8147 942
f 8346 8343 8344
f 8147 8345 943
f 8147 8346 8345
f 11933 8346 8344
f 8347 11933 8348
f 8345 8347 943
f 8347 8348 8148
f 8347 8148 943
f 8148 8348 944
f 8350 8351 8349
f 8349 8322 944
f 8349 8351 8322
f 8351 8350 11935
f 11936 8353 11924
f 8354 11936 8355
f 8353 11936 8354
f 8356 8150 8053
f 8357 8356 11859
f 8357 11937 8356
f 11937 8151 8325
f 11937 8358 8151
f 8152 8151 8360
f 8358 11938 8360
f 8154 8153 8362
f 8362 8153 8361
f 8154 11939 8329
f 11939 8155 8329
f 8156 8155 8363
f 8363 8171 948
f 8363 8155 8171
f 8156 11940 8333
f 8156 8363 11940
f 8173 11940 8172
f 8365 8173 949
f 11940 8364 8333
f 8157 8364 8366
f 8364 8157 8333
f 8366 8365 949
f 8366 8364 8365
f 8157 8366 946
f 946 11941 8367
f 11953 11941 8174
f 8367 11941 8368
f 8367 11930 946
f 8367 8158 11930
f 8158 8369 8339
f 8370 8175 8369
f 8369 8175 8371
f 8371 8175 8372
f 8369 8371 8339
f 8371 8159 8339
f 8373 11942 8372
f 11942 8371 8372
f 8176 8177 8373
f 8176 8373 8372
f 8375 8177 8402
f 8373 8374 8160
f 8374 8377 8161
f 8374 8161 8160
f 8377 8374 8375
f 11943 8377 8375
f 8377 11943 8376
f 8378 8379 8162
f 8378 11933 8344
f 8378 8162 11933
f 8162 8380 947
f 8162 8379 8380
f 11944 8379 8178
f 8380 8381 8163
f 8380 8163 947
f 8382 8381 950
f 8163 11945 8350
f 8163 8381 11945
f 8384 8387 8352
f 8387 8355 8352
f 8149 8387 1108
f 1108 11947 1107
f 1107 8164 6482
f 8389 8165 8388
f 11859 8389 8357
f 11859 8165 8389
f 8167 8166 8390
f 8390 8166 8184
f 8167 11949 8359
f 11949 8168 8359
f 8169 8168 8391
f 8391 8186 951
f 8391 8168 8186
f 8169 8392 8361
f 8171 8170 8393
f 8392 8170 8361
f 8393 11950 952
f 8393 8170 11950
f 8171 8393 948
f 8173 8172 8395
f 8395 8172 8394
f 8173 8395 949
f 949 11952 8189
f 11968 11952 8188
f 949 8189 8174
f 8398 11954 8397
f 8397 8370 8368
f 8397 11954 8370
f 8399 8191 8401
f 8191 8399 8400
f 8401 8191 8192
f 8399 8176 8372
f 8399 8401 8176
f 8193 11957 8192
f 8194 11957 8193
f 8406 11958 8403
f 8403 11943 8375
f 8403 11958 11943
f 8406 8403 8404
f 8407 8405 8408
f 8436 8405 8435
f 8407 8408 8179
f 8407 11944 8178
f 8179 8408 950
f 8438 11959 8195
f 8409 8410 8180
f 8409 8382 950
f 11960 8410 953
f 8180 8411 8383
f 8180 8410 8411
f 8411 8412 8181
f 8411 11946 8383
f 8413 8412 954
f 8181 11961 8386
f 8181 8412 11961
f 11961 8197 955
f 11961 11962 8386
f 11962 11947 8386
f 6482 8414 11247
f 28 8415 8182
f 8415 8199 956
f 8184 8183 8416
f 11963 8183 8182
f 8416 8183 8200
f 11964 8416 8200
f 11964 11979 957
f 8186 8185 8418
f 8417 8185 8184
f 8418 11964 957
f 8418 8185 11964
f 8186 11965 951
f 8420 8448 958
f 952 8421 8187
f 8421 952 11966
f 8187 8188 8394
f 8187 8421 8188
f 8424 8422 8203
f 8423 8424 8425
f 8425 8424 8204
f 8423 8398 8396
f 8426 8190 8427
f 8426 8427 8428
f 8428 8427 8458
f 8426 11969 8400
f 8426 8428 11969
f 11969 8191 8400
f 8429 8430 8431
f 8431 8430 8205
f 8429 8193 8192
f 8429 8431 8193
f 8194 8433 8404
f 8194 11970 8433
f 8433 8462 8434
f 11972 8435 8434
f 8437 11972 8206
f 8206 11972 11990
f 8436 8437 8195
f 11973 8437 8206
f 11973 8438 8437
f 8207 11973 8466
f 8439 8440 8196
f 8439 11960 953
f 8196 8440 954
f 954 8441 8197
f 11975 8441 959
f 8197 8441 955
f 11976 8443 6483
f 11248 8443 8198
f 11248 8198 6486
f 8443 11248 6483
f 8444 11977 12
f 1065 8445 8444
f 1065 8444 12
f 8445 1065 11
f 11978 8445 11
f 9191 8446 1064
f 11979 11980 957
f 8449 11980 1063
f 1063 8447 9191
f 8450 8448 8449
f 8448 8451 958
f 8452 11981 8451
f 8453 11981 8452
f 11981 8453 11982
f 11982 8202 8201
f 8454 11983 9
f 8203 8202 11983
f 11983 8454 8455
f 11984 12150 8
f 11984 11985 8455
f 8457 11986 8456
f 11986 9070 7
f 8456 11987 8204
f 11987 8427 8204
f 8458 1062 8459
f 8459 9053 8460
f 8459 1062 9053
f 8459 11988 8458
f 8461 1061 9038
f 1061 11989 8205
f 11989 8432 8205
f 8432 11989 11971
f 8463 8891 8464
f 8463 1060 8891
f 1060 8463 11990
f 8464 11990 8463
f 8465 9022 1059
f 8466 8465 1059
f 8207 8466 11992
f 11992 8468 8207
f 11992 8467 8468
f 8468 8467 8469
f 8470 8471 959
f 8471 8472 8442
f 11995 11994 8473
f 8198 11996 6486
f 8198 11995 11996
f 2 11996 12145
f 11555 11997 8474
f 11552 8477 8611
f 8477 11552 7272
f 11552 8611 7275
f 7271 8481 11551
f 1083 11998 1082
f 1082 8615 7271
f 12000 1085 7263
f 12001 1086 7260
f 8514 12002 8513
f 8513 7259 14
f 15 12003 7256
f 12003 12059 8524
f 8538 7255 16
f 8538 12004 7255
f 12004 8538 12074
f 8550 7252 7251
f 12125 1090 18
f 8611 11997 7275
f 8611 12007 11997
f 12007 1098 8474
f 12008 8477 7272
f 8476 8475 8614
f 8475 8612 8478
f 12010 11998 960
f 12011 12010 960
f 12011 8616 8613
f 8618 8617 8616
f 8616 8617 8613
f 12009 8617 8614
f 12013 8479 961
f 12013 8619 8479
f 8479 8619 8480
f 8620 8483 1083
f 8483 8489 962
f 12014 8483 962
f 8623 8622 8621
f 8621 12011 960
f 8621 8622 12011
f 8623 8491 963
f 8484 8622 8618
f 8625 8485 8624
f 8624 8485 8618
f 8625 12015 964
f 12016 8633 965
f 12016 8492 8633
f 961 12016 8482
f 961 8482 12013
f 8482 8626 24
f 8626 7424 24
f 8487 12018 8488
f 12018 8487 11999
f 8488 12018 8489
f 8490 12014 962
f 8628 12019 966
f 8490 8628 963
f 8631 8630 8629
f 8629 8623 963
f 8629 8630 8623
f 8631 12020 967
f 12015 8630 964
f 8492 12021 8632
f 8634 8633 8632
f 12022 8495 8646
f 8633 12022 965
f 965 12022 12023
f 8486 12023 8635
f 12024 8635 12023
f 8635 7289 8486
f 8635 12024 7289
f 8636 12025 7264
f 8638 8637 12025
f 12025 8636 8497
f 11999 8637 8627
f 8640 8639 8493
f 8640 8654 969
f 8640 8493 8654
f 12019 8639 966
f 8643 8642 8641
f 8641 8642 966
f 8643 8499 970
f 8643 8641 8499
f 12020 8642 967
f 12028 8500 971
f 8645 8494 8644
f 8644 8494 967
f 8645 12028 971
f 8645 8501 8494
f 8634 8501 8495
f 8647 968 8646
f 12030 8503 8649
f 8503 12030 12029
f 12031 12030 8649
f 8648 12031 7439
f 12000 12032 8497
f 8653 8652 8506
f 8506 8651 8505
f 8506 8652 8651
f 8653 8671 973
f 8652 8498 8638
f 12034 8673 8658
f 12034 8655 8673
f 12033 12034 8654
f 8658 8657 8656
f 8656 8657 969
f 8658 8656 12034
f 8499 8657 970
f 12035 8507 974
f 8660 8500 8659
f 8659 8500 970
f 8660 12035 974
f 8660 8659 12035
f 8509 12036 8508
f 12036 8509 975
f 8502 12037 8661
f 8661 12036 975
f 8661 12037 12036
f 8502 8661 972
f 8663 12038 976
f 8662 12038 8663
f 8662 8647 972
f 8662 12039 8647
f 8511 8665 8664
f 8511 8663 976
f 8511 8664 8663
f 8664 8665 8649
f 8666 12040 8667
f 8667 8504 8666
f 8666 7454 8496
f 8666 8504 7454
f 8669 8668 8515
f 8515 8668 8514
f 8669 12051 977
f 8669 8515 12051
f 8669 8670 8668
f 8671 12042 8672
f 8672 12052 978
f 8672 12042 12052
f 8675 12044 8516
f 8516 12044 978
f 12043 12044 8673
f 8676 8507 8674
f 8674 8507 8658
f 8676 8674 8675
f 8507 8676 974
f 8518 12045 8517
f 8677 8518 979
f 8678 8509 8677
f 8678 8677 979
f 8509 8678 975
f 8520 8679 8519
f 8519 8678 979
f 975 8679 8510
f 8521 8682 8680
f 8521 8680 8681
f 8682 8521 980
f 8680 8682 976
f 12047 8682 980
f 8522 8684 8683
f 8522 12047 980
f 8522 8683 12047
f 8683 8684 8667
f 12048 8684 981
f 23 12048 12049
f 12049 12048 981
f 8513 12050 8514
f 8686 8685 8525
f 8525 8685 8524
f 8686 8707 8688
f 8686 8525 8707
f 12051 8687 977
f 8689 8687 8526
f 8526 8687 8688
f 8689 8526 8527
f 8687 8689 977
f 8689 12052 977
f 12052 12042 977
f 8690 8689 8527
f 12052 8691 978
f 8692 8691 8528
f 8528 8690 8527
f 8528 8691 8690
f 8692 8528 8529
f 8693 8692 8529
f 8516 12053 8675
f 8516 8693 12053
f 8694 12053 8530
f 8530 8693 8529
f 8694 8530 8531
f 12053 8517 8675
f 12053 8694 8517
f 8695 8518 8694
f 8695 8694 8531
f 8518 8695 979
f 8533 8696 8532
f 8532 8695 8531
f 8519 12054 8520
f 8534 8700 8697
f 8534 8697 8698
f 8697 8699 8681
f 8697 8700 8699
f 8699 8521 8681
f 12055 8700 982
f 8521 12055 980
f 12055 12056 980
f 8536 12056 8535
f 8535 12055 982
f 8535 12056 12055
f 8522 8701 8684
f 8537 8703 8702
f 8537 8536 983
f 8702 8703 981
f 12058 12057 8704
f 12058 1094 22
f 12059 8706 8524
f 8706 12059 12060
f 8540 8705 8539
f 8708 8540 985
f 8708 12061 8540
f 8707 12062 8688
f 8708 12062 8707
f 8711 8710 8712
f 986 8710 8709
f 8712 8542 8714
f 8712 12064 8711
f 8715 8713 8716
f 8716 8543 987
f 8716 12065 8715
f 8717 8716 987
f 8544 8719 8717
f 8544 8717 987
f 8719 8545 8721
f 8719 8544 8545
f 8719 12066 8718
f 8533 8720 8698
f 8721 12067 8720
f 12067 8546 988
f 8720 8722 8698
f 8722 8534 8698
f 8723 12067 988
f 8723 8722 12067
f 988 8724 8723
f 8724 8547 989
f 8724 12068 982
f 8725 8724 989
f 989 12069 8725
f 12070 12069 8726
f 8725 12069 983
f 8703 8727 984
f 984 8728 12072
f 12072 8523 8704
f 12073 8728 991
f 8523 12072 21
f 16 12074 8538
f 8551 12075 8729
f 8729 12075 12074
f 12075 8730 8539
f 8554 8732 8553
f 8552 8732 8730
f 8731 12076 8541
f 8731 8541 985
f 8541 12077 986
f 8541 12076 12077
f 8734 12077 8735
f 12077 8734 986
f 8542 8734 8736
f 8734 8542 986
f 8542 8736 8714
f 8737 12078 8738
f 8736 8737 8714
f 8543 8737 8739
f 8737 8543 8714
f 8543 8739 987
f 8739 12079 8740
f 12079 8738 993
f 12079 8739 8738
f 8740 8558 8742
f 8739 8740 987
f 8741 12080 8742
f 8545 8741 8721
f 8742 8559 8741
f 8741 8743 8721
f 8743 8745 8546
f 8743 8546 8721
f 8745 8743 8560
f 8546 8744 988
f 8546 8745 8744
f 8561 8745 8560
f 8746 12081 8562
f 12081 8561 8562
f 8744 8746 988
f 8746 8748 8547
f 8746 8547 988
f 8748 8746 8562
f 8547 8747 989
f 8547 8748 8747
f 12082 8748 8562
f 8749 12082 8750
f 8747 8749 989
f 8749 8750 8548
f 8749 8548 989
f 8548 8750 990
f 8752 8753 8751
f 8751 8726 990
f 8751 8753 8726
f 8753 8752 12084
f 12085 8755 12073
f 8756 12085 8757
f 8755 12085 8756
f 8758 8550 7251
f 8759 8758 12006
f 8759 12086 8758
f 12086 8551 8729
f 12086 8760 8551
f 8552 8551 8762
f 8760 12087 8762
f 8554 8553 8764
f 8764 8553 8763
f 8554 12088 8733
f 12088 8555 8733
f 8556 8555 8765
f 8765 8572 995
f 8765 8555 8572
f 8556 12089 992
f 8556 8765 12089
f 8574 12089 8573
f 8767 8574 996
f 12089 8766 992
f 8557 8766 8768
f 8766 8557 992
f 8768 8767 996
f 8768 8766 8767
f 8557 8768 993
f 993 8575 8769
f 8575 8768 996
f 8769 12079 993
f 8769 8558 12079
f 8558 8770 8742
f 8771 8577 8770
f 8770 8577 8772
f 8772 8577 8773
f 8770 8772 8742
f 8774 12090 8773
f 12090 8772 8773
f 8578 8579 8774
f 8578 8774 8773
f 8776 8579 8805
f 8774 8775 8560
f 8775 8777 8561
f 8778 8777 8775
f 8775 8561 8560
f 8778 8775 8776
f 8561 8777 8562
f 8779 8780 8563
f 8779 12082 8562
f 8779 8563 12082
f 8563 8781 994
f 8563 8780 8781
f 12092 8780 8580
f 8781 8782 8564
f 8781 8564 994
f 8783 8782 997
f 8564 12093 8752
f 8564 8782 12093
f 8785 8788 8754
f 8788 8757 8754
f 8549 8788 1092
f 1092 12095 1091
f 1091 8565 20
f 8790 8566 8789
f 12006 8791 8759
f 12006 8566 8791
f 8790 12096 8791
f 8568 8567 8792
f 8792 8567 8586
f 8568 12097 8761
f 12097 8569 8761
f 8570 8569 8793
f 8793 8588 998
f 8793 8569 8588
f 8570 12098 8763
f 8572 8571 8795
f 12098 8571 8763
f 8795 8571 8794
f 8572 8795 995
f 8574 8573 8797
f 8797 8573 8796
f 8574 8797 996
f 996 12100 8798
f 12116 12100 8592
f 8798 12100 8799
f 8798 8575 996
f 8575 12101 8576
f 8801 12102 8800
f 8800 8771 8576
f 8800 12102 8771
f 8802 8594 8804
f 8594 8802 8803
f 8804 8594 8595
f 8802 8578 8773
f 8802 8804 8578
f 8596 12105 8595
f 8597 12105 8596
f 8809 12106 8806
f 8806 8778 8776
f 8806 12106 8778
f 8809 8806 8807
f 8810 8808 8811
f 8839 8808 8838
f 8810 8811 8581
f 8810 12092 8580
f 8581 8811 997
f 8841 12107 8598
f 8812 8813 8582
f 8812 8783 997
f 8582 8814 8784
f 8582 8813 8814
f 12108 8813 999
f 8814 8815 8583
f 8814 12094 8784
f 8816 8815 1000
f 8583 12109 8787
f 8583 8815 12109
f 12109 8600 1001
f 12109 12110 8787
f 12110 12095 8787
f 20 8817 11562
f 17 8818 8584
f 8586 8585 8819
f 12111 8585 8584
f 8819 8585 8603
f 12112 8819 8603
f 12112 12127 1002
f 8588 8587 8821
f 8820 8587 8586
f 8821 12112 1002
f 8821 8587 12112
f 8588 8822 998
f 12113 8852 1003
f 8823 8589 998
f 8823 12113 1003
f 8589 12114 8794
f 8591 8590 8824
f 12114 8590 8794
f 8591 8592 8796
f 8591 8824 8592
f 8827 8825 8606
f 8826 8827 8828
f 8828 8827 8607
f 8826 8801 8799
f 8829 8593 8830
f 8829 8830 8831
f 8831 8830 8862
f 8829 12117 8803
f 8829 8831 12117
f 12117 8594 8803
f 8832 8833 8834
f 8834 8833 8608
f 8832 8596 8595
f 8832 8834 8596
f 8597 8836 8807
f 8597 12118 8836
f 8836 8866 8837
f 12120 8838 8837
f 8840 12120 8609
f 8609 12120 12138
f 8839 8840 8598
f 12121 8840 8609
f 12121 8841 8840
f 8610 12121 8870
f 8842 8843 8599
f 8842 12108 999
f 8599 8843 1000
f 1000 8844 8600
f 12123 8844 1004
f 8600 8844 1001
f 12124 8846 19
f 11563 8846 8601
f 11563 8601 7650
f 8846 11563 19
f 8602 12125 8847
f 8847 9278 9276
f 9274 8848 1073
f 8603 12126 8849
f 8848 12126 8602
f 9272 8850 1072
f 12127 12128 1002
f 8853 12128 1071
f 1071 8851 9272
f 8854 8852 8853
f 8852 8855 1003
f 8856 12129 8855
f 8857 12129 8856
f 12129 8857 12130
f 12130 8605 8604
f 8858 12131 9264
f 8606 8605 12131
f 12131 8858 8859
f 12132 12283 9263
f 12132 12133 8859
f 12134 12135 8607
f 12135 8830 8607
f 8861 12135 12134
f 8862 1070 8863
f 8863 9259 8864
f 8863 1070 9259
f 8863 12136 8862
f 8865 1069 9256
f 1069 12137 8608
f 12137 8835 8608
f 8835 12137 12119
f 8867 9255 8868
f 8867 1068 9255
f 1068 8867 12138
f 8868 12138 8867
f 8869 9252 1067
f 8870 8869 1067
f 8610 8870 12140
f 12140 8872 8610
f 12140 8871 8872
f 8872 8871 8873
f 8874 8875 1004
f 8875 8876 8845
f 12143 12142 8877
f 8601 12144 7650
f 8601 12143 12144
f 1 12144 9277
f 9283 12145 8878
f 11994 8881 9013
f 8881 11994 8470
f 11994 9013 8473
f 8469 8885 11993
f 1059 12146 1058
f 1058 9017 8469
f 12148 1061 8460
f 12149 12188 9054
f 8919 9070 8918
f 8918 8457 8
f 8918 9070 8457
f 9 12150 8454
f 12150 12205 8929
f 8943 8453 10
f 8943 12151 8453
f 12151 8943 12220
f 8955 8450 8449
f 12271 1065 12
f 9013 12145 8473
f 9013 12154 12145
f 12154 1081 8878
f 12155 8881 8470
f 8880 8879 9016
f 8879 9014 8882
f 12157 12146 1005
f 12158 12157 1005
f 12158 9018 9015
f 9020 9019 9018
f 9018 9019 9015
f 12156 9019 9016
f 12160 8883 1006
f 12160 9021 8883
f 8883 9021 8884
f 9022 8887 1059
f 8887 8893 1007
f 12161 8887 1007
f 9025 9024 9023
f 9023 12158 1005
f 9023 9024 12158
f 9025 8895 1008
f 8888 9024 9020
f 9027 8889 9026
f 9026 8889 9020
f 9027 12162 1009
f 12163 9035 1010
f 12163 8896 9035
f 1006 12163 8886
f 1006 8886 12160
f 8886 9028 6858
f 9028 6859 6858
f 8891 12165 8892
f 12165 8891 12147
f 8892 12165 8893
f 8894 12161 1007
f 9030 12166 1011
f 8894 9030 1008
f 9033 9032 9031
f 9031 9025 1008
f 9031 9032 9025
f 9033 12167 1012
f 12162 9032 1009
f 8896 12168 9034
f 9036 9035 9034
f 12169 8899 9049
f 9035 12169 1010
f 1010 12169 12170
f 8890 12170 9037
f 12171 9037 12170
f 9037 6862 8890
f 9037 12171 6862
f 9038 12172 8461
f 9040 9039 12172
f 12172 9038 8901
f 12147 9039 9029
f 9042 9041 8897
f 9042 9057 1014
f 9042 8897 9057
f 12166 9041 1011
f 9046 9045 9043
f 9043 9045 1011
f 9046 9043 9044
f 12167 9045 1012
f 12175 8904 1015
f 9048 8898 9047
f 9047 8898 1012
f 9048 12175 1015
f 9048 8905 8898
f 9036 8905 8899
f 9050 1013 9049
f 12177 8907 9052
f 8907 12177 12176
f 12178 12177 9052
f 9051 12178 6863
f 12148 12179 8901
f 9056 9055 8909
f 8909 9055 9054
f 9056 9074 1017
f 9055 8902 9040
f 9059 12181 8910
f 8910 12181 1017
f 12180 12181 9057
f 9060 8903 9058
f 9058 8903 1014
f 9060 9058 9059
f 8911 9060 9059
f 12182 8912 1018
f 9060 12182 8903
f 9062 8904 9061
f 9061 9046 9044
f 9061 8904 9046
f 9062 12182 1018
f 9062 9061 12182
f 8906 12184 9063
f 9063 8914 1019
f 9063 12184 8914
f 8906 9063 1016
f 9065 12185 1020
f 9064 12185 9065
f 9064 9050 1016
f 9064 12186 9050
f 8916 9067 9066
f 8916 9065 1020
f 8916 9066 9065
f 9066 9067 9052
f 9068 12187 9069
f 9069 8908 9068
f 9068 6866 8900
f 9068 8908 6866
f 7 12188 12149
f 12188 9071 9054
f 9072 9071 8920
f 8920 9071 8919
f 9072 12197 1021
f 9072 8920 12197
f 9072 9073 9071
f 9074 12189 9075
f 9075 12198 9077
f 9075 12189 12198
f 9076 12190 9077
f 8910 9076 9059
f 9079 9076 8921
f 9076 9078 9059
f 9080 8912 9078
f 9078 8911 9059
f 9078 8912 8911
f 9080 9078 9079
f 8912 9080 1018
f 8922 9080 9079
f 9081 8923 1022
f 9080 12191 1018
f 12191 9081 1018
f 9082 8913 9081
f 8914 8913 9082
f 9081 8913 1018
f 9082 9081 1022
f 8914 9082 1019
f 9084 9083 8924
f 8924 9082 1022
f 9084 8924 1023
f 1019 9083 8915
f 8925 9086 9085
f 8925 9084 1023
f 8925 9085 9084
f 9086 8925 8926
f 9085 9086 1020
f 12193 9086 8926
f 8927 9088 9087
f 8927 12193 8926
f 8927 9087 12193
f 9087 9088 9069
f 12194 9088 1024
f 13 12194 12195
f 12195 12194 1024
f 8918 12196 8919
f 9090 9089 8930
f 8930 9089 8929
f 9090 9110 9092
f 9090 8930 9110
f 12197 9091 1021
f 9093 9091 8931
f 8931 9091 9092
f 9093 8931 8932
f 9091 9093 1021
f 9093 12198 1021
f 12198 12189 1021
f 9094 9093 8932
f 12198 9095 9077
f 9096 9095 8933
f 8933 9094 8932
f 8933 9095 9094
f 9096 8933 8934
f 9097 9096 8934
f 8921 12199 9079
f 8921 9097 12199
f 9099 12199 8935
f 8935 9097 8934
f 9099 8935 9121
f 12199 9098 9079
f 9100 8923 9098
f 9098 8922 9079
f 9098 8923 8922
f 9100 9098 9099
f 8923 9100 1022
f 8936 9100 9099
f 9101 8936 8937
f 9102 9101 8937
f 8924 12200 1023
f 12200 9102 1023
f 8938 9103 9102
f 8939 9103 8938
f 8938 9102 8937
f 9102 9103 1023
f 8941 12202 8940
f 8940 8939 1025
f 8940 12202 8939
f 8927 9104 9088
f 8942 9106 9105
f 8942 8941 1026
f 9105 9106 1024
f 12204 12203 9107
f 12204 1077 6869
f 12205 9109 8929
f 9109 12205 12206
f 8945 9108 8944
f 9111 8945 1028
f 9111 12207 8945
f 9112 12208 8946
f 8946 9111 1028
f 9112 8946 8947
f 9110 12208 9092
f 9111 12208 9110
f 9114 9113 9115
f 9113 9112 8947
f 9115 8948 9117
f 9115 12210 9114
f 9118 9116 9119
f 9119 8949 1029
f 9118 8935 8934
f 9122 9120 8950
f 9121 9120 9122
f 9122 8950 9124
f 9122 12212 9121
f 8951 12213 9123
f 8951 9123 9124
f 12213 9147 1030
f 12213 8951 9147
f 9123 9125 8937
f 9125 8938 8937
f 9126 12213 1030
f 9126 9125 12213
f 1030 9127 9126
f 9127 8952 1031
f 9127 12214 1025
f 9128 9127 1031
f 12215 9128 1031
f 12216 12215 9129
f 9106 9130 1027
f 1027 9131 12218
f 12218 8928 9107
f 12219 9131 1033
f 8928 12218 6870
f 10 12220 8943
f 8956 12221 9132
f 9132 12221 12220
f 12221 9133 8944
f 8959 9134 8958
f 8957 9134 9133
f 8947 12222 9136
f 9136 9137 8948
f 8948 9137 9138
f 9136 9113 8947
f 9136 8948 9113
f 9138 9137 9139
f 8948 9138 9117
f 8962 12224 9139
f 12224 9138 9139
f 9141 8962 1034
f 9138 9140 9117
f 8949 9140 9142
f 9140 8949 9117
f 9142 9141 1034
f 9142 9140 9141
f 8949 9142 1029
f 1029 12225 9143
f 12225 9142 1034
f 9143 8963 1035
f 1029 9143 12226
f 12226 9120 1029
f 12226 8950 9120
f 9144 12226 9145
f 8950 9144 9124
f 9145 8964 9144
f 9144 9146 9124
f 9146 9148 8951
f 9146 8951 9124
f 9148 9146 8965
f 8966 9148 8965
f 9148 12227 9147
f 9149 9151 8952
f 9149 8952 1030
f 9151 9149 9150
f 8952 9151 1031
f 12228 9151 9150
f 1031 9152 8953
f 1031 8953 12215
f 9153 9152 1036
f 8953 9152 1032
f 9155 9156 9154
f 9154 9129 1032
f 9154 9156 9129
f 9156 9155 12230
f 12231 9158 12219
f 9159 12231 9160
f 9158 12231 9159
f 9161 8955 8449
f 9162 9161 12153
f 9162 12232 9161
f 12232 8956 9132
f 12232 9163 8956
f 8957 8956 9165
f 9163 12233 9165
f 8959 8958 9167
f 9167 8958 9166
f 8959 12234 9135
f 12234 8960 9135
f 8961 8960 9168
f 9168 8976 1037
f 9168 8960 8976
f 8961 12235 9139
f 8961 9168 12235
f 8978 12235 8977
f 9170 8978 1038
f 12235 9169 9139
f 8962 9169 9171
f 9169 8962 9139
f 9171 9170 1038
f 9171 9169 9170
f 8962 9171 1034
f 1034 8979 9172
f 8979 9171 1038
f 9172 12225 1034
f 9172 8963 12225
f 8963 9173 1035
f 9173 9174 9175
f 9175 8981 1039
f 9175 9174 8981
f 9173 9175 1035
f 9176 12236 9177
f 9177 8982 9176
f 8982 9206 1040
f 9176 9178 8965
f 9178 9180 8966
f 9178 8966 8965
f 9180 8982 1040
f 9180 9178 8982
f 9180 12237 9179
f 9181 9182 8967
f 9181 12228 9150
f 9181 8967 12228
f 8967 9182 1036
f 12238 9182 8983
f 9183 9184 8968
f 9183 9153 1036
f 9183 8968 9153
f 9185 9184 1041
f 8968 12239 9155
f 8968 9184 12239
f 9187 9190 9157
f 9190 9160 9157
f 8954 9190 1075
f 1075 12241 1074
f 1074 8969 6878
f 9192 8970 9191
f 12153 9192 9162
f 12153 8970 9192
f 8972 8971 9193
f 9193 8971 8989
f 8972 12243 9164
f 12243 8973 9164
f 8974 8973 9194
f 9194 8991 1042
f 9194 8973 8991
f 8974 9195 9166
f 8976 8975 9196
f 9195 8975 9166
f 9196 12244 1043
f 9196 8975 12244
f 8976 9196 1037
f 8978 8977 9198
f 9198 8977 9197
f 8978 9198 1038
f 1038 12246 9199
f 12262 12246 8993
f 9199 12246 9200
f 9199 8979 1038
f 8979 12247 8980
f 9202 12248 9201
f 9201 12249 8980
f 9201 12248 12249
f 12249 9174 8980
f 9204 12249 9203
f 12249 12248 9203
f 8981 9204 1039
f 9204 8995 9205
f 8995 9204 9203
f 9205 8995 8996
f 9204 9205 1039
f 9206 12251 9207
f 8997 12251 8996
f 8998 12251 8997
f 9207 8998 9209
f 9206 9207 1040
f 9210 9208 9211
f 9239 9208 9238
f 9210 9211 8984
f 9210 12238 8983
f 8984 9211 1041
f 9241 12253 8999
f 9212 9213 8985
f 9212 9185 1041
f 8985 9214 9186
f 8985 9213 9214
f 12254 9213 1044
f 9214 9215 8986
f 9214 12240 9186
f 9216 9215 1045
f 8986 12255 9189
f 8986 9215 12255
f 12255 9001 1046
f 12255 12256 9189
f 12256 12241 9189
f 6878 9217 11399
f 11 9218 8987
f 9218 9003 1047
f 8989 8988 9219
f 12257 8988 8987
f 9219 8988 9004
f 12258 9219 9004
f 12258 12273 1048
f 8991 8990 9221
f 9220 8990 8989
f 9221 12258 1048
f 9221 8990 12258
f 8991 12259 1042
f 9223 9251 1049
f 1043 9224 8992
f 9224 1043 12260
f 8992 8993 9197
f 8992 9224 8993
f 9227 9225 9007
f 9226 9227 9228
f 9228 9227 9008
f 9226 9202 9200
f 9229 8994 9230
f 9229 9230 9231
f 9231 9230 9261
f 9229 12263 9203
f 9229 9231 12263
f 12263 8995 9203
f 9232 9233 9234
f 9234 9233 9009
f 9232 8997 8996
f 9232 9234 8997
f 8998 9236 9209
f 8998 12264 9236
f 9236 9265 9237
f 12266 9238 9237
f 9240 12266 9010
f 9010 12266 12286
f 9239 9240 8999
f 12267 9240 9010
f 12267 9241 9240
f 9011 12267 9269
f 9242 9243 9000
f 9242 12254 1044
f 9000 9243 1045
f 1045 9244 9001
f 12269 9244 1050
f 9001 9244 1046
f 12270 9246 6879
f 11400 9246 9002
f 11400 9002 6882
f 9246 11400 6879
f 9247 9277 8877
f 9247 12271 9277
f 12142 9248 9247
f 12142 9247 8877
f 9248 12142 8874
f 12272 9248 8874
f 8873 9249 12141
f 12273 12274 1048
f 1067 12274 1066
f 1066 9250 8873
f 9252 9251 1067
f 9251 9253 1049
f 9254 12275 9253
f 9255 12275 9254
f 12275 9255 12276
f 12276 9006 9005
f 9256 12277 8865
f 9007 9006 12277
f 12277 9256 9257
f 12278 1069 8864
f 12278 12279 9257
f 9259 12280 9258
f 12280 1070 8861
f 9258 12281 9008
f 12281 9230 9008
f 9261 9260 9262
f 9262 8860 9263
f 9262 9260 8860
f 9262 12282 9261
f 9264 12283 8858
f 12283 12284 9009
f 12284 9235 9009
f 9235 12284 12265
f 9266 8857 9267
f 9266 12285 8857
f 12285 9266 12286
f 9267 12286 9266
f 9268 8854 8853
f 9269 9268 8853
f 9011 9269 12288
f 12288 9271 9011
f 12288 9270 9271
f 9271 9270 9272
f 9273 1072 9274
f 1050 9273 9012
f 9012 9275 9245
f 9012 9273 9275
f 12289 1073 9276
f 9002 12290 6882
f 9002 12289 12290
f 1052 12290 9278
f 1 9277 9279
f 12 9277 12271
f 9282 9278 18
f 11977 9279 12
f 9280 9279 29
f 29 9279 11977
f 9279 9280 1
f 9281 9280 34
f 34 9280 11830
f 12144 9281 7650
f 7650 9281 11683
f 9287 9282 40
f 40 9282 11536
f 11383 9283 8878
f 9288 9283 51
f 51 9283 11383
f 11230 9284 6456
f 1053 9284 62
f 62 9284 11230
f 1051 9285 9290
f 9290 9285 4070
f 4070 9285 11084
f 11555 9286 4
f 9291 9286 85
f 85 9286 10935
f 1052 9287 11402
f 5254 9287 10788
f 9283 9288 2
f 11250 9288 4861
f 4861 9288 10639
f 9912 2912 1319 1454
f 10335 9290 4070
f 10952 9290 4069
f 4069 9290 10335
f 11554 9291 3675
f 3675 9291 10184
f 9901 9292 102
f 102 9292 10035
f 1054 10507 9293
f 9752 9293 115
f 115 9293 9883
f 1055 2481 9599
f 9580 9294 2089
f 2089 9294 10205
f 130 9294 9580
f 1056 9295 1278
f 1278 9295 1697
f 1697 9295 9427
f 9304 9296 2910
f 9446 9296 1316
f 1316 9296 9304
f 6 2910 9296
f 1320 1454 1319
f 9306 2912 1286 1323
f 9306 1323 1324
f 9929 3086 9323 9298
f 1327 9297 108
f 1457 1285 9297
f 1333 1463 1332
f 1331 1332 2924
f 9936 2936 9330 9299
f 9929 9298 1331
f 3193 2989 1393 9300
f 9936 9299 1478
f 1493 1350 1351
f 1493 9330 1350
f 1492 1350 9330
f 9360 1282 1369
f 1552 1281 9375
f 1279 104 1408 9301
f 3193 9300 1578
f 9304 1454 1320 1455
f 1279 9301 1280
f 1280 9301 1612
f 103 1426 9302
f 1644 9302 1426
f 104 9302 1644
f 9427 1444 9303
f 1670 9303 1444
f 103 9303 1670
f 9306 1324 1325 9307
f 1317 9305 1455
f 1318 9305 1317
f 9304 1455 9305
f 1319 9306 1320
f 1323 2916 1457 9309
f 1317 9307 1459
f 1459 9307 1325
f 1320 9307 1317
f 1320 9306 9307
f 1459 1456 1317
f 1322 9308 1456
f 9447 9308 1322
f 1322 1456 1321
f 1329 132 1461 9311
f 9297 9309 1457
f 1324 9309 9310
f 1458 9310 1328
f 1328 9310 1465
f 1328 1460 1458
f 1329 9311 1460
f 1308 1322 1462 9312
f 1459 9311 1321
f 1459 1460 9311
f 1461 1462 1321
f 1308 9312 1309
f 1309 9312 1326
f 1467 1460 1465 9314
f 1333 1327 1463
f 9297 1327 131
f 1464 9313 1335
f 1335 9313 1334
f 131 1327 9313
f 1464 131 9313
f 1335 1466 1464
f 1336 9314 1466
f 9315 136 9316 1326
f 1465 1466 9314
f 9314 1468 1467
f 1337 9315 135
f 135 9315 1468
f 1329 9315 132
f 1329 1468 9315
f 1743 1869 1469 9316
f 9316 1469 1326
f 1743 9316 1330
f 1341 1476 1474 9320
f 1333 9317 133
f 1339 1471 9318
f 1338 9318 1470
f 133 9317 9318
f 9319 1334 1339
f 1335 1334 134
f 1472 9319 1340
f 1340 9319 1484
f 134 1334 9319
f 1472 134 9319
f 1340 1473 1472
f 1341 9320 137
f 137 9320 1473
f 1337 135 1336 9320
f 1488 138 9322 9321
f 1336 1473 9320
f 1474 1475 1337
f 1342 9321 1476
f 1476 9321 1475
f 1338 1470 1479 9324
f 136 9322 9316
f 1330 9316 9322
f 138 1310 9322
f 1480 9323 9299
f 9298 9323 1479
f 1344 9324 1480
f 1480 9324 1479
f 1338 9324 1496
f 1496 9324 1344
f 1486 137 1484 9327
f 9318 9325 1339
f 1345 9326 1481
f 1481 9326 9325
f 1482 9326 1483
f 1483 9326 1345
f 1339 9326 1482
f 1339 9325 9326
f 1346 9327 1485
f 1487 139 9335 1347
f 1484 1485 9327
f 9327 1487 1486
f 1494 1480 9299 9330
f 1342 1347 1348
f 1341 1347 1476
f 1489 1342 1348
f 1488 1342 1489
f 138 1489 9328
f 9337 9328 1489
f 1349 9328 9337
f 9328 9329 138
f 138 9329 1310
f 1490 1310 9329
f 9329 1311 1490
f 1494 9330 1493
f 1344 1494 1495 9331
f 1515 1495 1352
f 1496 1344 9331
f 1495 140 1497 9331
f 1498 1481 1496 9332
f 1497 9332 9331
f 1498 9332 1499
f 1501 1483 1345 9333
f 1354 9333 1353
f 1353 9333 1500
f 1502 141 1355 9334
f 139 1346 1502 9334
f 1503 9334 1356
f 1356 9334 9345
f 1503 1505 1504 9335
f 139 9334 1503
f 1508 1491 1349 9337
f 1347 9335 1348
f 1348 9335 1504
f 1504 9336 1506
f 1507 9337 1506
f 1508 9337 1507
f 1284 107 1283 9340
f 1509 9338 1491
f 1491 9338 1311
f 1511 9338 1509
f 1343 1311 9338
f 1510 1343 9338
f 1511 9349 9339
f 1510 9339 1897
f 1352 1351 1512 1514
f 1512 9340 1361
f 1361 9340 1283
f 1350 9340 1351
f 1351 9340 1512
f 1513 143 9341 1514
f 140 1515 1516 9342
f 1352 1514 1515
f 1514 9341 1515
f 1516 144 9343 9342
f 140 9342 1497
f 1518 1499 1517 9343
f 1497 9342 1517
f 1518 9343 1519
f 1520 1519 1364 9344
f 1521 1355 141 9344
f 1521 9344 1365
f 1520 9344 141
f 1525 142 9336 9346
f 1355 1521 9345
f 1522 9345 1523
f 1356 9345 1522
f 1524 9346 1505
f 1505 9346 9336
f 1525 9346 1526
f 1526 9346 1524
f 1528 1511 1509 9347
f 1527 9347 142
f 142 9347 1357
f 1528 9347 1529
f 1529 9347 1527
f 1362 1361 1532 9351
f 1509 1357 9347
f 1528 9348 1530
f 1531 9349 1530
f 1312 9349 1531
f 9339 9349 123
f 1358 1312 1531
f 1358 9358 1312
f 1359 1312 9358
f 106 1282 9350
f 1360 106 9350
f 1532 9350 1370
f 1370 9350 1282
f 1361 9350 1532
f 1544 1526 1524 9355
f 1532 1533 9351
f 1534 9351 1533
f 1537 9352 1536
f 1536 9352 1535
f 144 1538 9353
f 144 9353 1363
f 1377 9354 9353
f 1364 1539 1365
f 1540 1365 1541
f 1543 9355 1542
f 1542 9355 1366
f 1544 9355 1545
f 1545 9355 1543
f 1529 145 9357 1548
f 1547 9356 1546
f 1546 9356 1367
f 1548 9357 1381
f 1549 1531 9348 1548
f 1549 1548 1381
f 1550 148 1551 9358
f 1381 1382 1549
f 1550 9358 1358
f 9359 124 1359 9358
f 1581 1555 1554 9361
f 1551 1368 9359
f 9452 9359 1368
f 1369 1281 9360
f 9361 9360 1552
f 1552 9360 1281
f 1371 1370 1553 9362
f 1553 9361 9362
f 1372 9362 1554
f 1373 1372 9363 9364
f 1371 9362 1372
f 1555 1385 9363
f 1555 9363 1554
f 9363 1556 1558 9364
f 1557 9364 1558
f 1557 1559 1374 9364
f 1373 9364 1374
f 1375 1374 1559 9365
f 1386 1557 1558
f 1560 1557 1386
f 1561 1563 1376 9365
f 1561 9365 1562
f 1562 9365 1560
f 1375 9365 1376
f 1377 1376 1563 9366
f 1387 1561 1562
f 1564 1561 1387
f 1378 1541 1567 9367
f 1565 9366 1566
f 1566 9366 1564
f 9381 1565 1388
f 1568 1565 9381
f 146 1547 1379 1571
f 1569 9367 1570
f 1570 9367 1568
f 1569 9368 1571
f 147 1381 1380 9369
f 146 1571 1572
f 146 1572 1573
f 1390 1573 151
f 146 9369 1380
f 1574 9369 1573
f 1382 147 9370 9371
f 147 9369 1574
f 1391 9370 152
f 1575 9370 1391
f 1575 1576 9371
f 1576 1550 1382 9371
f 1606 153 1577 9372
f 1606 9372 1575
f 1575 9372 1576
f 9453 125 9373 9374
f 1576 9372 148
f 148 9372 1577
f 148 9373 1551
f 9374 9373 1577
f 9453 9374 1609
f 1384 1552 9375 9376
f 1578 9300 9375
f 1579 9375 9300
f 1580 9376 1395
f 1395 9376 1394
f 1580 1395 1396 1582
f 1581 1384 1580
f 1397 1583 9377 1582
f 1583 1398 1399 9378
f 1581 1582 1555
f 1582 9377 1555
f 1555 9377 1385
f 1399 1587 1585 9378
f 1583 9378 9377
f 1596 1597 1404 9382
f 9377 9378 1584
f 1584 9378 1585
f 1588 9379 1589
f 1589 9379 1400
f 1586 9379 1588
f 1591 9380 1401
f 1590 9380 149
f 1591 9381 1388
f 1592 9381 1593
f 1593 9381 1591
f 1595 1389 1596
f 1594 1596 150
f 1597 1596 1594
f 1404 1632 1599 9382
f 1598 9382 1599
f 1598 151 1595 9382
f 1405 155 1603 9383
f 1406 156 1605 9384
f 1601 9383 1600
f 1600 9383 1602
f 1406 9384 155
f 155 9384 1603
f 9387 1579 9300 1612
f 1605 1604 9384
f 1603 9384 1604
f 1640 9385 1607
f 1607 9385 1605
f 1608 9386 9385
f 1640 1608 9385
f 1606 9385 153
f 1611 9386 1608
f 1611 1392 1610
f 1609 1610 126
f 1614 1615 1411 9388
f 9300 1393 1612
f 1409 9387 1613
f 1409 1410 9387
f 1614 9387 1615
f 1615 9387 1410
f 1616 1394 1614
f 1396 1395 1616 9388
f 1411 1412 9388
f 1396 9388 1617
f 1617 9388 1412
f 1618 1617 1413 9389
f 9389 1397 1618
f 1620 1619 1415 9390
f 1413 1414 9389
f 1398 9389 1619
f 1619 9389 1414
f 1622 1416 1417 9391
f 1621 9390 1416
f 1416 9390 1415
f 1624 1626 1625 1401
f 1622 9391 154
f 1422 1635 1634 9393
f 1624 1401 1623
f 1627 9392 1402
f 1402 9392 1403
f 1403 9392 1629
f 1630 1420 1631
f 1629 1420 1630
f 1632 1404 1633
f 1421 9393 1633
f 1634 1599 1632 9393
f 1422 9393 1421
f 1423 157 1637 9394
f 1644 1426 1427 9398
f 1637 1636 9394
f 1635 9394 1636
f 1639 1638 9395
f 1424 1639 9395
f 1637 9395 156
f 156 9395 1638
f 1607 1638 1640
f 1641 1640 1639
f 1425 9396 1641
f 1641 9396 1640
f 1642 1643 9396
f 1425 1642 9396
f 1611 1643 1392
f 9397 1643 1642
f 1407 1313 9397
f 1643 9397 127
f 1645 1408 1644
f 1409 1613 1645 9398
f 1427 1428 9398
f 1409 9398 1428
f 1646 1428 1429 9399
f 9399 1410 1646
f 1676 160 1651 9401
f 1429 1430 9399
f 1411 9399 1430
f 1648 1412 1647
f 158 1674 9400
f 1647 158 9400
f 1647 9400 1648
f 1648 9400 1413
f 159 9401 1649
f 159 1676 9401
f 1651 1652 1416 1415
f 1649 9401 1650
f 1650 9401 1651
f 1652 160 1431 9402
f 1654 1624 9391 9403
f 1653 9402 1432
f 1653 9403 1417
f 1654 9403 1655
f 1655 9403 1653
f 1656 1628 1418 9405
f 1434 9404 1433
f 9404 9405 1626
f 1626 9405 1418
f 1656 9405 1657
f 1657 9405 9404
f 1658 1436 9407 9406
f 1658 9406 1419
f 1419 9406 1420
f 1660 1631 1659 9407
f 1420 9406 1659
f 1659 9406 9407
f 1660 9407 1438
f 1438 9407 1686
f 1689 161 1663 9408
f 1439 9408 1438
f 1662 1422 1661 9408
f 1663 161 1440 9409
f 9394 1662 1423
f 1691 162 1665 9409
f 1441 163 1667 9410
f 1665 1664 9409
f 1663 9409 157
f 157 9409 1664
f 9395 1664 1424
f 9411 164 1669 9412
f 1667 1666 9410
f 1665 9410 1666
f 1641 1666 1425
f 1442 9411 1668
f 1668 9411 1667
f 9397 9412 1407
f 1669 128 1407 9412
f 9426 129 1314 1669
f 9416 159 9400 1674
f 9413 1426 1670
f 165 9413 1670
f 165 9428 9413
f 1427 9413 1445
f 1445 9413 9428
f 1672 1428 1671
f 1671 9414 1672
f 1672 9414 1429
f 9415 1430 1673
f 166 1702 9415
f 1673 166 9415
f 1674 9415 1675
f 1675 9415 1702
f 9415 1674 158
f 9416 1674 1675
f 9418 1449 1681 1434
f 167 9431 9416
f 1675 167 9416
f 1676 9416 1446
f 1446 9416 9431
f 9417 1676 1446
f 168 9433 9417
f 1677 9417 1447
f 1447 9417 9433
f 1431 9417 1677
f 1431 1677 1432
f 1677 1678 1432
f 1448 9418 1679
f 1679 9418 1678
f 1433 1678 9418
f 9418 1434 1433
f 1680 1657 9404 1434
f 1682 1450 1684 9419
f 1685 1451 1687 9420
f 1684 1683 9419
f 1435 9419 1436
f 1436 9419 1683
f 1437 9420 1686
f 1685 9420 1437
f 1439 1438 1686 9421
f 1687 9421 9420
f 1688 169 9439 9422
f 1439 1688 1689
f 1693 1453 1722 9424
f 1689 9422 161
f 161 9422 1690
f 1440 1690 1691
f 1693 9423 1453
f 1693 1692 9423
f 1691 9423 162
f 162 9423 1692
f 9410 1692 1441
f 1722 170 1694 9424
f 9427 1698 165 1444
f 1694 163 9424
f 1693 9424 163
f 1668 163 1442
f 1695 9425 1725
f 1695 9426 9425
f 1694 9425 164
f 164 9425 9426
f 1669 164 9426
f 1696 9426 1695
f 1695 1443 1696
f 9428 3312 1265 1700
f 165 1698 1699
f 1699 9428 165
f 1700 1445 9428
f 9414 1445 1700 9429
f 1700 3315 1701 9429
f 9432 168 1446 9431
f 9430 9429 1701
f 1701 1264 9430
f 1702 9430 1703
f 9430 1702 166
f 1705 1702 1704
f 1705 1704 1706
f 1707 1706 3321
f 1705 9431 167
f 10081 3478 1708 9432
f 10081 9432 1707
f 1679 1447 1710 1448
f 9432 9433 168
f 1709 9433 1708
f 1447 9433 1710
f 1710 1709 9434
f 10088 9434 1709
f 9434 3331 1263 1448
f 1684 1450 9436 9437
f 1263 1711 1448
f 1449 1448 1711
f 9435 1711 1712
f 1713 9435 1712
f 1713 9436 9435
f 1681 9435 1450
f 1450 9435 9436
f 3348 9436 1713
f 1714 9436 3348
f 3589 3381 1719 9440
f 1715 1262 9437
f 1714 1715 9437
f 1684 9437 1451
f 1451 9437 1262
f 9438 1262 1716
f 1716 1261 9438
f 9421 9438 169
f 169 9438 1261
f 169 1261 9439
f 1718 9440 9439
f 1452 9439 9440
f 3589 9440 1718
f 9423 1452 9440 1720
f 1259 1723 1721 9441
f 9440 1719 1720
f 1259 9441 1260
f 1260 9441 1720
f 9444 1443 1695 1726
f 1723 9442 1722
f 1724 170 9442
f 1722 9442 170
f 9425 170 1725
f 1724 9443 1725
f 9444 1726 9443
f 1725 9443 1726
f 9458 1318 9308 9447
f 10204 9445 1727
f 1727 9445 9444
f 5 9294 9445
f 9600 9446 1728
f 1728 9446 9456
f 1732 1860 1731
f 9458 9447 1735
f 1310 1490 1749 9449
f 1738 9448 1309
f 1863 1308 9448
f 1744 1869 1743
f 1742 1743 1330
f 1755 1884 1749 9450
f 1310 9449 1742
f 1755 9450 1311
f 1312 1359 1770 9451
f 1763 1898 1762
f 1610 1392 1803 9454
f 1771 9489 9451
f 9508 9452 125
f 1958 9453 9525
f 1313 128 1818 9455
f 1610 9454 126
f 9456 1860 1732 1861
f 1313 9455 127
f 127 9455 2007
f 129 1836 1314
f 2037 1314 1836
f 128 1314 2037
f 9580 1852 1315
f 2061 1315 1852
f 129 1315 2061
f 9458 1735 1736 9459
f 1729 9457 1861
f 1730 9457 1729
f 9456 1861 9457
f 1731 9458 1732
f 1740 172 1867 9463
f 1729 9459 1865
f 1865 9459 1736
f 1732 9459 1729
f 1732 9458 9459
f 1865 1862 1729
f 1733 9460 1862
f 1734 9460 1733
f 1730 1862 9460
f 1863 9461 9447
f 9448 9461 1863
f 1735 9461 9462
f 1864 9462 1739
f 1739 9462 1871
f 1739 1866 1864
f 1740 9463 1866
f 1733 1862 1865 9463
f 1297 1734 1868 9464
f 1865 1866 9463
f 1867 1868 1733
f 1297 9464 1298
f 1298 9464 1737
f 1873 1866 1871 9466
f 1744 1738 1869
f 9448 1738 171
f 1870 9465 1746
f 1746 9465 1745
f 171 1738 9465
f 1870 171 9465
f 1746 1872 1870
f 1747 9466 1872
f 9467 176 9468 1737
f 1871 1872 9466
f 9466 1874 1873
f 1748 9467 175
f 175 9467 1874
f 1740 9467 172
f 1740 1874 9467
f 2136 2268 1875 9468
f 9468 1875 1737
f 2136 9468 1741
f 1752 1882 1880 9472
f 1744 9469 173
f 1750 9470 1876
f 1745 9470 1751
f 1751 9470 1885
f 173 9469 9470
f 1745 173 9470
f 1751 1877 1745
f 1746 1745 174
f 1888 9471 177
f 177 9471 1877
f 174 1877 9471
f 1878 174 9471
f 9471 1879 1878
f 1752 9472 178
f 178 9472 1879
f 1748 175 1747 9472
f 1893 179 9474 9473
f 1747 1879 9472
f 1880 1881 1748
f 1753 9473 1882
f 1882 9473 1881
f 1750 1876 9475 9476
f 176 9474 9468
f 1741 9468 9474
f 179 1300 9474
f 1756 9476 1884
f 1750 9476 1903
f 1903 9476 1756
f 1887 177 1885 9477
f 1906 9477 180
f 180 9477 1886
f 1887 9477 1757
f 1757 9477 1906
f 1890 178 1888 9478
f 1885 1886 9477
f 1758 9478 181
f 181 9478 1889
f 1891 182 9485 1759
f 1888 1889 9478
f 9478 1891 1890
f 1892 183 1894 1753
f 1753 1759 1892
f 1752 1759 1882
f 1755 1343 1897 1899
f 1893 1753 1894
f 179 1894 9479
f 9487 9479 1894
f 1760 9479 9487
f 9479 9480 179
f 179 9480 1300
f 1895 1300 9480
f 9480 1301 1895
f 1901 1884 1755 1899
f 1897 1898 1899
f 1900 1899 1898
f 1905 180 1903 9482
f 1919 1902 9481
f 1899 9481 1901
f 1901 9481 1902
f 1756 1902 1904
f 1903 1756 1904
f 1764 9482 1904
f 1908 181 1906 9483
f 1765 9483 1907
f 1907 9483 1906
f 1909 185 1766 9484
f 182 1758 1909 9484
f 9485 9484 1767
f 1767 9484 1766
f 1914 1896 1760 9487
f 182 9484 9485
f 1767 1910 9485
f 1759 9485 1910
f 1910 9486 183
f 183 9486 1912
f 1913 9487 1912
f 1914 9487 1913
f 1762 123 9451 9489
f 1915 9488 1896
f 1896 9488 1301
f 1916 9488 1915
f 1754 1301 9488
f 1302 1754 9488
f 1916 1761 1302
f 1763 9489 1917
f 9481 1900 9490 1920
f 1762 9489 1763
f 1772 9490 1917
f 1921 187 9493 9492
f 9491 1920 1918
f 9481 1920 1919
f 1920 9491 1919
f 1921 9492 184
f 184 9492 1764
f 1923 1907 1922 9493
f 1764 9492 1922
f 1923 9493 1924
f 1927 1911 1767 1766
f 1775 9494 1774
f 1774 9494 1925
f 1926 9494 1775
f 1927 1766 1928
f 1930 186 9486 9495
f 1929 9495 1911
f 1911 9495 9486
f 1930 9495 1931
f 1931 9495 1929
f 1933 1916 1915 9496
f 1932 9496 186
f 186 9496 1768
f 1772 1771 1936 9500
f 1915 1768 9496
f 1934 9497 1916
f 1916 9497 1761
f 1935 9497 1934
f 1304 1761 9497
f 1769 9498 1935
f 9497 9498 1304
f 124 9452 9499
f 1770 124 9499
f 1936 9499 1780
f 1780 9499 9452
f 1771 9499 1936
f 1940 1783 1941 9501
f 1936 1937 9500
f 1938 9500 1939
f 1939 9500 1937
f 187 1942 1943 1944
f 9491 9501 1942
f 1942 9501 1941
f 1950 1931 1929 9503
f 187 1944 1773
f 1785 9502 1944
f 1945 9502 1786
f 1946 1775 1947
f 1949 9503 1948
f 1948 9503 1776
f 1950 9503 1951
f 1951 9503 1949
f 1778 188 9505 1954
f 1953 9504 1952
f 1952 9504 1777
f 1954 9505 1790
f 1955 1935 1934 1954
f 1955 1954 1790
f 1956 192 1957 9506
f 1790 1791 1955
f 1956 9506 1769
f 1769 9506 9498
f 9507 116 9498 9506
f 1980 1962 1960 9509
f 1957 1779 9507
f 9606 9507 1779
f 125 9453 9508
f 9509 9508 1958
f 1958 9508 9453
f 1781 1780 1959 9510
f 1959 9509 9510
f 1961 9510 1960
f 1794 193 1963 9511
f 1781 9510 1961
f 1794 9511 1962
f 1962 9511 1960
f 1782 1939 9511 9512
f 190 1953 1788 1971
f 1964 9512 1963
f 1963 9512 9511
f 1782 9512 1783
f 1783 9512 1964
f 1795 1964 193
f 1965 1964 1795
f 1966 9513 1965
f 1796 9514 194
f 194 9514 1966
f 1967 9514 1796
f 1967 9515 189
f 189 9515 1785
f 1785 9515 1786
f 1797 9516 9515
f 1968 9516 1798
f 1968 9517 1787
f 1969 9517 1970
f 1969 9518 1971
f 191 1790 1789 9519
f 190 1971 1972
f 190 1972 1973
f 1800 1973 196
f 190 9519 1789
f 1974 9519 1973
f 1801 198 1975 9520
f 191 9519 1974
f 191 1974 9520
f 1976 1956 1791 9521
f 191 9520 9521
f 1975 1976 9521
f 191 9521 1791
f 2002 199 1977 9522
f 2002 9522 1975
f 1975 9522 1976
f 9607 117 9523 9524
f 1976 9522 192
f 192 9522 1977
f 192 9523 1957
f 9524 9523 1977
f 9607 9524 2004
f 1793 1958 9525 9526
f 126 9454 9525
f 1978 9525 9454
f 1979 9526 1805
f 1805 9526 1804
f 1979 1805 1806 9527
f 1980 1793 1979
f 1807 1983 1981 9527
f 1983 1808 1809 9528
f 1980 9527 1962
f 1809 200 1985 9528
f 1983 9528 1982
f 1986 1985 200 9529
f 1982 9528 1984
f 1985 1986 1984
f 1810 9529 200
f 1810 201 1988 9529
f 1813 2026 1997 9532
f 1986 9529 1987
f 1988 1989 1987
f 1990 9530 9543
f 1990 9531 195
f 195 9531 1797
f 1992 9531 1990
f 1797 9531 1798
f 1798 9531 1991
f 1993 1811 1812
f 1991 1811 1993
f 1994 1799 1995
f 1813 9532 1995
f 1996 9532 1997
f 1996 196 1994 9532
f 1814 203 1999 9533
f 9538 1978 9454 2007
f 1998 9533 197
f 197 9533 1999
f 1815 9534 2000
f 2000 9534 1999
f 2001 9534 1815
f 2001 9535 9534
f 1999 9534 198
f 198 9534 9535
f 9536 9535 2001
f 2001 1816 9536
f 2003 9537 9536
f 2002 9536 199
f 2006 9537 2003
f 2006 1802 2005
f 2004 2005 118
f 2009 2010 1821 9539
f 9454 1803 2007
f 1819 9538 2008
f 1819 1820 9538
f 2009 9538 2010
f 2010 9538 1820
f 2011 1804 2009
f 1806 1805 2011 9539
f 1821 1822 9539
f 1806 9539 2012
f 2012 9539 1822
f 2013 2012 1823 9540
f 9540 1807 2013
f 2014 204 1825 9541
f 1823 1824 9540
f 1808 9540 1824
f 2017 205 1827 9542
f 2015 9541 2016
f 2016 9541 1826
f 2019 2021 2020 9543
f 2017 9542 201
f 1811 1992 2022 9544
f 2019 9543 2018
f 2025 1830 9546 9545
f 1811 9544 1812
f 1812 9544 2024
f 2026 1813 9545
f 2025 9545 202
f 1832 2028 2027 9546
f 2027 1997 2026 9546
f 1832 9546 1831
f 1833 206 2030 9547
f 2037 1836 1837 9551
f 2030 2029 9547
f 2028 9547 203
f 203 9547 2029
f 1834 9548 2031
f 2031 9548 2030
f 2032 2033 9548
f 1834 2032 9548
f 9548 2033 2001
f 2034 2033 2032
f 1835 9549 2034
f 2034 9549 2033
f 2035 2036 9549
f 1835 2035 9549
f 2006 2036 1802
f 9550 2036 2035
f 1817 1305 9550
f 2036 9550 119
f 1819 2008 2037 9551
f 1837 1838 9551
f 1819 9551 1838
f 2038 1838 1839 9552
f 9552 1820 2038
f 2043 2042 1842 9555
f 1839 1840 9552
f 1821 9552 1840
f 2040 1822 2039
f 207 2065 9553
f 2039 207 9553
f 2039 9553 2040
f 2040 9553 1823
f 208 9554 2041
f 208 1841 9554
f 1825 9554 2042
f 2042 9554 1841
f 2041 9554 204
f 204 9554 1825
f 2044 2046 2045 9556
f 1843 9555 9571
f 2043 9555 205
f 1843 9556 1827
f 2045 2019 9542 9556
f 2044 9556 1843
f 2047 2023 1828 9558
f 1844 9557 2046
f 9557 9558 2021
f 2021 9558 1828
f 2047 9558 2048
f 2048 9558 9557
f 2051 1846 1847 9561
f 2050 9559 2049
f 1829 9559 1830
f 1830 9559 9560
f 2078 9560 2050
f 2051 9560 1846
f 1846 9560 2078
f 1831 2051 2052
f 2081 209 2054 9561
f 2053 1832 2052 9561
f 2054 209 1848 9562
f 9547 2053 1833
f 2083 210 2056 9562
f 1849 211 2058 9563
f 2056 2055 9562
f 2054 9562 206
f 206 9562 2055
f 2031 2055 1834
f 9564 212 2060 9565
f 2058 2057 9563
f 2056 9563 2057
f 2034 2057 1835
f 1850 9564 2059
f 2059 9564 2058
f 9550 9565 1817
f 2060 120 1817 9565
f 9579 121 1306 2060
f 9569 208 9553 2065
f 9566 1836 2061
f 213 9566 2061
f 213 9581 9566
f 1837 9566 1853
f 1853 9566 9581
f 2063 1838 2062
f 2062 9567 2063
f 2063 9567 1839
f 9568 1840 2064
f 214 2094 9568
f 2064 214 9568
f 2065 9568 2066
f 2066 9568 2094
f 9568 2065 207
f 9569 2065 2066
f 2067 1854 1855 9570
f 215 9584 9569
f 2066 215 9569
f 2067 9569 1854
f 1854 9569 9584
f 2068 2070 2069 9571
f 2068 9570 1856
f 1856 9570 1855
f 2067 9570 1842
f 1842 9570 2068
f 1842 2068 9571
f 2069 2044 1843 9571
f 2071 216 2073 1844
f 2046 2069 2071
f 2071 1844 2046
f 2072 2048 9557 1844
f 2074 2104 2076 9572
f 2077 1857 2079 9573
f 2076 2075 9572
f 1845 9572 2075
f 2050 9573 2078
f 2077 9573 2050
f 1847 1846 2078 9574
f 2079 9574 9573
f 2080 217 9593 9575
f 1847 2080 2081
f 2085 1859 2113 9577
f 2081 9575 209
f 209 9575 2082
f 1848 2082 2083
f 2085 9576 1859
f 2085 2084 9576
f 2083 9576 210
f 210 9576 2084
f 9563 2084 1849
f 2113 218 2086 9577
f 9580 2090 213 1852
f 2086 211 9577
f 2085 9577 211
f 2059 211 1850
f 2087 9578 2116
f 2087 9579 9578
f 2086 9578 212
f 212 9578 9579
f 2060 212 9579
f 2088 9579 2087
f 2087 1851 2088
f 9581 3707 1257 2092
f 213 2090 2091
f 2091 9581 213
f 2092 1853 9581
f 9567 1853 2092 9582
f 2092 3710 2093 9582
f 10232 3723 9586 9585
f 9583 9582 2093
f 2093 1256 9583
f 2094 9583 2095
f 9583 2094 214
f 2097 2094 2096
f 2097 2096 2098
f 2099 2098 3716
f 2097 9584 215
f 1854 9584 9585
f 10232 9585 2099
f 2070 1856 2101 9587
f 9585 9586 1855
f 1856 9586 2101
f 2101 2100 1255
f 1255 94 2103 9587
f 9588 93 1254 9589
f 2070 9587 2102
f 3736 9588 2103
f 2103 9588 9587
f 2102 9588 216
f 2102 9587 9588
f 9588 9589 216
f 216 9589 2073
f 3985 3778 2110 9594
f 2073 9589 2104
f 2104 9589 1254
f 2104 9590 2076
f 2105 2106 9590
f 2076 9590 1857
f 1857 9590 2106
f 1252 9591 1253
f 2107 1251 9592
f 9574 9592 217
f 217 9592 1251
f 217 1251 9593
f 2109 9594 9593
f 1858 9593 9594
f 3985 9594 2109
f 9576 1858 9594 2111
f 1249 2114 2112 9595
f 9594 2110 2111
f 1249 9595 1250
f 1250 9595 2111
f 9598 1851 2087 2117
f 2114 9596 2113
f 2115 218 9596
f 2113 9596 218
f 9578 218 2116
f 2115 9597 2116
f 9598 2117 9597
f 2116 9597 2117
f 9612 1730 9460 2126
f 10354 9599 2118
f 2118 9599 9598
f 9598 9599 122
f 1287 9600 2119
f 2119 9600 9610
f 6 9600 1287
f 2123 2260 2122
f 9612 2126 2127
f 1300 1895 9629 9602
f 2131 9601 1298
f 2263 1297 9601
f 2137 2268 2136
f 2135 2136 1741
f 2312 231 2295 9604
f 2135 9602 2143
f 1300 9602 1299
f 1299 9602 2135
f 2151 2282 9603
f 1301 9603 2282
f 1304 9498 2166 9605
f 2295 9638 9604
f 1302 9604 2294
f 2294 9604 9638
f 2005 1802 2199 9608
f 2167 9646 9605
f 9666 9606 117
f 2348 9607 9683
f 1305 120 2215 9609
f 2005 9608 118
f 9735 2250 2453 1307
f 1305 9609 119
f 119 9609 2396
f 121 2232 1306
f 2427 1306 2232
f 120 1306 2427
f 9610 2260 2123 2261
f 121 1307 2453
f 9612 2127 2128 9613
f 2120 9611 2261
f 2121 9611 2120
f 9610 2261 9611
f 2122 9612 2123
f 2126 1734 2263 9615
f 2120 9613 2129
f 2129 9613 2128
f 2123 9613 2120
f 2123 9612 9613
f 2129 2262 2120
f 2125 9614 2262
f 9753 9614 2125
f 2125 2262 2124
f 2133 220 2266 9617
f 9601 9615 2263
f 2127 9615 9616
f 2264 9616 2132
f 2132 9616 2270
f 2132 2265 2264
f 2133 9617 2265
f 1288 2125 2267 9618
f 2129 9617 2124
f 2129 2265 9617
f 2266 2267 2124
f 1288 9618 1289
f 1289 9618 2130
f 2272 2265 2270 9620
f 2137 2131 2268
f 9601 2131 219
f 2269 9619 2139
f 2139 9619 2138
f 219 2131 9619
f 2269 219 9619
f 2139 2271 2269
f 2277 9620 2140
f 2140 9620 2271
f 9621 224 9622 2130
f 2270 2271 9620
f 9620 2273 2272
f 2141 9621 223
f 223 9621 2273
f 2133 9621 220
f 2133 2273 9621
f 2528 2656 2274 9622
f 9622 2274 2130
f 2528 9622 2134
f 9623 2143 2144 9624
f 2137 9623 221
f 2277 2276 2147 9626
f 2138 9624 2145
f 2145 9624 2285
f 221 9623 9624
f 2138 221 9624
f 2145 2275 2138
f 2139 2138 222
f 2146 9625 225
f 225 9625 2275
f 222 2275 9625
f 2140 222 9625
f 9625 2277 2140
f 2148 9626 2147
f 2148 2280 2278 9626
f 2141 223 2277 9626
f 2292 226 9628 9627
f 2278 2279 2141
f 2149 9627 2280
f 2280 9627 2279
f 2283 2143 9602 9629
f 224 9628 9622
f 2134 9622 9628
f 226 1290 9628
f 2284 9629 2151
f 2144 2143 2283 9630
f 2152 9630 2284
f 2284 9630 2283
f 2287 225 2285 9631
f 2302 9631 227
f 227 9631 2286
f 2287 9631 2153
f 2153 9631 2302
f 9632 2276 9625 2146
f 2285 2286 9631
f 2289 229 2290 9633
f 2154 9632 228
f 228 9632 2288
f 2289 9632 2154
f 2147 9633 2148
f 9632 9633 2147
f 2149 2280 2148 9634
f 2155 9634 2290
f 2291 9634 230
f 9634 2148 9633 2290
f 2291 230 2156 9635
f 2291 2292 2149
f 9603 1754 2294 9638
f 2157 9635 9643
f 9635 9636 226
f 226 9636 1290
f 2142 1290 9636
f 1291 9637 1292
f 2297 2284 2151 9638
f 2296 9638 2295
f 2159 232 2298 2297
f 2159 2297 2296
f 2301 227 2299 9639
f 2152 2298 2299
f 2297 2298 2152
f 2300 9639 2299
f 2304 228 2302 9640
f 2160 9640 2303
f 2303 9640 2302
f 2305 233 2161 9641
f 229 2154 2305 9641
f 2306 9641 2162
f 2307 234 2163 9642
f 229 9641 2306
f 2309 2293 2157 9643
f 2307 9642 230
f 230 9642 2156
f 2308 9643 2156
f 2309 9643 2308
f 2310 236 9645 9644
f 2310 9644 2293
f 2293 9644 2150
f 9604 1303 9605 9646
f 2311 2150 9644
f 2685 9645 2158
f 2311 9645 2685
f 2312 9646 2313
f 232 2315 2316 9650
f 9604 9646 2312
f 2168 9647 2313
f 2313 9647 2312
f 9647 9648 231
f 2296 231 2159
f 9649 9648 2314
f 9648 9649 2315
f 2316 237 9651 9650
f 232 9650 2300
f 2318 2303 2317 9651
f 2300 9650 2317
f 2318 9651 2319
f 2320 2319 2170 9652
f 2321 2161 233 9652
f 2321 9652 2171
f 2320 9652 233
f 2323 2173 2325 9653
f 2161 2321 2162
f 2172 2323 2322
f 2322 2323 234
f 2323 9653 2163
f 2163 9653 9642
f 2324 9653 2325
f 2324 235 9642 9653
f 2327 236 2310 9654
f 2326 9654 235
f 235 9654 2164
f 2168 2167 2330 9657
f 2310 2164 9654
f 2328 9655 236
f 236 9655 9645
f 2158 9655 2329
f 2158 9645 9655
f 9655 2165 2329
f 116 9606 9656
f 2166 116 9656
f 2330 9656 2177
f 2177 9656 9606
f 2167 9656 2330
f 2333 241 2334 9658
f 2330 2331 9657
f 2332 9657 2331
f 237 2335 2336 9659
f 9649 9658 2335
f 2335 9658 2334
f 2340 2325 2173 9661
f 237 9659 2169
f 2182 9660 9659
f 2170 2337 2171
f 2183 2339 2338
f 2338 2339 238
f 2339 9661 238
f 238 9661 2172
f 2340 9661 2341
f 2341 9661 2339
f 2175 239 9663 2344
f 2343 9662 2342
f 2342 9662 2174
f 2344 9663 2186
f 2345 240 2328 2344
f 2345 2344 2186
f 2346 246 2347 9664
f 2186 2187 2345
f 2346 9664 240
f 240 9664 2165
f 9665 109 1293 9664
f 2178 2177 2349 9668
f 1293 2165 9664
f 2347 2176 9665
f 9757 9665 2176
f 117 9607 9666
f 9667 9666 2348
f 2348 9666 9607
f 2348 2190 9667
f 9668 9667 2190
f 2349 9667 9668
f 2179 9668 2350
f 2180 2179 9669 9670
f 2178 9668 2179
f 2191 9669 2350
f 244 2343 2184 9676
f 2353 9670 2351
f 2351 9670 9669
f 2180 9670 2352
f 2352 9670 2353
f 2354 2353 2192
f 2355 9671 2356
f 2356 9671 2354
f 2181 9671 2355
f 2193 2355 2356
f 2357 2355 2193
f 2357 9672 242
f 242 9672 2182
f 2182 9672 243
f 2194 9673 248
f 248 9673 9672
f 2358 9673 2359
f 2359 9673 2194
f 243 9673 2358
f 2358 9674 2183
f 2360 9674 2359
f 2360 9675 9676
f 245 2186 2185 9677
f 244 9676 2361
f 244 2361 2362
f 2196 2362 249
f 244 9677 2185
f 2363 9677 2362
f 2197 251 2364 9678
f 245 9677 2363
f 2197 9678 250
f 2187 245 9678 9679
f 2364 2365 9679
f 2365 2346 2187 9679
f 2391 252 2366 9680
f 2391 9680 2364
f 2364 9680 2365
f 9758 110 9681 9682
f 2365 9680 246
f 246 9680 2366
f 246 9681 2347
f 9682 9681 2366
f 9758 9682 2393
f 2189 2348 9683 9684
f 118 9608 9683
f 2367 9683 9608
f 2368 9684 2201
f 2201 9684 2200
f 2203 2371 9685 2369
f 2189 2368 2190
f 2190 2368 247
f 2202 2369 2201
f 2371 2204 2205 9686
f 2368 2369 247
f 2369 9685 247
f 247 9685 2191
f 2191 9685 2370
f 2205 253 2373 9686
f 2371 9686 9685
f 2374 2373 253 9687
f 9685 9686 2370
f 2370 9686 2372
f 2373 2374 2372
f 2206 9687 253
f 2206 254 2376 9687
f 2210 2415 2385 9689
f 2374 9687 2375
f 2376 2377 2375
f 2378 9688 2207
f 2378 2194 248
f 2379 2194 2380
f 2380 2194 2378
f 2381 2208 2209
f 2379 2208 2381
f 2382 2195 2383
f 2210 9689 2383
f 2384 9689 2385
f 2384 249 2382 9689
f 2211 255 2389 9690
f 9695 2367 9608 2396
f 2387 9690 2386
f 2386 9690 2388
f 2212 9691 255
f 255 9691 2389
f 2390 9691 2212
f 2390 9692 9691
f 2389 9691 251
f 251 9691 9692
f 9693 9692 2390
f 2390 2213 9693
f 2392 9694 9693
f 2391 9693 252
f 2395 9694 2392
f 2395 2198 2394
f 2393 2394 111
f 2398 2399 2218 9696
f 9608 2199 2396
f 2216 9695 2397
f 2216 2217 9695
f 2398 9695 2399
f 2399 9695 2217
f 2400 2200 2398
f 2202 2201 2400 9696
f 2218 2219 9696
f 2202 9696 2401
f 2401 9696 2219
f 2402 2401 2220 9697
f 9697 2203 2402
f 2404 2403 2222 9698
f 2220 2221 9697
f 2204 9697 2403
f 2403 9697 2221
f 2406 2223 2224 9699
f 2405 9698 2223
f 2223 9698 2222
f 2408 2410 2409 2207
f 2406 9699 254
f 2228 2418 2417 9701
f 2408 2207 2407
f 2411 9700 2208
f 2208 9700 2209
f 2209 9700 2413
f 2413 2227 2414
f 2415 2210 2416
f 9716 9701 256
f 256 9701 2416
f 2417 2385 2415 9701
f 2228 9701 9716
f 2229 257 2420 9702
f 2427 2232 2233 9706
f 2420 2419 9702
f 2418 9702 2419
f 2230 9703 2421
f 2421 9703 2420
f 2422 2423 9703
f 2230 2422 9703
f 9703 2423 2390
f 2424 2423 2422
f 2231 9704 2424
f 2424 9704 2423
f 2425 2426 9704
f 2231 2425 9704
f 2395 2426 2198
f 9705 2426 2425
f 2214 1294 9705
f 2426 9705 112
f 2216 2397 2427 9706
f 2233 2234 9706
f 2216 9706 2234
f 2428 2234 2235 9707
f 9707 2217 2428
f 2434 2433 2238 9710
f 2235 2236 9707
f 2218 9707 2236
f 2430 2219 2429
f 258 2457 9708
f 2429 258 9708
f 2429 9708 2430
f 2430 9708 2220
f 259 9709 2431
f 259 2237 9709
f 2222 9709 2433
f 2433 9709 2237
f 2431 9709 2432
f 2432 9709 2222
f 2436 2408 9699 9711
f 2435 9710 2239
f 2435 9711 2224
f 2436 9711 2437
f 2437 9711 2435
f 2438 2412 2225 9713
f 2241 9712 2240
f 9712 9713 2410
f 2410 9713 2225
f 2438 9713 2439
f 2439 9713 9712
f 2440 2243 9715 9714
f 2440 9714 2226
f 2226 9714 2227
f 2445 2228 9716 2443
f 2227 9714 2441
f 2441 9714 9715
f 2442 9715 2245
f 2442 9716 256
f 2443 9716 2444
f 2444 9716 2442
f 2472 2443 2444
f 2446 2443 2473
f 2446 2473 2246 9717
f 9702 2445 2229
f 2475 260 2448 9717
f 2247 261 2450 9718
f 2448 2447 9717
f 2446 9717 257
f 257 9717 2447
f 2421 2447 2230
f 9719 262 2452 9720
f 2450 2449 9718
f 2448 9718 2449
f 2424 2449 2231
f 2248 9719 2451
f 2451 9719 2450
f 9705 9720 2214
f 2452 113 2214 9720
f 9734 114 1295 2452
f 2453 2250 9736 9721
f 9721 2232 2453
f 9724 259 9708 2457
f 2233 9721 2251
f 2251 9721 9736
f 2455 2234 2454
f 2454 9722 2455
f 2455 9722 2235
f 9723 2236 2456
f 263 2487 9723
f 2456 263 9723
f 2457 9723 2458
f 2458 9723 2487
f 9723 2457 258
f 9724 2457 2458
f 2459 2252 2253 9725
f 264 9739 9724
f 2458 264 9724
f 2459 9724 2252
f 2252 9724 9739
f 9726 2256 2464 2241
f 2460 9725 2254
f 2254 9725 2253
f 2459 9725 2238
f 2238 9725 2460
f 2238 2460 2239
f 2460 2461 2239
f 2255 9726 2462
f 2462 9726 2461
f 2240 2461 9726
f 9726 2241 2240
f 2463 2439 9712 2241
f 2465 2498 2467 9727
f 2468 2257 2469 9728
f 2467 2466 9727
f 2242 9727 2243
f 2243 9727 2466
f 2244 9728 2245
f 2468 9728 2244
f 2471 2502 9746 9730
f 2502 2470 9729
f 2469 9729 9728
f 9728 9729 2470
f 2470 2472 2444
f 2471 2472 2470
f 2477 2259 2508 9732
f 2472 9730 2473
f 2473 9730 2474
f 2246 2474 2475
f 2477 9731 2259
f 2477 2476 9731
f 2475 9731 260
f 260 9731 2476
f 9718 2476 2247
f 2508 265 2478 9732
f 2482 4103 1248 2483
f 2478 261 9732
f 2477 9732 261
f 2451 261 2248
f 2479 9733 2511
f 2479 9734 9733
f 2478 9733 262
f 262 9733 9734
f 2452 262 9734
f 2480 9734 2479
f 2479 2249 2480
f 2482 9735 2481
f 2483 2250 2482
f 2483 4104 2484 9736
f 2484 4104 1247 2485
f 2485 2251 2484
f 9722 2251 2485 9737
f 2485 4108 2486 9737
f 10380 4278 9741 9740
f 9738 9737 2486
f 2486 1246 9738
f 2487 9738 2488
f 9738 2487 263
f 2490 2487 2489
f 2490 2489 2491
f 2492 2491 4114
f 2490 9739 264
f 2252 9739 9740
f 10380 9740 2492
f 2462 2254 2494 2255
f 9740 9741 2253
f 2254 9741 2494
f 2494 2493 9742
f 10388 9742 2493
f 9742 4126 1245 2255
f 4389 4177 2505 9747
f 1245 2495 2255
f 2256 2255 2495
f 9743 2495 2496
f 2497 9743 2496
f 2497 1244 9743
f 2464 9743 2498
f 2498 9743 1244
f 2498 9744 2467
f 2500 1243 9744
f 2499 2500 9744
f 2467 9744 2257
f 2257 9744 1243
f 9745 1243 2501
f 2501 1242 9745
f 9729 9745 2502
f 2502 9745 1242
f 2502 1242 9746
f 2504 9747 9746
f 2258 9746 9747
f 4389 9747 2504
f 9731 2258 9747 2506
f 1240 2509 2507 9748
f 9747 2505 2506
f 1240 9748 1241
f 1241 9748 2506
f 9751 2249 2479 2512
f 2509 9749 2508
f 2510 265 9749
f 2508 9749 265
f 9733 265 2511
f 2510 9750 2511
f 9751 2512 9750
f 2511 9750 2512
f 9763 2121 9614 9753
f 10506 9752 2513
f 2513 9752 9751
f 9761 1287 2119
f 1267 1287 2514
f 2514 1287 9761
f 2517 2647 2516
f 9763 9753 2520
f 1290 2142 9779 9755
f 2523 9754 1289
f 2651 1288 9754
f 2529 2656 2528
f 2527 2528 2134
f 2394 2198 2592 9759
f 1290 9755 2527
f 2540 2671 1291
f 2548 2686 2547
f 2559 9756 1293
f 2560 9794 9756
f 9812 9757 110
f 2741 9758 9830
f 1294 113 2607 9760
f 2394 9759 111
f 9761 2647 2517 2648
f 1294 9760 112
f 112 9760 2793
f 114 2624 1295
f 2824 1295 2624
f 113 1295 2824
f 9883 2639 1296
f 2852 1296 2639
f 114 1296 2852
f 9763 2520 2521 9764
f 2649 9762 2648
f 2515 9762 2649
f 9761 2648 9762
f 2516 9763 2517
f 2525 267 2518 9768
f 2653 9764 2521
f 2517 9763 9764
f 2653 2650 9764
f 2518 9765 2650
f 2519 9765 2518
f 2649 2650 9765
f 2651 9766 9753
f 9754 9766 2651
f 2520 9766 9767
f 2652 9767 2524
f 2524 9767 2658
f 2524 2654 2652
f 2525 9768 2654
f 2518 2650 2653 9768
f 1268 2519 2655 9769
f 2653 2654 9768
f 1268 9769 1269
f 1269 9769 2522
f 2660 2654 2658 9771
f 2529 2523 2656
f 9754 2523 266
f 2657 9770 2531
f 2531 9770 2530
f 266 2523 9770
f 2657 266 9770
f 2531 2659 2657
f 2532 9771 2659
f 9772 271 2662 2522
f 2658 2659 9771
f 9771 2661 2660
f 2533 9772 270
f 270 9772 2661
f 2525 9772 267
f 2525 2661 9772
f 2537 2669 2667 9776
f 2662 1270 2522
f 2662 2526 1270
f 2529 9773 268
f 2534 9774 2663
f 2530 9774 2535
f 2535 9774 2674
f 268 9773 9774
f 2530 268 9774
f 2535 2664 2530
f 2531 2530 269
f 2536 9775 272
f 272 9775 2664
f 2666 9775 2536
f 269 2664 9775
f 2665 269 9775
f 2537 9776 2666
f 2666 9776 2532
f 2533 270 2532 9776
f 2681 273 9778 9777
f 2667 2668 2533
f 2538 9777 2669
f 2669 9777 2668
f 2534 2663 2672 9780
f 271 9778 2662
f 273 1272 9778
f 2673 9779 2540
f 9755 9779 2672
f 2541 9780 2673
f 2673 9780 2672
f 2534 9780 2691
f 2691 9780 2541
f 2676 272 2674 9781
f 2542 9781 274
f 274 9781 2675
f 2676 9781 2677
f 2677 9781 2542
f 2679 2666 2536 9782
f 2674 2675 9781
f 2543 9782 2678
f 2680 275 9789 2544
f 2536 2678 9782
f 9782 2680 2679
f 2545 276 2682 2538
f 2538 2544 2545
f 2537 2544 2669
f 1291 1292 2685 2687
f 2681 2538 2682
f 273 2682 9783
f 9791 9783 2682
f 2546 9783 9791
f 9783 9784 273
f 273 9784 1272
f 2683 1272 9784
f 9784 1273 2683
f 2689 2673 2540 2687
f 2685 2686 2687
f 2688 2687 2686
f 2693 274 2691 9786
f 2706 2690 9785
f 2687 9785 2689
f 2689 9785 2690
f 2541 2690 2692
f 2691 2541 2692
f 2549 9786 2692
f 2693 9786 2694
f 2696 2677 2542 9787
f 2551 9787 2550
f 2550 9787 2695
f 2697 278 2552 9788
f 275 2543 2697 9788
f 2698 279 2554 9790
f 275 9788 9789
f 2544 9789 2545
f 2700 2684 2546 9791
f 2699 9790 2555
f 2698 9790 276
f 276 9790 2699
f 2555 9791 2699
f 2700 9791 2555
f 2547 2158 9756 9794
f 2701 9792 2684
f 2684 9792 1273
f 2703 9792 2701
f 2539 1273 9792
f 2702 2539 9792
f 2702 9793 3088
f 2548 9794 2704
f 9785 2688 9795 2707
f 2547 9794 2548
f 2561 9795 2704
f 2708 280 9798 9797
f 9796 2707 2705
f 9785 2707 2706
f 2707 9796 2706
f 2708 9797 277
f 277 9797 2549
f 2710 2694 2709 9798
f 2549 9797 2709
f 2710 9798 2711
f 2712 2711 2563 9799
f 2713 2552 278 9799
f 2713 9799 2564
f 2712 9799 278
f 2715 2566 2717 9800
f 2552 2713 2553
f 2565 2715 2714
f 2714 2715 279
f 2715 9800 2554
f 2554 9800 9790
f 2716 9800 2717
f 2719 2703 2701 9801
f 2555 9800 2716
f 2718 9801 2556
f 2561 2560 2722 9804
f 2701 2556 9801
f 2720 9802 2703
f 2703 9802 9793
f 1274 9802 2721
f 2721 9802 2720
f 9793 9802 95
f 2557 1274 2721
f 2557 9810 1274
f 2558 1274 9810
f 109 9757 9803
f 2559 109 9803
f 2722 9803 2570
f 2570 9803 9757
f 2560 9803 2722
f 2726 283 2727 9805
f 2722 2723 9804
f 2724 9804 2725
f 2725 9804 2723
f 280 2728 2729 2730
f 9796 9805 2728
f 2728 9805 2727
f 2733 2717 2566 9807
f 280 2730 2562
f 2574 9806 2730
f 2563 9806 2575
f 2576 2732 2731
f 2731 2732 281
f 2732 9807 281
f 281 9807 2565
f 2733 9807 2734
f 2734 9807 2732
f 2568 282 9809 2737
f 2736 9808 2735
f 2735 9808 2567
f 2737 9809 2579
f 2738 2721 2720 2737
f 2738 2737 2579
f 2739 287 2740 9810
f 2579 2580 2738
f 2739 9810 2557
f 9811 96 2558 9810
f 2764 2745 2743 9813
f 2740 2569 9811
f 9907 9811 2569
f 110 9758 9812
f 9813 9812 2741
f 2741 9812 9758
f 2571 2570 2742 9814
f 2742 9813 9814
f 2744 9814 2743
f 2572 2725 9815 9816
f 2571 9814 2744
f 2745 2583 9815
f 2745 9815 2743
f 9815 2583 2747 9816
f 2746 9816 2747
f 285 2736 2577 9822
f 2749 9817 2750
f 2750 9817 2748
f 2573 9817 2749
f 2586 2749 2750
f 2751 2749 2586
f 2751 9818 284
f 284 9818 2574
f 2575 9818 2752
f 9837 9819 2587
f 2752 9819 2753
f 2753 9820 2576
f 2754 9820 2755
f 2754 9821 9822
f 2589 292 2757 9823
f 285 9822 2756
f 2589 9823 291
f 2578 285 9823 9824
f 286 2579 2578 9824
f 2758 9824 2757
f 2590 293 2759 9825
f 286 9824 2758
f 2580 286 2758 9826
f 2758 9825 9826
f 2759 2760 9826
f 2760 2739 2580 9826
f 9908 97 2761 9829
f 2759 9827 2760
f 2787 9828 9827
f 2760 9827 287
f 287 9827 9828
f 287 9828 2740
f 9829 9828 2787
f 2569 9828 2761
f 9908 9829 2790
f 2582 2741 9830 9831
f 111 9759 9830
f 2762 9830 9759
f 2763 9831 2594
f 2594 9831 2593
f 2763 2594 2595 2765
f 2764 2582 2763
f 9832 2745 2764 2765
f 2766 2765 2596
f 2766 2597 2598 9833
f 2766 2767 9832
f 2766 9832 2765
f 2583 9832 2767
f 2598 2769 9834 9833
f 2766 9833 2767
f 2778 2779 2603 9838
f 2767 9833 288
f 288 9833 9834
f 288 9834 2584
f 2584 9834 2585
f 2770 9835 2771
f 2771 9835 2599
f 2768 9835 2770
f 2773 9836 2600
f 2772 9836 289
f 2773 9837 2587
f 2774 9837 2775
f 2775 9837 2773
f 2777 2588 2778
f 2776 2778 290
f 2779 2778 2776
f 2603 2812 2781 9838
f 2780 9838 2781
f 2780 291 2777 9838
f 2604 295 2783 9839
f 2784 2590 292 2783
f 2782 9839 292
f 292 9839 2783
f 2605 296 2786 9840
f 2605 9840 2785
f 2785 9840 2784
f 9841 293 2784 9840
f 2786 9841 9840
f 9829 2787 9842 9843
f 2787 9841 2786
f 9827 9841 2787
f 2820 9842 2788
f 2788 9842 2786
f 2789 9843 9842
f 2820 2789 9842
f 9844 2762 9759 2793
f 2792 9843 2789
f 2792 2591 2791
f 2790 2791 98
f 2795 2796 2610 9845
f 9759 2592 2793
f 2608 9844 2794
f 2608 2609 9844
f 2795 9844 2796
f 2796 9844 2609
f 2797 2593 2795
f 2595 2594 2797 9845
f 2610 2611 9845
f 2595 9845 2611
f 2800 298 2613 9847
f 2798 2596 2799
f 297 2612 9846
f 2799 297 9846
f 2799 9846 2798
f 2798 9846 2597
f 2616 2806 2805 2600
f 2801 9847 2802
f 2802 9847 2614
f 2616 2804 2615
f 2803 2615 294
f 2620 2815 2814 9849
f 2616 2600 2804
f 2807 9848 2601
f 2601 9848 2602
f 2602 9848 2809
f 2810 2619 2811
f 2809 2619 2810
f 2812 2603 2813
f 2814 2781 2812 9849
f 2620 9849 9864
f 2621 300 2817 9850
f 2824 2624 2625 9854
f 2817 2816 9850
f 2815 9850 295
f 295 9850 2816
f 2819 2818 9851
f 2622 2819 9851
f 2817 9851 296
f 296 9851 2818
f 2788 2818 2820
f 9852 2820 2819
f 2822 2821 9852
f 2849 2822 9852
f 2820 9852 2821
f 2792 2821 2591
f 9853 2823 2822
f 2606 1275 9853
f 2823 9853 99
f 2608 2794 2824 9854
f 2625 2626 9854
f 2608 9854 2626
f 2825 2626 2627 9855
f 9855 2609 2825
f 2832 2834 2833 9859
f 2627 2628 9855
f 2610 9855 2628
f 2827 2611 2826
f 301 2856 9856
f 2826 301 9856
f 2826 9856 2827
f 2827 9856 2828
f 2827 2828 297
f 302 9857 2829
f 302 2629 9857
f 2613 9857 2629
f 2829 9857 298
f 298 9857 2613
f 303 9858 2830
f 2830 9858 299
f 2831 9859 2615
f 2835 2808 2617 9861
f 2832 9859 2831
f 2616 9859 2833
f 2630 9860 2834
f 9860 9861 2806
f 2806 9861 2617
f 2835 9861 2836
f 2836 9861 9860
f 2837 2632 9863 9862
f 2837 9862 2618
f 2618 9862 2619
f 2839 2811 2838 9863
f 2619 9862 2838
f 2838 9862 9863
f 2839 9863 2840
f 2840 9863 2634
f 2872 304 2844 2841
f 2841 9864 2842
f 2635 2841 2842
f 2843 2620 9864 2841
f 2874 305 2846 9865
f 9850 2843 2621
f 2874 9865 304
f 304 9865 2844
f 2636 306 2848 9866
f 2846 2845 9865
f 2844 9865 300
f 300 9865 2845
f 9851 2845 2622
f 2636 9866 2847
f 2847 9866 2846
f 9852 2819 9866 2850
f 2848 2850 9866
f 9867 307 2851 9868
f 9852 2850 2849
f 2637 9867 2848
f 2848 9867 2850
f 2850 9867 2849
f 2849 9867 9868
f 9853 9868 2606
f 2851 100 2606 9868
f 2623 101 1276 2851
f 9872 302 9856 2856
f 9869 2624 2852
f 308 9869 2852
f 308 9884 9869
f 2625 9869 2640
f 2640 9869 9884
f 2854 2626 2853
f 2853 9870 2854
f 2854 9870 2627
f 9871 2628 2855
f 309 2883 9871
f 2855 309 9871
f 2856 9871 2857
f 2857 9871 2883
f 9871 2856 301
f 9872 2856 2857
f 2858 2641 2642 9873
f 310 9887 9872
f 2857 310 9872
f 2858 9872 2641
f 2641 9872 9887
f 2859 2861 2860 9874
f 2859 9873 2643
f 2643 9873 2642
f 2858 9873 303
f 303 9873 2859
f 303 2859 9874
f 2860 2832 9858 9874
f 2862 311 2864 2630
f 2834 2860 2862
f 2862 2630 2834
f 2863 2836 9860 2630
f 2865 2894 2867 9875
f 2868 2644 2869 9876
f 2867 2866 9875
f 2631 9875 2632
f 2632 9875 2866
f 2633 9876 2634
f 2868 9876 2633
f 2842 2840 2870 2635
f 2898 2870 9877
f 2869 9877 9876
f 9876 9877 2870
f 2871 2898 9895 9878
f 2871 2635 2870
f 2876 2646 2904 9880
f 2872 9878 2873
f 2873 2874 304
f 2873 9878 2874
f 2645 2874 9878
f 2876 9879 2646
f 2876 2875 9879
f 2874 9879 305
f 305 9879 2875
f 2847 2875 2636
f 2904 312 2877 9880
f 2907 313 9882 9881
f 2877 306 9880
f 2876 9880 306
f 2848 306 2637
f 9883 2879 308 2639
f 2877 9881 307
f 307 9881 9882
f 2851 307 2623
f 2623 9882 2878
f 9900 1277 2638
f 9884 4503 1238 2881
f 308 2879 2880
f 2880 9884 308
f 2881 2640 9884
f 9870 2640 2881 9885
f 2881 4507 2882 9885
f 10534 4669 9889 9888
f 9886 9885 2882
f 2882 1237 9886
f 2883 9886 2884
f 9886 2883 309
f 2886 2883 2885
f 2886 2885 2887
f 2888 2887 4513
f 2886 9887 310
f 2641 9887 9888
f 10534 9888 2888
f 2861 2643 2890 9891
f 9888 9889 2642
f 2643 9889 2890
f 2890 2889 9890
f 10541 9890 2889
f 9890 4524 2892 9891
f 4775 4577 2901 9896
f 2861 9891 2891
f 2892 1236 9891
f 2891 1236 311
f 2891 9891 1236
f 1236 9892 311
f 311 9892 2864
f 1235 9892 2893
f 2864 9892 2894
f 2894 9892 1235
f 2894 9893 2867
f 2896 1234 9893
f 2895 2896 9893
f 2867 9893 2644
f 2644 9893 1234
f 9894 1234 2897
f 2897 1233 9894
f 9877 9894 2898
f 2898 9894 1233
f 2898 1233 9895
f 2900 9896 9895
f 2645 9895 9896
f 4775 9896 2900
f 9879 2645 9896 2902
f 1231 2905 2903 9897
f 9896 2901 2902
f 1231 9897 1232
f 1232 9897 2902
f 3053 2514 9762 2913
f 2905 9898 2904
f 2906 312 9898
f 2904 9898 312
f 9881 312 2907
f 2906 9899 2907
f 2907 9899 313
f 313 9899 2908
f 2638 2908 9900
f 10658 9901 2909
f 2909 9901 9900
f 6 1267 2910
f 3053 2913 2914
f 9913 2515 9765 2917
f 9913 2917 2918
f 1272 2683 2930 9904
f 2921 9902 1269
f 3055 1268 9902
f 2925 9903 1271
f 1270 9903 3061
f 2937 3075 2930 9905
f 1272 9904 2925
f 2937 9905 1273
f 1274 2558 2953 9906
f 9947 3089 2944
f 2791 2591 2990 9909
f 9965 9907 97
f 3148 9908 9981
f 1275 100 3007 9910
f 2791 9909 98
f 9913 2918 2919 9914
f 1275 9910 99
f 99 9910 3195
f 101 3023 1276
f 3225 1276 3023
f 100 1276 3225
f 10035 3042 1277
f 3252 1277 3042
f 101 1277 3252
f 3053 9911 1267
f 2914 9911 3053
f 2910 9911 9912
f 2911 9912 9911
f 2912 9912 2911
f 2913 9913 2914
f 2917 2519 3055 9915
f 2911 9914 3057
f 3057 9914 2919
f 2914 9914 2911
f 2914 9913 9914
f 3057 3054 2911
f 2915 1286 3054
f 2916 1286 2915
f 2912 3054 1286
f 2923 315 3059 9917
f 9902 9915 3055
f 2918 9915 9916
f 3056 9916 2922
f 2922 9916 3063
f 2922 3058 3056
f 2923 9917 3058
f 2915 3054 3057 9917
f 1285 2916 3060 9918
f 3057 3058 9917
f 3059 3060 2915
f 1285 9918 108
f 108 9918 2920
f 3065 3058 3063 9920
f 9903 2921 3061
f 9902 2921 314
f 3062 9919 2927
f 2927 9919 2926
f 314 2921 9919
f 3062 314 9919
f 2927 3064 3062
f 3070 9920 2928
f 2928 9920 3064
f 9921 319 9922 2920
f 3063 3064 9920
f 9920 3066 3065
f 2929 9921 318
f 318 9921 3066
f 2923 9921 315
f 2923 3066 9921
f 1332 1463 3067 9922
f 9922 3067 2920
f 1332 9922 2924
f 2929 318 3070 9926
f 9903 9923 316
f 2931 9924 3068
f 2926 9924 2932
f 2932 9924 3076
f 316 9923 9924
f 2926 316 9924
f 2932 3069 2926
f 2927 2926 317
f 2933 9925 320
f 320 9925 3069
f 317 3069 9925
f 2928 317 9925
f 9925 3070 2928
f 3071 3070 9925
f 2934 9926 3071
f 3071 9926 3070
f 2929 9926 3072
f 3072 9926 2934
f 3084 321 9928 9927
f 3073 2929 3072
f 3073 9927 2929
f 319 2929 9927
f 2935 9927 3073
f 2931 3068 9930 9931
f 319 9928 9922
f 2924 9922 9928
f 321 9929 9928
f 2938 9931 3075
f 2931 9931 3093
f 3093 9931 2938
f 3078 320 3076 9932
f 2939 9932 322
f 322 9932 3077
f 3078 9932 3079
f 3079 9932 2939
f 3081 3071 2933 9933
f 3076 3077 9932
f 2940 9933 3080
f 3082 323 9942 2941
f 2933 3080 9933
f 9933 3082 3081
f 2935 3072 2934 2941
f 3083 2941 2942
f 2937 2539 3088 9937
f 3085 3083 2942
f 3084 3083 3085
f 321 3085 9934
f 9944 9934 3085
f 2943 9934 9944
f 9934 9935 321
f 321 9935 9929
f 3086 9929 9935
f 9935 9936 3086
f 3091 3075 2937 9937
f 3088 3089 9937
f 3091 9937 3090
f 3090 9937 3089
f 2938 3091 3092 9938
f 3112 3092 2945
f 3093 2938 9938
f 3092 324 3094 9938
f 3095 322 3093 9939
f 3094 9939 9938
f 3095 9939 3096
f 3098 3079 2939 9940
f 2947 9940 2946
f 2946 9940 3097
f 3099 325 2948 9941
f 323 2940 3099 9941
f 3100 9941 2949
f 2949 9941 2948
f 3100 3102 3101 9942
f 323 9941 3100
f 3105 3087 2943 9944
f 2941 9942 2942
f 2942 9942 3101
f 3104 9943 2950
f 3101 9943 3103
f 3104 9944 3103
f 3105 9944 3104
f 1284 1492 3107 9946
f 3106 9945 3087
f 3087 9945 9936
f 3108 9945 3106
f 2936 9936 9945
f 3107 2936 9945
f 2944 95 9906 9947
f 2945 3090 3109 3111
f 3109 9947 2954
f 2954 9947 9906
f 3110 326 9948 3111
f 324 3112 3113 9949
f 2945 3111 3112
f 3111 9948 3112
f 3113 327 9950 9949
f 324 9949 3094
f 3115 3096 3114 9950
f 3094 9949 3114
f 3115 9950 3116
f 3126 3108 3106 9953
f 2958 9951 2957
f 2957 9951 3117
f 3118 9951 2958
f 3119 2948 3120
f 2949 2948 3119
f 3122 9952 3121
f 9943 9952 2950
f 2960 3124 3122
f 3122 3124 3123
f 3124 9953 3123
f 3123 9953 2951
f 3126 9953 3125
f 3125 9953 3124
f 2955 2954 3128 9957
f 3106 2951 9953
f 3127 9954 3108
f 3108 9954 9946
f 9946 9954 107
f 1283 9955 2952
f 107 9955 1283
f 96 9907 9956
f 2953 96 9956
f 3128 9956 2964
f 2964 9956 9907
f 2954 9956 3128
f 3132 330 3133 9958
f 3128 3129 9957
f 3130 9957 3131
f 3131 9957 3129
f 3132 9958 326
f 326 9958 9948
f 327 3134 3135 3136
f 9948 9958 3134
f 3134 9958 3133
f 2960 328 3143 9961
f 327 3136 2956
f 2968 9959 3136
f 3137 9959 2969
f 3138 2958 3139
f 3141 9960 3140
f 3140 9960 2959
f 3142 9960 3141
f 2962 2961 9962 3144
f 9962 9961 2973
f 2973 9961 3143
f 2960 9961 2961
f 2961 9961 9962
f 3144 9962 2975
f 3145 329 3127 3144
f 3145 3144 2975
f 3146 334 3147 9963
f 2975 2976 3145
f 3146 9963 329
f 329 9963 9955
f 9964 106 2952 9963
f 3169 3152 3150 9966
f 2952 9955 9963
f 3147 2963 9964
f 1282 9964 2963
f 97 9908 9965
f 9966 9965 3148
f 3148 9965 9908
f 2965 2964 3149 9967
f 3149 9966 9967
f 3151 9967 3150
f 2966 3131 9968 9969
f 2965 9967 3151
f 2979 9968 3152
f 3152 9968 3150
f 2985 336 3159 9973
f 3153 9969 2980
f 2980 9969 9968
f 3155 9970 3156
f 3156 9970 3154
f 2967 9970 3155
f 2983 3155 3156
f 3157 3155 2983
f 3157 9971 331
f 331 9971 2968
f 2968 9971 2969
f 2984 9972 9971
f 9971 9972 3158
f 9972 9973 3158
f 3158 9973 2970
f 3159 3160 2971 9973
f 2970 9973 2971
f 2972 2971 3160 9974
f 2986 3159 336
f 3161 3159 2986
f 332 2973 2972 9974
f 3162 9974 3161
f 333 2975 2974 9975
f 332 9974 3162
f 332 3162 3163
f 2987 3163 337
f 332 9975 2974
f 3164 9975 3163
f 2988 339 3165 9976
f 333 9975 3164
f 2988 9976 338
f 2976 333 9976 9977
f 3165 3166 9977
f 3166 3146 2976 9977
f 3190 340 9979 9978
f 3190 9978 3165
f 3165 9978 3166
f 2978 3148 9981 9982
f 3166 9978 334
f 334 9978 9979
f 334 9979 3147
f 2963 9979 105
f 1281 9980 3192
f 105 9980 1281
f 98 9909 9981
f 3167 9981 9909
f 3168 9982 2992
f 2992 9982 2991
f 3168 2992 2993 9983
f 3169 2978 3168
f 2994 3172 3170 9983
f 2979 3152 3169 9983
f 3172 2995 2996 9984
f 3171 2979 3170
f 2996 3174 9985 9984
f 3172 9984 3171
f 2981 2980 9984 9985
f 3179 336 2985 9988
f 2981 9985 2982
f 3175 9986 3176
f 3176 9986 2997
f 3173 9986 3175
f 3178 9987 2998
f 3177 9987 335
f 3178 9988 335
f 335 9988 2984
f 3179 9988 3180
f 3180 9988 3178
f 3003 342 3188 9990
f 3181 2999 3000
f 3179 2999 3181
f 3001 9989 3183
f 3183 9989 3182
f 3182 9989 3184
f 9995 3167 9909 3195
f 3186 9990 3185
f 3185 9990 3187
f 3004 9991 342
f 342 9991 3188
f 3189 9991 3004
f 3189 9992 9991
f 3188 9991 339
f 339 9991 9992
f 9993 9992 3189
f 3189 3005 9993
f 3191 9994 9993
f 3190 9993 340
f 3194 9994 3191
f 3194 2989 3193
f 3192 3193 1578
f 3197 3198 3010 9996
f 9909 2990 3195
f 3008 9995 3196
f 3008 3009 9995
f 3197 9995 3198
f 3198 9995 3009
f 3199 2991 3197
f 2993 2992 3199 9996
f 2993 9996 3228
f 3228 9996 3010
f 3200 3228 3011 9997
f 9997 2994 3200
f 3201 343 3013 9998
f 3011 3012 9997
f 2995 9997 3012
f 3204 344 3015 9999
f 3202 9998 3203
f 3203 9998 3014
f 3206 3208 3207 2998
f 3204 9999 341
f 3019 3216 3215 10001
f 3206 2998 3205
f 3209 10000 2999
f 2999 10000 3000
f 3000 10000 3211
f 3211 3018 3212
f 10016 10001 3214
f 3214 10001 3213
f 3215 3002 3213 10001
f 3019 10001 10016
f 3020 346 3218 10002
f 3225 3023 3024 10006
f 3218 3217 10002
f 3216 10002 3217
f 3021 10003 3219
f 3219 10003 3218
f 3220 3221 10003
f 3021 3220 10003
f 10003 3221 3189
f 3222 3221 3220
f 3022 10004 3222
f 3222 10004 3221
f 3223 3224 10004
f 3022 3223 10004
f 3194 3224 2989
f 10005 3224 3223
f 3006 1279 10005
f 3224 10005 1280
f 3226 3007 3225
f 3008 3196 3226 10006
f 3024 3025 10006
f 3008 10006 3025
f 3227 3025 3026 10007
f 10007 3009 3227
f 3231 3230 3029 10009
f 3026 3027 10007
f 3010 10007 3027
f 347 3028 10008
f 3229 347 10008
f 3011 10008 3230
f 3230 10008 3028
f 3228 10008 3011
f 3233 3232 3031 10010
f 3029 3030 10009
f 3013 10009 3232
f 3232 10009 3030
f 3231 10009 343
f 343 10009 3013
f 3234 3236 3235 10011
f 3032 10010 10026
f 3233 10010 344
f 3032 10011 3015
f 3235 3206 9999 10011
f 3234 10011 3032
f 3237 3210 3016 10013
f 3033 10012 3236
f 10012 10013 3208
f 3208 10013 3016
f 3237 10013 3238
f 3238 10013 10012
f 3239 3035 10015 10014
f 3239 10014 3017
f 3017 10014 3018
f 3244 3019 10016 3242
f 3018 10014 3240
f 3240 10014 10015
f 3241 10015 3037
f 3241 10016 345
f 3242 10016 3243
f 3243 10016 3241
f 3272 3242 3243
f 3245 3242 3273
f 3245 3273 3038 10017
f 10002 3244 3020
f 3275 348 3247 10017
f 3039 349 3249 10018
f 3247 3246 10017
f 3245 10017 346
f 346 10017 3246
f 3219 3246 3021
f 10019 350 3251 10020
f 3249 3248 10018
f 3247 10018 3248
f 3222 3248 3022
f 3040 10019 3250
f 3250 10019 3249
f 10005 10020 3006
f 3251 104 3006 10020
f 10034 103 9302 3251
f 3044 3258 3029 10024
f 10021 3023 3252
f 351 10021 3252
f 351 10036 10021
f 3024 10021 3043
f 3043 10021 10036
f 3254 3025 3253
f 3253 10022 3254
f 3254 10022 3026
f 3256 3027 3255
f 352 3285 10023
f 3255 352 10023
f 3255 10023 3256
f 3256 10023 3257
f 3256 3257 347
f 10024 3028 3257
f 353 10039 10024
f 3257 353 10024
f 3258 3044 3045 10025
f 3044 10024 10039
f 3259 3261 3260 10026
f 3259 10025 3046
f 3046 10025 3045
f 3258 10025 3031
f 3031 10025 3259
f 3031 3259 10026
f 3260 3234 3032 10026
f 3262 3047 3264 3033
f 3236 3260 3262
f 3262 3033 3236
f 3263 3238 10012 3033
f 3265 3295 3267 10027
f 3268 3048 3269 10028
f 3267 3266 10027
f 3034 10027 3035
f 3035 10027 3266
f 3036 10028 3037
f 3268 10028 3036
f 3271 3299 10048 10030
f 3299 3270 10029
f 3269 10029 10028
f 10028 10029 3270
f 3270 3272 3243
f 3271 3272 3270
f 3277 3050 3051 10032
f 3272 10030 3273
f 3273 10030 3274
f 3038 3274 3275
f 3277 10031 3050
f 3277 3276 10031
f 3275 10031 348
f 348 10031 3276
f 10018 3276 3039
f 3305 354 3278 10032
f 10035 3281 351 3042
f 3278 349 10032
f 3277 10032 349
f 3250 349 3040
f 3279 10033 3052
f 3279 10034 10033
f 3278 10033 350
f 350 10033 10034
f 3251 350 10034
f 3280 10034 3279
f 3279 3041 3280
f 10036 4893 1229 3283
f 351 3281 3282
f 3282 10036 351
f 3283 3043 10036
f 10022 3043 3283 10037
f 3283 4896 3284 10037
f 10684 5060 10041 10040
f 10038 10037 3284
f 3284 1228 10038
f 3285 10038 3286
f 10038 3285 352
f 3288 3285 3287
f 3288 3287 3289
f 3290 3289 4902
f 3288 10039 353
f 3044 10039 10040
f 10684 10040 3290
f 3261 3046 3292 10043
f 10040 10041 3045
f 3046 10041 3292
f 3292 3291 10042
f 10691 10042 3291
f 10042 4913 3293 10043
f 5171 4963 3302 10049
f 3293 10044 10043
f 3261 10043 3047
f 3047 10043 10044
f 4921 10044 3293
f 3294 10044 4921
f 1227 10045 3294
f 3264 10045 3295
f 3295 10045 1227
f 3295 10046 3267
f 3297 1226 10046
f 3296 3297 10046
f 3267 10046 3048
f 3048 10046 1226
f 10047 1226 3298
f 3298 1225 10047
f 10029 10047 3299
f 3299 10047 1225
f 3299 1225 10048
f 3301 10049 10048
f 3049 10048 10049
f 5171 10049 3301
f 10031 3049 10049 3303
f 1223 3306 3304 10050
f 10049 3302 3303
f 1223 10050 1224
f 1224 10050 3303
f 10053 3041 3279 3309
f 3051 3304 3305
f 3306 10051 3305
f 3307 354 10051
f 3305 10051 354
f 10033 354 3052
f 3308 10052 3307
f 10053 3309 10052
f 3307 10052 3309
f 3440 46 1158 3313
f 1222 1278 3310
f 3310 1278 10053
f 10053 1278 1697
f 3442 6883 1157 3316
f 11430 7048 10082 10056
f 3318 10055 45
f 3445 1156 10055
f 3324 3450 3323
f 3322 3323 6892
f 7158 6951 3382 10060
f 11430 10056 3322
f 3332 3466 10057
f 11438 10057 3466
f 3481 10058 3339
f 3481 10089 10058
f 1155 10058 3480
f 3480 10058 10089
f 3349 10059 6921
f 10117 1154 43
f 3539 1153 10133
f 1151 42 3398 10061
f 7158 10060 3562
f 10054 46 3440 10064
f 1151 10061 1152
f 1152 10061 3591
f 41 3416 10062
f 3621 10062 3416
f 42 10062 3621
f 10184 3432 10063
f 3647 10063 3432
f 41 10063 3647
f 10064 3441 3311 1266
f 3313 3441 3440
f 3313 6883 3442 10065
f 3312 1266 3311
f 3311 3441 10065 10066
f 3316 3443 3442
f 3447 10066 3443
f 3443 10066 10065
f 3316 6886 3445 10067
f 10066 3444 3311
f 3314 1265 3444
f 3315 1265 3314
f 3312 3444 1265
f 10068 3443 3316 10067
f 10055 10067 3445
f 3320 356 3314 10069
f 3446 10068 3319
f 3319 10068 3452
f 3319 3448 3446
f 3320 10069 3448
f 3314 3444 3447 10069
f 1264 3315 3449 10070
f 3447 3448 10069
f 1264 10070 1703
f 1703 10070 3317
f 3454 3448 3452 10072
f 3324 3318 3450
f 10055 3318 355
f 3326 10071 3325
f 3325 10071 3318
f 355 3318 10071
f 3451 355 10071
f 10071 3453 3451
f 3460 10072 3453
f 10073 360 10074 3317
f 3452 3453 10072
f 10072 3455 3454
f 3327 10073 359
f 359 10073 3455
f 3320 10073 356
f 3320 3455 10073
f 1706 1704 3456 10074
f 10074 3456 3317
f 1706 10074 3321
f 10076 361 3458 3326
f 3457 10075 10056
f 3324 10075 357
f 3328 10076 3457
f 3457 10076 10075
f 357 10075 10076
f 3325 357 10076
f 10076 3326 3325
f 3329 3464 3462 10078
f 10071 3326 358
f 3472 10077 3458
f 3458 10077 3326
f 358 3326 10077
f 3459 358 10077
f 10077 3461 3459
f 3329 10078 362
f 362 10078 3461
f 3327 359 3460 10078
f 3476 363 10080 10079
f 3460 3461 10078
f 3462 3463 3327
f 3330 10079 3464
f 3464 10079 3463
f 3328 3457 3467 10083
f 360 10080 10074
f 3321 10074 10080
f 363 10081 10080
f 3468 10082 3332
f 10056 10082 3467
f 3333 10083 3468
f 3468 10083 3467
f 3328 10083 3484
f 3484 10083 3333
f 3474 362 3472 10085
f 3334 10084 364
f 364 10084 3469
f 3470 10084 3471
f 3471 10084 3334
f 361 10084 3470
f 361 3469 10084
f 3335 10085 3473
f 3475 365 10094 3336
f 3472 3473 10085
f 10085 3475 3474
f 10057 6903 3480 10089
f 3330 3336 3337
f 3329 3336 3464
f 3477 3330 3337
f 3476 3330 3477
f 363 3477 10086
f 10096 10086 3477
f 3338 10086 10096
f 10086 10087 363
f 363 10087 10081
f 3478 10081 10087
f 10087 10088 3478
f 3482 3468 3332 10089
f 3482 10089 3481
f 3333 3482 3483 10090
f 3502 3483 3340
f 3484 3333 10090
f 3483 366 10091 10090
f 3485 364 3484 10091
f 3485 10091 3486
f 3488 3471 3334 10092
f 3343 10092 3342
f 3342 10092 3487
f 3489 367 3344 10093
f 365 3335 3489 10093
f 3490 10093 3345
f 3345 10093 10103
f 3490 3492 3491 10094
f 365 10093 3490
f 3494 3479 3338 10096
f 3336 10094 3337
f 3337 10094 3491
f 3491 10095 3493
f 3495 10096 3493
f 3494 10096 3495
f 10058 6912 10059 10099
f 3496 10097 3479
f 3479 10097 10088
f 3498 10097 3496
f 3331 10088 10097
f 3497 3331 10097
f 3497 10098 1263
f 3340 3339 3499 3501
f 3499 10099 3350
f 3350 10099 10059
f 10058 10099 3339
f 3339 10099 3499
f 3500 368 10100 3501
f 366 3502 3503 10101
f 3340 3501 3502
f 3501 10100 3502
f 3508 3507 3353 10102
f 366 10101 3341
f 3505 10101 3503
f 3341 10101 3504
f 3505 3352 3504
f 3506 3504 3507
f 3509 3344 367 10102
f 3509 10102 3354
f 3508 10102 367
f 3513 3495 10095 10104
f 3344 3509 10103
f 3510 10103 3511
f 3345 10103 3510
f 3512 10104 3492
f 3492 10104 10095
f 3513 10104 3514
f 3514 10104 3512
f 3516 3498 3496 10105
f 3515 10105 3346
f 3518 1713 10098 10106
f 3496 3346 10105
f 3517 10106 3498
f 3498 10106 10098
f 3351 3350 3519 10108
f 10106 3347 3518
f 44 1154 10107
f 3349 44 10107
f 3519 10107 3359
f 3359 10107 1154
f 3350 10107 3519
f 3523 371 3524 10109
f 3519 3520 10108
f 3521 10108 3522
f 3522 10108 3520
f 3523 10109 368
f 368 10109 10100
f 3505 3525 3526 10110
f 10100 10109 3525
f 3525 10109 3524
f 3530 3366 3532 10112
f 3505 10110 3352
f 3363 10111 10110
f 3353 3527 3354
f 3365 3530 3528
f 3528 3530 3529
f 3530 10112 3529
f 3529 10112 3355
f 3531 10112 3532
f 3531 3514 3512 10112
f 3357 369 10114 3535
f 3534 10113 3533
f 3533 10113 3356
f 3535 10114 3369
f 3536 370 3517 3535
f 3536 3535 3369
f 3537 375 3538 10115
f 3369 3370 3536
f 3537 10115 370
f 370 10115 3347
f 10116 1715 3348 10115
f 3565 3543 3541 10118
f 3348 3347 10115
f 3538 3358 10116
f 1262 10116 3358
f 43 1153 10117
f 10118 10117 3539
f 3539 10117 1153
f 3360 3359 3540 10119
f 3540 10118 10119
f 3542 10119 3541
f 3361 3522 10120 10121
f 3360 10119 3542
f 3543 3373 10120
f 3543 10120 3541
f 10120 3544 3547 10121
f 3546 10121 3547
f 3365 3364 3552 10124
f 3361 10121 3545
f 3545 10121 3546
f 3374 3546 3547
f 3548 3546 3374
f 3549 10122 3550
f 3550 10122 3548
f 3362 10122 3549
f 3375 3549 3550
f 3551 3549 3375
f 3551 10123 372
f 372 10123 3363
f 3363 10123 3364
f 376 3376 10123
f 10123 3376 3552
f 373 3534 3367 10126
f 3554 10124 3555
f 3555 10124 3553
f 3365 10124 3366
f 3366 10124 3554
f 3378 10125 3555
f 3554 10125 10126
f 374 3369 3368 10127
f 373 10126 3556
f 373 3556 3557
f 3379 3557 377
f 373 10127 3368
f 3558 10127 3557
f 3380 379 3559 10128
f 374 10127 3558
f 374 3558 10128
f 3560 3537 3370 10129
f 374 10128 10129
f 3559 3560 10129
f 374 10129 3370
f 3586 380 3561 10130
f 3586 10130 3559
f 3559 10130 3560
f 1261 1716 10131 10132
f 3560 10130 375
f 375 10130 3561
f 375 10131 3538
f 10132 10131 3561
f 1261 10132 3588
f 3372 3539 10133 10134
f 3562 10060 10133
f 3563 10133 10060
f 3564 10134 3384
f 3384 10134 3383
f 3564 3384 3385 3566
f 3565 3372 3564
f 3386 3567 10135 3566
f 3567 3387 3388 10136
f 3565 3566 3543
f 3566 10135 3543
f 3543 10135 3373
f 3388 381 3569 10136
f 3567 10136 10135
f 3570 3569 381 10137
f 3569 3570 3568
f 3389 10137 381
f 3389 382 3572 10137
f 3574 383 3576 10139
f 3570 10137 3571
f 3572 3573 3571
f 3574 10138 3390
f 3395 384 3582 10141
f 3376 10139 3377
f 3377 10139 3575
f 3577 3391 3392
f 3575 3391 3577
f 3393 10140 3579
f 3579 10140 3578
f 3578 10140 3580
f 3396 385 3585 10142
f 3581 10141 378
f 378 10141 3582
f 3396 10142 3583
f 3583 10142 3582
f 380 3586 3585 10143
f 3585 3584 10142
f 3582 10142 379
f 379 10142 3584
f 3587 10144 10143
f 3617 3587 10143
f 10145 3563 10060 3591
f 380 10143 10144
f 380 10144 10132
f 3590 10144 3587
f 3590 3381 3589
f 3588 3589 1718
f 3593 3594 3401 10146
f 10060 3382 3591
f 3399 10145 3592
f 3399 3400 10145
f 3593 10145 3594
f 3594 10145 3400
f 3595 3383 3593
f 3385 3384 3595 10146
f 3401 3402 10146
f 3385 10146 3596
f 3596 10146 3402
f 3597 3596 3403 10147
f 10147 3386 3597
f 3598 386 3405 10148
f 3403 3404 10147
f 3387 10147 3404
f 3408 3604 3603 3390
f 3599 10148 3600
f 3600 10148 3406
f 3408 3602 3407
f 3601 3407 382
f 3391 3576 383 10149
f 3408 3390 3602
f 3605 10149 383
f 3605 388 3607 10149
f 3411 3612 3611 10150
f 3391 10149 3392
f 3392 10149 3606
f 3606 3410 3608
f 10165 10150 3610
f 3610 10150 3609
f 3611 3394 3609 10150
f 3411 10150 10165
f 3412 390 3614 10151
f 3621 3416 3417 10155
f 3614 3613 10151
f 3612 10151 384
f 384 10151 3613
f 3616 3615 10152
f 3413 3616 10152
f 3614 10152 385
f 385 10152 3615
f 10143 3615 3617
f 3618 3617 3616
f 3414 10153 3618
f 3618 10153 3617
f 3619 3620 10153
f 3414 3619 10153
f 3590 3620 3381
f 10154 3620 3619
f 3397 1259 10154
f 3620 10154 1260
f 3399 3592 3621 10155
f 3417 3418 10155
f 3399 10155 3418
f 3622 3418 3419 10156
f 10156 3400 3622
f 3627 3626 3422 10159
f 3419 3420 10156
f 3401 10156 3420
f 3624 3402 3623
f 391 3651 10157
f 3623 391 10157
f 3623 10157 3624
f 3624 10157 3403
f 392 10158 3625
f 392 3421 10158
f 3405 10158 3626
f 3626 10158 3421
f 3625 10158 386
f 386 10158 3405
f 3629 3631 3630 10160
f 3627 10159 387
f 3628 10160 3407
f 3410 3607 388 10163
f 3629 10160 3628
f 3408 10160 3630
f 3423 10161 3631
f 3604 10162 3409
f 3409 10162 3633
f 3634 10163 388
f 3634 3425 10164 10163
f 3639 3411 10165 3637
f 3410 10163 3635
f 3635 10163 10164
f 3636 10164 3427
f 3636 10165 389
f 3637 10165 3638
f 3638 10165 3636
f 3667 3637 3638
f 3640 3637 3668
f 3640 3668 3428 10166
f 10151 3639 3412
f 3670 393 3642 10166
f 3429 394 3644 10167
f 3642 3641 10166
f 3640 10166 390
f 390 10166 3641
f 10152 3641 3413
f 10168 395 3646 10169
f 3644 3643 10167
f 3642 10167 3643
f 3618 3643 3414
f 3430 10168 3645
f 3645 10168 3644
f 10154 10169 3397
f 3646 1723 3397 10169
f 3415 1724 9442 3646
f 10173 392 10157 3651
f 10170 3416 3647
f 396 10170 3647
f 396 10185 10170
f 3417 10170 3433
f 3433 10170 10185
f 3649 3418 3648
f 3648 10171 3649
f 3649 10171 3419
f 10172 3420 3650
f 397 3680 10172
f 3650 397 10172
f 3651 10172 3652
f 3652 10172 3680
f 10172 3651 391
f 10173 3651 3652
f 3653 3434 3435 10174
f 398 10188 10173
f 3652 398 10173
f 3653 10173 3434
f 3434 10173 10188
f 3654 3656 3655 10175
f 3654 10174 3436
f 3436 10174 3435
f 3653 10174 3422
f 3422 10174 3654
f 3422 3654 10175
f 3655 3629 10159 10175
f 3657 399 3659 3423
f 3631 3655 3657
f 3657 3423 3631
f 3658 3632 10161 3423
f 3660 3690 3662 10176
f 3663 3437 3664 10177
f 3662 3661 10176
f 3424 10176 3425
f 3425 10176 3661
f 3426 10177 3427
f 3663 10177 3426
f 3666 3694 10198 10179
f 3694 3665 10178
f 3664 10178 10177
f 10177 10178 3665
f 3665 3667 3638
f 3666 3667 3665
f 3672 3439 3700 10181
f 3667 10179 3668
f 3668 10179 3669
f 3428 3669 3670
f 3672 10180 3439
f 3672 3671 10180
f 3670 10180 393
f 393 10180 3671
f 10167 3671 3429
f 3700 400 3673 10181
f 3703 401 10183 10182
f 3673 394 10181
f 3672 10181 394
f 3645 394 3430
f 10184 3676 396 3432
f 3673 10182 395
f 395 10182 10183
f 3646 395 3415
f 3415 10183 3674
f 10203 9443 3431
f 10185 84 1213 3678
f 396 3676 3677
f 3677 10185 396
f 3678 3433 10185
f 10171 3433 3678 10186
f 3678 5594 3679 10186
f 10811 82 10190 10189
f 10187 10186 3679
f 3679 1212 10187
f 3680 10187 3681
f 10187 3680 397
f 3683 3680 3682
f 3683 3682 3684
f 3685 3684 83
f 3683 10188 398
f 3434 10188 10189
f 10811 10189 3685
f 3656 3436 3687 10192
f 10189 10190 3435
f 3436 10190 3687
f 3687 3686 10191
f 10810 10191 3686
f 10191 81 3689 10192
f 10193 80 10195 10194
f 3656 10192 3688
f 5479 10193 3689
f 3689 10193 10192
f 3688 10193 399
f 3688 10192 10193
f 10193 10194 399
f 399 10194 3659
f 1211 5462 3691 10195
f 3659 10194 3690
f 3690 10194 10195
f 5297 5434 3697 10199
f 3690 10196 3662
f 3692 1210 10196
f 3691 3692 10196
f 3662 10196 3437
f 3437 10196 1210
f 10197 1210 3693
f 3693 1209 10197
f 10178 10197 3694
f 3694 10197 1209
f 3694 1209 10198
f 3696 10199 10198
f 3438 10198 10199
f 5297 10199 3696
f 10180 3438 10199 3698
f 1207 3701 3699 10200
f 10199 3697 3698
f 1207 10200 1208
f 1208 10200 3698
f 10216 5285 1220 3711
f 3701 10201 3700
f 3702 400 10201
f 3700 10201 400
f 10182 400 3703
f 3702 10202 3703
f 3703 10202 401
f 401 10202 3704
f 3431 3704 10203
f 10806 10204 3705
f 3705 10204 10203
f 10215 10205 5282
f 2089 10205 10215
f 3708 3840 1221
f 10832 5460 10233 10207
f 3713 10206 91
f 3844 1219 10206
f 3719 3850 3718
f 3717 3718 5295
f 5562 5365 3779 10211
f 10832 10207 3717
f 3728 3866 10208
f 10841 10208 3866
f 90 10209 5316
f 5316 10209 3879
f 3746 10210 5327
f 3747 10249 10210
f 10266 1218 88
f 3936 1217 10282
f 1215 87 3795 10212
f 5562 10211 3957
f 10215 3840 3708 3841
f 1215 10212 1216
f 1216 10212 3987
f 86 3814 10213
f 4017 10213 3814
f 87 10213 4017
f 10335 3831 10214
f 4040 10214 3831
f 86 10214 4040
f 3711 5289 3844 10218
f 3706 1258 3841
f 3707 1258 3706
f 10215 3841 1258
f 3711 3842 10216
f 1221 10216 3708
f 3846 10217 3842
f 3842 10217 10216
f 3708 10217 3706
f 3708 10216 10217
f 10217 3843 3706
f 3709 1257 3843
f 3710 1257 3709
f 3707 3843 1257
f 10219 3842 3711 10218
f 10206 10218 3844
f 3715 403 3848 10220
f 3845 10219 3714
f 3714 10219 3852
f 3714 3847 3845
f 3715 10220 3847
f 3709 3843 3846 10220
f 1256 3710 3849 10221
f 3846 3847 10220
f 3848 3849 3709
f 1256 10221 2095
f 2095 10221 3712
f 3854 3847 3852 10223
f 3719 3713 3850
f 10206 3713 402
f 3851 10222 3721
f 3721 10222 3720
f 402 3713 10222
f 3851 402 10222
f 3721 3853 3851
f 3860 10223 3853
f 10224 407 10225 3712
f 3852 3853 10223
f 10223 3855 3854
f 3722 10224 406
f 406 10224 3855
f 3715 10224 403
f 3715 3855 10224
f 2098 2096 3856 10225
f 10225 3856 3712
f 2098 10225 3716
f 3726 3864 3862 10229
f 3719 10226 404
f 3724 10227 3857
f 3720 10227 3725
f 3725 10227 3869
f 404 10226 10227
f 3720 404 10227
f 3725 3858 3720
f 3721 3720 405
f 3872 10228 408
f 408 10228 3858
f 405 3858 10228
f 3859 405 10228
f 10228 3861 3859
f 3726 10229 409
f 409 10229 3861
f 3722 406 3860 10229
f 3876 410 10231 10230
f 3860 3861 10229
f 3862 3863 3722
f 3727 10230 3864
f 3864 10230 3863
f 3724 3857 3867 10234
f 407 10231 10225
f 3716 10225 10231
f 410 10232 10231
f 3868 10233 3728
f 10207 10233 3867
f 3729 10234 3868
f 3868 10234 3867
f 3724 10234 3883
f 3883 10234 3729
f 3871 408 3869 10235
f 3886 10235 411
f 411 10235 3870
f 3871 10235 3730
f 3730 10235 3886
f 3874 409 3872 10236
f 3869 3870 10235
f 3731 10236 412
f 412 10236 3873
f 3875 413 10245 3732
f 3872 3873 10236
f 10236 3875 3874
f 10208 5308 3879 10240
f 3727 3732 3733
f 3726 3732 3864
f 3877 3727 3733
f 3876 3727 3877
f 410 3877 10237
f 10247 10237 3877
f 3734 10237 10247
f 10237 10238 410
f 410 10238 10232
f 3723 10232 10238
f 3878 10248 10239
f 1255 10239 94
f 94 10239 10248
f 3881 3868 3728 10240
f 3879 10209 10240
f 3881 10240 3880
f 3880 10240 10209
f 3729 3881 3882 10241
f 3901 3882 3738
f 3883 3729 10241
f 3885 411 3883 10242
f 3884 10241 3882
f 3884 3739 10242
f 3884 10242 10241
f 3888 412 3886 10243
f 3740 10243 3887
f 3887 10243 3886
f 3889 414 3741 10244
f 413 3731 3889 10244
f 10245 10244 3742
f 3742 10244 3741
f 3894 3878 3734 10247
f 413 10244 10245
f 3890 10245 3891
f 3732 10245 3733
f 3733 10245 3890
f 3890 10246 3892
f 3893 10247 3892
f 3894 10247 3893
f 3738 3880 10250 3900
f 3895 10248 3878
f 3896 10248 3897
f 3897 10248 3895
f 3897 3735 3896
f 3737 10249 3898
f 10210 10249 90
f 10209 10249 3737
f 3748 10250 3898
f 3884 3901 3902 10252
f 10251 3900 3899
f 3738 3900 3901
f 3900 10251 3901
f 3910 3753 3912 10254
f 3884 10252 3739
f 3904 10252 3902
f 3739 10252 3903
f 3904 3749 3903
f 3905 3903 3906
f 3751 10253 3750
f 3750 10253 3907
f 3908 10253 3751
f 3752 3910 3909
f 3910 10254 3743
f 3743 10254 10246
f 3911 10254 3912
f 3911 415 10246 10254
f 3914 3897 3895 10255
f 3913 10255 415
f 415 10255 3744
f 3748 3747 3916 10259
f 3895 3744 10255
f 3915 10256 3735
f 3736 10256 93
f 3736 3735 10256
f 1254 10257 3745
f 93 10257 1254
f 89 1218 10258
f 3746 89 10258
f 3916 10258 3757
f 3757 10258 1218
f 3747 10258 3916
f 3919 419 3920 10260
f 3916 3917 10259
f 3918 10259 3917
f 3904 3921 3922 3923
f 10251 10260 3921
f 3921 10260 3920
f 3928 3912 3753 10262
f 3904 3923 3749
f 3761 10261 3923
f 3924 10261 3925
f 3762 3927 3926
f 3926 3927 416
f 3927 10262 416
f 416 10262 3752
f 3928 10262 3929
f 3929 10262 3927
f 3755 417 10264 3932
f 3931 10263 3930
f 3930 10263 3754
f 3932 10264 3765
f 3933 418 3915 3932
f 3933 3932 3765
f 3934 423 3935 10265
f 3765 3766 3933
f 3934 10265 418
f 418 10265 10257
f 1252 1253 3745 10265
f 3758 3757 3937 10268
f 3745 10257 10265
f 3935 3756 1252
f 88 1217 10266
f 10267 10266 3936
f 3936 10266 1217
f 3936 3769 10267
f 10268 10267 3769
f 3937 10267 10268
f 3939 10268 3938
f 421 3931 3763 3950
f 3758 10268 3939
f 3770 10269 424
f 424 10269 3938
f 3938 10269 3939
f 3939 10270 3759
f 3940 10270 3771
f 3771 10270 10269
f 3942 10271 3943
f 3943 10271 3941
f 3760 10271 3942
f 3774 3942 3943
f 3944 3942 3774
f 3944 10272 420
f 420 10272 3761
f 3761 10272 3945
f 425 10273 10272
f 3946 10273 3947
f 3947 10273 10289
f 10272 10273 3945
f 3945 10273 3946
f 3946 10274 3762
f 3948 10274 3949
f 3775 10275 3949
f 3948 10275 3950
f 422 3765 3764 10276
f 421 3950 3951
f 421 3951 3952
f 3776 3952 427
f 421 10276 3764
f 3953 10276 3952
f 3777 429 3954 10277
f 422 10276 3953
f 422 3953 10277
f 3955 3934 3766 10278
f 422 10277 10278
f 3954 3955 10278
f 422 10278 3766
f 3982 430 3956 10279
f 3982 10279 3954
f 3954 10279 3955
f 1251 2107 10280 10281
f 3955 10279 423
f 423 10279 3956
f 423 10280 3935
f 10281 10280 3956
f 1251 10281 3984
f 3768 3936 10282 10283
f 3957 10211 10282
f 3958 10282 10211
f 3959 10283 3781
f 3781 10283 3780
f 3960 424 3769 3959
f 3768 3959 3769
f 3783 3962 10284 3961
f 3782 3961 3781
f 3962 3784 3785 10285
f 3959 3961 3960
f 3963 3770 10284
f 3961 10284 3770
f 3785 431 3964 10285
f 3962 10285 10284
f 3772 3771 3963 10286
f 10284 10285 3963
f 3963 10285 10286
f 3964 3965 10286
f 3965 3964 431 10287
f 3772 10286 3773
f 3786 10287 431
f 3786 432 3967 10287
f 3974 3975 3790 10290
f 3965 10287 3966
f 3967 3968 3966
f 3969 10288 3787
f 3969 10289 425
f 3970 10289 3971
f 3971 10289 3969
f 3972 3974 426
f 3975 3974 3972
f 3792 433 3978 10291
f 3974 10290 3973
f 3973 10290 3976
f 3793 434 3981 10292
f 3977 10291 428
f 428 10291 3978
f 3793 10292 3979
f 3979 10292 3978
f 430 3982 3981 10293
f 3981 3980 10292
f 3978 10292 429
f 429 10292 3980
f 3983 10294 10293
f 4013 3983 10293
f 10295 3958 10211 3987
f 430 10293 10294
f 430 10294 10281
f 3986 10294 3983
f 3986 3778 3985
f 3984 3985 2109
f 3989 3990 3798 10296
f 10211 3779 3987
f 3796 10295 3988
f 3796 3797 10295
f 3989 10295 3990
f 3990 10295 3797
f 3991 3780 3989
f 3782 3781 3991 10296
f 3798 3799 10296
f 3782 10296 3992
f 3992 10296 3799
f 3993 3992 3800 10297
f 10297 3783 3993
f 3994 435 3802 10298
f 3800 3801 10297
f 3784 10297 3801
f 3805 4000 3999 3787
f 3995 10298 3996
f 3996 10298 3803
f 3805 3998 3804
f 3997 3804 432
f 3810 4008 4007 10300
f 3805 3787 3998
f 4001 10299 3788
f 3788 10299 3789
f 3789 10299 4003
f 4004 3808 3809
f 4003 3808 4004
f 10315 10300 4006
f 4006 10300 4005
f 4007 3791 4005 10300
f 3810 10300 10315
f 3811 438 4010 10301
f 4017 3814 3815 10305
f 4010 4009 10301
f 4008 10301 433
f 433 10301 4009
f 4012 4011 10302
f 3812 4012 10302
f 4010 10302 434
f 434 10302 4011
f 10293 4011 4013
f 4014 4013 4012
f 3813 10303 4014
f 4014 10303 4013
f 4015 4016 10303
f 3813 4015 10303
f 3986 4016 3778
f 10304 4016 4015
f 3794 1249 10304
f 4016 10304 1250
f 3796 3988 4017 10305
f 3815 3816 10305
f 3796 10305 3816
f 4018 3816 3817 10306
f 10306 3797 4018
f 4022 3819 3820 10309
f 3817 3818 10306
f 3798 10306 3818
f 4020 3799 4019
f 439 4045 10307
f 4019 439 10307
f 4019 10307 4020
f 4020 10307 3800
f 440 10308 4021
f 440 10324 10308
f 3802 10308 3819
f 3819 10308 10324
f 4021 10308 435
f 435 10308 3802
f 4024 4026 4025 10310
f 4022 10309 436
f 4023 10310 3804
f 4027 4002 3806 10312
f 4024 10310 4023
f 3805 10310 4025
f 3821 10311 4026
f 10311 10312 4000
f 4000 10312 3806
f 4027 10312 4028
f 4028 10312 10311
f 4029 3823 10314 10313
f 4029 10313 3807
f 3807 10313 3808
f 10314 437 3809 10313
f 3808 10313 3809
f 4061 441 4033 4031
f 3825 4030 10314
f 3825 10314 4058
f 4031 10315 3825
f 3825 10315 4030
f 3826 4031 3825
f 4032 3810 10315 4031
f 10331 442 4035 10316
f 10301 4032 3811
f 10331 10316 3827
f 3827 10316 4033
f 3828 443 4037 10317
f 4035 4034 10316
f 4033 10316 438
f 438 10316 4034
f 10302 4034 3812
f 3828 10317 442
f 442 10317 4035
f 10318 444 4039 10319
f 4037 4036 10317
f 4035 10317 4036
f 4014 4036 3813
f 3829 10318 4038
f 4038 10318 4037
f 10304 10319 3794
f 4039 2114 3794 10319
f 10334 2115 9596 4039
f 4040 3831 10336 10320
f 10320 3814 4040
f 4047 447 10341 10325
f 3815 10320 3832
f 3832 10320 10336
f 4042 3816 4041
f 4041 10321 4042
f 4042 10321 3817
f 4044 3818 4043
f 445 3833 10322
f 4043 445 10322
f 4043 10322 4044
f 4044 10322 4045
f 4044 4045 439
f 10307 4045 440
f 440 4046 10323
f 446 10339 10323
f 4047 10323 447
f 10323 10324 440
f 4048 4050 4049 10326
f 4048 10325 3834
f 3834 10325 10341
f 4047 10325 3820
f 3820 10325 4048
f 3820 4048 10326
f 4049 4024 10309 10326
f 4051 3835 4053 3821
f 4026 4049 4051
f 4051 3821 4026
f 4052 4028 10311 3821
f 4054 4086 4056 10327
f 4057 3836 4059 10328
f 4056 4055 10327
f 3822 10327 3823
f 3823 10327 4055
f 3824 10328 4058
f 4057 10328 3824
f 3826 3825 4058 10329
f 4059 10329 10328
f 4060 448 10348 10330
f 3826 4060 4061
f 4065 4095 3839 10332
f 4061 10330 441
f 441 10330 4062
f 3827 4062 10331
f 4063 10331 4062
f 4065 3838 4095
f 4065 4064 3838
f 4063 3838 4064
f 442 4064 3828
f 4097 449 4066 10332
f 4073 74 1198 4074
f 4066 443 10332
f 4065 10332 443
f 4038 443 3829
f 4067 10333 4100
f 4067 10334 10333
f 4066 10333 444
f 444 10333 10334
f 4039 444 10334
f 4068 10334 4067
f 4067 3830 4068
f 4071 3831 10335
f 4073 10336 4072
f 4074 3832 4073
f 10321 3832 4074 10337
f 4074 5996 4075 10337
f 4050 3834 4083 10343
f 10338 10337 4075
f 4075 1197 10338
f 10338 4076 445
f 4078 3833 4077
f 4078 4077 4079
f 4080 4079 72
f 4078 10339 446
f 10958 10340 4080
f 4081 10340 10958
f 4082 10341 4081
f 3834 10341 4083
f 4083 4082 10342
f 10957 10342 4082
f 10342 71 1196 10343
f 4085 70 10345 10344
f 1196 4084 10343
f 4050 10343 3835
f 3835 10343 4084
f 10344 4084 4085
f 5695 5833 4092 10349
f 4053 10344 4086
f 4086 10344 10345
f 4087 10345 5862
f 4086 10346 4056
f 4088 1195 10346
f 4087 4088 10346
f 4056 10346 3836
f 3836 10346 1195
f 10347 1195 4089
f 4089 1194 10347
f 10329 10347 448
f 448 10347 1194
f 448 1194 10348
f 4091 10349 10348
f 3837 10348 10349
f 5695 10349 4091
f 3838 3837 10349 10350
f 1193 4098 4096 4093
f 10349 4092 10350
f 4093 10350 4094
f 4094 10350 4092
f 3838 10350 4095
f 4095 10350 4093
f 1193 4093 4094
f 10353 3830 4067 4101
f 4095 4093 4096
f 3839 4096 4097
f 4098 10351 4097
f 4099 449 10351
f 4097 10351 449
f 10333 449 4100
f 4099 10352 4100
f 10353 4101 10352
f 4100 10352 4101
f 1192 1055 9599 10354
f 1192 10354 4102
f 4102 10354 10353
f 10364 5682 1205 4109
f 1055 10355 4103
f 4103 10355 10363
f 4106 4239 4105
f 10977 5860 10381 10357
f 4245 1204 10356
f 4117 4250 4116
f 4115 4116 5693
f 5963 5762 4178 10360
f 10977 10357 4115
f 4127 4267 10358
f 10984 10358 4267
f 4281 1203 4134
f 4281 10389 1203
f 4280 1203 10389
f 10407 10359 78
f 78 10359 5724
f 4298 10359 4143
f 5724 10359 4297
f 10416 1202 77
f 4339 1201 10433
f 1200 76 4194 4392
f 5963 10360 4361
f 10486 4471 4445 10362
f 4195 4392 4194
f 1200 4392 4391
f 75 4213 10361
f 4421 10361 4213
f 76 10361 4421
f 10363 4239 4106 4240
f 75 10362 4445
f 4109 5686 4245 10366
f 4243 1248 4240
f 4104 1248 4243
f 10363 4240 1248
f 4109 4241 10364
f 4105 10364 4106
f 4247 10365 4241
f 4241 10365 10364
f 4106 10365 4242
f 4106 10364 10365
f 10365 4244 4242
f 4107 1247 4244
f 4108 1247 4107
f 4243 4244 1247
f 10367 4241 4109 10366
f 10356 10366 4245
f 4113 451 4107 10368
f 4246 10367 4112
f 4112 10367 4253
f 4112 4248 4246
f 4113 10368 4248
f 4107 4244 4247 10368
f 1246 4108 4249 10369
f 4247 4248 10368
f 1246 10369 2488
f 2488 10369 4110
f 4255 4248 4253 10371
f 4117 4251 4250
f 10356 4111 450
f 4252 10370 4119
f 4119 10370 4118
f 450 4251 10370
f 4252 450 10370
f 4119 4254 4252
f 4261 10371 4254
f 10372 455 10373 4110
f 4253 4254 10371
f 10371 4256 4255
f 4120 10372 454
f 454 10372 4256
f 4113 10372 451
f 4113 4256 10372
f 2491 2489 4257 10373
f 10373 4257 4110
f 2491 10373 4114
f 4124 4265 4263 10377
f 4117 10374 452
f 4122 4259 10375
f 4121 10375 4258
f 452 10374 10375
f 10376 4118 4122
f 4119 4118 453
f 4260 10376 4123
f 4123 10376 4272
f 453 4118 10376
f 4260 453 10376
f 4123 4262 4260
f 4124 10377 456
f 456 10377 4262
f 4120 454 4261 10377
f 4277 457 10379 10378
f 4261 4262 10377
f 4263 4264 4120
f 4125 10378 4265
f 4265 10378 4264
f 4121 4258 4268 10382
f 455 10379 10373
f 4114 10373 10379
f 457 10380 10379
f 4269 10381 4127
f 10357 10381 4268
f 4128 10382 4269
f 4269 10382 4268
f 4121 10382 4284
f 4284 10382 4128
f 4274 456 4272 10385
f 10375 10383 4122
f 4287 10384 4270
f 4270 10384 10383
f 4271 10384 4129
f 4129 10384 4287
f 4122 10384 4271
f 4122 10383 10384
f 4130 10385 458
f 458 10385 4273
f 4275 459 10394 4131
f 4272 4273 10385
f 10385 4275 4274
f 4125 4265 4124 4131
f 4276 4131 460
f 4276 460 4132 10386
f 4276 4277 4125
f 10358 5706 4280 10389
f 4133 10386 10396
f 10386 10387 457
f 457 10387 10380
f 4278 10380 10387
f 10387 10388 4278
f 4282 4269 4127 10389
f 4282 10389 4281
f 4128 4282 4283 10390
f 4302 4283 4135
f 4284 4128 10390
f 4286 4270 4284 10391
f 4285 10390 4283
f 4285 4136 10391
f 4285 10391 10390
f 4289 458 4287 10392
f 4137 10392 4288
f 4288 10392 4287
f 4290 461 4138 10393
f 459 4130 4290 10393
f 4292 4279 4133 10396
f 459 10393 10394
f 4131 10394 460
f 460 10394 4291
f 460 4291 10395
f 460 10395 4132
f 4293 10396 4132
f 4292 10396 4293
f 4135 4134 4299 4301
f 4294 10397 4279
f 4279 10397 10388
f 4296 10397 4294
f 4126 10388 10397
f 4295 4126 10397
f 4295 10398 1245
f 4297 10399 79
f 4297 10359 10399
f 4299 10399 4298
f 4298 10399 10359
f 1203 10399 4134
f 4134 10399 4299
f 4300 463 10400 4301
f 4285 4302 4303 10401
f 4135 4301 4302
f 4301 10400 4302
f 4308 4307 4146 10402
f 4285 10401 4136
f 4305 10401 4303
f 4136 10401 4304
f 4305 4145 4304
f 4306 4304 4307
f 4309 4138 461 10402
f 4309 10402 4147
f 4308 10402 461
f 10395 462 4311 10403
f 4138 4309 4139
f 4148 4312 4310
f 4310 4312 4311
f 4312 10403 4311
f 4312 4149 4314 10403
f 4313 10403 4314
f 4313 4293 10395 10403
f 4316 4296 4294 10404
f 4315 10404 4140
f 10406 2497 10398 10405
f 4294 4140 10404
f 4317 10405 4296
f 4296 10405 10398
f 10406 10405 4318
f 4318 10405 4317
f 4144 4143 4319 10408
f 4141 10406 4318
f 4141 4337 10406
f 1244 10406 4142
f 4142 10406 4337
f 78 1202 10407
f 4319 10407 4153
f 4153 10407 1202
f 4143 10407 4319
f 4305 4325 4326 4327
f 4319 4320 10408
f 4321 10408 4322
f 4322 10408 4320
f 4325 10409 4324
f 4324 10409 4323
f 4330 4162 4332 10411
f 4305 4327 4145
f 4159 10410 4327
f 4146 4328 4147
f 4161 4330 4329
f 4329 4330 464
f 4330 10411 464
f 464 10411 4148
f 4331 10411 4332
f 4331 4314 4149 10411
f 4151 465 10413 4335
f 4334 10412 4333
f 4333 10412 4150
f 4335 10413 4336
f 10414 4318 4317 4335
f 10414 4335 4336
f 4167 467 4338 4337
f 4336 4166 10414
f 4337 10414 4167
f 4167 10414 4166
f 10415 2500 4142 4337
f 4364 4343 4341 10417
f 4338 4152 10415
f 1243 10415 4152
f 77 1201 10416
f 10417 10416 4339
f 4339 10416 1201
f 4154 4153 4340 10418
f 4340 10417 10418
f 4342 10418 4341
f 4170 468 4344 10419
f 4154 10418 4342
f 4170 10419 4343
f 4343 10419 4341
f 4155 4322 10419 10420
f 4345 4346 4156 10420
f 4345 10420 4344
f 4344 10420 10419
f 4155 10420 4156
f 4157 4156 4346 10421
f 4171 4345 468
f 4347 4345 4171
f 4353 4332 4162 10424
f 4348 10421 4349
f 4349 10421 4347
f 4157 10421 4158
f 4158 10421 4348
f 4172 4348 4349
f 4350 4348 4172
f 4351 10422 4350
f 4159 10422 4160
f 4173 10423 469
f 469 10423 4351
f 4351 10423 4160
f 10423 10424 4352
f 4352 10424 4161
f 466 4334 4163 10426
f 4174 10425 470
f 4353 10425 10426
f 4175 472 4355 10427
f 466 10426 4354
f 4175 10427 471
f 4164 466 10427 10428
f 4176 473 4358 10429
f 4356 10428 4355
f 4164 10428 4165
f 4165 10428 4356
f 4386 474 4360 10430
f 4356 10429 4357
f 4358 4359 4357
f 4359 4166 4357
f 4386 10430 4358
f 4358 10430 4359
f 1242 2501 10431 10432
f 4359 10430 467
f 467 10430 4360
f 467 10431 4338
f 10432 10431 4360
f 1242 10432 4388
f 4169 4339 10433 10434
f 4361 10360 10433
f 4362 10433 10360
f 4363 10434 4180
f 4180 10434 4179
f 4363 4180 4181 10435
f 4364 4169 4363
f 4182 4367 4365 10435
f 4367 4183 4184 10436
f 4364 10435 4343
f 4184 475 4369 10436
f 4367 10436 4366
f 4370 4369 475 10437
f 4366 10436 4368
f 4369 4370 4368
f 4185 10437 475
f 4185 476 4372 10437
f 4191 477 4382 10441
f 4370 10437 4371
f 4372 4373 4371
f 4374 10438 4186
f 4375 10439 4376
f 4376 10439 4374
f 4173 10439 4375
f 4377 4187 4188
f 4375 4187 4377
f 4189 10440 4379
f 4379 10440 4378
f 4378 10440 4380
f 4192 478 4385 10442
f 4381 10441 472
f 472 10441 4382
f 4192 10442 4383
f 4383 10442 4382
f 474 4386 4385 10443
f 4385 4384 10442
f 4382 10442 473
f 473 10442 4384
f 4387 10444 10443
f 4417 4387 10443
f 4393 4362 10360 10445
f 474 10443 10444
f 474 10444 10432
f 4390 10444 4387
f 4390 4177 4389
f 4388 4389 2504
f 4392 10445 4391
f 4391 10445 4178
f 4393 10445 4195
f 4195 10445 4392
f 4195 479 4196 4393
f 10360 4178 10445
f 10446 480 4197 10447
f 4196 10456 4393
f 4394 4393 10456
f 4395 4179 10446
f 4394 10446 4179
f 4397 4396 4199 10448
f 4197 4198 10447
f 4181 10447 4396
f 4396 10447 4198
f 10446 10447 4395
f 4395 10447 4181
f 10448 4182 4397
f 4398 481 4201 10449
f 4199 4200 10448
f 4183 10448 4200
f 4204 4404 4403 4186
f 4399 10449 4400
f 4400 10449 4202
f 4204 4402 4203
f 4401 4203 476
f 4209 4412 4411 10451
f 4204 4186 4402
f 4405 10450 4187
f 4187 10450 4188
f 4188 10450 4407
f 4408 4207 4208
f 4407 4207 4408
f 10466 10451 4410
f 4410 10451 4409
f 4411 4190 4409 10451
f 4209 10451 10466
f 4210 484 4414 10452
f 4421 4213 4214 4422
f 4414 4413 10452
f 4412 10452 477
f 477 10452 4413
f 4416 4415 10453
f 4211 4416 10453
f 4414 10453 478
f 478 10453 4415
f 10443 4415 4417
f 4418 4417 4416
f 4212 10454 4418
f 4418 10454 4417
f 4419 4420 10454
f 4212 4419 10454
f 4390 4420 4177
f 10455 4420 4419
f 4193 1240 10455
f 4420 10455 1241
f 479 4194 4421
f 4428 4427 4219 10460
f 4214 4215 4422
f 479 4422 4196
f 4422 10456 4196
f 4423 10456 4422
f 4216 10457 4423
f 4216 4217 10457
f 4197 10457 4217
f 10456 10457 480
f 480 10457 4197
f 4425 4198 4424
f 485 4449 10458
f 4424 485 10458
f 4424 10458 4425
f 4425 10458 4199
f 486 10459 4426
f 486 4218 10459
f 4201 10459 4427
f 4427 10459 4218
f 4426 10459 481
f 481 10459 4201
f 4430 4432 4431 10461
f 4428 10460 482
f 4429 10461 4203
f 4433 4406 4205 10463
f 4430 10461 4429
f 4204 10461 4431
f 4220 10462 4432
f 10462 10463 4404
f 4404 10463 4205
f 4434 4222 10465 10464
f 4434 10464 4206
f 4206 10464 4207
f 10465 483 4208 10464
f 4207 10464 4208
f 4463 488 4438 4436
f 4224 4435 10465
f 4224 10465 4460
f 4436 10466 4224
f 4224 10466 4435
f 4225 4436 4224
f 4437 4209 10466 4436
f 4438 488 4226 10467
f 10452 4437 4210
f 4465 489 4440 10467
f 4227 490 4442 10468
f 4440 4439 10467
f 4438 10467 484
f 484 10467 4439
f 10453 4439 4211
f 10469 491 4444 10470
f 4442 4441 10468
f 4440 10468 4441
f 4418 4441 4212
f 4228 10469 4443
f 4443 10469 4442
f 10455 10470 4193
f 4444 2509 4193 10470
f 10485 2510 9749 4444
f 4445 4471 10487 10471
f 10471 4213 4445
f 10474 486 10458 4449
f 4214 10471 4230
f 4230 10471 10487
f 4447 4215 4446
f 4446 10472 4447
f 4447 10472 4216
f 10473 4217 4448
f 492 4477 10473
f 4448 492 10473
f 4449 10473 4450
f 4450 10473 4477
f 10473 4449 485
f 10474 4449 4450
f 4451 4231 4232 10475
f 493 10490 10474
f 4450 493 10474
f 4451 10474 4231
f 4231 10474 10490
f 4452 4454 4453 10476
f 4452 10475 4233
f 4233 10475 4232
f 4451 10475 4219
f 4219 10475 4452
f 4219 4452 10476
f 4453 4430 10460 10476
f 4455 494 10477 4220
f 4432 4453 4455
f 4455 4220 4432
f 4456 495 4458 10478
f 10462 4220 487
f 4456 10477 4234
f 4459 4235 4461 10479
f 4458 4457 10478
f 4221 10478 4222
f 4222 10478 4457
f 4223 10479 4460
f 4459 10479 4223
f 4225 4224 4460 10480
f 4461 10480 10479
f 4462 496 10500 10481
f 4225 4462 4463
f 4467 4237 4495 10483
f 4463 10481 488
f 488 10481 4464
f 4226 4464 4465
f 4467 10482 4237
f 4467 4466 10482
f 4465 10482 489
f 489 10482 4466
f 10468 4466 4227
f 4495 497 4468 10483
f 9289 1053 4472 10486
f 4468 490 10483
f 4467 10483 490
f 4443 490 4228
f 4469 10484 4238
f 4469 10485 10484
f 4468 10484 491
f 491 10484 10485
f 4444 491 10485
f 4470 10485 4469
f 4469 4229 4470
f 4472 62 1184 4473
f 4473 6425 4474 10487
f 4472 4473 4471
f 4474 6425 1183 4475
f 4475 4230 4474
f 10472 4230 4475 10488
f 4475 6397 4476 10488
f 11110 60 10492 10491
f 10489 10488 4476
f 4476 1182 10489
f 4477 10489 4478
f 10489 4477 492
f 4480 4477 4479
f 4480 4479 4481
f 4482 4481 61
f 4480 10490 493
f 4231 10490 10491
f 11110 10491 4482
f 4454 4233 4484 10494
f 10491 10492 4232
f 4233 10492 4484
f 4484 4483 10493
f 11109 10493 4483
f 10493 59 4486 10494
f 10495 58 10497 10496
f 4454 10494 4485
f 6277 10495 4486
f 4486 10495 10494
f 4485 10495 494
f 4485 10494 10495
f 494 10496 4234
f 10495 10496 494
f 1181 6260 4487 10497
f 6095 6231 4492 10501
f 495 10496 10497
f 495 10498 4458
f 4488 1180 10498
f 4487 4488 10498
f 4458 10498 4235
f 4235 10498 1180
f 10499 1180 4489
f 4489 1179 10499
f 10480 10499 496
f 496 10499 1179
f 496 1179 10500
f 4491 10501 10500
f 4236 10500 10501
f 6095 10501 4491
f 10482 4236 10501 4493
f 1177 4496 4494 10502
f 10501 4492 4493
f 1177 10502 1178
f 1178 10502 4493
f 10505 4229 4469 4499
f 4496 10503 4495
f 4497 497 10503
f 4495 10503 497
f 10484 497 4238
f 4498 10504 4497
f 10505 4499 10504
f 4497 10504 4499
f 10518 6084 1190 4508
f 1176 10506 4500
f 4500 10506 10505
f 1054 10506 1176
f 10517 10507 69
f 4501 10507 10517
f 4505 4633 4504
f 11130 6258 10535 10509
f 4510 10508 68
f 4637 1189 10508
f 4516 4642 4515
f 4514 4515 6093
f 6366 6158 4578 10513
f 11130 10509 4514
f 4525 4657 10510
f 11137 10510 4657
f 4672 10511 4532
f 4672 10542 10511
f 6113 10511 4671
f 4671 10511 10542
f 4543 10512 6122
f 6122 10512 67
f 10570 1188 65
f 4727 1187 10586
f 1185 64 4593 10514
f 6366 10513 4748
f 10517 4633 4505 4634
f 1185 10514 1186
f 1186 10514 4777
f 63 4609 10515
f 4807 10515 4609
f 64 10515 4807
f 4832 10516 4833
f 4833 10516 10639
f 63 10516 4832
f 4508 6087 4637 10520
f 4502 1239 4634
f 4503 1239 4502
f 10517 4634 1239
f 4508 4635 10518
f 4504 10518 4505
f 4639 10519 4635
f 4635 10519 10518
f 4505 10519 4502
f 4505 10518 10519
f 10519 4636 4502
f 4506 1238 4636
f 4507 1238 4506
f 4503 4636 1238
f 10521 4635 4508 10520
f 10508 10520 4637
f 4512 499 4506 10522
f 4638 10521 4511
f 4511 10521 4644
f 4511 4640 4638
f 4512 10522 4640
f 4506 4636 4639 10522
f 1237 4507 4641 10523
f 4639 4640 10522
f 9289 11104 3 1053
f 1237 10523 2884
f 2884 10523 4509
f 4646 4640 4644 10525
f 4516 4510 4642
f 10508 4510 498
f 4518 10524 4517
f 4517 10524 4510
f 498 4510 10524
f 4643 498 10524
f 10524 4645 4643
f 4651 10525 4645
f 10526 503 10527 4509
f 4644 4645 10525
f 10525 4647 4646
f 4519 10526 502
f 502 10526 4647
f 4512 10526 499
f 4512 4647 10526
f 2887 2885 4648 10527
f 10527 4648 4509
f 2887 10527 4513
f 10529 504 10530 4518
f 4649 10528 10509
f 4516 10528 500
f 4520 10529 4649
f 4649 10529 10528
f 500 10528 10529
f 4517 500 10529
f 10529 4518 4517
f 4522 4655 4653 10531
f 10524 4518 501
f 4650 10530 4521
f 4521 10530 4663
f 501 4518 10530
f 4650 501 10530
f 4521 4652 4650
f 4522 10531 505
f 505 10531 4652
f 4519 502 4651 10531
f 4667 506 10533 10532
f 4651 4652 10531
f 4653 4654 4519
f 4523 10532 4655
f 4655 10532 4654
f 4520 4649 4658 10536
f 503 10533 10527
f 4513 10527 10533
f 506 10534 10533
f 4659 10535 4525
f 10509 10535 4658
f 4526 10536 4659
f 4659 10536 4658
f 4520 10536 4675
f 4675 10536 4526
f 4665 505 4663 10538
f 4527 10537 507
f 507 10537 4660
f 4661 10537 4662
f 4662 10537 4527
f 504 10537 4661
f 504 4660 10537
f 4528 10538 4664
f 4666 508 10547 4529
f 4663 4664 10538
f 10538 4666 4665
f 10510 6105 4671 10542
f 4523 4529 4530
f 4522 4529 4655
f 4668 4523 4530
f 4667 4523 4668
f 506 4668 10539
f 10549 10539 4668
f 4531 10539 10549
f 10539 10540 506
f 506 10540 10534
f 4669 10534 10540
f 10540 10541 4669
f 4673 4659 4525 10542
f 4673 10542 4672
f 4526 4673 4674 10543
f 4693 4674 4533
f 4675 4526 10543
f 4674 509 10544 10543
f 4676 507 4675 10544
f 4676 10544 4677
f 4679 4662 4527 10545
f 4536 10545 4535
f 4535 10545 4678
f 4680 510 4537 10546
f 508 4528 4680 10546
f 10547 10546 4538
f 4538 10546 4537
f 4685 4670 4531 10549
f 508 10546 10547
f 4681 10547 4682
f 4529 10547 4530
f 4530 10547 4681
f 4681 10548 4683
f 4684 10549 4683
f 4685 10549 4684
f 1236 2892 4687 10551
f 4686 10550 4670
f 4670 10550 10541
f 4688 10550 4686
f 4524 10541 10550
f 4687 4524 10550
f 4533 4532 4690 4692
f 67 10552 10511
f 67 10512 10552
f 4690 10552 4689
f 4689 10552 10512
f 10511 10552 4532
f 4532 10552 4690
f 4691 512 10553 4692
f 509 4693 4694 10554
f 4533 4692 4693
f 4692 10553 4693
f 4702 4549 4704 10556
f 509 10554 4534
f 4696 10554 4694
f 4534 10554 4695
f 4696 4545 4695
f 4697 4695 4698
f 4547 10555 4546
f 4546 10555 4699
f 4700 10555 4547
f 4548 4702 4701
f 4702 10556 4539
f 4539 10556 10548
f 4703 10556 4704
f 4703 511 10548 10556
f 4706 4688 4686 10557
f 4705 10557 511
f 511 10557 4540
f 10559 2893 10551 10558
f 4686 4540 10557
f 4707 10558 4688
f 4688 10558 10551
f 4708 4689 10512 10560
f 10558 4541 10559
f 1235 10559 4542
f 66 1188 10560
f 4543 66 10560
f 4708 10560 4553
f 4553 10560 1188
f 4544 4689 4708 10561
f 4696 4713 4714 10563
f 4708 4709 10561
f 4710 10561 4709
f 4713 10562 4712
f 4712 10562 4711
f 4719 4704 4549 10565
f 4696 10563 4545
f 4559 10564 10563
f 4715 10564 4716
f 4560 4718 4717
f 4717 4718 513
f 4718 10565 513
f 513 10565 4548
f 4719 10565 4720
f 4720 10565 4718
f 4551 514 10567 4723
f 4722 10566 4721
f 4721 10566 4550
f 4723 10567 4563
f 4724 515 4707 4723
f 4724 4723 4563
f 4725 518 4726 10568
f 4563 4564 4724
f 4725 10568 515
f 515 10568 4541
f 10569 2896 4542 10568
f 4554 4553 4728 10572
f 4542 4541 10568
f 4726 4552 10569
f 1234 10569 4552
f 65 1187 10570
f 10571 10570 4727
f 4727 10570 1187
f 4727 4567 10571
f 10572 10571 4567
f 4728 10571 10572
f 4730 10572 4729
f 4557 4556 4731 10575
f 4554 10572 4730
f 4568 10573 519
f 519 10573 4729
f 4729 10573 4730
f 4730 10574 4555
f 4731 10574 4569
f 4569 10574 10573
f 4555 10574 4556
f 4556 10574 4731
f 4733 4735 4558 10575
f 4733 10575 4734
f 4734 10575 4732
f 4557 10575 4558
f 4736 520 4738 10576
f 4572 4733 4734
f 4736 4733 4572
f 4736 10576 4735
f 4735 10576 4559
f 516 4722 4561 4742
f 4559 10576 4737
f 4737 10576 4738
f 4573 10577 4738
f 4740 10577 4573
f 4738 10577 4737
f 4737 10577 4739
f 4739 10578 4560
f 4741 10578 4740
f 4741 10579 4742
f 517 4563 4562 10580
f 516 4742 4743
f 516 4743 4744
f 4575 4744 521
f 516 10580 4562
f 4745 10580 4744
f 4576 523 4746 10581
f 517 10580 4745
f 517 4745 10581
f 4747 4725 4564 10582
f 517 10581 10582
f 4746 4747 10582
f 517 10582 4564
f 4772 524 10584 10583
f 4772 10583 4746
f 4746 10583 4747
f 4566 4727 10586 10587
f 4747 10583 518
f 518 10583 10584
f 518 10584 4726
f 4552 10584 92
f 1233 10585 4774
f 92 10585 1233
f 4748 10513 10586
f 4749 10586 10513
f 4750 10587 4580
f 4580 10587 4579
f 4751 519 4567 4750
f 4566 4750 4567
f 4582 4753 10588 4752
f 4581 4752 4580
f 4753 4583 4584 10589
f 4750 4752 4751
f 4754 4568 10588
f 4752 10588 4568
f 4584 4756 10590 10589
f 4753 10589 10588
f 4570 4569 4754 10590
f 10588 10589 4754
f 4754 10589 10590
f 4589 4795 4766 10594
f 4570 10590 4571
f 4757 10591 4758
f 4758 10591 4585
f 4755 10591 4757
f 4760 10592 4586
f 4759 10592 520
f 4760 10593 520
f 4573 10593 4761
f 4762 4587 4588
f 4761 4587 4762
f 4763 4574 4764
f 4589 10594 4764
f 4765 10594 4766
f 4765 521 4763 10594
f 4590 528 4768 10595
f 10599 4749 10513 4777
f 4767 10595 522
f 522 10595 4768
f 4591 10596 4769
f 4769 10596 4768
f 4771 10596 4591
f 4771 4770 10596
f 4768 10596 523
f 523 10596 4770
f 4773 10598 10597
f 4803 4773 10597
f 4772 10597 524
f 524 10597 10598
f 524 10598 10585
f 4776 10598 4773
f 4776 4577 4775
f 4774 4775 2900
f 4779 4780 4596 10600
f 10513 4578 4777
f 4594 10599 4778
f 4594 4595 10599
f 4779 10599 4780
f 4780 10599 4595
f 4781 4579 4779
f 4581 4580 4781 10600
f 4596 4597 10600
f 4581 10600 4782
f 4782 10600 4597
f 4783 4782 4598 10601
f 10601 4582 4783
f 4785 4784 4600 10602
f 4598 4599 10601
f 4583 10601 4784
f 4784 10601 4599
f 4603 4790 4789 4586
f 4786 10602 4601
f 4601 10602 4600
f 4603 4788 4602
f 4787 4602 525
f 4791 529 4793 10603
f 4603 4586 4788
f 4791 10603 526
f 526 10603 4587
f 4822 4798 4797 10605
f 4587 10603 4588
f 4588 10603 4792
f 4795 4589 10604
f 4794 10604 527
f 4796 10604 4794
f 4605 10605 4796
f 4796 10605 10604
f 4797 4766 4795 10605
f 4822 10605 4605
f 4606 530 4800 10606
f 10597 4771 10607 4804
f 4800 4799 10606
f 4798 10606 528
f 528 10606 4799
f 4607 10607 4801
f 4801 10607 4800
f 4802 4804 10607
f 4607 4802 10607
f 4807 4609 4610 10610
f 10608 4804 4802
f 10597 4804 4803
f 4805 4806 10608
f 4608 4805 10608
f 4804 10608 4803
f 4803 10608 4806
f 4776 4806 4577
f 10609 4806 4805
f 4592 1231 10609
f 4806 10609 1232
f 4594 4778 4807 10610
f 4610 4611 10610
f 4594 10610 4611
f 4808 4611 4612 10611
f 10611 4595 4808
f 4814 4813 4615 10614
f 4612 4613 10611
f 4596 10611 4613
f 4810 4597 4809
f 531 4837 10612
f 4809 531 10612
f 4809 10612 4810
f 4810 10612 4598
f 532 10613 4811
f 532 4614 10613
f 4600 10613 4813
f 4813 10613 4614
f 4811 10613 4812
f 4812 10613 4600
f 4616 4815 10614
f 4616 4817 4816 10615
f 4616 10614 10630
f 4815 10615 4602
f 4820 533 10619 10618
f 4616 10615 4815
f 4603 10615 4816
f 4617 10616 4817
f 4790 10617 4604
f 4604 10617 4819
f 4820 10618 529
f 529 10618 4793
f 10620 4619 4620 4823
f 4619 4821 10619
f 4619 10619 4850
f 4822 4605 10620
f 4821 10620 4605
f 4822 10620 4823
f 4853 534 4825 4823
f 4825 534 4621 10621
f 4822 4823 4824
f 10606 4824 4606
f 4855 535 4827 10621
f 4622 536 4829 10622
f 4827 4826 10621
f 4825 10621 530
f 530 10621 4826
f 4801 4826 4607
f 10623 537 4831 10624
f 4829 4828 10622
f 4827 10622 4828
f 10608 4828 4608
f 4623 10623 4830
f 4830 10623 4829
f 10609 10624 4592
f 4831 2905 4592 10624
f 10638 2906 9898 4831
f 4832 4833 10640 10625
f 10625 4609 4832
f 10628 532 10612 4837
f 4610 10625 4625
f 4625 10625 10640
f 4835 4611 4834
f 4834 10626 4835
f 4835 10626 4612
f 10627 4613 4836
f 538 4867 10627
f 4836 538 10627
f 4837 10627 4838
f 4838 10627 4867
f 10627 4837 531
f 10628 4837 4838
f 4839 4626 4627 10629
f 539 10643 10628
f 4838 539 10628
f 4839 10628 4626
f 4626 10628 10643
f 4840 4842 4841 10630
f 4840 10629 4628
f 4628 10629 4627
f 4839 10629 4615
f 4615 10629 4840
f 4615 4840 10630
f 4843 540 4845 4617
f 4616 10630 4841
f 4817 4841 4843
f 4843 4617 4817
f 4844 4818 10616 4617
f 4846 541 4848 10631
f 4849 4629 4851 10632
f 4848 4847 10631
f 4618 10631 4847
f 533 10632 4850
f 4849 10632 533
f 4620 4619 4850 10633
f 4851 10633 10632
f 4852 542 10652 10634
f 4620 4852 4853
f 4857 4631 4885 10636
f 4853 10634 534
f 534 10634 4854
f 4621 4854 4855
f 4857 10635 4631
f 4857 4856 10635
f 4855 10635 535
f 535 10635 4856
f 10622 4856 4622
f 4885 543 4858 10636
f 4864 50 1166 4865
f 4858 536 10636
f 4857 10636 536
f 4830 536 4623
f 4859 10637 4632
f 4859 10638 10637
f 4858 10637 537
f 537 10637 10638
f 4831 537 10638
f 4860 10638 4859
f 4859 4624 4860
f 4861 10639 10516
f 4864 10640 4863
f 4865 4625 4864
f 10626 4625 4865 10641
f 4865 6797 4866 10641
f 11258 48 10645 10644
f 10642 10641 4866
f 4866 1165 10642
f 4867 10642 4868
f 10642 4867 538
f 4870 4867 4869
f 4870 4869 4871
f 4872 4871 49
f 4870 10643 539
f 4626 10643 10644
f 11258 10644 4872
f 4842 4628 4874 10647
f 10644 10645 4627
f 4628 10645 4874
f 4874 4873 10646
f 11257 10646 4873
f 10646 47 4876 10647
f 6500 6630 4882 10653
f 4842 10647 4875
f 4876 1164 10647
f 4875 1164 540
f 4875 10647 1164
f 1164 10648 540
f 540 10648 4845
f 10649 10648 6676
f 4845 10648 4877
f 4877 10648 10649
f 10650 10649 1163
f 4877 10649 541
f 541 10650 4848
f 4878 1162 10650
f 1163 4878 10650
f 4848 10650 4629
f 4629 10650 1162
f 10651 1162 4879
f 4879 1161 10651
f 10633 10651 542
f 542 10651 1161
f 542 1161 10652
f 4881 10653 10652
f 4630 10652 10653
f 6500 10653 4881
f 10635 4630 10653 4883
f 1159 4886 4884 10654
f 10653 4882 4883
f 1159 10654 1160
f 1160 10654 4883
f 10657 4624 4859 4889
f 4886 10655 4885
f 4887 543 10655
f 4885 10655 543
f 10637 543 4632
f 4888 10656 4887
f 10657 4889 10656
f 4887 10656 4889
f 5026 6488 1175 4897
f 4890 10658 10657
f 5027 10659 6488
f 6488 10659 11262
f 4894 10659 5027
f 11279 6655 10685 10661
f 4899 10660 56
f 5030 1174 10660
f 4905 5034 4904
f 4903 4904 6498
f 6765 6562 4964 10664
f 11279 10661 4903
f 4914 5049 10662
f 11286 10662 5049
f 5063 10663 4922
f 5063 10692 10663
f 1173 10663 5062
f 5062 10663 10692
f 10709 5081 1172
f 5082 5081 4932
f 10719 1171 54
f 5122 1170 10735
f 1168 53 4980 10665
f 6765 10664 5144
f 4891 57 10659 10668
f 1168 10665 1169
f 1169 10665 5173
f 52 4999 10666
f 5203 10666 4999
f 53 10666 5203
f 10788 5017 10667
f 5226 10667 5017
f 52 10667 5226
f 10668 4894 4892 1230
f 4892 4894 5027 10669
f 4893 1230 4892
f 4897 5028 5026
f 5031 10669 5028
f 4897 6492 5030 10670
f 5027 5028 10669
f 10669 5029 4892
f 4895 1229 5029
f 4896 1229 4895
f 4893 5029 1229
f 4901 546 4895 10672
f 10660 10670 5030
f 4897 10670 544
f 544 10671 4900
f 4900 10671 5036
f 544 10670 10671
f 4900 5032 544
f 4901 10672 5032
f 4895 5029 5031 10672
f 1228 4896 5033 10673
f 5031 5032 10672
f 1228 10673 3286
f 3286 10673 4898
f 5038 5032 5036 10675
f 4905 4899 5034
f 10660 4899 545
f 4907 10674 4906
f 4906 10674 4899
f 545 4899 10674
f 5035 545 10674
f 10674 5037 5035
f 5043 10675 5037
f 10676 550 10677 4898
f 5036 5037 10675
f 10675 5039 5038
f 4908 10676 549
f 549 10676 5039
f 4901 10676 546
f 4901 5039 10676
f 3289 3287 5040 10677
f 10677 5040 4898
f 3289 10677 4902
f 10679 551 10680 4907
f 5041 10678 10661
f 4905 10678 547
f 4909 10679 5041
f 5041 10679 10678
f 547 10678 10679
f 4906 547 10679
f 10679 4907 4906
f 4911 5047 5045 10681
f 10674 4907 548
f 5042 10680 4910
f 4910 10680 5054
f 548 4907 10680
f 5042 548 10680
f 4910 5044 5042
f 4911 10681 552
f 552 10681 5044
f 4908 549 5043 10681
f 5058 553 10683 10682
f 5043 5044 10681
f 5045 5046 4908
f 4912 10682 5047
f 5047 10682 5046
f 4909 5041 5050 10686
f 550 10683 10677
f 4902 10677 10683
f 553 10684 10683
f 5051 10685 4914
f 10661 10685 5050
f 4915 10686 5051
f 5051 10686 5050
f 4909 10686 5066
f 5066 10686 4915
f 5056 552 5054 10688
f 5069 10687 554
f 554 10687 5052
f 5053 10687 4916
f 4916 10687 5069
f 551 10687 5053
f 551 5052 10687
f 4917 10688 555
f 555 10688 5055
f 5057 556 10697 4918
f 5054 5055 10688
f 10688 5057 5056
f 10662 6510 5062 10692
f 4912 4918 4919
f 4911 4918 5047
f 5059 4912 4919
f 5058 4912 5059
f 553 5059 10689
f 10699 10689 5059
f 4920 10689 10699
f 10689 10690 553
f 553 10690 10684
f 5060 10684 10690
f 10690 10691 5060
f 5064 5051 4914 10692
f 5064 10692 5063
f 4915 5064 5065 10693
f 5086 5065 4923
f 5066 4915 10693
f 5068 554 5066 10694
f 5067 10693 5065
f 5067 4924 10694
f 5067 10694 10693
f 5071 555 5069 10695
f 4925 10695 5070
f 5070 10695 5069
f 5072 557 4926 10696
f 556 4917 5072 10696
f 10697 10696 4927
f 4927 10696 4926
f 5076 5061 4920 10699
f 556 10696 10697
f 5073 10697 5074
f 4918 10697 4919
f 4919 10697 5073
f 5073 10698 5075
f 5077 10699 5075
f 5076 10699 5077
f 10663 6518 5081 10701
f 5078 10700 5061
f 5061 10700 10691
f 5080 10700 5078
f 4913 10691 10700
f 5079 4913 10700
f 4923 4922 5083 5085
f 5083 10701 5082
f 5082 10701 5081
f 10663 10701 4922
f 4922 10701 5083
f 5084 558 10702 5085
f 5067 5086 5087 10703
f 4923 5085 5086
f 5085 10702 5086
f 5095 4938 5097 10705
f 5067 10703 4924
f 5089 10703 5087
f 4924 10703 5088
f 5089 4934 5088
f 5090 5088 5091
f 4936 10704 4935
f 4935 10704 5092
f 5093 10704 4936
f 4937 5095 5094
f 5095 10705 4928
f 4928 10705 10698
f 5096 10705 5097
f 5096 5077 10698 10705
f 5099 5080 5078 10706
f 5098 10706 4929
f 10708 3294 4921 10707
f 5078 4929 10706
f 5100 10707 5080
f 5080 10707 4921
f 10708 10707 5101
f 5101 10707 5100
f 4933 4932 5102 10710
f 4930 10708 5101
f 4930 10717 10708
f 1227 10708 4931
f 4931 10708 10717
f 55 1171 10709
f 1172 55 10709
f 5102 10709 4942
f 4942 10709 1171
f 4932 10709 5102
f 5106 561 5107 10711
f 5102 5103 10710
f 5104 10710 5105
f 5105 10710 5103
f 5106 10711 558
f 558 10711 10702
f 5089 5108 5109 10712
f 10702 10711 5108
f 5108 10711 5107
f 5114 5097 4938 10714
f 5089 10712 4934
f 4946 10713 10712
f 5110 10713 5111
f 4947 5113 5112
f 5112 5113 559
f 5113 10714 559
f 559 10714 4937
f 5114 10714 5115
f 5115 10714 5113
f 4940 560 10716 5118
f 5117 10715 5116
f 5116 10715 4939
f 5118 10716 4950
f 5119 5101 5100 5118
f 5119 5118 4950
f 5120 565 5121 10717
f 4950 4951 5119
f 5120 10717 4930
f 10718 3297 4931 10717
f 5147 5126 5124 10720
f 5121 4941 10718
f 1226 10718 4941
f 54 1170 10719
f 10720 10719 5122
f 5122 10719 1170
f 4943 4942 5123 10721
f 5123 10720 10721
f 5125 10721 5124
f 4944 5105 10722 10723
f 4943 10721 5125
f 4954 10722 5126
f 5126 10722 5124
f 5129 562 4945 10724
f 5127 10723 4955
f 4955 10723 10722
f 5129 10724 5130
f 5130 10724 5128
f 563 5117 4948 5137
f 4958 5129 5130
f 5131 5129 4958
f 562 10725 4946
f 5132 10725 5133
f 5133 10725 5131
f 5132 10726 5134
f 5134 10727 4947
f 5135 10727 5136
f 4960 10728 5136
f 5135 10728 5137
f 564 4950 4949 10729
f 563 5137 5138
f 563 5138 5139
f 4961 5139 567
f 563 10729 4949
f 5140 10729 5139
f 4962 569 5141 10730
f 564 10729 5140
f 564 5140 10730
f 5142 5120 4951 10731
f 564 10730 10731
f 5141 5142 10731
f 564 10731 4951
f 5168 570 5143 10732
f 5168 10732 5141
f 5141 10732 5142
f 1225 3298 10733 10734
f 5142 10732 565
f 565 10732 5143
f 565 10733 5121
f 10734 10733 5143
f 1225 10734 5170
f 4953 5122 10735 10736
f 5144 10664 10735
f 5145 10735 10664
f 5146 10736 4966
f 4966 10736 4965
f 5146 4966 4967 10737
f 5147 4953 5146
f 4968 5150 5148 10737
f 4954 5126 5147 10737
f 5150 4969 4970 10738
f 5149 4954 5148
f 4970 5152 10739 10738
f 5150 10738 5149
f 4956 4955 10738 10739
f 5157 5136 10726 10742
f 4956 10739 4957
f 5153 10740 5154
f 5154 10740 4971
f 5151 10740 5153
f 5156 10741 4972
f 5155 10741 566
f 5156 10742 4959
f 4959 10742 10726
f 5157 10742 5158
f 5158 10742 5156
f 4977 573 5164 10744
f 5159 4973 4974
f 5157 4973 5159
f 4975 10743 5161
f 5161 10743 5160
f 5160 10743 5162
f 4978 574 5167 10745
f 5163 10744 568
f 568 10744 5164
f 4978 10745 5165
f 5165 10745 5164
f 570 5168 5167 10746
f 5167 5166 10745
f 5164 10745 569
f 569 10745 5166
f 5169 10747 10746
f 5199 5169 10746
f 10748 5145 10664 5173
f 570 10746 10747
f 570 10747 10734
f 5172 10747 5169
f 5172 4963 5171
f 5170 5171 3301
f 5175 5176 4983 10749
f 10664 4964 5173
f 4981 10748 5174
f 4981 4982 10748
f 5175 10748 5176
f 5176 10748 4982
f 5177 4965 5175
f 4967 4966 5177 10749
f 4983 4984 10749
f 4967 10749 5178
f 5178 10749 4984
f 5179 5178 4985 10750
f 10750 4968 5179
f 5181 5180 4987 10751
f 4985 4986 10750
f 4969 10750 5180
f 5180 10750 4986
f 4990 5186 5185 4972
f 5182 10751 4988
f 4988 10751 4987
f 4990 5184 4989
f 5183 4989 571
f 4973 5158 572 10752
f 4990 4972 5184
f 5187 10752 572
f 5187 575 5189 10752
f 4994 5194 5193 10753
f 4973 10752 4974
f 4974 10752 5188
f 5190 4992 4993
f 5188 4992 5190
f 10768 10753 5192
f 5192 10753 5191
f 5193 4976 5191 10753
f 4994 10753 10768
f 4995 577 5196 10754
f 5203 4999 5000 10758
f 5196 5195 10754
f 5194 10754 573
f 573 10754 5195
f 5198 5197 10755
f 4996 5198 10755
f 5196 10755 574
f 574 10755 5197
f 10746 5197 5199
f 5200 5199 5198
f 4997 10756 5200
f 5200 10756 5199
f 5201 5202 10756
f 4997 5201 10756
f 5172 5202 4963
f 10757 5202 5201
f 4979 1223 10757
f 5202 10757 1224
f 4981 5174 5203 10758
f 5000 5001 10758
f 4981 10758 5001
f 5204 5001 5002 10759
f 10759 4982 5204
f 5209 5004 5005 10762
f 5002 5003 10759
f 4983 10759 5003
f 5206 4984 5205
f 578 5231 10760
f 5205 578 10760
f 5205 10760 5206
f 5206 10760 4985
f 579 10761 5207
f 579 10777 10761
f 4987 10761 5004
f 5004 10761 10777
f 5207 10761 5208
f 5208 10761 4987
f 5006 5210 10762
f 5006 5212 5211 10763
f 5006 10762 10779
f 5210 10763 4989
f 4992 5189 575 10766
f 5006 10763 5210
f 4990 10763 5211
f 5007 10764 5212
f 5186 10765 4991
f 4991 10765 5214
f 5215 10766 575
f 5215 5009 10767 10766
f 10767 576 4993 10766
f 4992 10766 4993
f 5247 580 5219 5217
f 5011 5216 10767
f 5011 10767 5244
f 5217 10768 5011
f 5011 10768 5216
f 5012 5217 5011
f 5218 4994 10768 5217
f 5219 580 5013 10769
f 10754 5218 4995
f 5249 581 5221 10769
f 5014 582 5223 10770
f 5221 5220 10769
f 5219 10769 577
f 577 10769 5220
f 10755 5220 4996
f 10771 583 5225 10772
f 5223 5222 10770
f 5221 10770 5222
f 5200 5222 4997
f 5015 10771 5224
f 5224 10771 5223
f 10757 10772 4979
f 5225 3306 4979 10772
f 4998 3308 10051 5225
f 5233 587 5019 10778
f 10773 4999 5226
f 584 10773 5226
f 584 10789 10773
f 5000 10773 5018
f 5018 10773 10789
f 5228 5001 5227
f 5227 10774 5228
f 5228 10774 5002
f 5230 5003 5229
f 585 5259 10775
f 5229 585 10775
f 5229 10775 5230
f 5230 10775 5231
f 5230 5231 578
f 10760 5231 579
f 579 5232 10776
f 586 10792 10776
f 5233 10776 587
f 10776 10777 579
f 5234 5236 5235 10779
f 5234 10778 5020
f 5020 10778 5019
f 5233 10778 5005
f 5005 10778 5234
f 5005 5234 10779
f 5237 5021 5239 5007
f 5006 10779 5235
f 5212 5235 5237
f 5237 5007 5212
f 5238 5213 10764 5007
f 5240 5269 5242 10780
f 5243 5022 5245 10781
f 5242 5241 10780
f 5008 10780 5009
f 5009 10780 5241
f 5010 10781 5244
f 5243 10781 5010
f 5012 5011 5244 10782
f 5245 10782 10781
f 5246 588 10799 10783
f 5012 5246 5247
f 5251 5024 5278 10785
f 5247 10783 580
f 580 10783 5248
f 5013 5248 5249
f 5251 10784 5024
f 5251 5250 10784
f 5249 10784 581
f 581 10784 5250
f 10770 5250 5014
f 5278 589 5252 10785
f 5025 590 10787 10786
f 5252 582 10785
f 5251 10785 582
f 5224 582 5015
f 5253 3308 4998 10787
f 5252 10786 583
f 583 10786 10787
f 5225 583 4998
f 5016 3310 10052 5253
f 10788 5255 584 5017
f 10789 39 1149 5257
f 584 5255 5256
f 5256 10789 584
f 5257 5018 10789
f 10774 5018 5257 10790
f 5257 7192 5258 10790
f 11410 37 10794 10793
f 10791 10790 5258
f 5258 1148 10791
f 5259 10791 5260
f 10791 5259 585
f 5262 5259 5261
f 5262 5261 5263
f 5264 5263 38
f 5262 10792 586
f 11410 10793 5264
f 5236 5020 5266 10795
f 10793 10794 5019
f 5020 10794 5266
f 5266 5265 1147
f 1147 36 1146 10795
f 5268 35 1145 10796
f 1146 5267 10795
f 5236 10795 5021
f 5021 10795 5267
f 10796 5267 5268
f 6894 7022 5275 10800
f 5239 10796 5269
f 5269 10796 1145
f 5269 10797 5242
f 5271 1144 10797
f 5270 5271 10797
f 5242 10797 5022
f 5022 10797 1144
f 10798 1144 5272
f 5272 1143 10798
f 10782 10798 588
f 588 10798 1143
f 588 1143 10799
f 5274 10800 10799
f 5023 10799 10800
f 6894 10800 5274
f 10784 5023 10800 5276
f 1141 5279 5277 10801
f 10800 5275 5276
f 1141 10801 1142
f 1142 10801 5276
f 10805 1222 5016 10804
f 5279 10802 5278
f 5280 589 10802
f 5278 10802 589
f 10786 589 5025
f 5281 10803 5280
f 5280 10803 590
f 590 10803 10804
f 5253 590 5016
f 5426 3702 10201 5290
f 11403 1222 10805
f 10205 10806 5282
f 5282 10806 10814
f 5 10806 10205
f 5287 10814 5286
f 1209 3693 10833 10808
f 5292 10807 1208
f 5428 1207 10807
f 5298 5434 5297
f 5296 5297 3696
f 3684 3682 5366 10812
f 1209 10808 5296
f 5309 5448 10809
f 1210 10809 5448
f 5463 1211 5317
f 5463 10842 1211
f 5462 1211 10842
f 10866 10810 82
f 5517 10811 10882
f 1212 5594 5383 10813
f 3684 10812 83
f 5283 5287 10815 10816
f 1212 10813 3681
f 3681 10813 5564
f 84 5400 1213
f 5595 1213 5400
f 5594 1213 5595
f 10935 5417 1214
f 5621 1214 5417
f 84 1214 5621
f 5287 5284 10814
f 5282 10814 5284
f 1221 5284 5285
f 5426 10815 5286
f 5290 5427 5426
f 5430 10816 5427
f 5427 10816 10815
f 5290 3701 5428 10818
f 5283 10817 5284
f 5284 10817 5285
f 5288 1220 591
f 591 1220 10817
f 5289 1220 5288
f 5285 10817 1220
f 10819 5427 5290 10818
f 10807 10818 5428
f 5294 593 5432 10820
f 5429 10819 5293
f 5293 10819 5436
f 5293 5431 5429
f 5294 10820 5431
f 5288 591 5430 10820
f 1219 5289 5433 10821
f 5430 5431 10820
f 5432 5433 5288
f 1219 10821 91
f 91 10821 5291
f 5438 5431 5436 10823
f 5298 5292 5434
f 10807 5292 592
f 5435 10822 5300
f 5300 10822 5299
f 592 5292 10822
f 5435 592 10822
f 5300 5437 5435
f 5301 10823 5437
f 10824 597 10825 5291
f 5436 5437 10823
f 10823 5439 5438
f 5302 10824 596
f 596 10824 5439
f 5294 10824 593
f 5294 5439 10824
f 3718 3850 5440 10825
f 10825 5440 5291
f 3718 10825 5295
f 5302 596 5301 10829
f 5298 10826 594
f 5304 5442 10827
f 5303 10827 5441
f 594 10826 10827
f 10828 5299 5304
f 5300 5299 595
f 5443 10828 5305
f 5305 10828 5454
f 595 5299 10828
f 5443 595 10828
f 5305 5444 5443
f 5306 10829 598
f 598 10829 5444
f 5302 10829 5445
f 5445 10829 5306
f 5459 599 10831 10830
f 5301 5444 10829
f 5446 5302 5445
f 5446 10830 5302
f 597 5302 10830
f 5307 10830 5446
f 5303 5441 5449 10834
f 597 10831 10825
f 5295 10825 10831
f 599 10832 10831
f 5450 10833 5309
f 10808 10833 5449
f 5310 10834 5450
f 5450 10834 5449
f 5303 10834 5466
f 5466 10834 5310
f 5456 598 5454 10837
f 10827 10835 5304
f 5311 10836 5451
f 5451 10836 10835
f 5452 10836 5453
f 5453 10836 5311
f 5304 10836 5452
f 5304 10835 10836
f 5312 10837 5455
f 5457 600 5313 10838
f 5454 5455 10837
f 10837 5457 5456
f 5307 5445 5306 10838
f 5458 10838 601
f 5458 601 5314 10839
f 5458 5459 5307
f 10809 3692 5462 10842
f 5315 10839 10848
f 10839 10840 599
f 599 10840 10832
f 5460 10832 10840
f 10840 10841 5460
f 5464 5450 5309 10842
f 5464 10842 5463
f 5310 5464 5465 10843
f 5483 5465 5318
f 5466 5310 10843
f 5465 602 10844 10843
f 5467 5451 5466 10844
f 5467 10844 5468
f 5470 5453 5311 10845
f 5321 10845 5320
f 5320 10845 5469
f 5471 603 5322 10846
f 600 5312 5471 10846
f 5472 10846 5323
f 5473 604 5324 10847
f 600 10846 5472
f 5475 5461 5315 10848
f 5473 10847 601
f 601 10847 5314
f 5474 10848 5314
f 5475 10848 5474
f 5318 5317 5480 5482
f 5476 10849 5461
f 5461 10849 10841
f 5478 10849 5476
f 5308 10841 10849
f 5477 5308 10849
f 5479 10850 80
f 5480 10850 5329
f 5329 10850 5479
f 1211 10850 5317
f 5317 10850 5480
f 5481 606 10851 5482
f 602 5483 5484 10852
f 5318 5482 5483
f 5482 10851 5483
f 5489 5488 5332 10853
f 602 10852 5319
f 5486 10852 5484
f 5319 10852 5485
f 5486 5331 5485
f 5487 5485 5488
f 5490 5322 603 10853
f 5490 10853 5333
f 5489 10853 603
f 5494 605 10847 10854
f 5322 5490 5323
f 5334 5492 5491
f 5491 5492 604
f 5492 10854 5324
f 5324 10854 10847
f 5494 10854 5493
f 5493 10854 5492
f 5496 5478 5476 10855
f 5495 10855 605
f 605 10855 5325
f 5498 90 5316 10856
f 5476 5325 10855
f 5497 10856 5478
f 5478 10856 5316
f 5330 5329 5499 10858
f 10856 5326 5498
f 81 10810 10857
f 5328 81 10857
f 5499 10857 5339
f 5339 10857 10810
f 5329 10857 5499
f 5486 5505 5506 5507
f 5499 5500 10858
f 5501 10858 5502
f 5502 10858 5500
f 5505 10859 5504
f 5504 10859 5503
f 5510 5347 5511 10861
f 5486 5507 5331
f 5345 10860 5507
f 5332 5508 5333
f 5346 5510 5509
f 5509 5510 607
f 5510 10861 607
f 607 10861 5334
f 5335 608 5512 10862
f 5337 5336 10863 5513
f 10863 10862 5349
f 5349 10862 5512
f 5335 10862 5336
f 5336 10862 10863
f 5513 10863 5351
f 5514 609 5497 5513
f 5514 5513 5351
f 5515 613 5516 10864
f 5351 5352 5514
f 5515 10864 609
f 609 10864 5326
f 10865 89 5327 10864
f 5340 5339 5518 10868
f 5327 5326 10864
f 5516 5338 10865
f 1218 10865 5338
f 82 10811 10866
f 10867 10866 5517
f 5517 10866 10811
f 5517 5355 10867
f 10868 10867 5355
f 5518 10867 10868
f 5519 10868 5520
f 5341 5502 10869 10870
f 5340 10868 5519
f 5356 10869 5520
f 5343 5342 5521 10871
f 5521 10870 5357
f 5357 10870 10869
f 5341 10870 5342
f 5342 10870 5521
f 5523 5525 5344 10871
f 5523 10871 5524
f 5524 10871 5522
f 5343 10871 5344
f 5345 5344 5525 10872
f 5360 5523 5524
f 5526 5523 5360
f 611 5349 5348 5531
f 5527 10872 5528
f 5528 10872 5526
f 5361 5527 616
f 5529 5527 5361
f 5529 10873 610
f 610 10873 5346
f 5347 10873 5530
f 5362 10874 617
f 5530 10874 5531
f 5363 619 5533 10875
f 611 5531 5532
f 5363 10875 618
f 5350 611 10875 10876
f 612 5351 5350 10876
f 5534 10876 5533
f 5364 620 5535 10877
f 612 10876 5534
f 5364 10877 619
f 5352 612 5534 10878
f 5534 10877 10878
f 5535 5536 10878
f 5536 5515 5352 10878
f 5559 621 5537 10879
f 5559 10879 5535
f 5535 10879 5536
f 1217 88 10880 10881
f 5536 10879 613
f 613 10879 5537
f 613 10880 5516
f 10881 10880 5537
f 1217 10881 5561
f 5354 5517 10882 10883
f 83 10812 10882
f 5538 10882 10812
f 5539 10883 5368
f 5368 10883 5367
f 5370 5542 10884 5540
f 5354 5539 5355
f 5355 5539 614
f 5369 5540 5368
f 5541 5357 5356 10884
f 5539 5540 614
f 5540 10884 614
f 614 10884 5356
f 5542 5371 5372 10885
f 5372 622 5543 10885
f 5542 10885 5541
f 5544 5543 622 10887
f 5541 10885 615
f 615 10885 10886
f 5543 5544 10886
f 615 10886 5358
f 5358 10886 5359
f 5373 10887 622
f 5373 623 5546 10887
f 5379 626 5557 10891
f 5544 10887 5545
f 5546 5547 5545
f 5548 10888 5374
f 5548 10889 616
f 5361 10889 5549
f 5550 5375 5376
f 5549 5375 5550
f 5377 10890 5552
f 5552 10890 5551
f 5551 10890 5553
f 10896 5538 10812 5564
f 5555 10891 5554
f 5554 10891 5556
f 5380 10892 626
f 626 10892 5557
f 5558 10892 5380
f 5558 10893 10892
f 5557 10892 620
f 620 10892 10893
f 10894 10893 5558
f 5558 5381 10894
f 5560 10895 10894
f 5559 10894 621
f 5563 10895 5560
f 5563 5365 5562
f 5561 5562 3957
f 5566 5567 5386 10897
f 10812 5366 5564
f 5384 10896 5565
f 5384 5385 10896
f 5566 10896 5567
f 5567 10896 5385
f 5568 5367 5566
f 5369 5368 5568 10897
f 5386 5387 10897
f 5369 10897 5569
f 5569 10897 5387
f 5570 5569 5388 10898
f 10898 5370 5570
f 5572 5571 5390 10899
f 5388 5389 10898
f 5371 10898 5571
f 5571 10898 5389
f 5393 5577 5576 5374
f 5573 10899 5391
f 5391 10899 5390
f 5393 5575 5392
f 5574 5392 623
f 5578 627 5580 10900
f 5393 5374 5575
f 5578 10900 624
f 624 10900 5375
f 5396 5585 5584 10901
f 5375 10900 5376
f 5376 10900 5579
f 5581 5582 625
f 5583 5582 5581
f 5395 10901 5583
f 5583 10901 5582
f 5584 5378 5582 10901
f 5396 10901 5395
f 5397 628 5587 10902
f 5595 5400 5401 10906
f 5587 5586 10902
f 5585 10902 5586
f 5398 10903 5588
f 5588 10903 5587
f 5589 5590 10903
f 5398 5589 10903
f 10903 5590 5558
f 5591 5590 5589
f 5399 10904 5591
f 5591 10904 5590
f 5592 5593 10904
f 5399 5592 10904
f 5563 5593 5365
f 10905 5593 5592
f 5382 1215 10905
f 5593 10905 1216
f 5384 5565 5595 10906
f 5401 5402 10906
f 5384 10906 5402
f 5596 5402 5403 10907
f 10907 5385 5596
f 5599 5598 5406 10909
f 5403 5404 10907
f 5386 10907 5404
f 10908 5387 5597
f 629 5405 10908
f 5597 629 10908
f 5388 10908 5598
f 5598 10908 5405
f 5602 5601 5408 10910
f 5406 5407 10909
f 5390 10909 5601
f 5601 10909 5407
f 5599 10909 5600
f 5600 10909 5390
f 5409 5603 10910
f 5409 5605 5604 10911
f 5409 10910 10926
f 5603 10911 5392
f 5608 630 10915 10914
f 5409 10911 5603
f 5393 10911 5604
f 5410 10912 5605
f 5577 10913 5394
f 5394 10913 5607
f 5608 10914 627
f 627 10914 5580
f 5395 5609 5610 10916
f 5580 10914 5609
f 5609 10914 10915
f 5610 10915 5412
f 5613 5396 10916 5611
f 5611 10916 5612
f 5612 10916 5610
f 5641 5611 5612
f 5614 5611 5642
f 5614 5642 5413 10917
f 10902 5613 5397
f 5644 631 5616 10917
f 5414 632 5618 10918
f 5616 5615 10917
f 5614 10917 628
f 628 10917 5615
f 5588 5615 5398
f 10919 633 5620 10920
f 5618 5617 10918
f 5616 10918 5617
f 5591 5617 5399
f 5415 10919 5619
f 5619 10919 5618
f 10905 10920 5382
f 5620 87 5382 10920
f 10934 86 10213 5620
f 5419 5627 5406 10924
f 10921 5400 5621
f 634 10921 5621
f 634 10936 10921
f 5401 10921 5418
f 5418 10921 10936
f 5623 5402 5622
f 5622 10922 5623
f 5623 10922 5403
f 5625 5404 5624
f 635 5654 10923
f 5624 635 10923
f 5624 10923 5625
f 5625 10923 5626
f 5625 5626 629
f 10924 5405 5626
f 636 10939 10924
f 5626 636 10924
f 5627 5419 5420 10925
f 5419 10924 10939
f 5628 5630 5629 10926
f 5628 10925 5421
f 5421 10925 5420
f 5627 10925 5408
f 5408 10925 5628
f 5408 5628 10926
f 5631 5422 5633 5410
f 5409 10926 5629
f 5605 5629 5631
f 5631 5410 5605
f 5632 5606 10912 5410
f 5634 5664 5636 10927
f 5637 5423 5638 10928
f 5636 5635 10927
f 5411 10927 5635
f 630 10928 5412
f 5637 10928 630
f 5640 5668 10947 10930
f 5668 5639 10929
f 5638 10929 10928
f 10928 10929 5639
f 5639 5641 5612
f 5640 5641 5639
f 5646 5425 5674 10932
f 5641 10930 5642
f 5642 10930 5643
f 5413 5643 5644
f 5646 10931 5425
f 5646 5645 10931
f 5644 10931 631
f 631 10931 5645
f 10918 5645 5414
f 5674 637 5647 10932
f 10935 5650 634 5417
f 5647 632 10932
f 5646 10932 632
f 5619 632 5415
f 5648 10933 5677
f 5648 10934 10933
f 5647 10933 633
f 633 10933 10934
f 5620 633 10934
f 5649 10934 5648
f 5648 5416 5649
f 10936 7278 1138 5652
f 634 5650 5651
f 5651 10936 634
f 5652 5418 10936
f 10922 5418 5652 10937
f 5652 7282 5653 10937
f 11581 7452 10941 10940
f 10938 10937 5653
f 5653 1137 10938
f 5654 10938 5655
f 10938 5654 635
f 5657 5654 5656
f 5657 5656 5658
f 5659 5658 7288
f 5657 10939 636
f 5419 10939 10940
f 11581 10940 5659
f 5630 5421 5661 10943
f 10940 10941 5420
f 5421 10941 5661
f 5661 5660 10942
f 11588 10942 5660
f 10942 7471 1136 10943
f 5663 7307 1135 10944
f 1136 5662 10943
f 5630 10943 5422
f 5422 10943 5662
f 10944 5662 5663
f 7563 7355 5671 10948
f 5633 10944 5664
f 5664 10944 1135
f 5664 10945 5636
f 5666 1134 10945
f 5665 5666 10945
f 5636 10945 5423
f 5423 10945 1134
f 10946 1134 5667
f 5667 1133 10946
f 10929 10946 5668
f 5668 10946 1133
f 5668 1133 10947
f 5670 10948 10947
f 5424 10947 10948
f 7563 10948 5670
f 10931 5424 10948 5672
f 1131 5675 5673 10949
f 10948 5671 5672
f 1131 10949 1132
f 1132 10949 5672
f 10961 4099 10351 5687
f 5675 10950 5674
f 5676 637 10950
f 5674 10950 637
f 10933 637 5677
f 5676 10951 5677
f 5677 10951 5678
f 5648 5678 5416
f 5679 5416 10951
f 5679 10952 5416
f 5416 10952 4069
f 10960 1192 4102
f 10355 1192 5680
f 5680 1192 10960
f 5684 5822 5683
f 1194 4089 10978 10954
f 5826 1193 10953
f 5696 5833 5695
f 5694 5695 4091
f 4079 4077 5763 10959
f 1194 10954 5694
f 5707 5849 10955
f 1195 10955 5849
f 5715 5863 5714
f 5725 10995 10956
f 1196 10956 70
f 70 10956 10995
f 11014 10957 5735
f 5918 10958 11031
f 1197 5996 5779 5965
f 4079 10959 72
f 10960 5822 5684 5823
f 5780 5965 5779
f 1197 5965 73
f 74 5797 1198
f 5997 1198 5797
f 5996 1198 5997
f 11084 5813 1199
f 6025 1199 5813
f 74 1199 6025
f 5687 4098 5826 10963
f 5681 1206 5823
f 5682 1206 5681
f 10960 5823 1206
f 5687 5824 10961
f 5683 10961 5684
f 5828 10962 5824
f 5824 10962 10961
f 5684 10962 5681
f 5684 10961 10962
f 10962 5825 5681
f 5685 1205 5825
f 5686 1205 5685
f 5682 5825 1205
f 10964 5824 5687 10963
f 10953 10963 5826
f 5692 5832 5830 10965
f 5827 10964 5691
f 5691 10964 5836
f 5691 5829 5827
f 5692 10965 5829
f 5685 5825 5828 10965
f 1204 5686 5831 5688
f 5828 5829 10965
f 5830 5831 5685
f 5832 5688 5831
f 1204 5688 5689
f 5838 5829 5836 10967
f 5696 5834 5833
f 10953 5690 638
f 5698 10966 5697
f 5697 10966 5834
f 638 5834 10966
f 5835 638 10966
f 10966 5837 5835
f 5699 10967 5837
f 5838 10967 5700
f 5700 10967 5699
f 5840 641 10969 10968
f 5836 5837 10967
f 5700 5839 5838
f 5701 5840 5839
f 5692 5840 5832
f 5692 5839 5840
f 5840 10968 5832
f 5832 10968 5688
f 4116 4250 5841 10969
f 10969 5841 10968
f 5688 10968 5689
f 5689 10968 5841
f 4116 10969 5693
f 10971 642 10972 5698
f 5842 10970 10954
f 5696 10970 639
f 5702 10971 5842
f 5842 10971 10970
f 639 10970 10971
f 5697 639 10971
f 10971 5698 5697
f 5858 644 10976 10975
f 10966 5698 640
f 5843 10972 5703
f 5703 10972 5854
f 640 5698 10972
f 5843 640 10972
f 5703 5844 5843
f 5704 10973 643
f 643 10973 5844
f 10974 10973 5845
f 5845 10973 5704
f 5700 10973 10974
f 5700 5844 10973
f 5845 5846 10974
f 5701 10974 5846
f 5705 10975 5847
f 5847 10975 5846
f 5702 5842 5850 10979
f 641 10976 10969
f 5693 10969 10976
f 644 10977 10976
f 5851 10978 5707
f 10954 10978 5850
f 5708 10979 5851
f 5851 10979 5850
f 5702 10979 5867
f 5867 10979 5708
f 5856 643 5854 10981
f 5870 10980 645
f 645 10980 5852
f 5853 10980 5709
f 5709 10980 5870
f 642 10980 5853
f 642 5852 10980
f 5710 10981 646
f 646 10981 5855
f 5857 647 10990 5711
f 5854 5855 10981
f 10981 5857 5856
f 5712 648 5859 5705
f 5705 5711 5712
f 5704 5711 5847
f 10955 4088 5862 10985
f 5858 5705 5859
f 644 5859 10982
f 10992 10982 5859
f 5713 10982 10992
f 10982 10983 644
f 644 10983 10977
f 5860 10977 10983
f 10983 10984 5860
f 5865 5851 5707 10985
f 5862 5863 10985
f 5865 10985 5864
f 5864 10985 5863
f 5708 5865 5866 10986
f 5882 5866 5716
f 5867 5708 10986
f 5866 649 5868 10986
f 5869 645 5867 10987
f 5868 10987 10986
f 5872 646 5870 10988
f 5717 10988 5871
f 5871 10988 5870
f 5873 650 5718 10989
f 647 5710 5873 10989
f 10990 10989 5719
f 5719 10989 5718
f 5874 651 5720 10991
f 647 10989 10990
f 5711 10990 5712
f 5876 5861 5713 10992
f 5875 10991 5721
f 5874 10991 648
f 648 10991 5875
f 5721 10992 5875
f 5876 10992 5721
f 1203 4280 5878 10994
f 5877 10993 5861
f 5861 10993 10984
f 5879 10993 5877
f 5706 10984 10993
f 5878 5706 10993
f 5879 11004 10994
f 5716 5864 10996 5881
f 5715 10995 5880
f 70 10995 5714
f 5714 10995 5715
f 5726 10996 5880
f 5727 652 10997 5881
f 649 5882 5883 10998
f 5716 5881 5882
f 5881 10997 5882
f 5883 653 10999 10998
f 649 10998 5868
f 5885 5871 5884 10999
f 5868 10998 5884
f 5885 10999 5886
f 5730 5731 5888 11000
f 5730 11000 5729
f 5729 11000 5887
f 5894 5879 5877 11002
f 5732 5890 5889
f 5889 5890 651
f 5890 11001 5720
f 5720 11001 10991
f 5892 11001 5891
f 5891 11001 5890
f 5721 11001 5892
f 5893 11002 5722
f 5896 79 10994 11004
f 5877 5722 11002
f 5894 11003 5895
f 5897 11004 5895
f 5896 11004 5897
f 5726 5725 5898 11006
f 5897 5723 5896
f 71 10957 11005
f 10956 71 11005
f 5898 11005 5736
f 5736 11005 10957
f 5725 11005 5898
f 653 5904 5905 5906
f 5898 5899 11006
f 5900 11006 5901
f 5901 11006 5899
f 5726 11006 5727
f 5727 11006 5900
f 5904 11007 5903
f 5903 11007 5902
f 5733 654 5913 11010
f 653 5906 5728
f 5742 11008 5906
f 5907 11008 5743
f 5908 5730 5909
f 5731 5730 5908
f 5911 11009 5910
f 5910 11009 5732
f 5912 11009 5911
f 5915 656 11003 5914
f 11011 11010 5747
f 5747 11010 5913
f 5914 11011 5749
f 11011 5914 655
f 5915 5914 5749
f 5916 659 5917 11012
f 5749 5750 5915
f 5916 11012 656
f 656 11012 5723
f 11013 78 5724 11012
f 5939 5922 5920 11015
f 5724 5723 11012
f 5917 5734 11013
f 1202 11013 5734
f 5735 10958 11014
f 11015 11014 5918
f 5918 11014 10958
f 5737 5736 5919 11016
f 5919 11015 11016
f 5921 11016 5920
f 5738 5901 11017 11018
f 5737 11016 5921
f 5922 5753 11017
f 5922 11017 5920
f 5740 5739 5923 11019
f 5738 11018 5739
f 5739 11018 5923
f 657 5747 5746 11024
f 5925 11019 5926
f 5926 11019 5924
f 5740 11019 5741
f 5741 11019 5925
f 5756 5925 5926
f 5927 5925 5756
f 5928 11020 5927
f 5742 11020 5743
f 5757 11021 5928
f 11022 11021 5929
f 5930 11022 5929
f 5744 11022 5745
f 5745 11022 5930
f 5759 11023 662
f 5930 11023 11024
f 658 5749 5748 11025
f 657 11024 5931
f 657 5931 5932
f 5760 5932 663
f 657 11025 5748
f 5933 11025 5932
f 5761 665 5934 11026
f 658 11025 5933
f 658 5933 11026
f 5935 5916 5750 11027
f 658 11026 11027
f 5934 5935 11027
f 658 11027 5750
f 5960 666 5936 11028
f 5960 11028 5934
f 5934 11028 5935
f 1201 77 11029 11030
f 5935 11028 659
f 659 11028 5936
f 659 11029 5917
f 11030 11029 5936
f 1201 11030 5962
f 5752 5918 11031 11032
f 72 10959 11031
f 5937 11031 10959
f 5938 11032 5765
f 5765 11032 5764
f 5938 5765 5766 5940
f 5939 5752 5938
f 11033 5922 5939 5940
f 5941 5940 5767
f 5941 5768 5769 11034
f 5941 5942 11033
f 5941 11033 5940
f 5753 11033 5942
f 5769 667 5943 11034
f 5941 11034 5942
f 5944 5943 667 11036
f 5942 11034 660
f 660 11034 11035
f 5943 5944 11035
f 660 11035 5754
f 5754 11035 5755
f 5770 11036 667
f 5770 668 5946 11036
f 5776 669 5956 11040
f 5944 11036 5945
f 5946 5947 5945
f 5948 11037 5771
f 5948 11038 661
f 661 11038 5757
f 5950 11038 5948
f 5757 11038 5758
f 5758 11038 5949
f 5951 5772 5773
f 5949 5772 5951
f 5774 11039 5953
f 5953 11039 5952
f 5952 11039 5954
f 5777 670 5959 11041
f 5955 11040 664
f 664 11040 5956
f 5777 11041 5957
f 5957 11041 5956
f 666 5960 5959 11042
f 5959 5958 11041
f 5956 11041 665
f 665 11041 5958
f 5961 11043 11042
f 5991 5961 11042
f 5966 5937 10959 11044
f 666 11042 11043
f 666 11043 11030
f 5964 11043 5961
f 5964 5762 5963
f 5962 5963 4361
f 5965 11044 73
f 73 11044 5763
f 5966 11044 5780
f 5780 11044 5965
f 5970 5969 5784 11047
f 10959 5763 11044
f 5781 5966 5780
f 5781 5782 5966
f 5967 5966 5782
f 5968 5764 11045
f 5967 11045 5764
f 671 11046 11045
f 671 5783 11046
f 5766 11046 5969
f 5969 11046 5783
f 11045 11046 5968
f 5968 11046 5766
f 11047 5767 5970
f 5971 672 5786 11048
f 5784 5785 11047
f 5768 11047 5785
f 5789 5977 5976 5771
f 5972 11048 5973
f 5973 11048 5787
f 5789 5975 5788
f 5974 5788 668
f 5772 5950 5978 11049
f 5789 5771 5975
f 5793 5986 5985 11050
f 5772 11049 5773
f 5773 11049 5980
f 5981 5792 5982
f 5980 5792 5981
f 11065 11050 5984
f 5984 11050 5983
f 5985 5775 5983 11050
f 5793 11050 11065
f 5794 674 5988 11051
f 5997 5797 5798 11055
f 5988 5987 11051
f 5986 11051 669
f 669 11051 5987
f 5990 5989 11052
f 5795 5990 11052
f 5988 11052 670
f 670 11052 5989
f 11042 5989 5991
f 5992 5991 5990
f 5796 11053 5992
f 5992 11053 5991
f 5994 5993 11053
f 5796 5994 11053
f 5964 5993 5762
f 11054 5995 5994
f 5778 1200 11054
f 5781 5780 5997 11055
f 5798 5799 11055
f 5781 11055 5799
f 5998 5799 5800 11056
f 671 5782 5998
f 6004 6003 5803 11059
f 5800 5801 11056
f 5999 11056 5801
f 5998 11056 671
f 671 11056 5999
f 6001 5783 6000
f 675 6029 11057
f 6000 675 11057
f 6000 11057 6001
f 6001 11057 5784
f 676 11058 6002
f 676 5802 11058
f 5786 11058 6003
f 6003 11058 5802
f 6002 11058 672
f 672 11058 5786
f 6006 6008 6007 11060
f 6004 11059 673
f 6005 11060 5788
f 6009 5979 5790 11062
f 6006 11060 6005
f 5789 11060 6007
f 5804 11061 6008
f 11061 11062 5977
f 5977 11062 5790
f 6009 11062 6010
f 6010 11062 11061
f 6011 5806 11064 11063
f 6011 11063 5791
f 5791 11063 5792
f 6013 5982 6012 11064
f 5792 11063 6012
f 6012 11063 11064
f 6013 11064 6014
f 6014 11064 5808
f 6017 5793 11065 6015
f 6015 11065 6016
f 6045 6015 6016
f 6018 6015 6046
f 6018 6046 5809 11066
f 11051 6017 5794
f 6048 677 6020 11066
f 5810 678 6022 11067
f 6020 6019 11066
f 6018 11066 674
f 674 11066 6019
f 11052 6019 5795
f 11068 679 6024 11069
f 6022 6021 11067
f 6020 11067 6021
f 5992 6021 5796
f 5811 11068 6023
f 6023 11068 6022
f 11054 11069 5778
f 6024 76 5778 11069
f 11083 75 10361 6024
f 11073 676 11057 6029
f 11070 5797 6025
f 680 11070 6025
f 680 11085 11070
f 5798 11070 5814
f 5814 11070 11085
f 6027 5799 6026
f 6026 11071 6027
f 6027 11071 5800
f 11072 5801 6028
f 681 6058 11072
f 6028 681 11072
f 6029 11072 6030
f 6030 11072 6058
f 11072 6029 675
f 11073 6029 6030
f 6031 5815 5816 11074
f 682 11088 11073
f 6030 682 11073
f 6031 11073 5815
f 5815 11073 11088
f 6032 6034 6033 11075
f 6032 11074 5817
f 5817 11074 5816
f 6031 11074 5803
f 5803 11074 6032
f 5803 6032 11075
f 6033 6006 11059 11075
f 6035 5818 6037 5804
f 6008 6033 6035
f 6035 5804 6008
f 6036 6010 11061 5804
f 6038 683 6040 11076
f 6041 5819 6042 11077
f 6040 6039 11076
f 5805 11076 5806
f 5806 11076 6039
f 5807 11077 5808
f 6041 11077 5807
f 6016 6014 6043 6045
f 6071 6043 11078
f 6042 11078 11077
f 11077 11078 6043
f 6044 6071 11098 11079
f 6044 6045 6043
f 6050 5821 6077 11081
f 6045 11079 6046
f 6046 11079 6047
f 5809 6047 6048
f 6050 11080 5821
f 6050 6049 11080
f 6048 11080 677
f 677 11080 6049
f 11067 6049 5810
f 6077 684 6051 11081
f 11084 6054 680 5813
f 6051 678 11081
f 6050 11081 678
f 6023 678 5811
f 6052 11082 6080
f 6052 11083 11082
f 6051 11082 679
f 679 11082 11083
f 6024 679 11083
f 6053 11083 6052
f 6052 5812 6053
f 11085 7683 1128 6056
f 680 6054 6055
f 6055 11085 680
f 6056 5814 11085
f 11071 5814 6056 11086
f 6056 7687 6057 11086
f 11729 7854 11090 11089
f 11087 11086 6057
f 6057 1127 11087
f 6058 11087 6059
f 11087 6058 681
f 6061 6058 6060
f 6061 6060 6062
f 6063 6062 7693
f 6061 11088 682
f 5815 11088 11089
f 11729 11089 6063
f 6034 5817 6065 11092
f 11089 11090 5816
f 5817 11090 6065
f 6065 6064 11091
f 11736 11091 6064
f 11091 7705 6066 11092
f 7963 7759 6074 11099
f 6066 11093 11092
f 6034 11092 5818
f 5818 11092 11093
f 7713 11093 6066
f 6067 11093 7713
f 11095 11094 6067
f 6037 11094 6068
f 6068 11094 11095
f 11096 11095 1126
f 6068 11095 683
f 683 11096 6040
f 6069 1125 11096
f 1126 6069 11096
f 6040 11096 5819
f 5819 11096 1125
f 11097 1125 6070
f 6070 1124 11097
f 11078 11097 6071
f 6071 11097 1124
f 6071 1124 11098
f 6073 11099 11098
f 5820 11098 11099
f 7963 11099 6073
f 11080 5820 11099 6075
f 1122 6078 6076 11100
f 11099 6074 6075
f 1122 11100 1123
f 1123 11100 6075
f 11103 5812 6052 6081
f 6078 11101 6077
f 6079 684 11101
f 6077 11101 684
f 11082 684 6080
f 6079 11102 6080
f 11103 6081 11102
f 6080 11102 6081
f 6221 4500 10504 6085
f 11850 11104 6082
f 6082 11104 11103
f 10507 1176 11105
f 6223 4498 10503 6088
f 1179 4489 11131 11107
f 6090 11106 1178
f 6226 1177 11106
f 6096 6231 6095
f 6094 6095 4491
f 4481 4479 6159 11111
f 1179 11107 6094
f 6106 6246 11108
f 1180 11108 6246
f 6261 1181 6114
f 6261 11138 1181
f 6260 1181 11138
f 11163 11109 60
f 6317 11110 11178
f 1182 6397 6174 11112
f 4481 11111 61
f 11105 1176 6221 11113
f 1182 11112 4478
f 4478 11112 6368
f 6193 6194 1183
f 6398 1183 6194
f 6397 1183 6398
f 11230 6211 1184
f 6193 1184 6211
f 6425 1184 6193
f 11113 6222 6083 1191
f 6085 6222 6221
f 6085 4498 6223 11114
f 6084 1191 6083
f 6083 6222 11114 11115
f 6088 6224 6223
f 6228 11115 6224
f 6224 11115 11114
f 6088 4496 6226 11116
f 11115 6225 6083
f 6086 1190 6225
f 6087 1190 6086
f 6084 6225 1190
f 11117 6224 6088 11116
f 11106 11116 6226
f 6092 686 6086 11118
f 6227 11117 6091
f 6091 11117 6233
f 6091 6229 6227
f 6092 11118 6229
f 6086 6225 6228 11118
f 1189 6087 6230 11119
f 6228 6229 11118
f 1189 11119 68
f 68 11119 6089
f 6235 6229 6233 11121
f 6096 6090 6231
f 11106 6090 685
f 6232 11120 6098
f 6098 11120 6097
f 685 6090 11120
f 6232 685 11120
f 6098 6234 6232
f 6099 11121 6234
f 11122 690 11123 6089
f 6233 6234 11121
f 11121 6236 6235
f 6100 11122 689
f 689 11122 6236
f 6092 11122 686
f 6092 6236 11122
f 4515 4642 6237 11123
f 11123 6237 6089
f 4515 11123 6093
f 6103 6244 6242 11127
f 6096 11124 687
f 6101 11125 6238
f 6097 11125 6102
f 6102 11125 6249
f 687 11124 11125
f 6097 687 11125
f 6102 6239 6097
f 6098 6097 688
f 6252 11126 691
f 691 11126 6239
f 688 6239 11126
f 6240 688 11126
f 11126 6241 6240
f 6103 11127 692
f 692 11127 6241
f 6100 689 6099 11127
f 6257 693 11129 11128
f 6099 6241 11127
f 6242 6243 6100
f 6104 11128 6244
f 6244 11128 6243
f 6101 6238 6247 11132
f 690 11129 11123
f 6093 11123 11129
f 693 11130 11129
f 6248 11131 6106
f 11107 11131 6247
f 6107 11132 6248
f 6248 11132 6247
f 6101 11132 6264
f 6264 11132 6107
f 6251 691 6249 11133
f 6267 11133 694
f 694 11133 6250
f 6251 11133 6108
f 6108 11133 6267
f 6254 692 6252 11134
f 6249 6250 11133
f 6109 11134 695
f 695 11134 6253
f 6255 696 11143 6110
f 6252 6253 11134
f 11134 6255 6254
f 6104 6244 6103 6110
f 6256 6110 697
f 6256 697 6111 11135
f 6256 6257 6104
f 11108 4488 6260 11138
f 6112 11135 11145
f 11135 11136 693
f 693 11136 11130
f 6258 11130 11136
f 11136 11137 6258
f 6262 6248 6106 11138
f 6262 11138 6261
f 6107 6262 6263 11139
f 6281 6263 6115
f 6264 6107 11139
f 6266 694 6264 11140
f 6265 11139 6263
f 6265 6116 11140
f 6265 11140 11139
f 6269 695 6267 11141
f 6117 11141 6268
f 6268 11141 6267
f 6270 698 6118 11142
f 696 6109 6270 11142
f 11143 11142 6119
f 6119 11142 6118
f 6273 6259 6112 11145
f 696 11142 11143
f 6110 11143 697
f 697 11143 6271
f 697 6271 11144
f 697 11144 6111
f 6272 11145 6111
f 6273 11145 6272
f 6115 6114 6278 6280
f 6274 11146 6259
f 6259 11146 11137
f 6276 11146 6274
f 6105 11137 11146
f 6275 6105 11146
f 6277 11147 58
f 6278 11147 6124
f 6124 11147 6277
f 1181 11147 6114
f 6114 11147 6278
f 6279 701 11148 6280
f 6265 6281 6282 11149
f 6115 6280 6281
f 6280 11148 6281
f 11144 699 6290 11151
f 6265 11149 6116
f 6284 11149 6282
f 6116 11149 6283
f 6284 6126 6283
f 6285 6283 6286
f 6128 11150 6127
f 6127 11150 6287
f 6288 11150 6128
f 6129 6291 6289
f 6289 6291 6290
f 6291 11151 6290
f 6293 700 11144 11151
f 6293 11151 6292
f 6292 11151 6291
f 6295 6276 6274 11152
f 6294 11152 700
f 700 11152 6120
f 6297 67 6113 11153
f 6274 6120 11152
f 6296 11153 6276
f 6276 11153 6113
f 6125 6124 6298 11155
f 11153 6121 6297
f 59 11109 11154
f 6123 59 11154
f 6298 11154 6134
f 6134 11154 11109
f 6124 11154 6298
f 6302 705 6303 11156
f 6298 6299 11155
f 6300 11155 6301
f 6301 11155 6299
f 6302 11156 701
f 701 11156 11148
f 6284 6304 6305 6306
f 11148 11156 6304
f 6304 11156 6303
f 6130 703 6312 11159
f 6284 6306 6126
f 6138 11157 6306
f 6307 11157 6308
f 6139 6310 6309
f 6309 6310 702
f 6310 11158 702
f 702 11158 6129
f 6311 11158 6310
f 6132 6131 11160 6313
f 11160 11159 6142
f 6142 11159 6312
f 6130 11159 6131
f 6131 11159 11160
f 6313 11160 6144
f 6314 704 6296 6313
f 6314 6313 6144
f 6315 709 6316 11161
f 6144 6145 6314
f 6315 11161 704
f 704 11161 6121
f 11162 66 6122 11161
f 6135 6134 6318 11165
f 6122 6121 11161
f 6316 6133 11162
f 1188 11162 6133
f 60 11110 11163
f 11164 11163 6317
f 6317 11163 11110
f 6317 6148 11164
f 11165 11164 6148
f 6318 11164 11165
f 6319 11165 6320
f 6136 6301 11166 11167
f 6135 11165 6319
f 6149 11166 6320
f 6325 706 6137 11168
f 6323 11167 6321
f 6321 11167 11166
f 6136 11167 6322
f 6322 11167 6323
f 6324 6323 6150
f 6325 11168 6326
f 6326 11168 6324
f 707 6142 6141 6332
f 6151 6325 6326
f 6327 6325 6151
f 706 11169 6138
f 6328 11169 6329
f 6329 11169 6327
f 11170 6153 6330
f 6328 6153 11170
f 6331 11170 6330
f 6139 11170 6140
f 6140 11170 6331
f 6155 11171 711
f 6331 11171 6332
f 708 6144 6143 11172
f 707 6332 6333
f 707 6333 6334
f 6156 6334 712
f 707 11172 6143
f 6335 11172 6334
f 6157 714 6336 11173
f 708 11172 6335
f 6157 11173 713
f 6145 708 11173 11174
f 6336 6337 11174
f 6337 6315 6145 11174
f 6363 715 6338 11175
f 6363 11175 6336
f 6336 11175 6337
f 1187 65 11176 11177
f 6337 11175 709
f 709 11175 6338
f 709 11176 6316
f 11177 11176 6338
f 1187 11177 6365
f 6147 6317 11178 11179
f 61 11111 11178
f 6339 11178 11111
f 6340 11179 6161
f 6161 11179 6160
f 6163 6343 11180 6341
f 6147 6340 6148
f 6148 6340 710
f 6162 6341 6161
f 6343 6164 6165 11181
f 6340 6341 710
f 6341 11180 710
f 710 11180 6149
f 6149 11180 6342
f 6165 716 6345 11181
f 6343 11181 11180
f 6346 6345 716 11182
f 11180 11181 6342
f 6342 11181 6344
f 6345 6346 6344
f 6166 11182 716
f 6166 717 6348 11182
f 6350 718 6352 11184
f 6346 11182 6347
f 6348 6349 6347
f 6350 11183 11194
f 6350 11184 6152
f 6152 11184 6153
f 6171 720 6360 11186
f 6153 11184 6154
f 6154 11184 6351
f 6353 6167 6168
f 6351 6167 6353
f 6169 11185 6355
f 6355 11185 6354
f 6354 11185 6356
f 6172 721 6362 11187
f 6358 11186 6357
f 6357 11186 6359
f 6172 11187 720
f 720 11187 6360
f 715 6363 6362 11188
f 6362 6361 11187
f 6360 11187 714
f 714 11187 6361
f 6364 11189 11188
f 6393 6364 11188
f 11190 6339 11111 6368
f 715 11188 11189
f 715 11189 11177
f 6367 11189 6364
f 6367 6158 6366
f 6365 6366 4748
f 6370 6371 6177 11191
f 11111 6159 6368
f 6175 11190 6369
f 6175 6176 11190
f 6370 11190 6371
f 6371 11190 6176
f 6372 6160 6370
f 6162 6161 6372 11191
f 6177 6178 11191
f 6162 11191 6373
f 6373 11191 6178
f 6374 6373 6179 11192
f 11192 6163 6374
f 6376 6375 6181 11193
f 6179 6180 11192
f 6164 11192 6375
f 6375 11192 6180
f 6184 6381 6380 11194
f 6377 11193 6182
f 6182 11193 6181
f 6184 6379 6183
f 6378 6183 717
f 6167 6352 718 11195
f 6184 11194 6379
f 6382 11195 718
f 6382 722 6384 11195
f 6385 6186 11196 6386
f 6167 11195 6168
f 6168 11195 6383
f 6385 6386 719
f 6188 6388 6387 11196
f 6387 6170 6386 11196
f 6188 11196 6187
f 6189 723 6390 11197
f 6398 6194 6195 11201
f 6390 6389 11197
f 6388 11197 6389
f 6392 6391 11198
f 6190 6392 11198
f 6390 11198 721
f 721 11198 6391
f 11188 6391 6393
f 6394 6393 6392
f 6191 11199 6394
f 6394 11199 6393
f 6395 6396 11199
f 6191 6395 11199
f 6367 6396 6158
f 11200 6396 6395
f 6173 1185 11200
f 6396 11200 1186
f 6399 6174 6398
f 6175 6369 6399 11201
f 6195 6196 11201
f 6175 11201 6196
f 6400 6196 6197 11202
f 11202 6176 6400
f 6406 6405 6200 11205
f 6197 6198 11202
f 6177 11202 6198
f 6402 6178 6401
f 724 6430 11203
f 6401 724 11203
f 6401 11203 6402
f 6402 11203 6179
f 725 11204 6403
f 725 6199 11204
f 6181 11204 6405
f 6405 11204 6199
f 6403 11204 6404
f 6404 11204 6181
f 6201 6407 11205
f 6201 6409 6408 11206
f 6201 11205 11221
f 6407 11206 6183
f 6412 6204 11210 11209
f 6201 11206 6407
f 6184 11206 6408
f 6202 11207 6409
f 6381 11208 6185
f 6185 11208 6411
f 6412 11209 722
f 722 11209 6384
f 11210 6413 6186 11209
f 6384 11209 6186
f 6187 6413 6414 11211
f 6414 11210 6206
f 6417 6188 11211 6415
f 6415 11211 6416
f 6416 11211 6414
f 6446 6415 6416
f 6418 6415 6447
f 6418 6447 6207 11212
f 11197 6417 6189
f 6449 726 6420 11212
f 6208 727 6422 11213
f 6420 6419 11212
f 6418 11212 723
f 723 11212 6419
f 11198 6419 6190
f 6424 64 6173 11215
f 6422 6421 11213
f 6420 11213 6421
f 6394 6421 6191
f 6209 11214 6423
f 6423 11214 6422
f 6209 11215 11214
f 11200 11215 6173
f 6424 11215 6209
f 6192 63 10515 6424
f 11219 725 11203 6430
f 11216 6194 6426
f 728 11216 6426
f 728 11231 11216
f 6195 11216 6212
f 6212 11216 11231
f 6428 6196 6427
f 6427 11217 6428
f 6428 11217 6197
f 11218 6198 6429
f 729 6461 11218
f 6429 729 11218
f 6430 11218 6431
f 6431 11218 6461
f 11218 6430 724
f 11219 6430 6431
f 6432 6213 6214 11220
f 730 11234 11219
f 6431 730 11219
f 6432 11219 6213
f 6213 11219 11234
f 6433 6435 6434 11221
f 6433 11220 6215
f 6215 11220 6214
f 6432 11220 6200
f 6200 11220 6433
f 6200 6433 11221
f 6436 6216 6438 6202
f 6201 11221 6434
f 6409 6434 6436
f 6436 6202 6409
f 6437 6410 11207 6202
f 6439 6471 6441 11222
f 6442 6217 6443 11223
f 6441 6440 11222
f 6203 11222 6204
f 6204 11222 6440
f 6205 11223 6206
f 6442 11223 6205
f 6445 6475 11244 11225
f 6475 6444 11224
f 6443 11224 11223
f 11223 11224 6444
f 6444 6446 6416
f 6445 6446 6444
f 6451 6219 6481 11227
f 6446 11225 6447
f 6447 11225 6448
f 6207 6448 6449
f 6451 11226 6219
f 6451 6450 11226
f 6449 11226 726
f 726 11226 6450
f 11213 6450 6208
f 6481 731 6452 11227
f 10516 63 6454 6210
f 6452 727 11227
f 6451 11227 727
f 6423 727 6209
f 6453 6220 11228
f 6453 11228 6452
f 6220 11229 11228
f 6424 11229 6192
f 6455 11229 6220
f 6192 11229 6454
f 6455 6210 6454
f 11230 6457 728 6211
f 11231 8077 1112 6459
f 728 6457 6458
f 6458 11231 728
f 6459 6212 11231
f 11217 6212 6459 11232
f 6459 8081 6460 11232
f 11877 8243 11236 11235
f 11233 11232 6460
f 6460 1111 11233
f 6461 11233 6462
f 11233 6461 729
f 6464 6461 6463
f 6464 6463 6465
f 6466 6465 8087
f 6464 11234 730
f 6213 11234 11235
f 11877 11235 6466
f 6435 6215 6468 11238
f 11235 11236 6214
f 6215 11236 6468
f 6468 6467 11237
f 11884 11237 6467
f 11237 8098 6469 11238
f 8354 8149 6478 11245
f 6469 11239 11238
f 6435 11238 6216
f 6216 11238 11239
f 8106 11239 6469
f 6470 11239 8106
f 11241 11240 6470
f 6438 11240 6471
f 6471 11240 11241
f 6472 11241 8114
f 6471 11242 6441
f 6473 1110 11242
f 6472 6473 11242
f 6441 11242 6217
f 6217 11242 1110
f 11243 1110 6474
f 6474 1109 11243
f 11224 11243 6475
f 6475 11243 1109
f 6475 1109 11244
f 6477 11245 11244
f 6218 11244 11245
f 8354 11245 6477
f 11226 6218 11245 6479
f 1107 6482 6480 11246
f 11245 6478 6479
f 1107 11246 1108
f 1108 11246 6479
f 11249 6210 6455 6485
f 6482 11247 6481
f 6483 6484 11247
f 6481 11247 731
f 731 11247 6484
f 6220 6484 6485
f 6483 11248 6484
f 11249 6485 11248
f 6484 11248 6485
f 6620 4890 10656 6489
f 11996 11250 6486
f 6486 11250 11249
f 1057 4890 11251
f 6620 6489 6490
f 11263 4888 10655 6493
f 1161 4879 11280 11253
f 6495 11252 1160
f 6624 1159 11252
f 6501 6630 6500
f 6499 6500 4881
f 1164 4876 47 11256
f 1161 11253 6499
f 6511 6644 11254
f 1162 11254 6644
f 6658 11255 6519
f 6658 11287 11255
f 1163 11255 6657
f 6657 11255 11287
f 11304 11256 47
f 4871 4869 6563 11259
f 6677 11256 6529
f 1164 11256 6676
f 11314 11257 48
f 6714 11258 11331
f 1165 6797 6577 11260
f 4871 11259 49
f 11251 4890 6620 11261
f 1165 11260 4868
f 4868 11260 6767
f 50 6595 1166
f 6798 1166 6595
f 6797 1166 6798
f 11383 6611 1167
f 6824 1167 6611
f 50 1167 6824
f 11262 57 11251 11261
f 6490 11261 6620
f 6493 4886 6624 11265
f 6622 11262 6487
f 6487 11262 11261
f 6488 11262 6622
f 6493 6621 11263
f 6489 11263 6490
f 6626 11264 6621
f 6621 11264 11263
f 6490 11264 6487
f 6490 11263 11264
f 11264 6623 6487
f 6491 1175 6623
f 6492 1175 6491
f 6622 6623 1175
f 11266 6621 6493 11265
f 11252 11265 6624
f 6497 733 6628 11267
f 6625 11266 6496
f 6496 11266 6632
f 6496 6627 6625
f 6497 11267 6627
f 6491 6623 6626 11267
f 1174 6492 6629 11268
f 6626 6627 11267
f 6628 6629 6491
f 1174 11268 56
f 56 11268 6494
f 6634 6627 6632 11270
f 6501 6495 6630
f 11252 6495 732
f 6503 11269 6502
f 6502 11269 6495
f 732 6495 11269
f 6631 732 11269
f 11269 6633 6631
f 6504 11270 6633
f 11271 737 11272 6494
f 6632 6633 11270
f 11270 6635 6634
f 6505 11271 736
f 736 11271 6635
f 6497 11271 733
f 6497 6635 11271
f 4904 5034 6636 11272
f 11272 6636 6494
f 4904 11272 6498
f 11274 738 11275 6503
f 6637 11273 11253
f 6501 11273 734
f 6506 11274 6637
f 6637 11274 11273
f 734 11273 11274
f 6502 734 11274
f 11274 6503 6502
f 6508 6642 6640 11276
f 11269 6503 735
f 6638 11275 6507
f 6507 11275 6649
f 735 6503 11275
f 6638 735 11275
f 6507 6639 6638
f 6508 11276 739
f 739 11276 6639
f 6505 736 6504 11276
f 6653 740 11278 11277
f 6504 6639 11276
f 6640 6641 6505
f 6509 11277 6642
f 6642 11277 6641
f 6506 6637 6645 11281
f 737 11278 11272
f 6498 11272 11278
f 740 11279 11278
f 6646 11280 6511
f 11253 11280 6645
f 6512 11281 6646
f 6646 11281 6645
f 6506 11281 6661
f 6661 11281 6512
f 6651 739 6649 11283
f 6664 11282 741
f 741 11282 6647
f 6648 11282 6513
f 6513 11282 6664
f 738 11282 6648
f 738 6647 11282
f 6514 11283 742
f 742 11283 6650
f 6652 743 11292 6515
f 6649 6650 11283
f 11283 6652 6651
f 11254 4878 6657 11287
f 6509 6515 6516
f 6508 6515 6642
f 6654 6509 6516
f 6653 6509 6654
f 740 6654 11284
f 11294 11284 6654
f 6517 11284 11294
f 11284 11285 740
f 740 11285 11279
f 6655 11279 11285
f 11285 11286 6655
f 6659 6646 6511 11287
f 6659 11287 6658
f 6512 6659 6660 11288
f 6681 6660 6520
f 6661 6512 11288
f 6663 741 6661 11289
f 6662 11288 6660
f 6662 6521 11289
f 6662 11289 11288
f 6666 742 6664 11290
f 6522 11290 6665
f 6665 11290 6664
f 6667 744 6523 11291
f 743 6514 6667 11291
f 11292 11291 6668
f 6668 11291 6524
f 6671 6656 6517 11294
f 743 11291 11292
f 6669 11292 6668
f 6515 11292 6516
f 6516 11292 6669
f 6669 11293 6670
f 6672 11294 6670
f 6671 11294 6672
f 6520 6519 6678 6680
f 6673 11295 6656
f 6656 11295 11286
f 6675 11295 6673
f 6510 11286 11295
f 6674 6510 11295
f 6676 11296 11255
f 6676 11256 11296
f 6678 11296 6677
f 6677 11296 11256
f 11255 11296 6519
f 6519 11296 6678
f 6679 745 11297 6680
f 6662 6681 6682 11298
f 6520 6680 6681
f 6680 11297 6681
f 6687 6686 6532 11299
f 6662 11298 6521
f 6684 11298 6682
f 6521 11298 6683
f 6684 6531 6683
f 6685 6683 6686
f 6688 6523 744 11299
f 6688 11299 6533
f 6687 11299 744
f 6692 6672 11293 11300
f 6523 6688 6524
f 6534 6690 6689
f 6690 11300 6525
f 6525 11300 11293
f 6692 11300 6691
f 6691 11300 6690
f 6694 6675 6673 11301
f 6693 11301 6526
f 6530 6529 6697 11305
f 6673 6526 11301
f 6695 11302 6675
f 6675 11302 1173
f 11303 11302 6696
f 6696 11302 6695
f 6518 11302 11303
f 6518 1173 11302
f 6527 11303 6696
f 6527 11312 11303
f 1172 11303 6528
f 6528 11303 11312
f 47 11257 11304
f 6697 11304 6539
f 6539 11304 11257
f 6529 11304 6697
f 6684 6703 6704 11307
f 6697 6698 11305
f 6699 11305 6700
f 6700 11305 6698
f 6703 11306 6702
f 6702 11306 6701
f 6535 747 6709 11310
f 6684 11307 6531
f 6545 11308 11307
f 6532 6705 6533
f 6546 6707 6706
f 6706 6707 746
f 6707 11309 746
f 746 11309 6534
f 6708 11309 6707
f 6537 6536 11311 6710
f 11311 11310 6549
f 6549 11310 6709
f 6535 11310 6536
f 6536 11310 11311
f 6710 11311 6551
f 6711 6696 6695 6710
f 6711 6710 6551
f 6712 751 6713 11312
f 6551 6552 6711
f 6712 11312 6527
f 11313 55 6528 11312
f 6739 6718 6716 11315
f 6713 6538 11313
f 1171 11313 6538
f 48 11258 11314
f 11315 11314 6714
f 6714 11314 11258
f 6540 6539 6715 11316
f 6715 11315 11316
f 6717 11316 6716
f 6541 6700 11317 11318
f 6540 11316 6717
f 6718 6555 11317
f 6718 11317 6716
f 11317 6719 6721 11318
f 6720 11318 6721
f 6720 6722 6542 11318
f 6541 11318 6542
f 6543 6542 6722 11319
f 6556 6720 6721
f 6723 6720 6556
f 749 6549 6548 11324
f 6724 11319 6725
f 6725 11319 6723
f 6543 11319 6544
f 6544 11319 6724
f 6557 6724 6725
f 6726 6724 6557
f 6727 11320 6726
f 6545 11320 748
f 6558 11321 752
f 752 11321 6727
f 6728 11321 6729
f 6729 11321 6558
f 748 11321 6728
f 6728 11322 6546
f 6546 11322 6547
f 6547 11322 6730
f 6730 11323 11324
f 750 6551 6550 11325
f 749 11324 6731
f 749 6731 6732
f 6560 6732 753
f 749 11325 6550
f 6733 11325 6732
f 6561 755 6734 11326
f 750 11325 6733
f 6561 11326 754
f 6552 750 11326 11327
f 6734 6735 11327
f 6735 6712 6552 11327
f 6762 756 6736 11328
f 6762 11328 6734
f 6734 11328 6735
f 1170 54 11329 11330
f 6735 11328 751
f 751 11328 6736
f 751 11329 6713
f 11330 11329 6736
f 1170 11330 6764
f 6554 6714 11331 11332
f 49 11259 11331
f 6737 11331 11259
f 6738 11332 6565
f 6565 11332 6564
f 6738 6565 6566 6740
f 6739 6554 6738
f 6567 6741 11333 6740
f 6741 6568 6569 11334
f 6739 6740 6718
f 6740 11333 6718
f 6718 11333 6555
f 6569 757 6743 11334
f 6741 11334 11333
f 6744 6743 757 11335
f 6743 6744 6742
f 6570 11335 757
f 6570 758 6746 11335
f 6573 6785 6755 11338
f 6744 11335 6745
f 6746 6747 6745
f 6748 11336 11347
f 6750 11337 6748
f 6558 11337 6749
f 6751 6571 6572
f 6749 6571 6751
f 6752 6559 6753
f 6573 11338 6753
f 6754 11338 6755
f 6754 753 6752 11338
f 6574 759 6759 11339
f 11343 6737 11259 6767
f 6757 11339 6756
f 6756 11339 6758
f 6575 11340 759
f 759 11340 6759
f 6761 11340 6575
f 6761 6760 11340
f 6759 11340 755
f 755 11340 6760
f 6763 11342 11341
f 6793 6763 11341
f 6762 11341 756
f 756 11341 11342
f 756 11342 11330
f 6766 11342 6763
f 6766 6562 6765
f 6764 6765 5144
f 6769 6770 6580 11344
f 11259 6563 6767
f 6578 11343 6768
f 6578 6579 11343
f 6769 11343 6770
f 6770 11343 6579
f 6771 6564 6769
f 6566 6565 6771 11344
f 6580 6581 11344
f 6566 11344 6772
f 6772 11344 6581
f 6773 6772 6582 11345
f 11345 6567 6773
f 6774 760 6584 11346
f 6582 6583 11345
f 6568 11345 6583
f 6587 6780 6779 11347
f 6775 11346 6776
f 6776 11346 6585
f 6587 6778 6586
f 6777 6586 758
f 6571 6750 6781 11348
f 6587 11347 6778
f 6591 6788 6787 11349
f 6571 11348 6572
f 6572 11348 6783
f 6783 6590 6784
f 6785 6573 6786
f 11364 11349 762
f 762 11349 6786
f 6787 6755 6785 11349
f 6591 11349 11364
f 6592 763 6790 11350
f 11341 6761 11351 6794
f 6790 6789 11350
f 6788 11350 6789
f 6593 11351 6791
f 6791 11351 6790
f 6792 6794 11351
f 6593 6792 11351
f 6798 6595 6596 11354
f 11352 6794 6792
f 11341 6794 6793
f 6795 6796 11352
f 6594 6795 11352
f 6794 11352 6793
f 6793 11352 6796
f 6766 6796 6562
f 11353 6796 6795
f 6576 1168 11353
f 6796 11353 1169
f 6578 6768 6798 11354
f 6596 6597 11354
f 6578 11354 6597
f 6799 6597 6598 11355
f 11355 6579 6799
f 6804 6803 6601 11358
f 6598 6599 11355
f 6580 11355 6599
f 6801 6581 6800
f 764 6828 11356
f 6800 764 11356
f 6800 11356 6801
f 6801 11356 6582
f 765 11357 6802
f 765 6600 11357
f 6584 11357 6803
f 6803 11357 6600
f 6802 11357 760
f 760 11357 6584
f 6806 6808 6807 11359
f 6804 11358 761
f 6805 11359 6586
f 6809 6782 6588 11361
f 6806 11359 6805
f 6587 11359 6807
f 6602 11360 6808
f 11360 11361 6780
f 6780 11361 6588
f 6809 11361 6810
f 6810 11361 11360
f 6811 6604 11363 11362
f 6811 11362 6589
f 6589 11362 6590
f 6816 6591 11364 6814
f 6590 11362 6812
f 6812 11362 11363
f 6813 11363 6606
f 6813 11364 762
f 6814 11364 6815
f 6815 11364 6813
f 6844 6814 6815
f 6817 6814 6845
f 6817 6845 6607 11365
f 11350 6816 6592
f 6847 766 6819 11365
f 6608 767 6821 11366
f 6819 6818 11365
f 6817 11365 763
f 763 11365 6818
f 6791 6818 6593
f 11367 768 6823 11368
f 6821 6820 11366
f 6819 11366 6820
f 11352 6820 6594
f 6609 11367 6822
f 6822 11367 6821
f 11353 11368 6576
f 6823 53 6576 11368
f 11382 52 10666 6823
f 11372 765 11356 6828
f 11369 6595 6824
f 769 11369 6824
f 769 11384 11369
f 6596 11369 6612
f 6612 11369 11384
f 6826 6597 6825
f 6825 11370 6826
f 6826 11370 6598
f 11371 6599 6827
f 770 6857 11371
f 6827 770 11371
f 6828 11371 6829
f 6829 11371 6857
f 11371 6828 764
f 11372 6828 6829
f 6830 6613 6614 11373
f 771 11387 11372
f 6829 771 11372
f 6830 11372 6613
f 6613 11372 11387
f 6831 6833 6832 11374
f 6831 11373 6615
f 6615 11373 6614
f 6830 11373 6601
f 6601 11373 6831
f 6601 6831 11374
f 6832 6806 11358 11374
f 6834 6616 6836 6602
f 6808 6832 6834
f 6834 6602 6808
f 6835 6810 11360 6602
f 6837 6867 6839 11375
f 6840 6617 6841 11376
f 6839 6838 11375
f 6603 11375 6604
f 6604 11375 6838
f 6605 11376 6606
f 6840 11376 6605
f 6843 6871 11396 11378
f 6871 6842 11377
f 6841 11377 11376
f 11376 11377 6842
f 6842 6844 6815
f 6843 6844 6842
f 6849 6619 6877 11380
f 6844 11378 6845
f 6845 11378 6846
f 6607 6846 6847
f 6849 11379 6619
f 6849 6848 11379
f 6847 11379 766
f 766 11379 6848
f 11366 6848 6608
f 6877 772 6850 11380
f 11383 6853 769 6611
f 6850 767 11380
f 6849 11380 767
f 6822 767 6609
f 6851 11381 6880
f 6851 11382 11381
f 6850 11381 768
f 768 11381 11382
f 6823 768 11382
f 6852 11382 6851
f 6851 6610 6852
f 11384 8880 1080 6855
f 769 6853 6854
f 6854 11384 769
f 6855 6612 11384
f 11370 6612 6855 11385
f 6855 8884 6856 11385
f 12171 9051 11389 11388
f 11386 11385 6856
f 6856 1079 11386
f 6857 11386 6858
f 11386 6857 770
f 6860 6857 6859
f 6860 6859 6861
f 6862 6861 8890
f 6860 11387 771
f 6613 11387 11388
f 12171 11388 6862
f 6833 6615 6864 11391
f 11388 11389 6614
f 6615 11389 6864
f 6864 6863 11390
f 12178 11390 6863
f 11390 8900 6866 11391
f 11392 13 1078 11393
f 6866 6865 11391
f 6833 11391 6616
f 6616 11391 6865
f 8908 11392 6866
f 11393 6865 11392
f 9159 8954 6874 11397
f 6836 11393 6867
f 6867 11393 1078
f 6867 11394 6839
f 6869 1077 11394
f 6868 6869 11394
f 6839 11394 6617
f 6617 11394 1077
f 11395 1077 6870
f 6870 1076 11395
f 11377 11395 6871
f 6871 11395 1076
f 6871 1076 11396
f 6873 11397 11396
f 6618 11396 11397
f 9159 11397 6873
f 11379 6618 11397 6875
f 1074 6878 6876 11398
f 11397 6874 6875
f 1074 11398 1075
f 1075 11398 6875
f 11401 6610 6851 6881
f 6878 11399 6877
f 6879 772 11399
f 6877 11399 772
f 11381 772 6880
f 6879 11400 6880
f 11401 6881 11400
f 6880 11400 6881
f 7010 1140 10803 6884
f 12290 11402 6882
f 6882 11402 11401
f 11401 11402 5254
f 7012 5281 10802 6887
f 1143 5272 11431 11405
f 6889 11404 1142
f 7017 1141 11404
f 6895 7022 6894
f 6893 6894 5274
f 5263 5261 6952 11411
f 1143 11405 6893
f 6904 7037 11406
f 1144 11406 7037
f 7051 11407 6913
f 7051 11439 11407
f 1145 11407 7050
f 7050 11407 11439
f 6922 11408 1146
f 1146 11408 35
f 1147 11409 36
f 7109 11410 11484
f 1148 7192 6967 11412
f 5263 11411 38
f 11403 1140 7010 11413
f 1148 11412 5260
f 5260 11412 7160
f 39 6984 1149
f 7193 1149 6984
f 7192 1149 7193
f 11536 7002 1150
f 7218 1150 7002
f 39 1150 7218
f 6884 5281 7012 11414
f 6884 7011 7010
f 7015 1158 7011
f 7011 1158 11413
f 6883 1158 7015
f 7014 7011 11414 11415
f 6887 7013 7012
f 7019 11415 7013
f 7013 11415 11414
f 6887 5279 7017 11416
f 11415 7016 7014
f 6885 1157 7016
f 6886 1157 6885
f 7015 7016 1157
f 11417 7013 6887 11416
f 11404 11416 7017
f 6891 774 6885 11418
f 7018 11417 6890
f 6890 11417 7024
f 6890 7020 7018
f 6891 11418 7020
f 6885 7016 7019 11418
f 1156 6886 7021 11419
f 7019 7020 11418
f 1156 11419 45
f 45 11419 6888
f 7026 7020 7024 11421
f 6895 6889 7022
f 11404 6889 773
f 6897 11420 6896
f 6896 11420 6889
f 773 6889 11420
f 7023 773 11420
f 11420 7025 7023
f 7031 11421 7025
f 11422 778 11423 6888
f 7024 7025 11421
f 11421 7027 7026
f 6898 11422 777
f 777 11422 7027
f 6891 11422 774
f 6891 7027 11422
f 3323 3450 7028 11423
f 11423 7028 6888
f 3323 11423 6892
f 11425 779 11426 6897
f 7029 11424 11405
f 6895 11424 775
f 6899 11425 7029
f 7029 11425 11424
f 775 11424 11425
f 6896 775 11425
f 11425 6897 6896
f 6901 7035 7033 11427
f 11420 6897 776
f 7030 11426 6900
f 6900 11426 7042
f 776 6897 11426
f 7030 776 11426
f 6900 7032 7030
f 6901 11427 780
f 780 11427 7032
f 6898 777 7031 11427
f 7047 781 11429 11428
f 7031 7032 11427
f 7033 7034 6898
f 6902 11428 7035
f 7035 11428 7034
f 6899 7029 7038 11432
f 778 11429 11423
f 6892 11423 11429
f 781 11430 11429
f 7039 11431 6904
f 11405 11431 7038
f 6905 11432 7039
f 7039 11432 7038
f 6899 11432 7054
f 7054 11432 6905
f 7044 780 7042 11434
f 7057 11433 782
f 782 11433 7040
f 7041 11433 6906
f 6906 11433 7057
f 779 11433 7041
f 779 7040 11433
f 6907 11434 783
f 783 11434 7043
f 7045 784 6908 11435
f 7042 7043 11434
f 11434 7045 7044
f 7062 785 7046 11435
f 6902 7035 6901 11435
f 7046 785 6909 11436
f 7046 7047 6902
f 11406 5271 7050 11439
f 6910 11436 11445
f 11436 11437 781
f 781 11437 11430
f 7048 11430 11437
f 11437 11438 7048
f 7052 7039 6904 11439
f 7052 11439 7051
f 6905 7052 7053 11440
f 7071 7053 6914
f 7054 6905 11440
f 7056 782 7054 11441
f 7055 11440 7053
f 7055 6915 11441
f 7055 11441 11440
f 7059 783 7057 11442
f 6916 11442 7058
f 7058 11442 7057
f 7060 786 6917 11443
f 784 6907 7060 11443
f 7064 7049 6910 11445
f 784 11443 7061
f 7061 7062 6908
f 6909 11444 6918
f 7062 11444 785
f 785 11444 6909
f 6918 11445 6909
f 7064 11445 6918
f 6914 6913 7068 7070
f 7065 11446 7049
f 7049 11446 11438
f 7066 11446 7065
f 6903 11438 11446
f 1155 6903 11446
f 6911 11447 7066
f 11446 11447 1155
f 35 11448 11407
f 35 11408 11448
f 7068 11448 7067
f 7067 11448 11408
f 11407 11448 6913
f 6913 11448 7068
f 7069 787 11449 7070
f 7055 7071 7072 11450
f 6914 7070 7071
f 7070 11449 7071
f 7077 7076 6925 11451
f 7055 11450 6915
f 7074 11450 7072
f 6915 11450 7073
f 7074 6924 7073
f 7075 7073 7076
f 7078 6917 786 11451
f 7078 11451 6926
f 7077 11451 786
f 7079 7063 11443 11452
f 6917 7078 11452
f 7079 11452 7080
f 7085 7066 7065 11454
f 7081 11453 7063
f 7063 11453 11444
f 7082 11453 7083
f 7083 11453 7081
f 6918 11453 7082
f 7084 11454 6919
f 7089 7067 11408 11456
f 7065 6919 11454
f 7086 11455 6911
f 6911 11455 11447
f 6912 11455 7087
f 6912 11447 11455
f 11455 6920 7087
f 6922 7088 11456
f 7089 11456 6931
f 6931 11456 7088
f 6923 7067 7089 11457
f 7092 790 7093 11458
f 7089 7090 11457
f 7091 11457 7090
f 7092 11458 787
f 787 11458 11449
f 7074 7094 7095 7096
f 11449 11458 7094
f 7094 11458 7093
f 6929 788 11463 7105
f 7074 7096 6924
f 6935 11459 7096
f 6925 7097 6926
f 7098 6926 7099
f 7098 11460 7100
f 7100 11461 6927
f 7101 11461 7102
f 7104 11462 7103
f 7103 11462 6928
f 7105 11463 6939
f 7106 789 7086 7105
f 7106 7105 6939
f 7107 794 7108 11464
f 6939 6940 7106
f 7107 11464 789
f 789 11464 6920
f 11465 44 6921 11464
f 6932 6931 7110 11468
f 6921 6920 11464
f 7108 6930 11465
f 1154 11465 6930
f 37 11410 11466
f 11467 11466 7109
f 7109 11466 11410
f 7109 6943 11467
f 11468 11467 6943
f 7110 11467 11468
f 7112 11468 7111
f 6944 796 7113 11469
f 6932 11468 7112
f 6944 11469 795
f 795 11469 7111
f 7119 797 7120 11472
f 7111 11469 7112
f 7112 11470 6933
f 7115 11470 7113
f 7113 11470 11469
f 6933 11470 7114
f 7114 11470 7115
f 6945 7115 796
f 7116 7115 6945
f 7117 11471 7118
f 7118 11471 7116
f 6934 11471 7117
f 6946 7117 7118
f 7119 7117 6946
f 7119 11472 791
f 791 11472 6935
f 11460 7099 7121 11474
f 6935 11472 6936
f 6936 11472 11473
f 6947 11473 7120
f 7121 11473 7122
f 7122 11473 6947
f 792 7104 6937 11476
f 7123 11474 7122
f 7123 11475 11476
f 6949 799 7125 11477
f 792 11476 7124
f 6949 11477 798
f 6938 792 11477 11478
f 793 6939 6938 11478
f 7126 11478 7125
f 6950 800 7127 11479
f 793 11478 7126
f 6950 11479 799
f 6940 793 7126 11480
f 7126 11479 11480
f 7127 7128 11480
f 7128 7107 6940 11480
f 7155 801 7129 11481
f 7155 11481 7127
f 7127 11481 7128
f 1153 43 11482 11483
f 7128 11481 794
f 794 11481 7129
f 794 11482 7108
f 11483 11482 7129
f 1153 11483 7157
f 6942 7109 11484 11485
f 38 11411 11484
f 7130 11484 11411
f 7131 11485 6954
f 6954 11485 6953
f 7132 795 6943 7131
f 6942 7131 6943
f 6956 7134 11486 7133
f 6955 7133 6954
f 7134 6957 6958 11487
f 7131 7133 7132
f 7133 11486 7132
f 6958 7138 7136 11487
f 7134 11487 11486
f 6963 7180 7148 11491
f 11486 11487 7135
f 7135 11487 7136
f 7139 11488 7140
f 7140 11488 6959
f 7137 11488 7139
f 7142 11489 6960
f 7141 11489 797
f 7142 11490 7120
f 6947 11490 7143
f 7144 6961 6962
f 7143 6961 7144
f 7145 6948 7146
f 6963 11491 7146
f 7147 11491 7148
f 7147 798 7145 11491
f 6964 804 7152 11492
f 11496 7130 11411 7160
f 7150 11492 7149
f 7149 11492 7151
f 6965 11493 804
f 804 11493 7152
f 7154 11493 6965
f 7154 7153 11493
f 7152 11493 800
f 800 11493 7153
f 7156 11495 11494
f 7188 7156 11494
f 7155 11494 801
f 801 11494 11495
f 801 11495 11483
f 7159 11495 7156
f 7159 6951 7158
f 7157 7158 3562
f 7162 7163 6970 11497
f 11411 6952 7160
f 6968 11496 7161
f 6968 6969 11496
f 7162 11496 7163
f 7163 11496 6969
f 7164 6953 7162
f 6955 6954 7164 11497
f 6970 6971 11497
f 6955 11497 7165
f 7165 11497 6971
f 7166 7165 6972 11498
f 11498 6956 7166
f 7167 805 6974 11499
f 6972 6973 11498
f 6957 11498 6973
f 7170 806 6976 11500
f 7168 11499 7169
f 7169 11499 6975
f 7172 7174 7173 6960
f 7170 11500 802
f 7175 807 7177 11501
f 7172 6960 7171
f 7175 11501 803
f 803 11501 6961
f 6980 7183 7182 11502
f 6961 11501 6962
f 6962 11501 7176
f 7178 6978 7179
f 7176 6978 7178
f 7180 6963 7181
f 6979 11502 7181
f 7182 7148 7180 11502
f 6980 11502 6979
f 6981 808 7185 11503
f 11494 7154 11504 7189
f 7185 7184 11503
f 7183 11503 7184
f 6982 11504 7186
f 7186 11504 7185
f 7187 7189 11504
f 6982 7187 11504
f 7193 6984 6985 11507
f 11505 7189 7187
f 11494 7189 7188
f 7190 7191 11505
f 6983 7190 11505
f 7189 11505 7188
f 7188 11505 7191
f 7159 7191 6951
f 11506 7191 7190
f 6966 1151 11506
f 7191 11506 1152
f 6968 7161 7193 11507
f 6985 6986 11507
f 6968 11507 6986
f 7194 6986 6987 11508
f 11508 6969 7194
f 7197 7196 6990 11510
f 6987 6988 11508
f 6970 11508 6988
f 11509 6971 7195
f 809 6989 11509
f 7195 809 11509
f 6972 11509 7196
f 7196 11509 6989
f 7199 7198 6992 11511
f 6990 6991 11510
f 6974 11510 7198
f 7198 11510 6991
f 7197 11510 805
f 805 11510 6974
f 7200 7202 7201 11512
f 6993 11511 11527
f 7199 11511 806
f 6993 11512 6976
f 7201 7172 11500 11512
f 7200 11512 6993
f 6978 7177 807 11515
f 6994 11513 7202
f 7174 11514 6977
f 6977 11514 7204
f 7205 11515 807
f 7208 7179 7206 11516
f 7207 11515 7205
f 6978 11515 7206
f 7206 11515 11516
f 7235 11516 7207
f 7208 11516 6996
f 6996 11516 7235
f 7238 810 7211 11517
f 6997 11517 6996
f 7210 6980 7209 11517
f 7211 810 6998 11518
f 11503 7210 6981
f 7240 811 7213 11518
f 6999 812 7215 11519
f 7213 7212 11518
f 7211 11518 808
f 808 11518 7212
f 7186 7212 6982
f 11520 813 7217 11521
f 7215 7214 11519
f 7213 11519 7214
f 11505 7214 6983
f 7000 11520 7216
f 7216 11520 7215
f 11506 11521 6966
f 7217 42 6966 11521
f 11535 41 10062 7217
f 7004 7224 6990 11525
f 11522 6984 7218
f 814 11522 7218
f 814 11537 11522
f 6985 11522 7003
f 7003 11522 11537
f 7220 6986 7219
f 7219 11523 7220
f 7220 11523 6987
f 7222 6988 7221
f 815 7250 11524
f 7221 815 11524
f 7221 11524 7222
f 7222 11524 7223
f 7222 7223 809
f 11525 6989 7223
f 816 11540 11525
f 7223 816 11525
f 7224 7004 7005 11526
f 7004 11525 11540
f 7225 7227 7226 11527
f 7225 11526 7006
f 7006 11526 7005
f 7224 11526 6992
f 6992 11526 7225
f 6992 7225 11527
f 7226 7200 6993 11527
f 7228 817 7230 6994
f 7202 7226 7228
f 7228 6994 7202
f 7229 7203 11513 6994
f 7231 7261 7233 11528
f 7234 7007 7236 11529
f 7233 7232 11528
f 6995 11528 7232
f 7207 11529 7235
f 7234 11529 7207
f 6997 6996 7235 11530
f 7236 11530 11529
f 7237 818 11548 11531
f 6997 7237 7238
f 7242 7009 7270 11533
f 7238 11531 810
f 810 11531 7239
f 6998 7239 7240
f 7242 11532 7009
f 7242 7241 11532
f 7240 11532 811
f 811 11532 7241
f 11519 7241 6999
f 7270 819 7243 11533
f 11536 7246 814 7002
f 7243 812 11533
f 7242 11533 812
f 7216 812 7000
f 7244 11534 7273
f 7244 11535 11534
f 7243 11534 813
f 813 11534 11535
f 7217 813 11535
f 7245 11535 7244
f 7244 7001 7245
f 11537 17 1089 7248
f 814 7246 7247
f 7247 11537 814
f 7248 7003 11537
f 11523 7003 7248 11538
f 7248 8789 7249 11538
f 12004 15 11542 11541
f 11539 11538 7249
f 7249 1088 11539
f 7250 11539 7251
f 11539 7250 815
f 7253 7250 7252
f 7253 7252 7254
f 7255 7254 16
f 7253 11540 816
f 7004 11540 11541
f 12004 11541 7255
f 7227 7006 7257 11544
f 11541 11542 7005
f 7006 11542 7257
f 7257 7256 11543
f 12003 11543 7256
f 11543 14 7259 11544
f 8488 8620 7267 11549
f 7227 11544 7258
f 7259 1087 11544
f 7258 1087 817
f 7258 11544 1087
f 1087 11545 817
f 817 11545 7230
f 1086 11545 7260
f 7230 11545 7261
f 7261 11545 1086
f 7261 11546 7233
f 7263 1085 11546
f 7262 7263 11546
f 7233 11546 7007
f 7007 11546 1085
f 11547 1085 7264
f 7264 1084 11547
f 11530 11547 818
f 818 11547 1084
f 818 1084 11548
f 7266 11549 11548
f 7008 11548 11549
f 8488 11549 7266
f 11532 7008 11549 7268
f 1082 7271 7269 11550
f 11549 7267 7268
f 1082 11550 1083
f 1083 11550 7268
f 11553 7001 7244 7274
f 7271 11551 7270
f 7272 819 11551
f 7270 11551 819
f 11534 819 7273
f 7272 11552 7273
f 11553 7274 11552
f 7273 11552 7274
f 11565 8476 1097 7283
f 11997 11554 7275
f 7275 11554 11553
f 11564 11555 8474
f 9286 11555 7276
f 7276 11555 11564
f 7280 7415 7279
f 12024 8648 11582 11557
f 7285 11556 24
f 7419 1096 11556
f 7291 7424 7290
f 7289 7290 8486
f 8756 8549 7356 11560
f 12024 11557 7289
f 7299 7439 11558
f 12031 11558 7439
f 11599 7455 11559
f 8504 11559 7454
f 11616 1094 21
f 7510 1093 11632
f 1091 20 7371 11561
f 8756 11560 7533
f 11564 7415 7280 7416
f 1091 11561 1092
f 1092 11561 7565
f 19 7390 11562
f 7596 11562 7390
f 20 11562 7596
f 11683 7406 11563
f 7623 11563 7406
f 19 11563 7623
f 7283 8480 7419 11567
f 7277 1139 7416
f 7278 1139 7277
f 11564 7416 1139
f 7283 7417 11565
f 7279 11565 7280
f 7421 11566 7417
f 7417 11566 11565
f 7280 11566 7277
f 7280 11565 11566
f 11566 7418 7277
f 7281 1138 7418
f 7282 1138 7281
f 7278 7418 1138
f 11568 7417 7283 11567
f 11556 11567 7419
f 7287 821 7281 11569
f 7420 11568 7286
f 7286 11568 7426
f 7286 7422 7420
f 7287 11569 7422
f 7281 7418 7421 11569
f 1137 7282 7423 11570
f 7421 7422 11569
f 1137 11570 5655
f 5655 11570 7284
f 7428 7422 7426 11572
f 7291 7285 7424
f 11556 7285 820
f 7425 11571 7293
f 7293 11571 7292
f 820 7285 11571
f 7425 820 11571
f 7293 7427 7425
f 7294 11572 7427
f 11573 825 11574 7284
f 7426 7427 11572
f 11572 7429 7428
f 7295 11573 824
f 824 11573 7429
f 7287 11573 821
f 7287 7429 11573
f 5658 5656 7430 11574
f 11574 7430 7284
f 5658 11574 7288
f 7431 7296 7442 11576
f 7431 11575 11557
f 7291 11575 822
f 7297 7437 7435 11578
f 7431 11576 11575
f 822 11575 11576
f 7292 822 11576
f 11576 7432 7292
f 7293 7292 823
f 7446 11577 826
f 826 11577 7432
f 823 7432 11577
f 7433 823 11577
f 11577 7434 7433
f 7297 11578 827
f 827 11578 7434
f 7295 824 7294 11578
f 7450 828 11580 11579
f 7294 7434 11578
f 7435 7436 7295
f 7298 11579 7437
f 7437 11579 7436
f 7296 7431 7440 11583
f 825 11580 11574
f 7288 11574 11580
f 828 11581 11580
f 7441 11582 7299
f 11557 11582 7440
f 7300 11583 7441
f 7441 11583 7440
f 7296 11583 7459
f 7459 11583 7300
f 7444 826 7442 11584
f 7301 11584 829
f 829 11584 7443
f 7444 11584 7445
f 7445 11584 7301
f 7448 827 7446 11585
f 7442 7443 11584
f 7302 11585 7447
f 7449 830 11594 7303
f 7446 7447 11585
f 11585 7449 7448
f 11558 8496 7454 11589
f 7298 7303 7304
f 7297 7303 7437
f 7451 7298 7304
f 7450 7298 7451
f 828 7451 11586
f 11596 11586 7451
f 7305 11586 11596
f 11586 11587 828
f 828 11587 11581
f 7452 11581 11587
f 11587 11588 7452
f 7457 7441 7299 11589
f 7454 7455 11589
f 7457 11589 7456
f 7456 11589 7455
f 7300 7457 7458 11590
f 7476 7458 7308
f 7459 7300 11590
f 7458 831 11591 11590
f 7460 829 7459 11591
f 7460 11591 7461
f 7463 7445 7301 11592
f 7311 11592 7310
f 7310 11592 7462
f 7464 832 7312 11593
f 830 7302 7464 11593
f 11594 11593 7465
f 7465 11593 7313
f 7469 7453 7305 11596
f 830 11593 11594
f 7466 11594 7465
f 7303 11594 7304
f 7304 11594 7466
f 7466 11595 7467
f 7468 11596 7467
f 7469 11596 7468
f 11559 23 1095 11599
f 7470 11597 7453
f 7453 11597 11588
f 7472 11597 7470
f 7471 11588 11597
f 7306 11598 7472
f 1136 11598 7307
f 11597 11598 7471
f 7471 11598 1136
f 7308 7456 7473 7475
f 7473 11599 7319
f 7319 11599 1095
f 7474 834 11600 7475
f 831 7476 7477 11601
f 7308 7475 7476
f 7475 11600 7476
f 7482 7481 7322 11602
f 831 11601 7309
f 7479 11601 7477
f 7309 11601 7478
f 7479 7321 7478
f 7480 7478 7481
f 7483 7312 832 11602
f 7483 11602 7323
f 7482 11602 832
f 7487 833 11595 11603
f 7312 7483 7313
f 7324 7485 7484
f 7485 11603 7314
f 7314 11603 11595
f 7487 11603 7486
f 7486 11603 7485
f 7489 7472 7470 11604
f 7488 11604 833
f 833 11604 7315
f 7320 7319 7492 11608
f 7470 7315 11604
f 7490 11605 7306
f 7306 11605 11598
f 11606 11605 7491
f 7491 11605 7490
f 7307 11605 11606
f 7307 11598 11605
f 7316 11606 7491
f 7316 11614 11606
f 1135 11606 7317
f 7317 11606 11614
f 22 1094 11607
f 7318 22 11607
f 7492 11607 7329
f 7329 11607 1094
f 7319 11607 7492
f 7479 7498 7499 7500
f 7492 7493 11608
f 7494 11608 7495
f 7495 11608 7493
f 7498 11609 7497
f 7497 11609 7496
f 7325 836 7505 11612
f 7479 7500 7321
f 7335 11610 7500
f 7322 7501 7323
f 7337 7503 7502
f 7502 7503 835
f 7503 11611 835
f 835 11611 7324
f 7504 11611 7503
f 7327 7326 11613 7506
f 11613 11612 7340
f 7340 11612 7505
f 7325 11612 7326
f 7326 11612 11613
f 7506 11613 7342
f 7507 7491 7490 7506
f 7507 7506 7342
f 7508 839 7509 11614
f 7342 7343 7507
f 7508 11614 7316
f 11615 5666 7317 11614
f 7330 7329 7511 11618
f 7509 7328 11615
f 1134 11615 7328
f 21 1093 11616
f 11617 11616 7510
f 7510 11616 1093
f 7510 7346 11617
f 11618 11617 7346
f 7511 11617 11618
f 7512 11618 7513
f 7347 841 7514 11619
f 7330 11618 7512
f 7347 11619 840
f 840 11619 7513
f 7331 7495 11619 11620
f 7515 7516 7332 11620
f 7515 11620 7514
f 7514 11620 11619
f 7331 11620 7332
f 7333 7332 7516 11621
f 7348 7515 841
f 7517 7515 7348
f 7518 7520 7334 11621
f 7518 11621 7519
f 7519 11621 7517
f 7333 11621 7334
f 7335 7334 7520 11622
f 7349 7518 7519
f 7521 7518 7349
f 7522 7523 7336 11622
f 7522 11622 7521
f 7335 11622 7336
f 7337 7336 7523 11623
f 837 7340 7339 7526
f 7525 11623 7524
f 7524 11623 7523
f 7337 11623 7338
f 7338 11623 7525
f 7525 11624 7526
f 7353 844 7528 11625
f 837 7526 7527
f 7353 11625 843
f 7341 837 11625 11626
f 838 7342 7341 11626
f 7529 11626 7528
f 7354 845 7530 11627
f 838 11626 7529
f 7354 11627 844
f 7343 838 7529 11628
f 7529 11627 11628
f 7530 7531 11628
f 7531 7508 7343 11628
f 7560 846 7532 11629
f 7560 11629 7530
f 7530 11629 7531
f 1133 5667 11630 11631
f 7531 11629 839
f 839 11629 7532
f 839 11630 7509
f 11631 11630 7532
f 1133 11631 7562
f 7345 7510 11632 11633
f 7533 11560 11632
f 7534 11632 11560
f 7535 11633 7358
f 7358 11633 7357
f 7536 840 7346 7535
f 7345 7535 7346
f 7360 7538 11634 7537
f 7359 7537 7358
f 7538 7361 7362 11635
f 7535 7537 7536
f 7537 11634 7536
f 7362 7542 7540 11635
f 7538 11635 11634
f 7367 7584 7553 11639
f 11634 11635 7539
f 7539 11635 7540
f 7543 11636 7544
f 7544 11636 7363
f 7541 11636 7543
f 7546 11637 7364
f 7545 11637 842
f 7548 11638 7546
f 7350 11638 7351
f 7351 11638 7547
f 7549 7365 7366
f 7547 7365 7549
f 7550 7352 7551
f 7367 11639 7551
f 7552 11639 7553
f 7552 843 7550 11639
f 7368 848 7557 11640
f 7369 849 7559 11641
f 7555 11640 7554
f 7554 11640 7556
f 7369 11641 848
f 848 11641 7557
f 846 7560 7559 11642
f 7559 7558 11641
f 7557 11641 845
f 845 11641 7558
f 7561 11643 11642
f 7592 7561 11642
f 11644 7534 11560 7565
f 846 11642 11643
f 846 11643 11631
f 7564 11643 7561
f 7564 7355 7563
f 7562 7563 5670
f 7567 7568 7374 11645
f 11560 7356 7565
f 7372 11644 7566
f 7372 7373 11644
f 7567 11644 7568
f 7568 11644 7373
f 7569 7357 7567
f 7359 7358 7569 11645
f 7374 7375 11645
f 7359 11645 7570
f 7570 11645 7375
f 7571 7570 7376 11646
f 11646 7360 7571
f 7572 850 7378 11647
f 7376 7377 11646
f 7361 11646 7377
f 7381 7578 7577 7364
f 7573 11647 7574
f 7574 11647 7379
f 7381 7576 7380
f 7575 7380 847
f 7365 7548 7579 11648
f 7381 7364 7576
f 7385 7587 7586 11649
f 7365 11648 7366
f 7366 11648 7581
f 7582 7384 7583
f 7581 7384 7582
f 7584 7367 7585
f 7586 7553 7584 11649
f 7385 11649 11664
f 7386 852 7589 11650
f 7596 7390 7391 11654
f 7589 7588 11650
f 7587 11650 7588
f 7591 7590 11651
f 7387 7591 11651
f 7589 11651 849
f 849 11651 7590
f 11642 7590 7592
f 7593 7592 7591
f 7388 11652 7593
f 7593 11652 7592
f 7594 7595 11652
f 7388 7594 11652
f 7564 7595 7355
f 11653 7595 7594
f 7370 1131 11653
f 7595 11653 1132
f 7372 7566 7596 11654
f 7391 7392 11654
f 7372 11654 7392
f 7597 7392 7393 11655
f 11655 7373 7597
f 7602 7601 7396 11658
f 7393 7394 11655
f 7374 11655 7394
f 7599 7375 7598
f 853 7627 11656
f 7598 853 11656
f 7598 11656 7599
f 7599 11656 7376
f 854 11657 7600
f 854 7395 11657
f 7378 11657 7601
f 7601 11657 7395
f 7600 11657 850
f 850 11657 7378
f 7604 7606 7605 11659
f 7602 11658 851
f 7603 11659 7380
f 7607 7580 7382 11661
f 7604 11659 7603
f 7381 11659 7605
f 7397 11660 7606
f 11660 11661 7578
f 7578 11661 7382
f 7607 11661 7608
f 7608 11661 11660
f 7609 7399 11663 11662
f 7609 11662 7383
f 7383 11662 7384
f 7611 7583 7610 11663
f 7384 11662 7610
f 7610 11662 11663
f 7611 11663 7612
f 7612 11663 7401
f 7615 7385 11664 7613
f 7613 11664 7614
f 7643 7613 7614
f 7616 7613 7644
f 7616 7644 7402 11665
f 11650 7615 7386
f 7646 855 7618 11665
f 7403 856 7620 11666
f 7618 7617 11665
f 7616 11665 852
f 852 11665 7617
f 11651 7617 7387
f 11667 857 7622 11668
f 7620 7619 11666
f 7618 11666 7619
f 7593 7619 7388
f 7404 11667 7621
f 7621 11667 7620
f 11653 11668 7370
f 7622 5675 7370 11668
f 7389 5676 10950 7622
f 11672 854 11656 7627
f 11669 7390 7623
f 858 11669 7623
f 858 11684 11669
f 7391 11669 7407
f 7407 11669 11684
f 7625 7392 7624
f 7624 11670 7625
f 7625 11670 7393
f 11671 7394 7626
f 859 7655 11671
f 7626 859 11671
f 7627 11671 7628
f 7628 11671 7655
f 11671 7627 853
f 11672 7627 7628
f 7629 7408 7409 11673
f 860 11687 11672
f 7628 860 11672
f 7629 11672 7408
f 7408 11672 11687
f 7630 7632 7631 11674
f 7630 11673 7410
f 7410 11673 7409
f 7629 11673 7396
f 7396 11673 7630
f 7396 7630 11674
f 7631 7604 11658 11674
f 7633 7411 7635 7397
f 7606 7631 7633
f 7633 7397 7606
f 7634 7608 11660 7397
f 7636 7665 7638 11675
f 7639 7412 7640 11676
f 7638 7637 11675
f 7398 11675 7399
f 7399 11675 7637
f 7400 11676 7401
f 7639 11676 7400
f 7614 7612 7641 7643
f 7669 7641 11677
f 7640 11677 11676
f 11676 11677 7641
f 7642 7669 11696 11678
f 7642 7643 7641
f 7648 7414 7675 11680
f 7643 11678 7644
f 7644 11678 7645
f 7402 7645 7646
f 7648 11679 7414
f 7648 7647 11679
f 7646 11679 855
f 855 11679 7647
f 11666 7647 7403
f 7675 861 7649 11680
f 7678 862 11682 11681
f 7649 856 11680
f 7648 11680 856
f 7621 856 7404
f 11683 7651 858 7406
f 7649 11681 857
f 857 11681 11682
f 7622 857 7389
f 7389 11682 1130
f 7679 1130 7405
f 11684 33 1120 7653
f 858 7651 7652
f 7652 11684 858
f 7653 7407 11684
f 11670 7407 7653 11685
f 7653 7995 7654 11685
f 11709 31 11689 11688
f 11686 11685 7654
f 7654 1119 11686
f 7655 11686 7656
f 11686 7655 859
f 7658 7655 7657
f 7658 7657 7659
f 7660 7659 32
f 7658 11687 860
f 7408 11687 11688
f 11709 11688 7660
f 7632 7410 7662 11691
f 11688 11689 7409
f 7410 11689 7662
f 7662 7661 11690
f 11708 11690 7661
f 11690 30 7663 11691
f 7695 7828 7672 11697
f 7663 11692 11691
f 7632 11691 7411
f 7411 11691 11692
f 7873 11692 7663
f 7664 11692 7873
f 1118 11693 7664
f 7635 11693 7665
f 7665 11693 1118
f 7665 11694 7638
f 7667 1117 11694
f 7666 7667 11694
f 7638 11694 7412
f 7412 11694 1117
f 11695 1117 7668
f 7668 1116 11695
f 11677 11695 7669
f 7669 11695 1116
f 7669 1116 11696
f 7671 11697 11696
f 7413 11696 11697
f 7695 11697 7671
f 11679 7413 11697 7673
f 1114 7676 7674 11698
f 11697 7672 7673
f 1114 11698 1115
f 1115 11698 7673
f 10952 5679 7679 11702
f 7676 11699 7675
f 7677 861 11699
f 7675 11699 861
f 11681 861 7678
f 7677 11700 7678
f 11701 862 11700
f 7678 11700 862
f 7405 862 11701
f 7405 11701 7679
f 11703 11702 7680
f 7680 11702 11701
f 1051 10952 11702
f 11701 11702 7679
f 11713 7677 11699 7688
f 9285 11703 7681
f 7681 11703 11712
f 7685 7819 7684
f 1116 7668 11730 11705
f 7690 11704 1115
f 7823 1114 11704
f 7696 7828 7695
f 7694 7695 7671
f 7659 7657 7760 11710
f 1116 11705 7694
f 7706 7842 11706
f 1117 11706 7842
f 11746 7857 11707
f 1118 11707 7856
f 11763 11708 31
f 7914 11709 11779
f 1119 7995 7775 11711
f 7659 11710 32
f 11712 7819 7685 7820
f 1119 11711 7656
f 7656 11711 7965
f 33 7793 1120
f 7996 1120 7793
f 7995 1120 7996
f 11830 7810 1121
f 8020 1121 7810
f 33 1121 8020
f 7688 7676 7823 11715
f 7682 1129 7820
f 7683 1129 7682
f 11712 7820 1129
f 7688 7821 11713
f 7684 11713 7685
f 7825 11714 7821
f 7821 11714 11713
f 7685 11714 7682
f 7685 11713 11714
f 11714 7822 7682
f 7686 1128 7822
f 7687 1128 7686
f 7683 7822 1128
f 11716 7821 7688 11715
f 11704 11715 7823
f 7692 864 7686 11717
f 7824 11716 7691
f 7691 11716 7830
f 7691 7826 7824
f 7692 11717 7826
f 7686 7822 7825 11717
f 1127 7687 7827 11718
f 7825 7826 11717
f 1127 11718 6059
f 6059 11718 7689
f 7832 7826 7830 11720
f 7696 7690 7828
f 11704 7690 863
f 7698 11719 7697
f 7697 11719 7690
f 863 7690 11719
f 7829 863 11719
f 11719 7831 7829
f 7699 11720 7831
f 11721 868 11722 7689
f 7830 7831 11720
f 11720 7833 7832
f 7700 11721 867
f 867 11721 7833
f 7692 11721 864
f 7692 7833 11721
f 6062 6060 7834 11722
f 11722 7834 7689
f 6062 11722 7693
f 11724 869 11725 7698
f 7835 11723 11705
f 7696 11723 865
f 7701 11724 7835
f 7835 11724 11723
f 865 11723 11724
f 7697 865 11724
f 11724 7698 7697
f 7703 7840 7838 11726
f 11719 7698 866
f 7836 11725 7702
f 7702 11725 7848
f 866 7698 11725
f 7836 866 11725
f 7702 7837 7836
f 7703 11726 870
f 870 11726 7837
f 7700 867 7699 11726
f 7853 871 11728 11727
f 7699 7837 11726
f 7838 7839 7700
f 7704 11727 7840
f 7840 11727 7839
f 7701 7835 7843 11731
f 868 11728 11722
f 7693 11722 11728
f 871 11729 11728
f 7844 11730 7706
f 11705 11730 7843
f 7707 11731 7844
f 7844 11731 7843
f 7701 11731 7861
f 7861 11731 7707
f 7850 870 7848 11733
f 7708 11732 872
f 872 11732 7845
f 7846 11732 7847
f 7847 11732 7708
f 869 11732 7846
f 869 7845 11732
f 7709 11733 7849
f 7851 873 11742 7710
f 7848 7849 11733
f 11733 7851 7850
f 7704 7840 7703 7710
f 7852 7710 874
f 7852 874 7711 11734
f 7852 7853 7704
f 11706 7667 7856 11737
f 7712 11734 11744
f 11734 11735 871
f 871 11735 11729
f 7854 11729 11735
f 11735 11736 7854
f 7859 7844 7706 11737
f 7856 7857 11737
f 7859 11737 7858
f 7858 11737 7857
f 7707 7859 7860 11738
f 7877 7860 7714
f 7861 7707 11738
f 7860 875 11739 11738
f 7862 872 7861 11739
f 7862 11739 7863
f 7865 7847 7708 11740
f 7717 11740 7716
f 7716 11740 7864
f 7866 876 7718 11741
f 873 7709 7866 11741
f 11742 11741 7719
f 7719 11741 7718
f 7869 7855 7712 11744
f 873 11741 11742
f 7710 11742 874
f 874 11742 7867
f 874 7867 11743
f 874 11743 7711
f 7868 11744 7711
f 7869 11744 7868
f 11707 7664 7873 11746
f 7870 11745 7855
f 7855 11745 11736
f 7872 11745 7870
f 7705 11736 11745
f 7871 7705 11745
f 7714 7858 7874 7876
f 7874 11746 7724
f 7724 11746 7873
f 7875 879 11747 7876
f 875 7877 7878 11748
f 7714 7876 7877
f 7876 11747 7877
f 11743 877 7886 11750
f 875 11748 7715
f 7880 11748 7878
f 7715 11748 7879
f 7880 7726 7879
f 7881 7879 7882
f 7728 11749 7727
f 7727 11749 7883
f 7884 11749 7728
f 7729 7887 7885
f 7885 7887 7886
f 7887 11750 7886
f 7887 7730 7889 11750
f 7888 11750 7889
f 7888 878 11743 11750
f 7891 7872 7870 11751
f 7890 11751 878
f 878 11751 7720
f 11753 6067 7713 11752
f 7870 7720 11751
f 7892 11752 7872
f 7872 11752 7713
f 11753 11752 7893
f 7893 11752 7892
f 7725 7724 7894 11755
f 7721 11753 7893
f 7721 11761 11753
f 1126 11753 7722
f 7722 11753 11761
f 30 11708 11754
f 7723 30 11754
f 7894 11754 7734
f 7734 11754 11708
f 7724 11754 7894
f 7880 7900 7901 7902
f 7894 7895 11755
f 7896 11755 7897
f 7897 11755 7895
f 7900 11756 7899
f 7899 11756 7898
f 7905 7743 7907 11758
f 7880 7902 7726
f 7740 11757 7902
f 7903 11757 7741
f 7742 7905 7904
f 7904 7905 880
f 7905 11758 880
f 880 11758 7729
f 7906 11758 7907
f 7906 7889 7730 11758
f 7732 881 11760 7910
f 7909 11759 7908
f 7908 11759 7731
f 7910 11760 7746
f 7911 7893 7892 7910
f 7911 7910 7746
f 7912 884 7913 11761
f 7746 7747 7911
f 7912 11761 7721
f 11762 6069 7722 11761
f 7735 7734 7915 11765
f 7913 7733 11762
f 1125 11762 7733
f 31 11709 11763
f 11764 11763 7914
f 7914 11763 11709
f 7914 7750 11764
f 11765 11764 7750
f 7915 11764 11765
f 7916 11765 7917
f 7751 886 7918 11766
f 7735 11765 7916
f 7751 11766 885
f 885 11766 7917
f 7736 7897 11766 11767
f 7919 7920 7737 11767
f 7919 11767 7918
f 7918 11767 11766
f 7736 11767 7737
f 7738 7737 7920 11768
f 7752 7919 886
f 7921 7919 7752
f 7742 7741 11770 11771
f 7922 11768 7923
f 7923 11768 7921
f 7738 11768 7739
f 7739 11768 7922
f 7753 7922 7923
f 7924 7922 7753
f 7925 11769 7924
f 7740 11769 7741
f 7754 11770 7925
f 882 7909 7744 7928
f 7927 11771 7926
f 7926 11771 11770
f 7742 11771 7743
f 7743 11771 7927
f 7927 11772 7928
f 883 7746 7745 11773
f 882 7928 7929
f 882 7929 7930
f 7757 7930 888
f 882 11773 7745
f 7931 11773 7930
f 7758 890 7932 11774
f 883 11773 7931
f 7758 11774 889
f 7747 883 11774 11775
f 7932 7933 11775
f 7933 7912 7747 11775
f 7960 891 7934 11776
f 7960 11776 7932
f 7932 11776 7933
f 1124 6070 11777 11778
f 7933 11776 884
f 884 11776 7934
f 884 11777 7913
f 11778 11777 7934
f 1124 11778 7962
f 7749 7914 11779 11780
f 32 11710 11779
f 7935 11779 11710
f 7936 11780 7762
f 7762 11780 7761
f 7937 885 7750 7936
f 7749 7936 7750
f 7764 7939 11781 7938
f 7763 7938 7762
f 7939 7765 7766 11782
f 7936 7938 7937
f 7938 11781 7937
f 7766 892 7941 11782
f 7939 11782 11781
f 7942 7941 892 11783
f 7941 7942 7940
f 7767 11783 892
f 7767 893 7944 11783
f 7946 894 7948 11785
f 7942 11783 7943
f 7944 7945 7943
f 7946 11784 7768
f 7946 11785 887
f 887 11785 7754
f 7771 7983 7953 11786
f 7754 11785 7755
f 7755 11785 7947
f 7949 7769 7770
f 7947 7769 7949
f 7950 7756 7951
f 7771 11786 7951
f 7952 11786 7953
f 7952 888 7950 11786
f 7772 895 7957 11787
f 7773 896 7959 11788
f 7955 11787 7954
f 7954 11787 7956
f 7773 11788 895
f 895 11788 7957
f 891 7960 7959 11789
f 7959 7958 11788
f 7957 11788 890
f 890 11788 7958
f 7961 11790 11789
f 7991 7961 11789
f 11791 7935 11710 7965
f 891 11789 11790
f 891 11790 11778
f 7964 11790 7961
f 7964 7759 7963
f 7962 7963 6073
f 7967 7968 7778 11792
f 11710 7760 7965
f 7776 11791 7966
f 7776 7777 11791
f 7967 11791 7968
f 7968 11791 7777
f 7969 7761 7967
f 7763 7762 7969 11792
f 7778 7779 11792
f 7763 11792 7970
f 7970 11792 7779
f 7971 7970 7780 11793
f 11793 7764 7971
f 7972 897 7782 11794
f 7780 7781 11793
f 7765 11793 7781
f 7785 7978 7977 7768
f 7973 11794 7974
f 7974 11794 7783
f 7785 7976 7784
f 7975 7784 893
f 7769 7948 894 11795
f 7785 7768 7976
f 7979 11795 894
f 7979 899 7981 11795
f 7789 7986 7985 11796
f 7769 11795 7770
f 7770 11795 7980
f 7982 7787 7788
f 7980 7787 7982
f 7983 7771 7984
f 7985 7953 7983 11796
f 7789 11796 11811
f 7790 901 7988 11797
f 7996 7793 7794 11801
f 7988 7987 11797
f 7986 11797 7987
f 7990 7989 11798
f 7791 7990 11798
f 7988 11798 896
f 896 11798 7989
f 11789 7989 7991
f 7992 7991 7990
f 7792 11799 7992
f 7992 11799 7991
f 7993 7994 11799
f 7792 7993 11799
f 7964 7994 7759
f 11800 7994 7993
f 7774 1122 11800
f 7994 11800 1123
f 7776 7966 7996 11801
f 7794 7795 11801
f 7776 11801 7795
f 7997 7795 7796 11802
f 11802 7777 7997
f 8002 8001 7799 11805
f 7796 7797 11802
f 7778 11802 7797
f 7999 7779 7998
f 902 8024 11803
f 7998 902 11803
f 7998 11803 7999
f 7999 11803 7780
f 903 11804 8000
f 903 7798 11804
f 7782 11804 8001
f 8001 11804 7798
f 8000 11804 897
f 897 11804 7782
f 8004 8006 8005 11806
f 8002 11805 898
f 8003 11806 7784
f 7787 7981 899 11809
f 8004 11806 8003
f 7785 11806 8005
f 7800 11807 8006
f 7978 11808 7786
f 7786 11808 8008
f 8009 11809 899
f 8009 7802 11810 11809
f 11810 900 7788 11809
f 7787 11809 7788
f 8040 904 8013 8011
f 7804 8010 11810
f 7804 11810 8037
f 8011 11811 7804
f 7804 11811 8010
f 7805 8011 7804
f 8012 7789 11811 8011
f 8013 904 7806 11812
f 11797 8012 7790
f 8042 905 8015 11812
f 7807 906 8017 11813
f 8015 8014 11812
f 8013 11812 901
f 901 11812 8014
f 11798 8014 7791
f 11814 907 8019 11815
f 8017 8016 11813
f 8015 11813 8016
f 7992 8016 7792
f 7808 11814 8018
f 8018 11814 8017
f 11800 11815 7774
f 8019 6078 7774 11815
f 11829 6079 11101 8019
f 11819 903 11803 8024
f 11816 7793 8020
f 908 11816 8020
f 908 11831 11816
f 7794 11816 7811
f 7811 11816 11831
f 8022 7795 8021
f 8021 11817 8022
f 8022 11817 7796
f 11818 7797 8023
f 909 8052 11818
f 8023 909 11818
f 8024 11818 8025
f 8025 11818 8052
f 11818 8024 902
f 11819 8024 8025
f 8026 7812 7813 11820
f 910 11834 11819
f 8025 910 11819
f 8026 11819 7812
f 7812 11819 11834
f 8027 8029 8028 11821
f 8027 11820 7814
f 7814 11820 7813
f 8026 11820 7799
f 7799 11820 8027
f 7799 8027 11821
f 8028 8004 11805 11821
f 8030 7815 8032 7800
f 8006 8028 8030
f 8030 7800 8006
f 8031 8007 11807 7800
f 8033 911 8035 11822
f 8036 7816 8038 11823
f 8035 8034 11822
f 7801 11822 7802
f 7802 11822 8034
f 7803 11823 8037
f 8036 11823 7803
f 7805 7804 8037 11824
f 8038 11824 11823
f 8039 912 11844 11825
f 7805 8039 8040
f 8044 7818 8070 11827
f 8040 11825 904
f 904 11825 8041
f 7806 8041 8042
f 8044 11826 7818
f 8044 8043 11826
f 8042 11826 905
f 905 11826 8043
f 11813 8043 7807
f 8070 913 8045 11827
f 11830 8048 908 7810
f 8045 906 11827
f 8044 11827 906
f 8018 906 7808
f 8046 11828 8073
f 8046 11829 11828
f 8045 11828 907
f 907 11828 11829
f 8019 907 11829
f 8047 11829 8046
f 8046 7809 8047
f 11831 28 1105 8050
f 908 8048 8049
f 8049 11831 908
f 8050 7811 11831
f 11817 7811 8050 11832
f 8050 8388 8051 11832
f 11857 26 11836 11835
f 11833 11832 8051
f 8051 1104 11833
f 8052 11833 8053
f 11833 8052 909
f 8055 8052 8054
f 8055 8054 8056
f 8057 8056 27
f 8055 11834 910
f 7812 11834 11835
f 11857 11835 8057
f 8029 7814 8059 11838
f 11835 11836 7813
f 7814 11836 8059
f 8059 8058 11837
f 11856 11837 8058
f 11837 25 8060 11838
f 8089 8217 8067 11845
f 8060 11839 11838
f 8029 11838 7815
f 7815 11838 11839
f 8263 11839 8060
f 8061 11839 8263
f 11841 11840 8061
f 8032 11840 8062
f 8062 11840 11841
f 11842 11841 1103
f 8062 11841 911
f 911 11842 8035
f 8063 1102 11842
f 1103 8063 11842
f 8035 11842 7816
f 7816 11842 1102
f 11843 1102 8064
f 8064 1101 11843
f 11824 11843 912
f 912 11843 1101
f 912 1101 11844
f 8066 11845 11844
f 7817 11844 11845
f 8089 11845 8066
f 11826 7817 11845 8068
f 1099 8071 8069 11846
f 11845 8067 8068
f 1099 11846 1100
f 1100 11846 8068
f 11849 7809 8046 8074
f 8071 11847 8070
f 8072 913 11847
f 8070 11847 913
f 11828 913 8073
f 8072 11848 8073
f 11849 8074 11848
f 8073 11848 8074
f 11861 8072 11847 8082
f 11851 11850 8075
f 8075 11850 11849
f 9284 11851 6456
f 6456 11851 11860
f 3 11851 9284
f 8079 8208 8078
f 1101 8064 11878 11853
f 8084 11852 1100
f 8212 1099 11852
f 8090 8217 8089
f 8088 8089 8066
f 8056 8054 8150 11858
f 1101 11853 8088
f 8099 8232 11854
f 1102 11854 8232
f 11894 8246 11855
f 1103 11855 8245
f 11910 11856 26
f 8302 11857 11925
f 1104 8388 8165 11859
f 8056 11858 27
f 11860 8208 8079 8209
f 1104 11859 8053
f 8053 11859 8356
f 28 8182 1105
f 8389 1105 8182
f 8388 1105 8389
f 11977 8199 1106
f 8415 1106 8199
f 28 1106 8415
f 8082 8071 8212 11863
f 8076 1113 8209
f 8077 1113 8076
f 11860 8209 1113
f 8082 8210 11861
f 8078 11861 8079
f 8214 11862 8210
f 8210 11862 11861
f 8079 11862 8076
f 8079 11861 11862
f 11862 8211 8076
f 8080 1112 8211
f 8081 1112 8080
f 8077 8211 1112
f 11864 8210 8082 11863
f 11852 11863 8212
f 8086 915 8080 11865
f 8213 11864 8085
f 8085 11864 8219
f 8085 8215 8213
f 8086 11865 8215
f 8080 8211 8214 11865
f 1111 8081 8216 11866
f 8214 8215 11865
f 1111 11866 6462
f 6462 11866 8083
f 8221 8215 8219 11868
f 8090 8084 8217
f 11852 8084 914
f 8092 11867 8091
f 8091 11867 8084
f 914 8084 11867
f 8218 914 11867
f 11867 8220 8218
f 8226 11868 8220
f 11869 919 11870 8083
f 8219 8220 11868
f 11868 8222 8221
f 8093 11869 918
f 918 11869 8222
f 8086 11869 915
f 8086 8222 11869
f 6465 6463 8223 11870
f 11870 8223 8083
f 6465 11870 8087
f 11872 920 11873 8092
f 8224 11871 11853
f 8090 11871 916
f 8094 11872 8224
f 8224 11872 11871
f 916 11871 11872
f 8091 916 11872
f 11872 8092 8091
f 8096 8230 8228 11874
f 11867 8092 917
f 8225 11873 8095
f 8095 11873 8237
f 917 8092 11873
f 8225 917 11873
f 8095 8227 8225
f 8096 11874 921
f 921 11874 8227
f 8093 918 8226 11874
f 8242 922 11876 11875
f 8226 8227 11874
f 8228 8229 8093
f 8097 11875 8230
f 8230 11875 8229
f 8094 8224 8233 11879
f 919 11876 11870
f 8087 11870 11876
f 922 11877 11876
f 8234 11878 8099
f 11853 11878 8233
f 8100 11879 8234
f 8234 11879 8233
f 8094 11879 8250
f 8250 11879 8100
f 8239 921 8237 11881
f 8253 11880 923
f 923 11880 8235
f 8236 11880 8101
f 8101 11880 8253
f 920 11880 8236
f 920 8235 11880
f 8102 11881 924
f 924 11881 8238
f 8240 925 11890 8103
f 8237 8238 11881
f 11881 8240 8239
f 8097 8230 8096 8103
f 8241 8103 926
f 8241 926 8104 11882
f 8241 8242 8097
f 11854 8063 8245 11885
f 8105 11882 11892
f 11882 11883 922
f 922 11883 11877
f 8243 11877 11883
f 11883 11884 8243
f 8248 8234 8099 11885
f 8245 8246 11885
f 8248 11885 8247
f 8247 11885 8246
f 8100 8248 8249 11886
f 8267 8249 8107
f 8250 8100 11886
f 8252 923 8250 11887
f 8251 11886 8249
f 8251 8108 11887
f 8251 11887 11886
f 8255 924 8253 11888
f 8109 11888 8254
f 8254 11888 8253
f 8256 927 8110 11889
f 925 8102 8256 11889
f 8259 8244 8105 11892
f 925 11889 11890
f 8103 11890 926
f 926 11890 8257
f 926 8257 11891
f 926 11891 8104
f 8258 11892 8104
f 8259 11892 8258
f 11855 8061 8263 11894
f 8260 11893 8244
f 8244 11893 11884
f 8262 11893 8260
f 8098 11884 11893
f 8261 8098 11893
f 8107 8247 8264 8266
f 8264 11894 8116
f 8116 11894 8263
f 8265 930 11895 8266
f 8251 8267 8268 11896
f 8107 8266 8267
f 8266 11895 8267
f 8273 8272 8119 11897
f 8251 11896 8108
f 8270 11896 8268
f 8108 11896 8269
f 8270 8118 8269
f 8271 8269 8272
f 8274 8110 927 11897
f 8274 11897 8120
f 8273 11897 927
f 11891 928 8276 11898
f 8110 8274 8111
f 8121 8277 8275
f 8275 8277 8276
f 8277 11898 8276
f 8279 929 11891 11898
f 8279 11898 8278
f 8278 11898 8277
f 8281 8262 8260 11899
f 8280 11899 929
f 929 11899 8112
f 8283 6470 8106 11900
f 8260 8112 11899
f 8282 11900 8262
f 8262 11900 8106
f 8117 8116 8284 11902
f 11900 8113 8283
f 25 11856 11901
f 8115 25 11901
f 8284 11901 8126
f 8126 11901 11856
f 8116 11901 8284
f 8288 934 8289 11903
f 8284 8285 11902
f 8286 11902 8287
f 8287 11902 8285
f 8288 11903 930
f 930 11903 11895
f 8270 8290 8291 8292
f 11895 11903 8290
f 8290 11903 8289
f 8122 932 8297 11906
f 8270 8292 8118
f 8130 11904 8292
f 8119 8293 8120
f 8132 8295 8294
f 8294 8295 931
f 8295 11905 931
f 931 11905 8121
f 8296 11905 8295
f 8124 8123 11907 8298
f 11907 11906 8135
f 8135 11906 8297
f 8122 11906 8123
f 8123 11906 11907
f 8298 11907 8137
f 8299 933 8282 8298
f 8299 8298 8137
f 8300 938 8301 11908
f 8137 8138 8299
f 8300 11908 933
f 933 11908 8113
f 11909 6473 8114 11908
f 8127 8126 8303 11912
f 8114 8113 11908
f 8301 8125 11909
f 1110 11909 8125
f 26 11857 11910
f 11911 11910 8302
f 8302 11910 11857
f 8302 8141 11911
f 11912 11911 8141
f 8303 11911 11912
f 8304 11912 8305
f 8142 940 8306 11913
f 8127 11912 8304
f 8142 11913 939
f 939 11913 8305
f 8128 8287 11913 11914
f 8312 941 8314 11916
f 8308 11914 8306
f 8306 11914 11913
f 8128 11914 8307
f 8307 11914 8308
f 8143 8308 940
f 8309 8308 8143
f 8310 11915 8311
f 8311 11915 8309
f 8129 11915 8310
f 8144 8310 8311
f 8312 8310 8144
f 8312 11916 935
f 935 11916 8130
f 8313 8315 8131 11916
f 8130 11916 8131
f 8132 8131 8315 11917
f 8145 8315 8313
f 8315 8145 8317 11917
f 8316 11917 8317
f 936 8135 8134 8318
f 8132 11917 8133
f 8133 11917 8316
f 8316 11918 8318
f 937 8137 8136 11919
f 936 8318 8319
f 936 8319 8320
f 8147 8320 942
f 936 11919 8136
f 8321 11919 8320
f 8148 944 8322 11920
f 937 11919 8321
f 8148 11920 943
f 8138 937 11920 11921
f 8322 8323 11921
f 8323 8300 8138 11921
f 8351 945 8324 11922
f 8351 11922 8322
f 8322 11922 8323
f 1109 6474 11923 11924
f 8323 11922 938
f 938 11922 8324
f 938 11923 8301
f 11924 11923 8324
f 1109 11924 8353
f 8140 8302 11925 11926
f 27 11858 11925
f 8325 11925 11858
f 8326 11926 8152
f 8152 11926 8151
f 8327 939 8141 8326
f 8140 8326 8141
f 8154 8329 11927 8328
f 8153 8328 8152
f 8329 8155 8156 11928
f 8326 8328 8327
f 8328 11927 8327
f 8156 8333 8331 11928
f 8329 11928 11927
f 8338 8317 8145 11931
f 11927 11928 8330
f 8330 11928 8331
f 8334 11929 8335
f 8335 11929 8157
f 8332 11929 8334
f 8337 11930 8158
f 8336 11930 941
f 8337 11931 8314
f 8314 11931 8313
f 8338 11931 8339
f 8339 11931 8337
f 8161 8376 8344 11932
f 8340 8159 8160
f 8338 8159 8340
f 8341 8146 8342
f 8161 11932 8342
f 8343 11932 8344
f 8343 942 8341 11932
f 8162 947 8348 11933
f 11937 8325 11858 8356
f 8346 11933 8345
f 8345 11933 8347
f 8163 11934 947
f 947 11934 8348
f 8350 11934 8163
f 8350 8349 11934
f 8348 11934 944
f 944 11934 8349
f 8352 11936 11935
f 8384 8352 11935
f 8351 11935 945
f 945 11935 11936
f 945 11936 11924
f 8355 11936 8352
f 8355 8149 8354
f 8353 8354 6477
f 8358 8359 8168 11938
f 11858 8150 8356
f 8166 11937 8357
f 8166 8167 11937
f 8358 11937 8359
f 8359 11937 8167
f 8360 8151 8358
f 8153 8152 8360 11938
f 8168 8169 11938
f 8153 11938 8361
f 8361 11938 8169
f 8362 8361 8170 11939
f 11939 8154 8362
f 8363 948 8172 11940
f 8170 8171 11939
f 8155 11939 8171
f 8366 949 8174 11941
f 8364 11940 8365
f 8365 11940 8173
f 8368 8370 8369 8158
f 8366 11941 946
f 8178 8379 8378 11943
f 8368 8158 8367
f 8371 11942 8159
f 8159 11942 8160
f 8160 11942 8373
f 8374 8177 8375
f 8373 8177 8374
f 8376 8161 8377
f 8378 8344 8376 11943
f 8178 11943 11958
f 8179 950 8381 11944
f 11935 8350 11945 8385
f 8381 8380 11944
f 8379 11944 8380
f 8180 11945 8382
f 8382 11945 8381
f 8383 8385 11945
f 8180 8383 11945
f 8389 8182 8183 11948
f 11946 8385 8383
f 11935 8385 8384
f 8386 8387 11946
f 8181 8386 11946
f 8385 11946 8384
f 8384 11946 8387
f 8355 8387 8149
f 11947 8387 8386
f 8164 1107 11947
f 8387 11947 1108
f 8166 8357 8389 11948
f 8183 8184 11948
f 8166 11948 8184
f 8390 8184 8185 11949
f 11949 8167 8390
f 8395 8394 8188 11952
f 8185 8186 11949
f 8168 11949 8186
f 8392 8169 8391
f 951 8419 11950
f 8391 951 11950
f 8391 11950 8392
f 8392 11950 8170
f 952 11951 8393
f 952 8187 11951
f 8172 11951 8394
f 8394 11951 8187
f 8393 11951 948
f 948 11951 8172
f 8396 8398 8397 11953
f 8189 11952 11968
f 8395 11952 949
f 8189 11953 8174
f 8397 8368 11941 11953
f 8396 11953 8189
f 8399 8372 8175 11955
f 8190 11954 8398
f 11954 11955 8370
f 8370 11955 8175
f 8399 11955 8400
f 8400 11955 11954
f 8401 8192 11957 11956
f 8401 11956 8176
f 8176 11956 8177
f 8403 8375 8402 11957
f 8177 11956 8402
f 8402 11956 11957
f 8403 11957 8404
f 8404 11957 8194
f 8407 8178 11958 8405
f 8405 11958 8406
f 8435 8405 8406
f 8408 8405 8436
f 8408 8436 8195 11959
f 11944 8407 8179
f 8438 953 8410 11959
f 8196 954 8412 11960
f 8410 8409 11959
f 8408 11959 950
f 950 11959 8409
f 8382 8409 8180
f 11961 955 8414 11962
f 8412 8411 11960
f 8410 11960 8411
f 11946 8411 8181
f 8197 11961 8413
f 8413 11961 8412
f 11947 11962 8164
f 8414 6482 8164 11962
f 11976 6483 11247 8414
f 11966 952 11950 8419
f 11963 8182 8415
f 956 11963 8415
f 956 11978 11963
f 8183 11963 8200
f 8200 11963 11978
f 8417 8184 8416
f 8416 11964 8417
f 8417 11964 8185
f 11965 8186 8418
f 957 8448 11965
f 8418 957 11965
f 8419 11965 8420
f 8420 11965 8448
f 11965 8419 951
f 11966 8419 8420
f 8421 8201 8202 11967
f 958 11981 11966
f 8420 958 11966
f 8421 11966 8201
f 8201 11966 11981
f 8422 8424 8423 11968
f 8422 11967 8203
f 8203 11967 8202
f 8421 11967 8188
f 8188 11967 8422
f 8188 8422 11968
f 8423 8396 8189 11968
f 8425 8204 8427 8190
f 8398 8423 8425
f 8425 8190 8398
f 8426 8400 11954 8190
f 8428 8458 8430 11969
f 8431 8205 8432 11970
f 8430 8429 11969
f 8191 11969 8192
f 8192 11969 8429
f 8193 11970 8194
f 8431 11970 8193
f 8406 8404 8433 8435
f 8462 8433 11971
f 8432 11971 11970
f 11970 11971 8433
f 8434 8462 11990 11972
f 8434 8435 8433
f 8440 8207 8468 11974
f 8435 11972 8436
f 8436 11972 8437
f 8195 8437 8438
f 8440 11973 8207
f 8440 8439 11973
f 8438 11973 953
f 953 11973 8439
f 11960 8439 8196
f 8468 959 8441 11974
f 11977 8444 956 8199
f 8441 954 11974
f 8440 11974 954
f 8413 954 8197
f 8442 11975 8471
f 8442 11976 11975
f 8441 11975 955
f 955 11975 11976
f 8414 955 11976
f 8443 11976 8442
f 8442 8198 8443
f 11978 11 1064 8446
f 956 8444 8445
f 8445 11978 956
f 8446 8200 11978
f 11964 8200 8446 11979
f 8446 9191 8447 11979
f 12151 9 11983 11982
f 11980 11979 8447
f 8447 1063 11980
f 8448 11980 8449
f 11980 8448 957
f 8451 8448 8450
f 8451 8450 8452
f 8453 8452 10
f 8451 11981 958
f 8201 11981 11982
f 12151 11982 8453
f 8424 8203 8455 11985
f 11982 11983 8202
f 8203 11983 8455
f 8455 8454 11984
f 12150 11984 8454
f 11984 8 8457 11985
f 11986 7 1062 11987
f 8457 8456 11985
f 8424 11985 8204
f 8204 11985 8456
f 9070 11986 8457
f 11987 8456 11986
f 8892 9022 8465 11991
f 8427 11987 8458
f 8458 11987 1062
f 8458 11988 8430
f 8460 1061 11988
f 8459 8460 11988
f 8430 11988 8205
f 8205 11988 1061
f 11989 1061 8461
f 8461 1060 11989
f 11971 11989 8462
f 8462 11989 1060
f 8462 1060 11990
f 8464 11991 11990
f 8206 11990 11991
f 8892 11991 8464
f 11973 8206 11991 8466
f 1058 8469 8467 11992
f 11991 8465 8466
f 1058 11992 1059
f 1059 11992 8466
f 11995 8198 8442 8472
f 8469 11993 8468
f 8470 959 11993
f 8468 11993 959
f 11975 959 8471
f 8470 11994 8471
f 11995 8472 11994
f 8471 11994 8472
f 12008 7272 11551 8481
f 12145 11996 8473
f 8473 11996 11995
f 8474 11997 12007
f 4 11997 11555
f 8478 8611 8477
f 1084 7264 12025 11999
f 8483 11998 1083
f 8615 1082 11998
f 8489 8620 8488
f 8487 8488 7266
f 1087 7259 8513 12002
f 1084 11999 8487
f 8497 8636 12000
f 1085 12000 8636
f 8651 12001 8505
f 8651 12032 12001
f 1086 12001 8650
f 8650 12001 12032
f 7254 7252 8550 12005
f 12059 12003 15
f 8705 12004 12074
f 1088 8789 8566 12006
f 7254 12005 16
f 12125 8602 8818 1090
f 1088 12006 7251
f 7251 12006 8758
f 17 8584 1089
f 8790 1089 8584
f 8789 1089 8790
f 12007 8611 8478 8612
f 17 1090 8818
f 8481 7271 8615 12010
f 8475 1098 8612
f 8476 1098 8475
f 12007 8612 1098
f 8481 8613 12008
f 8477 12008 8478
f 8617 12009 8613
f 8613 12009 12008
f 8478 12009 8475
f 8478 12008 12009
f 12009 8614 8475
f 8479 1097 8614
f 8480 1097 8479
f 8476 8614 1097
f 12011 8613 8481 12010
f 11998 12010 8615
f 8485 961 8479 12012
f 8616 12011 8484
f 8484 12011 8622
f 8484 8618 8616
f 8485 12012 8618
f 8479 8614 8617 12012
f 1096 8480 8619 12013
f 8617 8618 12012
f 1096 12013 24
f 24 12013 8482
f 8624 8618 8622 12015
f 8489 8483 8620
f 11998 8483 960
f 8621 12014 8491
f 8491 12014 8490
f 960 8483 12014
f 8621 960 12014
f 8491 8623 8621
f 8630 12015 8623
f 12016 965 12017 8482
f 8622 8623 12015
f 12015 8625 8624
f 8492 12016 964
f 964 12016 8625
f 8485 12016 961
f 8485 8625 12016
f 7290 7424 8626 12017
f 12017 8626 8482
f 7290 12017 8486
f 8627 8493 8639 12019
f 8627 12018 11999
f 8489 12018 962
f 8494 8634 8632 12021
f 8627 12019 12018
f 962 12018 12019
f 8490 962 12019
f 12019 8628 8490
f 8491 8490 963
f 8642 12020 966
f 966 12020 8628
f 963 8628 12020
f 8629 963 12020
f 12020 8631 8629
f 8494 12021 967
f 967 12021 8631
f 8492 964 8630 12021
f 8646 968 12023 12022
f 8630 8631 12021
f 8632 8633 8492
f 8495 12022 8634
f 8634 12022 8633
f 8493 8627 8637 12026
f 965 12023 12017
f 8486 12017 12023
f 968 12024 12023
f 8638 12025 8497
f 11999 12025 8637
f 8498 12026 8638
f 8638 12026 8637
f 8493 12026 8654
f 8654 12026 8498
f 8641 966 8639 12027
f 8657 12027 969
f 969 12027 8640
f 8641 12027 8499
f 8499 12027 8657
f 8644 967 8642 12028
f 8639 8640 12027
f 8500 12028 970
f 970 12028 8643
f 8645 971 12037 8501
f 8642 8643 12028
f 12028 8645 8644
f 8502 972 8647 8495
f 8495 8501 8502
f 8494 8501 8634
f 12000 7263 8650 12032
f 8646 8495 8647
f 968 8647 12029
f 12039 12029 8647
f 8503 12029 12039
f 12029 12030 968
f 968 12030 12024
f 8648 12024 12030
f 12030 12031 8648
f 8652 8638 8497 12032
f 8652 12032 8651
f 8498 8652 8653 12033
f 8671 8653 8506
f 8654 8498 12033
f 8653 973 8655 12033
f 8656 969 8654 12034
f 8655 12034 12033
f 8659 970 8657 12035
f 8507 12035 8658
f 8658 12035 8657
f 8660 974 8508 12036
f 971 8500 8660 12036
f 8661 975 8510 12038
f 971 12036 12037
f 8501 12037 8502
f 8664 8649 8503 12039
f 8661 12038 972
f 972 12038 8662
f 8663 12039 8662
f 8664 12039 8663
f 12001 7260 12002 12041
f 8665 12040 8649
f 8649 12040 12031
f 8667 12040 8665
f 8496 12031 12040
f 8666 8496 12040
f 8506 8505 8668 8670
f 8668 12041 8514
f 8514 12041 12002
f 12001 12041 8505
f 8505 12041 8668
f 8669 977 12042 8670
f 973 8671 8672 12043
f 8506 8670 8671
f 8670 12042 8671
f 8672 978 12044 12043
f 973 12043 8655
f 8674 8658 8673 12044
f 8655 12043 8673
f 8674 12044 8675
f 8676 8675 8517 12045
f 8677 8508 974 12045
f 8677 12045 8518
f 8676 12045 974
f 8679 8520 8681 12046
f 8508 8677 8509
f 8519 8679 8678
f 8678 8679 975
f 8679 12046 8510
f 8510 12046 12038
f 8680 12046 8681
f 8680 976 12038 12046
f 8683 8667 8665 12047
f 8682 12047 976
f 976 12047 8511
f 8515 8514 8685 12051
f 8665 8511 12047
f 8684 12048 8667
f 8667 12048 8504
f 8504 12048 23
f 1095 12049 8512
f 23 12049 1095
f 14 12003 12050
f 8513 14 12050
f 8685 12050 8524
f 8524 12050 12003
f 8514 12050 8685
f 978 8691 8692 8693
f 8685 8686 12051
f 8687 12051 8688
f 8688 12051 8686
f 8691 12052 8690
f 8690 12052 8689
f 8696 8533 8698 12054
f 978 8693 8516
f 8530 12053 8693
f 8517 8694 8518
f 8532 8696 8695
f 8695 8696 979
f 8696 12054 979
f 979 12054 8519
f 8697 12054 8698
f 8697 8681 8520 12054
f 8522 980 12056 8701
f 8700 12055 8699
f 8699 12055 8521
f 8701 12056 8536
f 8702 981 8684 8701
f 8702 8701 8536
f 8703 984 8704 12057
f 8536 8537 8702
f 8703 12057 981
f 981 12057 12049
f 12058 22 8512 12057
f 8525 8524 8706 12061
f 8512 12049 12057
f 8704 8523 12058
f 1094 12058 8523
f 15 12004 12059
f 12060 12059 8705
f 8705 12059 12004
f 8705 8540 12060
f 12061 12060 8540
f 8706 12060 12061
f 8707 12061 8708
f 8541 986 8709 12062
f 8525 12061 8707
f 8541 12062 985
f 985 12062 8708
f 8526 8688 12062 12063
f 8710 8711 8527 12063
f 8710 12063 8709
f 8709 12063 12062
f 8526 12063 8527
f 8528 8527 8711 12064
f 8542 8710 986
f 8712 8710 8542
f 8713 8715 8529 12064
f 8713 12064 8714
f 8714 12064 8712
f 8528 12064 8529
f 8530 8529 8715 12065
f 8543 8713 8714
f 8716 8713 8543
f 8717 8718 8531 12065
f 8717 12065 8716
f 8530 12065 8531
f 8532 8531 8718 12066
f 8718 8717 8719
f 982 8700 8534 8722
f 8720 12066 8721
f 8721 12066 8719
f 8532 12066 8533
f 8533 12066 8720
f 8546 12067 8721
f 8720 12067 8722
f 983 8536 8535 12068
f 982 8722 8723
f 982 8723 8724
f 8547 8724 988
f 982 12068 8535
f 8725 12068 8724
f 8548 990 8726 12069
f 983 12068 8725
f 8548 12069 989
f 8537 983 12069 12070
f 8726 8727 12070
f 8727 8703 8537 12070
f 8753 991 8728 12071
f 8753 12071 8726
f 8726 12071 8727
f 1093 21 12072 12073
f 8727 12071 984
f 984 12071 8728
f 984 12072 8704
f 12073 12072 8728
f 1093 12073 8755
f 8539 8705 12074 12075
f 16 12005 12074
f 8729 12074 12005
f 8730 12075 8552
f 8552 12075 8551
f 8731 985 8540 8730
f 8539 8730 8540
f 8554 8733 12076 8732
f 8553 8732 8552
f 8733 8555 8556 12077
f 8730 8732 8731
f 8732 12076 8731
f 8556 992 8735 12077
f 8733 12077 12076
f 8736 8735 992 12078
f 8735 8736 8734
f 8557 12078 992
f 8557 993 8738 12078
f 8563 994 8750 12082
f 8736 12078 8737
f 8738 8739 8737
f 8740 12079 8558
f 8740 12080 987
f 987 12080 8544
f 8742 12080 8740
f 8544 12080 8545
f 8545 12080 8741
f 8743 8559 8560
f 8741 8559 8743
f 8561 12081 8745
f 8745 12081 8744
f 8744 12081 8746
f 12086 8729 12005 8758
f 8748 12082 8747
f 8747 12082 8749
f 8564 12083 994
f 994 12083 8750
f 8752 12083 8564
f 8752 8751 12083
f 8750 12083 990
f 990 12083 8751
f 8754 12085 12084
f 8785 8754 12084
f 8753 12084 991
f 991 12084 12085
f 991 12085 12073
f 8757 12085 8754
f 8757 8549 8756
f 8755 8756 7533
f 8760 8761 8569 12087
f 12005 8550 8758
f 8567 12086 8759
f 8567 8568 12086
f 8760 12086 8761
f 8761 12086 8568
f 8762 8551 8760
f 8553 8552 8762 12087
f 8569 8570 12087
f 8553 12087 8763
f 8763 12087 8570
f 8764 8763 8571 12088
f 12088 8554 8764
f 8765 995 8573 12089
f 8571 8572 12088
f 8555 12088 8572
f 8576 8771 8770 8558
f 8766 12089 8767
f 8767 12089 8574
f 8576 8769 8575
f 8768 8575 993
f 8559 8742 8772 12090
f 8576 8558 8769
f 8580 8780 8779 12091
f 8559 12090 8560
f 8560 12090 8774
f 8775 8579 8776
f 8774 8579 8775
f 12106 12091 8778
f 8778 12091 8777
f 8779 8562 8777 12091
f 8580 12091 12106
f 8581 997 8782 12092
f 12084 8752 12093 8786
f 8782 8781 12092
f 8780 12092 8781
f 8582 12093 8783
f 8783 12093 8782
f 8784 8786 12093
f 8582 8784 12093
f 8790 8584 8585 12096
f 12094 8786 8784
f 12084 8786 8785
f 8787 8788 12094
f 8583 8787 12094
f 8786 12094 8785
f 8785 12094 8788
f 8757 8788 8549
f 12095 8788 8787
f 8565 1091 12095
f 8788 12095 1092
f 8791 8566 8790
f 8567 8759 8791 12096
f 8585 8586 12096
f 8567 12096 8586
f 8792 8586 8587 12097
f 12097 8568 8792
f 8795 8794 8590 12099
f 8587 8588 12097
f 8569 12097 8588
f 12098 8570 8793
f 998 8589 12098
f 8793 998 12098
f 8571 12098 8794
f 8794 12098 8589
f 8797 8796 8592 12100
f 8590 8591 12099
f 8573 12099 8796
f 8796 12099 8591
f 8795 12099 995
f 995 12099 8573
f 8799 8801 8800 12101
f 8797 12100 996
f 8798 12101 8575
f 8802 8773 8577 12103
f 8799 12101 8798
f 8576 12101 8800
f 8593 12102 8801
f 12102 12103 8771
f 8771 12103 8577
f 8802 12103 8803
f 8803 12103 12102
f 8804 8595 12105 12104
f 8804 12104 8578
f 8578 12104 8579
f 8806 8776 8805 12105
f 8579 12104 8805
f 8805 12104 12105
f 8806 12105 8807
f 8807 12105 8597
f 8810 8580 12106 8808
f 8808 12106 8809
f 8838 8808 8809
f 8811 8808 8839
f 8811 8839 8598 12107
f 12092 8810 8581
f 8841 999 8813 12107
f 8599 1000 8815 12108
f 8813 8812 12107
f 8811 12107 997
f 997 12107 8812
f 8783 8812 8582
f 12109 1001 8817 12110
f 8815 8814 12108
f 8813 12108 8814
f 12094 8814 8583
f 8600 12109 8816
f 8816 12109 8815
f 12095 12110 8565
f 8817 20 8565 12110
f 12124 19 11562 8817
f 8818 8602 12126 12111
f 12111 8584 8818
f 8604 8824 8590 12114
f 8585 12111 8603
f 8603 12111 12126
f 8820 8586 8819
f 8819 12112 8820
f 8820 12112 8587
f 8822 8588 8821
f 1002 8852 12113
f 8821 1002 12113
f 8821 12113 8822
f 8822 12113 8823
f 8822 8823 998
f 12114 8589 8823
f 1003 12129 12114
f 8823 1003 12114
f 8824 8604 8605 12115
f 8604 12114 12129
f 8825 8827 8826 12116
f 8825 12115 8606
f 8606 12115 8605
f 8824 12115 8592
f 8592 12115 8825
f 8592 8825 12116
f 8826 8799 12100 12116
f 8828 8607 8830 8593
f 8801 8826 8828
f 8828 8593 8801
f 8829 8803 12102 8593
f 8831 8862 8833 12117
f 8834 8608 8835 12118
f 8833 8832 12117
f 8594 12117 8595
f 8595 12117 8832
f 8596 12118 8597
f 8834 12118 8596
f 8809 8807 8836 8838
f 8866 8836 12119
f 8835 12119 12118
f 12118 12119 8836
f 8837 8866 12138 12120
f 8837 8838 8836
f 8843 8610 8872 12122
f 8838 12120 8839
f 8839 12120 8840
f 8598 8840 8841
f 8843 12121 8610
f 8843 8842 12121
f 8841 12121 999
f 999 12121 8842
f 12108 8842 8599
f 8872 1004 8844 12122
f 18 9278 8847 12125
f 8844 1000 12122
f 8843 12122 1000
f 8816 1000 8600
f 8845 12123 8875
f 8845 12124 12123
f 8844 12123 1001
f 1001 12123 12124
f 8817 1001 12124
f 8846 12124 8845
f 8845 8601 8846
f 8847 9276 1073 8848
f 8848 8602 8847
f 8848 9274 8849 12126
f 8849 9274 1072 8850
f 8850 8603 8849
f 12112 8603 8850 12127
f 8850 9272 8851 12127
f 12285 9264 12131 12130
f 12128 12127 8851
f 8851 1071 12128
f 8852 12128 8853
f 12128 8852 1002
f 8855 8852 8854
f 8855 8854 8856
f 8857 8856 9267
f 8855 12129 1003
f 8604 12129 12130
f 12285 12130 8857
f 8827 8606 8859 12133
f 12130 12131 8605
f 8606 12131 8859
f 8859 8858 12132
f 12283 12132 8858
f 12132 9263 8860 12133
f 9254 9252 8869 12139
f 8860 12134 12133
f 8827 12133 8607
f 8607 12133 12134
f 9260 12134 8860
f 8861 12134 9260
f 1070 12135 8861
f 8830 12135 8862
f 8862 12135 1070
f 8862 12136 8833
f 8864 1069 12136
f 8863 8864 12136
f 8833 12136 8608
f 8608 12136 1069
f 12137 1069 8865
f 8865 1068 12137
f 12119 12137 8866
f 8866 12137 1068
f 8866 1068 12138
f 8868 12139 12138
f 8609 12138 12139
f 9254 12139 8868
f 12121 8609 12139 8870
f 1066 8873 8871 12140
f 12139 8869 8870
f 1066 12140 1067
f 1067 12140 8870
f 12143 8601 8845 8876
f 8873 12141 8872
f 8874 1004 12141
f 8872 12141 1004
f 12123 1004 8875
f 8874 12142 8875
f 12143 8876 12142
f 8875 12142 8876
f 12155 8470 11993 8885
f 9277 12144 8877
f 8877 12144 12143
f 8878 12145 12154
f 2 12145 9283
f 8882 9013 8881
f 1060 8461 12172 12147
f 8887 12146 1059
f 9017 1058 12146
f 8893 9022 8892
f 8891 8892 8464
f 8452 8450 8955 12152
f 1060 12147 8891
f 8901 9038 12148
f 1061 12148 9038
f 7 12149 1062
f 1062 12149 9053
f 12205 12150 9
f 9108 12151 12220
f 1063 9191 8970 12153
f 8452 12152 10
f 12154 9013 8882 9014
f 1063 12153 8449
f 8449 12153 9161
f 11 8987 1064
f 9192 1064 8987
f 9191 1064 9192
f 12271 9003 1065
f 9218 1065 9003
f 11 1065 9218
f 8885 8469 9017 12157
f 8879 1081 9014
f 8880 1081 8879
f 12154 9014 1081
f 8885 9015 12155
f 8881 12155 8882
f 9019 12156 9015
f 9015 12156 12155
f 8882 12156 8879
f 8882 12155 12156
f 12156 9016 8879
f 8883 1080 9016
f 8884 1080 8883
f 8880 9016 1080
f 12158 9015 8885 12157
f 12146 12157 9017
f 8889 1006 8883 12159
f 9018 12158 8888
f 8888 12158 9024
f 8888 9020 9018
f 8889 12159 9020
f 8883 9016 9019 12159
f 1079 8884 9021 12160
f 9019 9020 12159
f 1079 12160 6858
f 6858 12160 8886
f 9026 9020 9024 12162
f 8893 8887 9022
f 12146 8887 1005
f 9023 12161 8895
f 8895 12161 8894
f 1005 8887 12161
f 9023 1005 12161
f 8895 9025 9023
f 9032 12162 9025
f 12163 1010 12164 8886
f 9024 9025 12162
f 12162 9027 9026
f 8896 12163 1009
f 1009 12163 9027
f 8889 12163 1006
f 8889 9027 12163
f 6861 6859 9028 12164
f 12164 9028 8886
f 6861 12164 8890
f 9029 8897 9041 12166
f 9029 12165 12147
f 8893 12165 1007
f 8898 9036 9034 12168
f 9029 12166 12165
f 1007 12165 12166
f 8894 1007 12166
f 12166 9030 8894
f 8895 8894 1008
f 9045 12167 1011
f 1011 12167 9030
f 1008 9030 12167
f 9031 1008 12167
f 12167 9033 9031
f 8898 12168 1012
f 1012 12168 9033
f 8896 1009 9032 12168
f 9049 1013 12170 12169
f 9032 9033 12168
f 9034 9035 8896
f 8899 12169 9036
f 9036 12169 9035
f 8897 9029 9039 12173
f 1010 12170 12164
f 8890 12164 12170
f 1013 12171 12170
f 9040 12172 8901
f 12147 12172 9039
f 8902 12173 9040
f 9040 12173 9039
f 8897 12173 9057
f 9057 12173 8902
f 9043 1011 9041 12174
f 8903 12174 1014
f 1014 12174 9042
f 9043 12174 9044
f 9044 12174 8903
f 9047 1012 9045 12175
f 9041 9042 12174
f 8904 12175 9046
f 9048 1015 12184 8905
f 9045 9046 12175
f 12175 9048 9047
f 8906 1016 9050 8899
f 8899 8905 8906
f 8898 8905 9036
f 12148 8460 9053 12179
f 9049 8899 9050
f 1013 9050 12176
f 12186 12176 9050
f 8907 12176 12186
f 12176 12177 1013
f 1013 12177 12171
f 9051 12171 12177
f 12177 12178 9051
f 9055 9040 8901 12179
f 9053 12149 12179
f 9055 12179 9054
f 9054 12179 12149
f 8902 9055 9056 12180
f 9074 9056 8909
f 9057 8902 12180
f 9056 1017 12181 12180
f 9058 1014 9057 12181
f 9058 12181 9059
f 9061 9044 8903 12182
f 8912 12182 8911
f 8911 12182 9060
f 9062 1018 8913 12183
f 1015 8904 9062 12183
f 12184 12183 8914
f 8914 12183 8913
f 9063 1019 8915 12185
f 1015 12183 12184
f 8905 12184 8906
f 9066 9052 8907 12186
f 9063 12185 1016
f 1016 12185 9064
f 9065 12186 9064
f 9066 12186 9065
f 8909 9054 9071 9073
f 9067 12187 9052
f 9052 12187 12178
f 9069 12187 9067
f 8900 12178 12187
f 9068 8900 12187
f 9070 12188 7
f 9071 12188 8919
f 8919 12188 9070
f 9072 1021 12189 9073
f 1017 9074 9075 12190
f 8909 9073 9074
f 9073 12189 9074
f 9085 1020 12185 12192
f 1017 12190 8910
f 9077 12190 9075
f 8910 12190 9076
f 9077 8921 9076
f 9078 9076 9079
f 8923 12191 8922
f 8922 12191 9080
f 9081 12191 8923
f 8924 9083 9082
f 9082 9083 1019
f 9083 12192 8915
f 8915 12192 12185
f 9085 12192 9084
f 9084 12192 9083
f 9087 9069 9067 12193
f 9086 12193 1020
f 1020 12193 8916
f 8920 8919 9089 12197
f 9067 8916 12193
f 9088 12194 9069
f 9069 12194 8908
f 8908 12194 13
f 1078 12195 8917
f 13 12195 1078
f 8 12150 12196
f 8918 8 12196
f 9089 12196 8929
f 8929 12196 12150
f 8919 12196 9089
f 9077 9095 9096 9097
f 9089 9090 12197
f 9091 12197 9092
f 9092 12197 9090
f 9095 12198 9094
f 9094 12198 9093
f 8925 1023 9103 12201
f 9077 9097 8921
f 8935 12199 9097
f 9098 12199 9099
f 8936 9101 9100
f 9100 9101 1022
f 9101 12200 1022
f 1022 12200 8924
f 9102 12200 9101
f 8927 8926 12202 9104
f 12202 12201 8939
f 8939 12201 9103
f 8925 12201 8926
f 8926 12201 12202
f 9104 12202 8941
f 9105 1024 9088 9104
f 9105 9104 8941
f 9106 1027 9107 12203
f 8941 8942 9105
f 9106 12203 1024
f 1024 12203 12195
f 12204 6869 8917 12203
f 8930 8929 9109 12207
f 8917 12195 12203
f 9107 8928 12204
f 1077 12204 8928
f 9 12151 12205
f 12206 12205 9108
f 9108 12205 12151
f 9108 8945 12206
f 12207 12206 8945
f 9109 12206 12207
f 9110 12207 9111
f 8931 9092 12208 12209
f 8930 12207 9110
f 8946 12208 9111
f 9113 9114 8932 12209
f 9113 12209 9112
f 9112 12209 12208
f 8931 12209 8932
f 8933 8932 9114 12210
f 9115 9113 8948
f 9116 9118 8934 12210
f 9116 12210 9117
f 9117 12210 9115
f 8933 12210 8934
f 9119 1029 9120 12211
f 8949 9116 9117
f 9119 9116 8949
f 9119 12211 9118
f 9118 12211 8935
f 8936 9099 9121 12212
f 8935 12211 9121
f 9121 12211 9120
f 1025 8939 8938 9125
f 9123 12212 9124
f 9124 12212 9122
f 8936 12212 8937
f 8937 12212 9123
f 9123 12213 9125
f 1026 8941 8940 12214
f 1025 9125 9126
f 1025 9126 9127
f 8952 9127 1030
f 1025 12214 8940
f 9128 12214 9127
f 8953 1032 9129 12215
f 1026 12214 9128
f 1026 9128 12215
f 9130 9106 8942 12216
f 1026 12215 12216
f 9129 9130 12216
f 1026 12216 8942
f 9156 1033 9131 12217
f 9156 12217 9129
f 9129 12217 9130
f 1076 6870 12218 12219
f 9130 12217 1027
f 1027 12217 9131
f 1027 12218 9107
f 12219 12218 9131
f 1076 12219 9158
f 8944 9108 12220 12221
f 10 12152 12220
f 9132 12220 12152
f 9133 12221 8957
f 8957 12221 8956
f 8959 9135 12222 9134
f 8944 9133 8945
f 8945 9133 1028
f 8958 9134 8957
f 9135 8960 8961 12223
f 9133 9134 1028
f 9134 12222 1028
f 1028 12222 8946
f 8946 12222 8947
f 8961 9139 9137 12223
f 9135 12223 12222
f 9143 1035 9145 12226
f 12222 12223 9136
f 9136 12223 9137
f 9140 12224 9141
f 9141 12224 8962
f 9138 12224 9140
f 9143 12225 8963
f 9142 12225 1029
f 8966 9179 9150 12227
f 8950 12226 9144
f 9146 8964 8965
f 9144 8964 9146
f 9147 8951 9148
f 8966 12227 9148
f 9149 12227 9150
f 9149 1030 9147 12227
f 8967 1036 9152 12228
f 12232 9132 12152 9161
f 9151 12228 1031
f 1031 12228 9152
f 8968 12229 9153
f 9153 12229 9152
f 9155 12229 8968
f 9155 9154 12229
f 9152 12229 1032
f 1032 12229 9154
f 9157 12231 12230
f 9187 9157 12230
f 9156 12230 1033
f 1033 12230 12231
f 1033 12231 12219
f 9160 12231 9157
f 9160 8954 9159
f 9158 9159 6873
f 9163 9164 8973 12233
f 12152 8955 9161
f 8971 12232 9162
f 8971 8972 12232
f 9163 12232 9164
f 9164 12232 8972
f 9165 8956 9163
f 8958 8957 9165 12233
f 8973 8974 12233
f 8958 12233 9166
f 9166 12233 8974
f 9167 9166 8975 12234
f 12234 8959 9167
f 9168 1037 8977 12235
f 8975 8976 12234
f 8960 12234 8976
f 8980 9174 9173 8963
f 9169 12235 9170
f 9170 12235 8978
f 8980 9172 8979
f 9171 8979 1034
f 8964 9145 1035 12236
f 8980 8963 9172
f 9175 12236 1035
f 9175 1039 9177 12236
f 8983 9182 9181 12237
f 8964 12236 8965
f 8965 12236 9176
f 9176 8982 9178
f 9179 8966 9180
f 12252 12237 1040
f 1040 12237 9180
f 9181 9150 9179 12237
f 8983 12237 12252
f 8984 1041 9184 12238
f 12230 9155 12239 9188
f 9184 9183 12238
f 9182 12238 1036
f 1036 12238 9183
f 8985 12239 9185
f 9185 12239 9184
f 9186 9188 12239
f 8985 9186 12239
f 9192 8987 8988 12242
f 12240 9188 9186
f 12230 9188 9187
f 9189 9190 12240
f 8986 9189 12240
f 9188 12240 9187
f 9187 12240 9190
f 9160 9190 8954
f 12241 9190 9189
f 8969 1074 12241
f 9190 12241 1075
f 8971 9162 9192 12242
f 8988 8989 12242
f 8971 12242 8989
f 9193 8989 8990 12243
f 12243 8972 9193
f 9198 9197 8993 12246
f 8990 8991 12243
f 8973 12243 8991
f 9195 8974 9194
f 1042 9222 12244
f 9194 1042 12244
f 9194 12244 9195
f 9195 12244 8975
f 1043 12245 9196
f 1043 8992 12245
f 8977 12245 9197
f 9197 12245 8992
f 9196 12245 1037
f 1037 12245 8977
f 9200 9202 9201 12247
f 9198 12246 1038
f 9199 12247 8979
f 8982 9177 1039 12250
f 9200 12247 9199
f 8980 12247 9201
f 8994 12248 9202
f 9174 12249 8981
f 8981 12249 9204
f 9205 12250 1039
f 9205 8996 12251 12250
f 9210 8983 12252 9208
f 8982 12250 9206
f 9206 12250 12251
f 9207 12251 8998
f 9207 12252 1040
f 9208 12252 9209
f 9209 12252 9207
f 9238 9208 9209
f 9211 9208 9239
f 9211 9239 8999 12253
f 12238 9210 8984
f 9241 1044 9213 12253
f 9000 1045 9215 12254
f 9213 9212 12253
f 9211 12253 1041
f 1041 12253 9212
f 9185 9212 8985
f 12255 1046 9217 12256
f 9215 9214 12254
f 9213 12254 9214
f 12240 9214 8986
f 9001 12255 9216
f 9216 12255 9215
f 12241 12256 8969
f 9217 6878 8969 12256
f 12270 6879 11399 9217
f 12260 1043 12244 9222
f 12257 8987 9218
f 1047 12257 9218
f 1047 12272 12257
f 8988 12257 9004
f 9004 12257 12272
f 9220 8989 9219
f 9219 12258 9220
f 9220 12258 8990
f 12259 8991 9221
f 1048 9251 12259
f 9221 1048 12259
f 9222 12259 9223
f 9223 12259 9251
f 12259 9222 1042
f 12260 9222 9223
f 9224 9005 9006 12261
f 1049 12275 12260
f 9223 1049 12260
f 9224 12260 9005
f 9005 12260 12275
f 9225 9227 9226 12262
f 9225 12261 9007
f 9007 12261 9006
f 9224 12261 8993
f 8993 12261 9225
f 8993 9225 12262
f 9226 9200 12246 12262
f 9228 9008 9230 8994
f 9202 9226 9228
f 9228 8994 9202
f 9229 9203 12248 8994
f 9231 9261 9233 12263
f 9234 9009 9235 12264
f 9233 9232 12263
f 8995 12263 8996
f 8996 12263 9232
f 8997 12264 8998
f 9234 12264 8997
f 9237 9265 12286 12266
f 9265 9236 12265
f 9235 12265 12264
f 12264 12265 9236
f 9236 9238 9209
f 9237 9238 9236
f 9243 9011 9271 12268
f 9238 12266 9239
f 9239 12266 9240
f 8999 9240 9241
f 9243 12267 9011
f 9243 9242 12267
f 9241 12267 1044
f 1044 12267 9242
f 12254 9242 9000
f 9271 1050 9244 12268
f 12271 9247 1047 9003
f 9244 1045 12268
f 9243 12268 1045
f 9216 1045 9001
f 9245 12269 9012
f 9245 12270 12269
f 9244 12269 1046
f 1046 12269 12270
f 9217 1046 12270
f 9246 12270 9245
f 9245 9002 9246
f 12272 8874 12141 9249
f 1047 9247 9248
f 9248 12272 1047
f 9249 9004 12272
f 12258 9004 9249 12273
f 9249 8873 9250 12273
f 1068 8865 12277 12276
f 12274 12273 9250
f 9250 1066 12274
f 9251 12274 1067
f 12274 9251 1048
f 9253 9251 9252
f 9253 9252 9254
f 9255 9254 8868
f 9253 12275 1049
f 9005 12275 12276
f 1068 12276 9255
f 9227 9007 9257 12279
f 12276 12277 9006
f 9007 12277 9257
f 9257 9256 12278
f 1069 12278 9256
f 12278 8864 9259 12279
f 12280 8861 9260 12281
f 9259 9258 12279
f 9227 12279 9008
f 9008 12279 9258
f 1070 12280 9259
f 12281 9258 12280
f 8856 8854 9268 12287
f 9230 12281 9261
f 9261 12281 9260
f 9261 12282 9233
f 9263 12283 12282
f 9262 9263 12282
f 9233 12282 9009
f 9009 12282 12283
f 12284 12283 9264
f 9264 12285 12284
f 12265 12284 9265
f 9265 12284 12285
f 9265 12285 12286
f 9267 12287 12286
f 9010 12286 12287
f 8856 12287 9267
f 12267 9010 12287 9269
f 1071 9272 9270 12288
f 12287 9268 9269
f 1071 12288 8853
f 8853 12288 9269
f 12289 9002 9245 9275
f 9272 1072 9271
f 9273 1050 1072
f 9271 1072 1050
f 12269 1050 9012
f 9274 1073 9273
f 12289 9275 1073
f 9273 1073 9275
f 9278 12290 9276
f 9276 12290 12289
f 11402 12290 1052
