# Blender 5.2.0 LTS
# www.blender.org
o Сюзанна_low
v -0.087011 0.395189 -0.263754
v -0.298576 0.294642 0.025360
v -0.276120 0.293950 -0.041374
v -0.129060 0.377814 -0.241344
v -0.139141 0.415498 -0.238006
v -0.156948 0.387586 -0.200548
v -0.233443 0.332594 -0.081531
v -0.196404 0.388563 -0.071386
v -0.237661 0.405501 -0.064033
v -0.151585 0.442768 -0.184611
v -0.129662 0.470080 -0.178846
v -0.231153 0.434360 -0.028195
v -0.187190 0.431593 -0.018134
v -0.210791 0.433731 0.048080
v -0.248293 0.436192 0.017622
v -0.100861 0.482181 -0.194772
v -0.084403 0.472740 -0.224734
v -0.056052 0.476238 -0.213202
v -0.252316 0.393619 0.088693
v -0.012135 0.419064 -0.253655
v -0.299061 0.363051 0.049400
v -0.304875 0.385606 0.016461
v -0.305690 0.396277 0.008621
v -0.135161 0.449417 -0.228289
v -0.295197 0.408507 -0.024100
v -0.312937 0.376870 -0.010957
v -0.106401 0.459688 -0.029805
v 0.215612 0.167424 0.164137
v -0.003708 0.018719 -0.055685
v -0.265263 0.244841 -0.105360
v -0.310562 0.151723 -0.138948
v -0.191946 0.150585 -0.329065
v -0.208432 0.089141 -0.368330
v -0.362879 0.009039 -0.215774
v -0.341513 0.017745 -0.270481
v -0.022019 0.340900 -0.299192
v 0.040085 0.394129 -0.303550
v 0.055496 0.471276 -0.284050
v -0.299656 0.395242 0.149660
v -0.205562 0.516909 0.063480
v -0.094985 0.547261 -0.087256
v -0.304166 0.320157 -0.036165
v -0.248374 0.264201 -0.241534
v -0.323523 0.377774 0.126687
v -0.308326 0.415434 0.108814
v -0.249613 0.492049 0.050200
v -0.075590 0.552454 -0.156280
v -0.213428 0.511830 -0.012605
v -0.205831 0.330745 -0.221640
v -0.278157 0.308885 -0.134683
v -0.228580 0.213712 -0.294952
v -0.295630 0.283493 -0.174748
v -0.268228 0.310202 -0.182968
v -0.282183 0.276506 -0.216518
v -0.169612 0.240485 -0.250243
v -0.298701 0.231887 -0.163557
v -0.304726 0.105436 -0.327179
v -0.304576 0.125928 -0.318403
v -0.328554 0.096574 -0.272623
v -0.157366 0.445067 -0.160730
v -0.239328 0.451467 -0.014698
v -0.043160 0.441306 -0.266524
v -0.314365 0.336099 0.002950
v -0.237683 0.433015 -0.033794
v -0.237984 0.418115 -0.051972
v -0.152584 0.401399 -0.209566
v -0.272280 0.365221 -0.065656
v -0.125542 0.395840 -0.241229
v -0.295244 0.344547 -0.037196
v -0.093124 0.405345 -0.257811
v -0.306365 0.340892 -0.001431
v -0.059651 0.427825 -0.259570
v -0.045294 0.448630 -0.250210
v -0.076970 0.484154 -0.205053
v -0.271718 0.425291 0.029094
v -0.244075 0.442669 -0.012538
v -0.095904 0.487206 -0.182710
v -0.157830 0.412154 -0.186193
v -0.158311 0.453619 -0.008595
v -0.070773 0.519271 -0.084900
v -0.003796 0.496061 -0.151758
v -0.208554 0.434173 0.094423
v -0.282272 0.258602 0.146697
v 0.015264 0.482507 0.063066
v 0.102974 0.432018 0.150995
v -0.287183 0.010048 -0.279264
v -0.168028 0.105570 -0.175944
v 0.128436 0.338030 -0.252709
v -0.072874 0.127260 0.284239
v 0.091034 0.140745 0.248969
v -0.225887 0.153422 0.124345
v 0.135292 0.160814 -0.210656
v -0.155061 0.073055 0.138436
v 0.210770 0.143532 -0.150222
v 0.062950 0.046847 0.172057
v -0.139727 0.181982 -0.243573
v -0.178365 0.082698 -0.318650
v -0.275351 0.099804 -0.139219
v -0.334093 0.001525 -0.200387
v -0.169662 0.109601 -0.240201
v -0.246004 0.023807 -0.321087
v -0.233518 0.165451 -0.091412
v -0.130268 0.243986 -0.225925
v -0.172773 0.095531 -0.073803
v 0.041910 0.062596 -0.128641
v 0.141115 0.048929 -0.068780
v 0.267831 0.347120 0.044416
v 0.005133 0.392576 0.244148
v 0.117861 0.482811 -0.036609
v 0.036243 0.466824 -0.122620
v -0.158984 0.414474 0.107218
v -0.192857 0.349381 0.180062
v -0.114329 0.350146 0.246655
v -0.174093 0.299459 0.248164
v -0.045641 0.308783 0.297437
v -0.006314 0.230063 0.314147
v 0.292922 0.309689 -0.100936
v 0.002899 0.120716 0.270953
v -0.019780 0.044348 0.172529
v 0.252601 0.299663 -0.175592
v -0.130084 0.183996 0.284512
v -0.208128 0.146711 0.007047
v 0.102188 0.121608 -0.164698
v 0.286565 0.300670 -0.181621
v -0.186597 0.051943 0.186233
v -0.201504 0.017564 0.277642
v -0.209313 0.023718 0.378140
v -0.153441 0.138232 0.440630
v -0.189976 0.037199 0.368188
v -0.177575 0.073482 0.410904
v -0.154512 0.111409 0.409440
v -0.142001 0.136590 0.361356
v 0.218000 0.208224 -0.202044
v -0.171484 0.087259 0.180468
v 0.288285 0.248334 -0.204616
v 0.243964 0.186861 -0.224941
v 0.261474 0.225667 -0.201532
v -0.138356 0.113809 0.368465
v 0.387077 0.257035 -0.238244
v 0.386282 0.234443 -0.262981
v 0.300620 0.179084 -0.266487
v -0.173803 0.054535 0.253100
v -0.138127 0.119281 0.320669
v -0.120742 0.112186 0.389006
v 0.431021 0.252690 -0.280848
v -0.184995 0.023425 0.406162
v 0.321606 0.165549 -0.263348
v 0.230303 0.159048 -0.217597
v -0.089442 0.440092 -0.252377
v -0.305641 0.348478 0.036924
v -0.308117 0.340013 0.026630
v -0.309023 0.333202 0.014913
v -0.311013 0.368745 -0.001085
v -0.309879 0.373404 0.005939
v -0.307816 0.379086 0.011803
v -0.303766 0.366182 0.035326
v -0.071126 0.388771 -0.266617
v -0.055062 0.368245 -0.267418
v -0.041659 0.379473 -0.268213
v -0.029777 0.392001 -0.266095
v -0.019807 0.405360 -0.261191
v -0.294057 0.322468 0.068540
v -0.297631 0.311041 0.055947
v -0.299168 0.301641 0.041391
v -0.296619 0.351324 0.059357
v -0.288555 0.335516 0.078686
v -0.098373 0.388193 -0.260449
v -0.109978 0.382802 -0.255048
v -0.121261 0.379244 -0.247806
v -0.124248 0.365015 -0.240481
v -0.113399 0.343133 -0.237014
v -0.099337 0.345937 -0.248188
v -0.084502 0.351212 -0.257176
v -0.069533 0.358728 -0.263677
v -0.295825 0.290331 0.008394
v -0.291039 0.288786 -0.008855
v -0.284403 0.290001 -0.025682
v -0.125542 0.418579 -0.247958
v -0.132639 0.416432 -0.243401
v -0.130087 0.389957 -0.243123
v -0.310085 0.363222 -0.016739
v -0.144889 0.415847 -0.231921
v -0.149690 0.417387 -0.225327
v -0.152459 0.419329 -0.220334
v -0.156744 0.398212 -0.205391
v -0.152008 0.382474 -0.212096
v -0.145080 0.379102 -0.223451
v -0.136496 0.377646 -0.234102
v -0.286732 0.378745 -0.058897
v -0.156557 0.377448 -0.191582
v -0.151638 0.357320 -0.179886
v -0.145601 0.350183 -0.194854
v -0.136962 0.345342 -0.209772
v -0.126094 0.342948 -0.224030
v -0.266455 0.300524 -0.055274
v -0.255811 0.309420 -0.066880
v -0.244652 0.320245 -0.075764
v -0.147522 0.403335 -0.130162
v -0.152656 0.389965 -0.140078
v -0.155133 0.377533 -0.152033
v -0.154819 0.366546 -0.165443
v -0.222625 0.346051 -0.083920
v -0.212599 0.360164 -0.082942
v -0.203702 0.374542 -0.078694
v -0.252817 0.366079 -0.077290
v -0.266147 0.396057 -0.063239
v -0.277664 0.388884 -0.062423
v -0.149096 0.450236 -0.186049
v -0.136229 0.464182 -0.178153
v -0.125179 0.466597 -0.156850
v -0.134192 0.458002 -0.156128
v -0.150278 0.434011 -0.158283
v -0.231474 0.423154 -0.047477
v -0.230488 0.430387 -0.036628
v -0.254468 0.432292 -0.028535
v -0.254234 0.423457 -0.044118
v -0.260628 0.418102 -0.050221
v -0.105338 0.456330 -0.116538
v -0.118425 0.444376 -0.115645
v -0.130069 0.431144 -0.117727
v -0.139890 0.417254 -0.122626
v -0.190964 0.401817 -0.061222
v -0.187551 0.413770 -0.048620
v -0.186266 0.423872 -0.034086
v -0.048088 0.482908 -0.147537
v -0.062034 0.480017 -0.136297
v -0.076603 0.474457 -0.127145
v -0.091225 0.466473 -0.120445
v -0.190322 0.436524 -0.001309
v -0.195479 0.438531 0.015774
v -0.202397 0.437596 0.032458
v -0.242553 0.438853 0.006863
v -0.237848 0.439438 -0.004734
v -0.122529 0.474914 -0.180756
v -0.115167 0.478644 -0.184248
v -0.107840 0.481097 -0.189026
v -0.261631 0.434674 -0.005332
v -0.262119 0.434761 -0.017622
v -0.256028 0.434541 -0.020179
v -0.093314 0.479977 -0.211191
v -0.087248 0.476865 -0.217591
v -0.060488 0.472621 -0.220617
v -0.055160 0.480919 -0.201149
v -0.259585 0.426898 0.034287
v -0.267171 0.419172 0.041163
v -0.033377 0.470137 -0.214633
v -0.008826 0.467221 -0.204054
v -0.015231 0.474978 -0.189250
v -0.024209 0.480286 -0.174537
v -0.035315 0.482979 -0.160453
v -0.220350 0.427046 0.062014
v -0.230709 0.417862 0.073737
v -0.241490 0.406582 0.082778
v -0.007060 0.432640 -0.243731
v -0.004753 0.445559 -0.231812
v -0.005317 0.457264 -0.218415
v -0.262812 0.379433 0.091172
v -0.272602 0.364600 0.090223
v -0.281310 0.349748 0.086000
v -0.293378 0.374752 0.053710
v -0.286507 0.386326 0.056206
v -0.278914 0.397750 0.056120
v -0.084607 0.455299 -0.243323
v -0.301185 0.392739 0.019683
v -0.296830 0.400150 0.021447
v -0.292243 0.407137 0.021575
v -0.094750 0.455154 -0.245780
v -0.087996 0.452212 -0.246041
v -0.096049 0.471928 -0.230398
v -0.097182 0.464044 -0.238636
v -0.300967 0.404555 0.011631
v -0.307005 0.390526 0.010145
v -0.309244 0.388636 0.004590
v -0.110589 0.483024 -0.202572
v -0.111049 0.481592 -0.208055
v -0.101185 0.479565 -0.217845
v -0.134744 0.472660 -0.188776
v -0.129939 0.476730 -0.193247
v -0.118441 0.481542 -0.199511
v -0.265668 0.433123 -0.031058
v -0.260024 0.429838 -0.035433
v -0.152517 0.451210 -0.192471
v -0.155979 0.444110 -0.197614
v -0.150108 0.456583 -0.193924
v -0.146122 0.462224 -0.192160
v -0.138343 0.470480 -0.191878
v -0.271844 0.409098 -0.058302
v -0.154973 0.447416 -0.198252
v -0.286154 0.392551 -0.060054
v -0.287069 0.387523 -0.060292
v -0.283027 0.383198 -0.061038
v -0.141983 0.421394 -0.238684
v -0.138437 0.422703 -0.242077
v -0.295204 0.383298 -0.055127
v -0.303114 0.375833 -0.045709
v -0.304918 0.371714 -0.041633
v -0.116110 0.430818 -0.252849
v -0.308100 0.373837 -0.035699
v -0.310407 0.373411 -0.028923
v -0.311896 0.374287 -0.021976
v -0.311451 0.383590 -0.004014
v -0.308257 0.391824 -0.000112
v -0.306059 0.385147 -0.031870
v -0.301134 0.395456 -0.030964
v -0.150222 0.437367 -0.222449
v -0.152832 0.431704 -0.223331
v -0.153569 0.448528 -0.201819
v -0.133117 0.473936 -0.196232
v -0.281973 0.420976 -0.033203
v -0.119306 0.472883 -0.215560
v -0.280514 0.429760 -0.013296
v -0.282967 0.425110 -0.021575
v -0.289014 0.416391 -0.025203
v -0.106149 0.466269 -0.232653
v -0.100631 0.470583 -0.230478
v -0.284589 0.042787 -0.347793
v -0.289712 0.049083 -0.348366
v -0.294704 0.055491 -0.347610
v -0.337986 0.044727 -0.300629
v -0.348004 0.046914 -0.288646
v -0.346107 0.024070 -0.273540
v -0.324886 0.023243 -0.296696
v -0.243317 0.057914 -0.378437
v -0.252917 0.064397 -0.376692
v -0.255224 0.071352 -0.376143
v -0.368652 0.042161 -0.252114
v -0.371779 0.033492 -0.238292
v -0.370898 0.023994 -0.230287
v -0.367995 0.015715 -0.222549
v -0.359704 0.008234 -0.225348
v -0.356130 0.012734 -0.243081
v -0.219926 0.057648 -0.378612
v -0.215046 0.064702 -0.377339
v -0.213519 0.074087 -0.375450
v -0.224927 0.087343 -0.376572
v -0.236775 0.092447 -0.375838
v -0.246021 0.106548 -0.368804
v -0.372772 0.066564 -0.214470
v -0.370819 0.036564 -0.201471
v -0.201303 0.116412 -0.352378
v -0.211834 0.126907 -0.353874
v -0.224366 0.131019 -0.355362
v -0.236485 0.136312 -0.352745
v -0.360932 0.107445 -0.207829
v -0.362583 0.098197 -0.201139
v -0.361225 0.089673 -0.190785
v -0.348405 0.101144 -0.172688
v -0.180914 0.185993 -0.301481
v -0.192699 0.192342 -0.305282
v -0.219034 0.199484 -0.306981
v -0.346636 0.139425 -0.194529
v -0.328583 0.175581 -0.179418
v -0.329705 0.167666 -0.172482
v -0.327810 0.158928 -0.161462
v -0.321412 0.158157 -0.151294
v -0.190107 0.314424 -0.231237
v -0.175762 0.296322 -0.233873
v -0.096159 0.301659 -0.267265
v -0.113755 0.315981 -0.265478
v -0.165032 0.336340 -0.242192
v -0.194126 0.332689 -0.227450
v -0.304977 0.272467 -0.034222
v -0.294696 0.248919 -0.035380
v -0.266128 0.241964 -0.091155
v -0.271627 0.258061 -0.113494
v -0.278310 0.275943 -0.116926
v -0.280052 0.287038 -0.122860
v -0.074521 0.312264 -0.279518
v -0.056642 0.319867 -0.287162
v -0.039832 0.330018 -0.293948
v -0.318724 0.289192 0.003755
v -0.323764 0.277899 0.033184
v -0.324148 0.271488 0.046853
v -0.320127 0.260010 0.049982
v -0.003567 0.352553 -0.302706
v 0.014317 0.365566 -0.304503
v 0.030691 0.380556 -0.304484
v 0.025420 0.399978 -0.305616
v 0.014675 0.406177 -0.304247
v -0.001704 0.401227 -0.302868
v -0.043889 0.381803 -0.295819
v -0.328477 0.313626 0.104750
v -0.320953 0.275479 0.108285
v 0.056785 0.454638 -0.290937
v 0.032666 0.475162 -0.287692
v 0.020138 0.482525 -0.281967
v -0.008256 0.406656 -0.300102
v -0.322806 0.372716 0.146899
v -0.320648 0.361407 0.156012
v -0.317804 0.341492 0.159404
v -0.321333 0.320255 0.148211
v -0.321393 0.301249 0.136786
v 0.051511 0.483528 -0.275928
v 0.044085 0.493239 -0.264570
v 0.036716 0.498575 -0.254233
v 0.023107 0.504603 -0.257894
v 0.015100 0.505896 -0.259123
v -0.006404 0.512591 -0.246108
v -0.320316 0.388800 0.119642
v -0.318440 0.396232 0.120812
v -0.313162 0.406757 0.112797
v -0.301779 0.424099 0.108968
v -0.307823 0.409687 0.128593
v -0.304660 0.404466 0.138692
v -0.314161 0.371752 0.159974
v -0.025465 0.537492 -0.186192
v -0.029997 0.534832 -0.198254
v -0.041224 0.535968 -0.196603
v -0.291438 0.438613 0.088565
v -0.267882 0.468041 0.076164
v -0.265568 0.465173 0.086018
v -0.256003 0.467209 0.091151
v -0.276863 0.427191 0.122958
v -0.063504 0.566852 -0.127435
v -0.069941 0.566263 -0.132543
v -0.083742 0.564135 -0.132025
v -0.234146 0.510132 0.035470
v -0.222987 0.522049 0.035392
v -0.221080 0.520573 0.049164
v -0.216530 0.508029 0.070465
v -0.225973 0.496597 0.077638
v -0.245763 0.466868 0.095291
v -0.065935 0.566237 -0.108744
v -0.076999 0.561959 -0.096855
v -0.085935 0.555278 -0.090434
v -0.107005 0.549470 -0.094536
v -0.113683 0.549823 -0.102654
v -0.113784 0.551587 -0.112659
v -0.225242 0.517156 0.022908
v -0.218015 0.518721 0.007504
v -0.208012 0.522995 0.000380
v -0.198119 0.524230 -0.001374
v -0.188908 0.524699 0.003824
v -0.182236 0.526372 0.027697
v -0.191141 0.529407 0.037866
v -0.138632 0.498086 -0.089055
v -0.158449 0.495016 -0.102041
v -0.162917 0.494018 -0.109395
v -0.141744 0.520070 -0.117646
v -0.124509 0.538904 -0.119221
v -0.200652 0.479485 -0.067170
v -0.193087 0.481253 -0.063820
v -0.177519 0.516714 0.003480
v -0.177564 0.471925 -0.083959
v -0.180217 0.472608 -0.090960
v -0.186651 0.469907 -0.097354
v -0.179333 0.473785 -0.111667
v -0.158765 0.498737 -0.116958
v -0.173219 0.471176 -0.061569
v -0.178960 0.478939 -0.054729
v -0.155352 0.477890 -0.132875
v -0.111801 0.542067 -0.130177
v -0.222304 0.506187 0.000076
v -0.222455 0.490043 -0.014651
v -0.231887 0.506279 0.023335
v -0.050580 0.506398 -0.210745
v -0.048397 0.525403 -0.204776
v -0.275885 0.454153 0.066750
v -0.277825 0.436902 0.062409
v -0.027264 0.481046 -0.244263
v -0.300829 0.419792 0.091529
v -0.274007 0.434592 0.055187
v -0.002467 0.475677 -0.272376
v -0.323468 0.362172 0.110808
v -0.326796 0.326314 0.081229
v -0.318989 0.347634 0.069562
v -0.319514 0.324803 0.028950
v -0.101506 0.356924 -0.274099
v -0.296681 0.319276 -0.056066
v -0.311026 0.315778 -0.017037
v -0.314392 0.316506 -0.003843
v -0.190324 0.354652 -0.216895
v -0.275084 0.329049 -0.116058
v -0.284534 0.333689 -0.074883
v -0.286767 0.334389 -0.067899
v -0.297630 0.323795 -0.050171
v -0.216845 0.352437 -0.175298
v -0.219960 0.339469 -0.195392
v -0.267727 0.315184 -0.153568
v -0.258347 0.327866 -0.149241
v -0.253622 0.365226 -0.098902
v -0.180362 0.447041 -0.129933
v -0.212943 0.442294 -0.086804
v -0.208640 0.461283 -0.080344
v -0.238901 0.384966 -0.096210
v -0.299999 0.072099 -0.347590
v -0.329532 0.059112 -0.316260
v -0.271272 0.116517 -0.354076
v -0.287184 0.134667 -0.332301
v -0.239647 0.216562 -0.289685
v -0.275929 0.155381 -0.323597
v -0.263985 0.160039 -0.327191
v -0.255283 0.150271 -0.338977
v -0.317597 0.197657 -0.208275
v -0.328133 0.180060 -0.205343
v -0.345574 0.130685 -0.251511
v -0.311444 0.204145 -0.215878
v -0.311272 0.137100 -0.305607
v -0.317290 0.152811 -0.277458
v -0.335493 0.128003 -0.278409
v -0.238576 0.276100 -0.241407
v -0.249771 0.288931 -0.241519
v -0.250775 0.267712 -0.238566
v -0.290292 0.264204 -0.192069
v -0.296271 0.275835 -0.181630
v -0.296637 0.280300 -0.177569
v -0.290384 0.279063 -0.170482
v -0.289324 0.273288 -0.170145
v -0.290460 0.268314 -0.174115
v -0.290792 0.259374 -0.177793
v -0.290381 0.256768 -0.185414
v -0.228264 0.308853 -0.221271
v -0.239651 0.303466 -0.237732
v -0.284798 0.298401 -0.167195
v -0.276296 0.297552 -0.164610
v -0.274862 0.296928 -0.163642
v -0.279504 0.291255 -0.162692
v -0.283736 0.285281 -0.164308
v -0.286338 0.277889 -0.164817
v -0.231202 0.315406 -0.206006
v -0.246134 0.308930 -0.192915
v -0.246430 0.310779 -0.198336
v -0.275749 0.307186 -0.170088
v -0.272019 0.309035 -0.173182
v -0.268514 0.309706 -0.177370
v -0.255457 0.305372 -0.185523
v -0.266302 0.304288 -0.164821
v -0.254658 0.302212 -0.192873
v -0.255774 0.301757 -0.194245
v -0.256629 0.302132 -0.195396
v -0.252684 0.311746 -0.201704
v -0.267344 0.309169 -0.188250
v -0.274870 0.256581 -0.219681
v -0.283168 0.265815 -0.212778
v -0.277115 0.276060 -0.222885
v -0.280324 0.268711 -0.218512
v -0.276356 0.268551 -0.222805
v -0.259922 0.279466 -0.236330
v -0.260951 0.290572 -0.236340
v -0.287911 0.278472 -0.207525
v -0.293800 0.274671 -0.195479
v -0.293126 0.270785 -0.193734
v -0.273532 0.310772 -0.184617
v -0.279478 0.308134 -0.188424
v -0.274168 0.303961 -0.207943
v -0.284634 0.303727 -0.170256
v -0.297113 0.287544 -0.176797
v -0.298154 0.288133 -0.181655
v -0.296445 0.290327 -0.187293
v -0.263183 0.304377 -0.226243
v -0.292585 0.295266 -0.189901
v -0.286906 0.296602 -0.198467
v -0.277152 0.300781 -0.208323
v -0.263787 0.300889 -0.228829
v -0.272049 0.294197 -0.222514
v -0.217628 0.324948 -0.218369
v -0.276224 0.304756 -0.151898
v -0.271947 0.306083 -0.157543
v -0.274678 0.297100 -0.162325
v -0.216653 0.279608 -0.243374
v -0.210695 0.318876 -0.225196
v -0.280945 0.288488 -0.143843
v -0.282309 0.274461 -0.145594
v -0.286650 0.261500 -0.152323
v -0.289119 0.268344 -0.167913
v -0.238328 0.261342 -0.249829
v -0.235377 0.255565 -0.255813
v -0.227664 0.252278 -0.261190
v -0.290904 0.243854 -0.153990
v -0.294630 0.239072 -0.159559
v -0.296715 0.239144 -0.167197
v -0.297816 0.238588 -0.178406
v -0.192213 0.249153 -0.257764
v -0.208666 0.255997 -0.257878
v -0.294135 0.222897 -0.147324
v -0.291743 0.216032 -0.140522
v -0.303568 0.168244 -0.134930
v -0.192386 0.274676 -0.239292
v -0.163807 0.258585 -0.232145
v -0.161475 0.261359 -0.230140
v -0.156103 0.265307 -0.228961
v -0.259068 0.234283 -0.105458
v -0.262718 0.234456 -0.113859
v -0.300046 0.130103 -0.325155
v -0.328960 0.125914 -0.290932
v -0.310516 0.125259 -0.310614
v -0.306618 0.126325 -0.315222
v -0.327248 0.119170 -0.291818
v -0.341980 0.114595 -0.273429
v -0.306922 0.104502 -0.334714
v -0.302356 0.106910 -0.338318
v -0.301836 0.120842 -0.321875
v -0.344437 0.105785 -0.272193
v -0.344691 0.110587 -0.272238
v -0.349088 0.094125 -0.279139
v -0.314482 0.087517 -0.333766
v -0.310070 0.094769 -0.326297
v -0.347259 0.081431 -0.291654
v -0.339933 0.078909 -0.299619
v -0.333669 0.075043 -0.313578
v -0.335585 0.078399 -0.304792
v -0.337941 0.079096 -0.297426
v -0.321470 0.077936 -0.303407
v -0.321854 0.078816 -0.309568
v -0.305202 0.087117 -0.316360
v -0.310110 0.083028 -0.309758
v -0.318971 0.079620 -0.298931
v -0.329462 0.077751 -0.291523
v -0.332190 0.077687 -0.295010
v -0.297477 0.099058 -0.320206
v -0.301149 0.090868 -0.317918
v -0.297943 0.115883 -0.314844
v -0.295710 0.100084 -0.318964
v -0.333765 0.095213 -0.269474
v -0.332177 0.097410 -0.269857
v -0.334796 0.104744 -0.270535
v -0.326322 0.100890 -0.276196
v -0.311591 0.096112 -0.295447
v -0.310308 0.090509 -0.299460
v -0.297499 0.093958 -0.314519
v -0.328077 0.092943 -0.273517
v -0.169213 0.418955 -0.172937
v -0.171248 0.425581 -0.159174
v -0.168107 0.415144 -0.180102
v -0.135342 0.480666 -0.147909
v -0.233768 0.434492 -0.052530
v -0.238026 0.419800 -0.064571
v -0.160726 0.390710 -0.213491
v -0.161141 0.397439 -0.211348
v -0.166350 0.401962 -0.200355
v -0.272583 0.365743 -0.076254
v -0.132362 0.377175 -0.247320
v -0.142231 0.391479 -0.235650
v -0.152326 0.393321 -0.224008
v -0.279562 0.358822 -0.070102
v -0.298619 0.340977 -0.045368
v -0.079372 0.390917 -0.275765
v -0.097827 0.397702 -0.266109
v -0.307746 0.335072 -0.026183
v -0.313404 0.332543 -0.006918
v -0.055190 0.422641 -0.273685
v -0.073170 0.411920 -0.271370
v -0.316562 0.338355 0.021259
v -0.317505 0.343356 0.041697
v -0.025097 0.455384 -0.265842
v -0.309686 0.369871 0.067459
v -0.313549 0.365036 0.079876
v -0.042038 0.483343 -0.231424
v -0.040534 0.471342 -0.242973
v -0.067284 0.493578 -0.205641
v -0.064392 0.487087 -0.217328
v -0.283903 0.417433 0.047914
v -0.277187 0.427423 0.037962
v -0.269297 0.435153 0.037119
v -0.098232 0.500258 -0.165309
v -0.085967 0.494230 -0.192118
v -0.242384 0.456688 0.008005
v -0.114245 0.494676 -0.155368
v -0.234270 0.459135 -0.009931
v -0.114844 0.487264 -0.164835
v -0.131177 0.477227 -0.157162
v -0.135986 0.466907 -0.159445
v -0.127505 0.476699 -0.160497
v -0.242246 0.441478 -0.017268
v -0.240550 0.439559 -0.022069
v -0.239068 0.437014 -0.027044
v -0.242354 0.448724 -0.011531
v -0.108725 0.484719 -0.171707
v -0.104548 0.485916 -0.174675
v -0.100320 0.486686 -0.178223
v -0.254641 0.442274 0.009183
v -0.073994 0.489196 -0.209192
v -0.091385 0.487415 -0.187988
v -0.086864 0.487070 -0.193683
v -0.083078 0.486246 -0.198268
v -0.274462 0.427916 0.030777
v -0.045190 0.468316 -0.239452
v -0.045728 0.472993 -0.237793
v -0.293754 0.397140 0.060137
v -0.290874 0.401965 0.056169
v -0.044310 0.456504 -0.243762
v -0.044396 0.452158 -0.247537
v -0.301851 0.375127 0.059307
v -0.299353 0.371840 0.055245
v -0.054033 0.433533 -0.258076
v -0.305060 0.357659 0.043735
v -0.303002 0.363387 0.049926
v -0.300995 0.368203 0.053406
v -0.312670 0.349427 0.036798
v -0.306306 0.353273 0.036984
v -0.103167 0.399087 -0.261880
v -0.067049 0.421683 -0.260323
v -0.086563 0.408875 -0.259115
v -0.307405 0.346521 0.021488
v -0.309952 0.339917 0.000099
v -0.130095 0.393704 -0.244138
v -0.128495 0.392410 -0.247263
v -0.101656 0.401351 -0.255331
v -0.109775 0.398409 -0.251860
v -0.117705 0.396614 -0.247208
v -0.299439 0.341690 -0.028710
v -0.302595 0.340128 -0.020031
v -0.304869 0.339930 -0.011008
v -0.152071 0.398735 -0.217823
v -0.133404 0.396198 -0.233934
v -0.140823 0.397459 -0.225887
v -0.278207 0.359766 -0.060276
v -0.290186 0.348784 -0.045420
v -0.280983 0.358846 -0.066838
v -0.278654 0.360944 -0.065501
v -0.155930 0.403702 -0.202645
v -0.157938 0.406621 -0.195364
v -0.158240 0.409231 -0.190520
v -0.266972 0.370135 -0.069136
v -0.255157 0.384167 -0.075032
v -0.140041 0.453974 -0.162064
v -0.136189 0.459086 -0.161573
v -0.131216 0.465194 -0.161799
v -0.238529 0.420601 -0.061658
v -0.240686 0.408352 -0.058988
v -0.243229 0.401618 -0.062781
v -0.247553 0.398186 -0.074852
v -0.156789 0.416165 -0.181736
v -0.247034 0.393359 -0.066933
v -0.250308 0.387898 -0.069296
v -0.145094 0.453534 -0.065305
v -0.147997 0.449358 -0.043376
v -0.153542 0.451674 -0.024933
v -0.161509 0.464183 -0.026775
v -0.166006 0.470293 -0.037509
v -0.172716 0.482250 -0.036912
v -0.086657 0.540806 -0.083594
v -0.082540 0.532766 -0.082151
v -0.163869 0.467233 0.008603
v -0.165486 0.492464 0.032411
v -0.165818 0.500182 0.024648
v -0.167997 0.506954 0.020592
v -0.043989 0.555690 -0.113566
v -0.038052 0.547011 -0.111292
v -0.033721 0.539186 -0.112166
v -0.050251 0.525571 -0.094877
v -0.062775 0.520602 -0.088034
v -0.168727 0.494608 0.043937
v -0.172403 0.488083 0.052683
v -0.187687 0.492841 0.072855
v -0.009614 0.527971 -0.175477
v 0.003735 0.513317 -0.181812
v -0.002787 0.510509 -0.160889
v -0.018336 0.511998 -0.135006
v -0.199550 0.457226 0.082868
v -0.226367 0.457472 0.099427
v -0.237474 0.465833 0.097132
v 0.043068 0.492829 -0.248559
v 0.049712 0.484468 -0.242463
v 0.033965 0.480826 -0.193041
v 0.016858 0.492111 -0.178081
v -0.222026 0.416045 0.114156
v -0.234799 0.398411 0.131633
v -0.251862 0.379834 0.149272
v 0.062083 0.465851 -0.279674
v 0.067615 0.459357 -0.273483
v 0.078434 0.447995 -0.245108
v 0.072393 0.455835 -0.236063
v -0.257567 0.360462 0.162850
v -0.268256 0.353777 0.168042
v -0.263786 0.340547 0.172503
v 0.046988 0.388089 -0.299523
v 0.073031 0.391458 -0.280672
v 0.080855 0.408393 -0.272168
v 0.086659 0.421270 -0.259930
v -0.279678 0.315662 0.171818
v -0.281889 0.297260 0.167317
v -0.287661 0.280962 0.156347
v -0.315904 0.282487 0.129979
v -0.016031 0.334900 -0.295470
v -0.286037 0.248083 0.128253
v -0.293504 0.234983 0.065091
v -0.274340 0.225451 -0.015970
v -0.283697 0.233786 -0.027602
v -0.289650 0.237610 -0.024000
v -0.177571 0.101576 -0.225090
v -0.189043 0.091080 -0.219891
v -0.197101 0.084585 -0.216286
v -0.188628 0.097035 -0.194138
v -0.181057 0.102086 -0.186980
v -0.173691 0.104887 -0.180554
v -0.155597 0.110231 -0.185984
v -0.152064 0.114583 -0.195851
v -0.138634 0.122988 -0.202584
v -0.142282 0.131008 -0.218211
v -0.225400 0.104846 -0.141992
v -0.207203 0.108223 -0.131967
v -0.197269 0.104385 -0.140176
v -0.188875 0.102562 -0.152315
v -0.176558 0.102998 -0.161919
v -0.212031 0.082782 -0.192440
v -0.216561 0.087742 -0.178084
v -0.224620 0.089605 -0.168401
v -0.203930 0.080297 -0.210609
v -0.178510 0.096938 -0.252271
v -0.191773 0.077453 -0.261913
v -0.258797 0.051184 -0.193320
v -0.236342 0.080210 -0.174031
v -0.270182 0.015307 -0.299051
v -0.272914 0.013742 -0.273760
v -0.252329 0.026961 -0.250341
v -0.223594 0.036307 -0.300102
v -0.231365 0.029714 -0.313988
v -0.298308 0.008859 -0.236670
v -0.278252 0.025591 -0.214939
v -0.308088 0.005057 -0.242268
v -0.234217 0.029693 -0.345709
v -0.244193 0.032211 -0.353809
v -0.291538 0.016148 -0.307795
v -0.299506 0.009387 -0.283339
v -0.330027 0.000735 -0.230516
v -0.217426 0.033924 -0.343613
v -0.203867 0.041507 -0.351086
v -0.356222 0.004414 -0.209417
v -0.347664 0.003005 -0.200004
v -0.338364 0.002725 -0.196711
v -0.181104 0.084881 -0.331488
v -0.186892 0.088755 -0.343926
v -0.199378 0.080144 -0.362655
v -0.197473 0.047161 -0.346360
v -0.190678 0.056413 -0.340321
v -0.184819 0.067188 -0.330779
v -0.331453 0.005343 -0.193102
v -0.350739 0.034395 -0.180674
v -0.332395 0.044777 -0.168987
v -0.318458 0.043366 -0.166347
v -0.165561 0.134159 -0.295467
v -0.163307 0.124154 -0.284588
v -0.312181 0.123550 -0.141538
v -0.291145 0.132242 -0.130245
v -0.292769 0.095709 -0.142527
v -0.184779 0.066967 -0.320936
v -0.157496 0.131477 -0.263837
v -0.264867 0.092920 -0.144655
v -0.248057 0.098802 -0.144524
v -0.290314 0.038956 -0.177692
v -0.292146 0.047124 -0.168535
v -0.134560 0.154146 -0.229604
v -0.135348 0.169887 -0.236270
v -0.259007 0.128431 -0.122852
v -0.236253 0.135509 -0.112632
v -0.224148 0.125302 -0.114653
v -0.210630 0.116234 -0.116957
v -0.160099 0.188549 -0.276279
v -0.163942 0.196862 -0.277620
v -0.292607 0.157648 -0.126795
v -0.155946 0.226768 -0.247428
v -0.146397 0.218016 -0.242050
v -0.132211 0.204425 -0.233077
v -0.123081 0.220368 -0.227910
v -0.126804 0.234408 -0.227669
v -0.139020 0.235418 -0.229577
v -0.161550 0.251876 -0.234350
v -0.248704 0.205437 -0.097482
v -0.247974 0.174484 -0.102242
v -0.265198 0.188234 -0.112078
v -0.243389 0.165934 -0.102080
v -0.244806 0.145284 -0.111141
v -0.142704 0.265674 -0.228869
v -0.245715 0.210406 -0.087719
v 0.177552 0.051394 0.060349
v 0.202940 0.073255 0.035431
v 0.212411 0.083730 0.008139
v 0.187392 0.069727 -0.052310
v 0.170576 0.061482 -0.061414
v 0.136835 0.034369 -0.040982
v 0.101507 0.011933 -0.010126
v 0.063671 0.000426 0.035782
v 0.042724 0.001749 0.065360
v 0.021651 0.005472 0.084280
v 0.017728 0.015001 0.121901
v 0.137271 0.039367 0.109390
v 0.024017 0.009666 -0.034897
v 0.039016 0.004310 -0.014505
v 0.119614 0.050592 -0.086953
v 0.091266 0.050269 -0.100557
v 0.071193 0.053973 -0.112087
v 0.035424 0.046741 -0.110229
v 0.014299 0.036980 -0.096646
v 0.011271 0.026373 -0.076936
v -0.022221 0.016086 -0.036269
v -0.049714 0.017423 0.033754
v -0.073852 0.053243 -0.105321
v -0.032937 0.031577 -0.076773
v -0.003022 0.081094 -0.152226
v -0.035162 0.096969 -0.167965
v -0.056564 0.114512 -0.182556
v -0.094656 0.111700 -0.182821
v -0.109972 0.102401 -0.173071
v -0.129406 0.098619 -0.164782
v -0.152778 0.091555 -0.136683
v -0.157422 0.088059 -0.116021
v -0.164985 0.089699 -0.095680
v -0.138876 0.068963 -0.037116
v -0.118764 0.054551 -0.023831
v -0.094355 0.038827 -0.000904
v -0.190416 0.107433 -0.102485
v -0.083832 0.151011 -0.205013
v -0.211561 0.140048 -0.078029
v -0.193925 0.117947 -0.073274
v 0.090195 0.357328 -0.269633
v 0.081949 0.252655 -0.254474
v 0.116403 0.259513 -0.252372
v 0.141146 0.306963 -0.249127
v -0.219067 0.192446 0.197504
v -0.228469 0.177722 0.168365
v -0.231577 0.169538 0.147520
v -0.270084 0.251376 0.158091
v -0.253451 0.240433 0.174766
v 0.208037 0.131843 0.148891
v 0.242283 0.176807 0.124237
v 0.257951 0.184551 0.089275
v 0.269169 0.191427 0.054580
v 0.265533 0.163406 0.012095
v 0.250024 0.134143 0.001438
v 0.073099 0.066132 0.193725
v 0.093522 0.083717 0.203343
v 0.086649 0.109201 0.230446
v 0.083283 0.447195 0.139115
v 0.066174 0.469307 0.101825
v 0.041039 0.478499 0.083341
v 0.042747 0.487830 0.032436
v 0.069413 0.489513 0.002815
v 0.094795 0.487294 -0.024012
v 0.134382 0.480092 -0.023292
v 0.174856 0.447877 0.055221
v 0.152028 0.446168 0.085738
v 0.128484 0.440160 0.118437
v 0.074597 0.423526 0.181243
v 0.048175 0.412441 0.208971
v 0.025960 0.407744 0.222940
v -0.015789 0.407268 0.230437
v -0.037296 0.418058 0.215347
v -0.049840 0.427414 0.198096
v -0.055269 0.447033 0.155086
v -0.034052 0.461639 0.126520
v -0.009984 0.473618 0.095530
v 0.169701 0.352758 0.185937
v 0.149301 0.383104 0.176873
v 0.139908 0.413501 0.149129
v 0.232460 0.404799 0.048639
v 0.255282 0.377640 0.041279
v 0.158316 0.312362 0.219446
v 0.128430 0.305335 0.243775
v 0.099634 0.298146 0.263710
v 0.058382 0.318552 0.278452
v 0.042490 0.344217 0.272337
v 0.034735 0.373195 0.254561
v 0.217665 0.205769 0.175484
v 0.214193 0.245434 0.182568
v 0.212367 0.284631 0.177845
v 0.276773 0.311705 0.044492
v 0.281852 0.234187 0.033724
v 0.092444 0.176629 0.263202
v 0.076283 0.219477 0.280854
v 0.097013 0.257895 0.271338
v 0.070012 0.450376 -0.176128
v 0.076232 0.447913 -0.208174
v 0.065110 0.459611 -0.219319
v -0.215330 0.330250 0.189805
v -0.224559 0.323971 0.189670
v -0.232011 0.356363 0.162665
v 0.148983 0.441163 -0.129873
v 0.124218 0.440478 -0.147153
v 0.139523 0.410304 -0.205022
v 0.183538 0.417787 -0.161104
v -0.147716 0.324382 0.250658
v -0.159115 0.314219 0.250869
v -0.208365 0.305160 0.213065
v -0.178795 0.348435 0.191962
v 0.231035 0.414527 -0.087457
v 0.215739 0.420497 -0.107931
v 0.200152 0.430258 -0.106153
v 0.211629 0.398422 -0.159373
v 0.227758 0.387161 -0.151660
v 0.243026 0.376182 -0.140971
v -0.065596 0.298245 0.299219
v -0.080156 0.285776 0.301381
v -0.091408 0.270007 0.302668
v -0.131722 0.288456 0.280974
v -0.154243 0.293408 0.265792
v -0.108543 0.326526 0.270476
v -0.070922 0.315240 0.289814
v 0.288866 0.345480 -0.050281
v 0.274596 0.373021 -0.050552
v 0.260810 0.390750 -0.057973
v 0.270333 0.346896 -0.122980
v 0.280557 0.331510 -0.115834
v -0.031109 0.292129 0.305621
v -0.018167 0.273134 0.311324
v -0.010020 0.257484 0.313371
v 0.289646 0.270179 -0.115589
v 0.294339 0.243029 -0.051467
v 0.297634 0.265843 -0.050818
v 0.297385 0.292003 -0.032982
v -0.000692 0.146965 0.288432
v -0.028454 0.118695 0.275899
v -0.042115 0.127411 0.283688
v -0.058256 0.162462 0.301817
v 0.277348 0.343999 0.020167
v 0.285448 0.337571 -0.002694
v 0.292645 0.328218 -0.028962
v 0.065983 0.135013 0.257917
v 0.034714 0.127068 0.265890
v 0.210010 0.441957 -0.005374
v 0.226545 0.429095 -0.029339
v 0.236653 0.417929 -0.046752
v -0.011663 0.374956 0.261143
v 0.136352 0.472073 -0.065601
v 0.153791 0.460646 -0.081710
v -0.100651 0.383601 0.223896
v 0.056544 0.460254 -0.138995
v 0.074946 0.451840 -0.154074
v -0.181003 0.379320 0.151283
v -0.170052 0.398786 0.129425
v -0.092496 0.425214 0.171698
v 0.013062 0.469570 -0.128191
v 0.014715 0.472700 -0.146973
v 0.001488 0.483801 -0.149898
v -0.187092 0.416529 0.091966
v -0.174495 0.409893 0.104617
v -0.011472 0.481427 0.040750
v -0.062209 0.468877 -0.059115
v -0.025349 0.472501 -0.075348
v 0.011912 0.471265 -0.103622
v -0.129245 0.441247 0.059028
v -0.126756 0.449422 0.017987
v -0.168403 0.448605 0.024805
v -0.180564 0.443543 0.051660
v -0.195744 0.438605 0.077688
v -0.087549 0.467649 -0.081660
v -0.149063 0.448581 -0.012938
v -0.119301 0.455066 -0.034371
v -0.125487 0.450963 -0.051587
v -0.132250 0.448812 -0.051806
v 0.136621 0.356969 -0.243583
v 0.144514 0.375874 -0.229383
v 0.127490 0.397961 -0.227220
v -0.223281 0.265623 0.210211
v -0.240545 0.249637 0.192791
v 0.209692 0.364195 -0.188717
v 0.185950 0.390542 -0.191065
v -0.180511 0.279779 0.249532
v -0.166984 0.250345 0.264159
v -0.174490 0.227547 0.256680
v 0.229688 0.306996 -0.193939
v 0.223388 0.327040 -0.192714
v 0.244529 0.306478 -0.180399
v 0.254287 0.357383 -0.139919
v -0.119086 0.235566 0.292933
v -0.125725 0.192861 0.286253
v -0.154289 0.196702 0.268328
v -0.163435 0.196017 0.260221
v 0.265599 0.287074 -0.162438
v 0.273515 0.271802 -0.153518
v 0.278139 0.252890 -0.144935
v -0.087429 0.146998 0.291817
v 0.034138 0.152122 -0.194746
v 0.023380 0.172573 -0.206835
v -0.149881 0.085157 0.050154
v -0.130666 0.070431 0.070924
v -0.090278 0.037069 0.023778
v -0.182627 0.114559 -0.020125
v 0.115713 0.170300 -0.213831
v 0.092580 0.214195 -0.238900
v 0.101394 0.138473 -0.181382
v 0.113757 0.148542 -0.191902
v 0.122490 0.154437 -0.199593
v -0.205995 0.131109 0.089398
v -0.207428 0.130322 0.105757
v -0.163544 0.081618 0.133798
v -0.090856 0.257725 -0.236292
v -0.105400 0.253647 -0.231753
v -0.118212 0.247037 -0.227802
v -0.092501 0.197695 -0.219829
v -0.074483 0.206494 -0.220903
v -0.041508 0.186631 -0.213664
v -0.201247 0.138035 -0.022019
v -0.246073 0.210199 -0.072405
v -0.245583 0.204200 -0.056087
v 0.265261 0.201205 -0.143233
v 0.250174 0.178365 -0.147076
v 0.232187 0.157438 -0.144581
v 0.208202 0.132313 -0.125887
v 0.205820 0.122151 -0.108910
v 0.228249 0.124834 -0.076711
v 0.269954 0.176959 -0.065290
v 0.010211 0.097871 0.250077
v -0.069302 0.065743 0.219784
v -0.073578 0.080388 0.243498
v -0.066993 0.099182 0.263209
v 0.225178 0.110691 -0.055242
v 0.044486 0.038371 0.166057
v 0.191129 0.142866 -0.176681
v 0.170796 0.143281 -0.188109
v 0.152410 0.149042 -0.199510
v 0.128218 0.113585 -0.148991
v 0.147357 0.110468 -0.137045
v 0.174249 0.109499 -0.119384
v -0.048147 0.042394 0.148252
v -0.070669 0.044521 0.125218
v -0.135824 0.061482 0.147644
v -0.124651 0.054669 0.165343
v -0.106859 0.052820 0.181569
v 0.347297 0.310811 -0.209252
v 0.353165 0.314530 -0.201623
v 0.326244 0.310564 -0.189968
v 0.311341 0.307960 -0.186209
v 0.298072 0.304602 -0.183473
v 0.286033 0.303391 -0.185753
v 0.284233 0.303458 -0.191448
v 0.278298 0.299083 -0.193829
v -0.141790 0.172099 0.311155
v -0.132388 0.176421 0.318483
v -0.141986 0.166733 0.378886
v -0.143368 0.165952 0.366354
v 0.398356 0.309943 -0.220079
v 0.376360 0.313668 -0.209221
v 0.363152 0.311545 -0.199688
v 0.393322 0.309122 -0.230538
v 0.403149 0.308144 -0.233188
v -0.157239 0.137485 0.437980
v -0.157331 0.139790 0.429527
v -0.162534 0.130148 0.427130
v -0.145946 0.148083 0.429116
v 0.418045 0.280097 -0.272516
v 0.413662 0.301087 -0.245395
v 0.400415 0.277797 -0.267909
v 0.410662 0.270530 -0.281298
v -0.176565 0.110639 0.434746
v -0.177921 0.102203 0.425764
v -0.170109 0.113543 0.425532
v -0.163116 0.124639 0.422669
v -0.162637 0.126606 0.447593
v -0.175247 0.110135 0.449798
v -0.182245 0.097218 0.450318
v 0.388153 0.218734 -0.307161
v 0.397648 0.237374 -0.300946
v 0.407508 0.254747 -0.292471
v 0.357192 0.210032 -0.300134
v -0.209141 0.028789 0.359915
v -0.204545 0.039918 0.374352
v -0.200441 0.050192 0.389203
v -0.195232 0.061837 0.401238
v -0.190520 0.074692 0.412056
v -0.208031 0.032365 0.398478
v 0.307728 0.169333 -0.300803
v 0.333210 0.176758 -0.305857
v 0.349311 0.185294 -0.308426
v 0.270270 0.176620 -0.291338
v 0.259164 0.172555 -0.290005
v 0.287487 0.169151 -0.297171
v -0.206824 0.020450 0.294602
v -0.206490 0.035764 0.261777
v -0.205633 0.036424 0.275148
v -0.204912 0.031421 0.312373
v -0.204898 0.031219 0.334154
v -0.203449 0.034865 0.354451
v -0.208696 0.016874 0.353911
v -0.206291 0.012578 0.330454
v -0.203916 0.013333 0.304346
v 0.206995 0.161396 -0.269352
v 0.222833 0.162362 -0.277059
v 0.265148 0.159580 -0.288343
v 0.216933 0.182982 -0.272014
v 0.188844 0.179244 -0.264113
v 0.181299 0.174084 -0.261016
v 0.183757 0.169431 -0.261746
v -0.195177 0.054985 0.193681
v -0.201224 0.056594 0.230736
v -0.202613 0.042370 0.268503
v -0.201816 0.028214 0.249633
v -0.199051 0.036974 0.225187
v -0.191597 0.042314 0.204922
v 0.265609 0.181774 -0.272678
v 0.220543 0.186304 -0.262298
v 0.210318 0.186588 -0.262213
v 0.202576 0.185602 -0.263293
v 0.339077 0.194214 -0.286707
v 0.322855 0.187960 -0.285045
v 0.305111 0.183857 -0.282266
v -0.192108 0.033370 0.316174
v -0.191992 0.032134 0.334450
v -0.191637 0.033553 0.351790
v 0.390029 0.258208 -0.271437
v 0.386920 0.247820 -0.273615
v 0.388687 0.244659 -0.269906
v 0.383521 0.233882 -0.276287
v 0.376079 0.222603 -0.281202
v 0.365927 0.213141 -0.285242
v -0.188306 0.044215 0.382577
v -0.185645 0.052844 0.394307
v -0.182119 0.062914 0.403847
v 0.381184 0.291095 -0.234304
v 0.380535 0.284174 -0.234763
v 0.383148 0.273916 -0.236991
v 0.389067 0.268487 -0.245311
v 0.391688 0.262455 -0.253952
v 0.391490 0.254290 -0.262310
v -0.172103 0.083918 0.415253
v -0.166093 0.093855 0.416627
v -0.159877 0.102581 0.414669
v 0.327222 0.294250 -0.208725
v 0.334268 0.280517 -0.211212
v -0.148291 0.117513 0.398758
v -0.144848 0.123817 0.387098
v -0.143233 0.132086 0.373997
v -0.144521 0.154956 0.358331
v -0.141549 0.139507 0.349770
v -0.141825 0.141905 0.339643
v -0.141653 0.140014 0.323381
v -0.143509 0.142510 0.300735
v -0.144426 0.150121 0.306635
v 0.118284 0.237033 -0.246778
v 0.140442 0.171873 -0.222504
v 0.147939 0.179345 -0.227895
v 0.158383 0.187108 -0.229162
v 0.157466 0.195424 -0.227145
v -0.180937 0.114953 0.177217
v -0.173707 0.095774 0.173404
v -0.168159 0.078985 0.148303
v -0.177804 0.079603 0.186705
v -0.192083 0.070783 0.199697
v -0.177695 0.057856 0.172308
v -0.159020 0.067944 0.149605
v 0.162492 0.262479 -0.234976
v 0.194846 0.287441 -0.217214
v -0.195381 0.139199 0.183964
v 0.262532 0.291300 -0.175489
v 0.259787 0.286403 -0.193760
v 0.278841 0.296745 -0.196054
v -0.142266 0.167025 0.281276
v -0.141184 0.172475 0.279815
v -0.137441 0.178750 0.281257
v -0.125893 0.173899 0.291514
v -0.128679 0.173408 0.299852
v -0.125371 0.173314 0.319604
v 0.215813 0.183253 -0.246537
v -0.170839 0.080502 0.194391
v -0.169331 0.075502 0.205043
v -0.166059 0.068826 0.217177
v 0.198331 0.200956 -0.214759
v -0.154893 0.094433 0.210525
v -0.156277 0.076101 0.230328
v -0.159744 0.067643 0.225115
v -0.162042 0.066128 0.222641
v -0.149264 0.083351 0.236390
v -0.152842 0.080347 0.233678
v -0.140103 0.093826 0.232113
v -0.141429 0.090473 0.234567
v 0.232426 0.234565 -0.199701
v 0.228217 0.241811 -0.199798
v 0.204334 0.219587 -0.205051
v -0.148146 0.112890 0.221586
v -0.144954 0.133178 0.250898
v -0.142152 0.125497 0.254401
v -0.140074 0.106019 0.233678
v 0.249935 0.252144 -0.199924
v 0.249747 0.267436 -0.197406
v 0.244367 0.270418 -0.196188
v -0.140278 0.120665 0.259432
v -0.143315 0.142559 0.275714
v -0.141657 0.131473 0.288712
v 0.222417 0.270208 -0.201539
v -0.156050 0.154519 0.246254
v -0.157871 0.176117 0.258373
v 0.291219 0.254931 -0.204059
v 0.301089 0.264760 -0.204701
v 0.298302 0.275956 -0.204713
v 0.264291 0.234595 -0.201351
v -0.137232 0.117141 0.287838
v 0.274525 0.237814 -0.203352
v 0.243905 0.208529 -0.198109
v 0.240011 0.195593 -0.211882
v 0.237953 0.200002 -0.201302
v -0.145656 0.085169 0.238437
v 0.227764 0.184499 -0.226853
v 0.242505 0.189431 -0.221429
v 0.243486 0.194723 -0.214207
v -0.154436 0.064839 0.242262
v -0.156487 0.068358 0.235133
v 0.225370 0.175787 -0.231879
v 0.230590 0.175575 -0.231228
v 0.235239 0.177415 -0.230265
v -0.161299 0.059870 0.229944
v -0.172193 0.056541 0.245479
v -0.177337 0.056459 0.245107
v 0.340534 0.268847 -0.211768
v -0.137131 0.120206 0.351779
v -0.138422 0.124082 0.364082
v -0.138416 0.114167 0.374356
v 0.389355 0.259186 -0.239209
v 0.388844 0.262477 -0.239178
v -0.144551 0.102362 0.396567
v -0.141493 0.107712 0.389532
v -0.152661 0.098807 0.411874
v 0.391718 0.234527 -0.269995
v -0.150034 0.095503 0.407487
v -0.174602 0.063356 0.410893
v -0.172378 0.062177 0.409780
v 0.381898 0.218606 -0.274233
v 0.353659 0.195386 -0.276134
v -0.184414 0.033051 0.372681
v -0.184829 0.031839 0.309992
v -0.182089 0.031013 0.312180
v -0.180439 0.034302 0.301135
v 0.295452 0.178059 -0.266625
v 0.261493 0.181712 -0.253682
v -0.174963 0.049526 0.269483
v -0.176582 0.035890 0.305817
v 0.254636 0.194018 -0.223511
v 0.247126 0.194745 -0.216127
v 0.246732 0.184493 -0.229628
v 0.265244 0.195784 -0.232214
v 0.264108 0.202247 -0.222518
v -0.161398 0.063735 0.277994
v -0.148249 0.079448 0.276483
v 0.278430 0.219624 -0.216718
v 0.277599 0.197742 -0.239822
v 0.286770 0.201834 -0.240406
v -0.160631 0.068428 0.310929
v -0.161595 0.065088 0.293166
v -0.150249 0.081673 0.290196
v 0.313874 0.211263 -0.245539
v 0.334134 0.214880 -0.253643
v -0.148898 0.097410 0.335932
v 0.343419 0.245333 -0.235688
v 0.333558 0.250168 -0.222453
v -0.161800 0.084302 0.378448
v -0.145824 0.105036 0.352367
v 0.315088 0.251697 -0.211817
v 0.319037 0.246706 -0.217937
v -0.142999 0.107215 0.332769
v -0.153447 0.096068 0.374229
v 0.288974 0.235880 -0.210736
v -0.138481 0.112017 0.303572
v 0.265447 0.220159 -0.206342
v 0.266285 0.210244 -0.215692
v 0.258427 0.185672 -0.244899
v 0.266920 0.192536 -0.239268
v -0.163545 0.059786 0.263649
v -0.167101 0.053569 0.314880
v -0.153503 0.091069 0.401308
v 0.308826 0.156221 -0.276356
v 0.285465 0.152533 -0.281351
v 0.276121 0.156091 -0.287336
v 0.199367 0.155271 -0.257167
v 0.221519 0.151291 -0.238370
v 0.298864 0.161716 -0.254669
v -0.148942 0.040853 0.243243
v -0.154493 0.040381 0.211311
v -0.160640 0.045179 0.189160
v -0.179922 0.044089 0.193248
v -0.198262 0.010734 0.294640
v -0.188315 0.009333 0.288276
v -0.179515 0.008619 0.310778
v 0.388778 0.194940 -0.300917
v 0.379567 0.194559 -0.307477
v 0.372070 0.197192 -0.309563
v 0.350174 0.173842 -0.274989
v -0.180592 0.018115 0.384839
v -0.175033 0.015853 0.361067
v -0.168090 0.016933 0.330175
v -0.205534 0.019944 0.390065
v -0.200325 0.017721 0.396427
v -0.195474 0.021125 0.406984
v 0.429231 0.258194 -0.281357
v 0.423577 0.259995 -0.285195
v 0.421104 0.266783 -0.282497
v 0.421892 0.228737 -0.289835
v 0.429204 0.244552 -0.284234
v -0.185579 0.045230 0.440729
v -0.187345 0.031500 0.423737
v -0.189118 0.076059 0.449686
v 0.422147 0.283683 -0.230370
v 0.420541 0.294618 -0.230855
v 0.433816 0.256285 -0.272050
v 0.434392 0.262553 -0.263413
v -0.175742 0.069916 0.456291
v -0.142465 0.112784 0.448446
v 0.351079 0.279253 -0.186121
v 0.365055 0.295756 -0.191874
v 0.359264 0.306031 -0.193664
v -0.122863 0.159673 0.381053
v -0.117437 0.153768 0.373671
v -0.114279 0.138648 0.372967
v 0.302098 0.268845 -0.170141
v 0.307758 0.286557 -0.173002
v 0.295466 0.294149 -0.175288
v -0.115539 0.117691 0.365173
v -0.119864 0.169208 0.327276
v -0.108623 0.155486 0.306797
v -0.107487 0.144869 0.324543
v 0.352612 0.233786 -0.209131
v 0.341020 0.206247 -0.225864
v 0.335340 0.183606 -0.246914
v 0.249337 0.175304 -0.203971
v 0.267372 0.197543 -0.190313
v 0.282424 0.222192 -0.178640
v -0.108307 0.104090 0.291176
v -0.116601 0.081427 0.271231
v -0.127959 0.061239 0.249546
v -0.152524 0.036209 0.340014
v -0.124959 0.089470 0.364920
v 0.418537 0.244671 -0.251518
v 0.413416 0.225999 -0.267712
v 0.414827 0.221418 -0.277927
v -0.174106 0.043412 0.430149
v 0.221625 0.157741 -0.204935
v 0.215911 0.155043 -0.190681
v 0.213176 0.151416 -0.175186
v -0.086585 0.378255 -0.263045
v -0.099513 0.371814 -0.257555
v -0.112244 0.367340 -0.249949
v -0.146300 0.390717 -0.225507
v -0.152402 0.393701 -0.215545
v -0.135040 0.364950 -0.229456
v -0.144241 0.367086 -0.217305
v -0.151520 0.371299 -0.204515
v -0.159128 0.385351 -0.179001
v -0.159142 0.404034 -0.195425
v -0.133696 0.441882 -0.132494
v -0.085824 0.479212 -0.143819
v -0.030838 0.461115 -0.226778
v -0.030817 0.450674 -0.238029
v -0.280543 0.429197 0.003225
v -0.118864 0.481178 -0.194702
v -0.267398 0.435405 -0.022414
v -0.145781 0.455720 -0.184509
v -0.147964 0.458635 -0.189680
v -0.275747 0.402297 -0.060876
v -0.149634 0.423097 -0.230546
v -0.124520 0.426212 -0.250301
v -0.111988 0.447989 -0.246099
v -0.308774 0.389807 -0.009007
v -0.128827 0.435938 -0.244365
v -0.147039 0.432128 -0.230898
v -0.154059 0.441652 -0.211710
v -0.146022 0.460349 -0.198817
v -0.275890 0.421531 -0.042557
v -0.128018 0.474853 -0.203386
v -0.276466 0.430161 -0.025440
v -0.111572 0.475203 -0.218584
v -0.288648 0.422911 -0.002315
v -0.300745 0.405959 -0.002494
v -0.300392 0.038274 -0.333043
v -0.304700 0.044487 -0.333972
v -0.235282 0.077229 -0.380310
v -0.240778 0.074211 -0.380079
v -0.375090 0.051294 -0.222584
v -0.218553 0.098956 -0.370164
v -0.230248 0.105853 -0.369905
v -0.202434 0.160456 -0.330436
v -0.215883 0.161962 -0.334016
v -0.225043 0.165552 -0.332739
v -0.283144 0.266429 -0.087012
v -0.313796 0.272777 -0.006457
v -0.311560 0.261382 -0.002968
v -0.328506 0.296419 0.087041
v -0.326803 0.351979 0.130455
v 0.030468 0.499080 -0.267904
v -0.319657 0.392448 0.132817
v -0.320584 0.381847 0.145570
v -0.005396 0.523211 -0.214151
v -0.058968 0.560040 -0.148890
v -0.232895 0.507240 0.060390
v -0.211346 0.526091 0.012398
v -0.213783 0.527646 0.024586
v -0.207748 0.530320 0.029544
v -0.197718 0.530621 0.038160
v -0.128142 0.533994 -0.100999
v -0.124349 0.503679 -0.140072
v -0.144292 0.510774 -0.124037
v -0.215220 0.488669 -0.039924
v -0.227585 0.493568 0.003228
v -0.087351 0.546831 -0.150247
v -0.035475 0.512041 -0.225937
v -0.046711 0.398226 -0.288935
v -0.325344 0.310117 0.045954
v -0.318067 0.298990 0.002060
v -0.311880 0.298158 -0.021093
v -0.177286 0.357245 -0.225211
v -0.164043 0.355855 -0.235581
v -0.174835 0.344001 -0.234774
v -0.295185 0.304018 -0.074577
v -0.202724 0.354222 -0.203136
v -0.190725 0.378111 -0.182170
v -0.190130 0.428173 -0.131446
v -0.186090 0.409951 -0.150104
v -0.289427 0.083354 -0.355712
v -0.358355 0.062332 -0.277685
v -0.362771 0.061670 -0.268779
v -0.283308 0.100022 -0.354747
v -0.275396 0.144544 -0.333174
v -0.293910 0.233458 -0.208199
v -0.300431 0.187884 -0.261170
v -0.314260 0.185940 -0.239860
v -0.292330 0.269958 -0.178842
v -0.240678 0.311886 -0.197978
v -0.240127 0.313457 -0.202448
v -0.236138 0.313299 -0.203693
v -0.235735 0.313815 -0.207075
v -0.286409 0.260943 -0.201123
v -0.282707 0.258977 -0.208038
v -0.272904 0.274712 -0.227126
v -0.243253 0.319087 -0.220677
v -0.277789 0.310181 -0.179462
v -0.247724 0.296048 -0.242047
v -0.250553 0.296483 -0.241663
v -0.298423 0.283677 -0.185361
v -0.296916 0.277956 -0.188451
v -0.260182 0.309841 -0.222852
v -0.286963 0.304623 -0.181665
v -0.291217 0.299355 -0.185219
v -0.224176 0.298736 -0.232620
v -0.280692 0.292497 -0.156854
v -0.233055 0.274379 -0.243851
v -0.292791 0.251958 -0.172339
v -0.298824 0.236193 -0.173802
v -0.186020 0.260604 -0.245439
v -0.281519 0.214004 -0.128746
v -0.273830 0.262267 -0.124029
v -0.319640 0.129129 -0.301779
v -0.302011 0.116671 -0.332816
v -0.298610 0.120721 -0.333418
v -0.347352 0.084040 -0.288961
v -0.317417 0.081045 -0.314052
v -0.315207 0.080415 -0.310291
v -0.335820 0.101539 -0.269609
v -0.328654 0.105826 -0.275961
v -0.332830 0.110172 -0.275188
v -0.295332 0.097278 -0.315370
v -0.330279 0.086271 -0.273569
v -0.226254 0.448152 -0.047008
v -0.291849 0.333756 -0.057728
v -0.028977 0.438666 -0.275967
v -0.035224 0.469579 -0.247883
v -0.047656 0.490975 -0.220862
v -0.057663 0.489189 -0.216819
v -0.261614 0.442678 0.028156
v -0.087067 0.492408 -0.193059
v -0.056885 0.477115 -0.226353
v -0.314434 0.341977 0.020989
v -0.116879 0.396128 -0.251830
v -0.308964 0.337478 -0.015262
v -0.166000 0.408792 -0.190342
v -0.163712 0.401498 -0.204376
v -0.140553 0.459927 -0.160286
v -0.165207 0.415119 -0.182657
v -0.159432 0.458829 -0.044623
v -0.165052 0.466054 -0.046265
v -0.153631 0.453227 -0.046198
v -0.150358 0.452483 -0.056729
v -0.086005 0.516842 -0.081881
v -0.075187 0.549578 -0.087412
v -0.067647 0.541082 -0.086274
v -0.177691 0.515255 0.048175
v -0.032575 0.549891 -0.133915
v -0.025397 0.535500 -0.126375
v -0.013109 0.520001 -0.145404
v -0.195375 0.483120 0.079858
v 0.004804 0.516128 -0.194401
v 0.016896 0.509300 -0.220076
v 0.024792 0.500921 -0.215502
v -0.251598 0.429288 0.119598
v -0.252435 0.441817 0.112109
v 0.058225 0.477912 -0.271238
v 0.064387 0.470063 -0.264574
v -0.290570 0.369500 0.164557
v -0.283533 0.380821 0.157597
v 0.064842 0.448625 -0.285343
v -0.307783 0.313774 0.158911
v -0.302389 0.330379 0.166363
v 0.033199 0.370326 -0.300604
v -0.294791 0.239979 0.086834
v -0.295860 0.247682 0.107447
v -0.291297 0.234038 -0.001604
v -0.172190 0.106404 -0.212952
v -0.162096 0.112247 -0.203921
v -0.195335 0.101037 -0.160238
v -0.203320 0.068042 -0.247727
v -0.259641 0.018176 -0.284618
v -0.231319 0.041578 -0.369441
v -0.247195 0.037593 -0.361637
v -0.346921 0.001312 -0.222247
v -0.202799 0.065455 -0.368098
v -0.209982 0.058044 -0.373526
v -0.204392 0.049589 -0.365139
v -0.338490 0.007740 -0.189632
v -0.345884 0.015216 -0.186010
v -0.191909 0.106310 -0.346740
v -0.251677 0.066338 -0.179724
v -0.190510 0.056455 -0.330677
v -0.195116 0.051444 -0.328139
v -0.309310 0.013526 -0.196488
v -0.143543 0.155936 -0.245705
v -0.246067 0.109795 -0.134297
v -0.252203 0.115819 -0.129435
v -0.231026 0.110851 -0.133357
v -0.241086 0.116256 -0.128409
v -0.175368 0.164902 -0.306030
v -0.162283 0.171191 -0.285177
v -0.266633 0.142596 -0.119174
v -0.257358 0.190965 -0.106960
v -0.253958 0.170342 -0.107334
v -0.143017 0.249907 -0.224188
v -0.248749 0.216608 -0.099620
v -0.252020 0.222954 -0.103029
v -0.268353 0.224598 -0.029328
v -0.263950 0.232049 -0.068296
v -0.264785 0.235610 -0.077346
v 0.164438 0.039001 0.047407
v 0.149712 0.028054 0.024171
v 0.163044 0.039092 -0.000618
v 0.130793 0.019564 0.006670
v 0.144735 0.031153 -0.017309
v 0.091109 0.013452 0.091125
v 0.078371 0.011432 -0.028589
v 0.102738 0.025754 -0.051635
v -0.034955 0.012328 0.013826
v -0.015950 0.008955 -0.005180
v 0.004525 0.006740 -0.014659
v -0.129391 0.063269 -0.056300
v -0.103945 0.045942 -0.032882
v -0.104892 0.052115 -0.069100
v -0.089477 0.050678 -0.086735
v -0.142879 0.107741 -0.178153
v -0.149485 0.109513 -0.182116
v -0.182692 0.101150 -0.116458
v -0.181270 0.101491 -0.138148
v -0.127235 0.168826 -0.226372
v -0.211700 0.128440 -0.099248
v -0.220377 0.134923 -0.102825
v -0.257374 0.201943 0.121716
v -0.235014 0.181510 0.157531
v -0.257417 0.208632 0.135608
v 0.233479 0.140997 0.110412
v 0.248271 0.149079 0.076749
v 0.219878 0.108831 0.094190
v 0.233807 0.117486 0.062393
v 0.216481 0.090366 0.047014
v 0.121783 0.086634 0.189442
v 0.150795 0.090308 0.171573
v 0.068080 0.483946 0.052279
v 0.093921 0.486026 0.022150
v 0.092837 0.474906 0.070445
v 0.117875 0.477469 0.039798
v 0.014761 0.422759 0.206941
v -0.008032 0.435489 0.191278
v -0.031401 0.443753 0.174015
v 0.038810 0.435652 0.180369
v 0.014989 0.449095 0.164050
v -0.009306 0.457907 0.146142
v 0.163909 0.421263 0.116176
v 0.185986 0.426779 0.082940
v 0.057668 0.386989 0.232987
v 0.084942 0.396868 0.208372
v 0.233961 0.294016 0.145044
v 0.251498 0.301661 0.110876
v 0.242033 0.254648 0.142100
v 0.258874 0.262201 0.107483
v 0.244924 0.214968 0.135181
v 0.261378 0.223354 0.100010
v 0.125877 0.265876 0.253879
v 0.156082 0.271631 0.232781
v 0.073924 0.451757 -0.221705
v -0.233524 0.329388 0.182679
v -0.224160 0.341409 0.176348
v 0.138834 0.428711 -0.171859
v -0.172841 0.319802 0.234831
v -0.184670 0.332110 0.209990
v 0.204376 0.418367 -0.135149
v 0.210265 0.410446 -0.143551
v 0.231315 0.401763 -0.125524
v 0.271711 0.361790 -0.104002
v 0.282915 0.344442 -0.097871
v 0.291109 0.238759 -0.088207
v 0.294269 0.274639 -0.101048
v 0.298702 0.291936 -0.075478
v 0.288113 0.235534 0.002629
v 0.283235 0.302383 0.028938
v 0.291075 0.262503 0.001613
v 0.292806 0.304645 -0.009788
v 0.266383 0.373110 0.017308
v 0.252409 0.397670 0.011551
v 0.275825 0.365096 -0.004551
v 0.263052 0.388538 -0.009424
v 0.190278 0.455946 -0.018266
v 0.169904 0.466313 -0.032625
v 0.158087 0.469095 -0.048471
v 0.212779 0.439357 -0.037944
v 0.175416 0.456562 -0.066714
v -0.080606 0.379180 0.241100
v -0.054943 0.383142 0.248287
v 0.110749 0.470499 -0.086628
v 0.089597 0.453110 -0.138207
v 0.041273 0.471537 -0.188515
v 0.033426 0.468184 -0.163090
v 0.053921 0.459984 -0.182064
v -0.195106 0.384523 0.137444
v -0.209571 0.389319 0.131377
v -0.020225 0.480058 -0.009599
v -0.046612 0.469202 0.078205
v -0.071918 0.464205 0.056658
v -0.066370 0.490860 -0.097200
v -0.050097 0.514576 -0.098392
v -0.172109 0.478470 0.048580
v -0.175137 0.457213 0.042004
v -0.168926 0.460388 0.026408
v -0.064861 0.473396 -0.095672
v -0.039343 0.478350 -0.113754
v -0.035892 0.473612 -0.106932
v -0.174421 0.428647 0.065473
v -0.112620 0.456243 -0.061556
v -0.138183 0.448154 -0.038052
v 0.096651 0.396453 -0.259619
v 0.117336 0.384396 -0.245952
v 0.113458 0.366896 -0.255653
v -0.267292 0.268185 0.170142
v -0.247315 0.297328 0.187634
v -0.261453 0.304913 0.179485
v 0.185974 0.347181 -0.215057
v 0.184356 0.370958 -0.205208
v 0.146921 0.394347 -0.215054
v -0.212416 0.285737 0.216977
v 0.209022 0.351552 -0.195655
v 0.233067 0.349086 -0.172484
v -0.133819 0.252329 0.285148
v -0.143048 0.235405 0.279723
v -0.149058 0.261372 0.275797
v 0.282639 0.302657 -0.125443
v 0.269079 0.294508 -0.150530
v 0.278389 0.316619 -0.127329
v 0.077781 0.176389 -0.213459
v -0.161226 0.087217 0.106356
v -0.070643 0.248630 -0.236192
v -0.100522 0.241170 -0.229585
v -0.110799 0.234063 -0.227596
v -0.058949 0.232740 -0.230735
v -0.087217 0.228511 -0.227248
v -0.078019 0.169713 -0.210573
v -0.058904 0.181779 -0.212567
v -0.202599 0.132705 -0.061098
v -0.122451 0.259100 -0.227077
v -0.247402 0.219380 -0.078273
v 0.230391 0.139505 -0.103176
v -0.031793 0.096954 0.257259
v 0.269117 0.168192 -0.014109
v 0.266780 0.164229 -0.032896
v 0.249541 0.134815 -0.025852
v 0.252942 0.144640 -0.048385
v 0.027068 0.069499 0.214219
v -0.060989 0.047852 0.159413
v -0.081362 0.049571 0.136619
v -0.075974 0.051247 0.167904
v -0.094342 0.053120 0.146468
v -0.114523 0.059688 0.127717
v 0.194326 0.081328 -0.065363
v 0.015884 0.025298 0.148592
v -0.139024 0.173874 0.350369
v 0.359608 0.315012 -0.206802
v 0.375793 0.314385 -0.214618
v -0.204282 0.046455 0.389601
v -0.207734 0.027809 0.327046
v -0.208422 0.018476 0.320286
v -0.209617 0.020011 0.344734
v 0.200787 0.175795 -0.271007
v -0.204784 0.041961 0.235862
v -0.200305 0.046671 0.213175
v -0.203342 0.037605 0.235846
v -0.197695 0.058463 0.235345
v -0.197947 0.033735 0.316724
v -0.197691 0.033309 0.336168
v -0.199190 0.035131 0.349506
v 0.380767 0.235814 -0.280205
v 0.372202 0.223544 -0.285188
v 0.391543 0.268186 -0.256802
v -0.150273 0.126498 0.399172
v -0.147637 0.136908 0.387544
v -0.151457 0.133421 0.400817
v -0.143886 0.152806 0.346377
v 0.137956 0.200445 -0.231699
v -0.184721 0.109565 0.165335
v 0.149065 0.168637 -0.228783
v 0.153393 0.176437 -0.232919
v 0.166174 0.175739 -0.248190
v -0.187965 0.068585 0.177705
v 0.156531 0.271122 -0.239590
v 0.257047 0.293147 -0.184951
v 0.266930 0.295964 -0.184829
v -0.141571 0.167875 0.289674
v 0.212181 0.204146 -0.207646
v 0.216643 0.201695 -0.209293
v 0.213680 0.199476 -0.213498
v -0.142346 0.132793 0.269413
v -0.144140 0.142375 0.264641
v 0.232198 0.283892 -0.196811
v -0.146608 0.172054 0.270974
v -0.167021 0.099359 0.184995
v 0.238078 0.212516 -0.197053
v -0.135147 0.088345 0.241477
v -0.133823 0.090774 0.240199
v 0.237884 0.191926 -0.218652
v -0.151948 0.069762 0.244546
v -0.149024 0.073994 0.245784
v -0.157795 0.059507 0.232843
v 0.377612 0.263938 -0.228239
v 0.366405 0.266124 -0.221730
v -0.138964 0.117241 0.376384
v -0.145017 0.105972 0.400119
v 0.395272 0.252878 -0.253511
v -0.162653 0.079470 0.415919
v -0.162598 0.084260 0.417218
v -0.168324 0.075115 0.416085
v -0.178635 0.053877 0.403762
v -0.181572 0.044908 0.394292
v 0.321451 0.180443 -0.276314
v 0.337362 0.184981 -0.279420
v -0.151198 0.070138 0.262682
v -0.158673 0.069374 0.291324
v 0.275644 0.232279 -0.205854
v -0.133995 0.090118 0.256771
v -0.135311 0.086765 0.254400
v 0.248817 0.183431 -0.238376
v -0.157303 0.059044 0.244979
v 0.270159 0.190490 -0.244401
v -0.172384 0.041855 0.331629
v 0.366789 0.258684 -0.224942
v -0.142805 0.104817 0.387372
v 0.260225 0.150322 -0.272651
v 0.229379 0.150186 -0.260727
v -0.188340 0.032907 0.219358
v -0.174588 0.015097 0.277329
v -0.192387 0.024149 0.242468
v 0.356735 0.181597 -0.306904
v 0.357342 0.177050 -0.303104
v 0.334946 0.165868 -0.297226
v -0.184296 0.006672 0.336884
v -0.201326 0.008414 0.321499
v -0.189176 0.008085 0.362600
v 0.391623 0.211742 -0.307627
v 0.419477 0.242429 -0.294416
v 0.398791 0.209907 -0.304912
v 0.403420 0.209941 -0.301349
v -0.195986 0.028769 0.419319
v -0.195628 0.041651 0.433310
v -0.200383 0.043761 0.428373
v 0.426270 0.286825 -0.258911
v 0.425211 0.275770 -0.272910
v 0.431349 0.280001 -0.259129
v 0.430058 0.270204 -0.272661
v -0.155071 0.104988 0.458116
v -0.156828 0.114980 0.456701
v 0.376670 0.307095 -0.201517
v 0.393015 0.307034 -0.210925
v 0.403286 0.305871 -0.218705
v 0.382651 0.297222 -0.200278
v 0.399078 0.297769 -0.210226
v -0.133554 0.120127 0.435296
v -0.135082 0.133846 0.435278
v -0.126076 0.126358 0.418454
v -0.128143 0.140878 0.419018
v -0.132679 0.150837 0.416328
v 0.318002 0.300593 -0.180151
v 0.339835 0.293101 -0.182252
v -0.121451 0.167182 0.354277
v -0.113777 0.158837 0.342203
v 0.378401 0.238564 -0.221589
v 0.401860 0.244918 -0.234476
v 0.376202 0.220482 -0.236104
v 0.395275 0.226600 -0.246298
v 0.364311 0.195508 -0.254450
v 0.377249 0.196989 -0.265613
v -0.141269 0.080762 0.418549
v 0.428581 0.240418 -0.272447
v -0.170405 0.059483 0.447898
v 0.274520 0.270781 -0.160832
v 0.275820 0.284890 -0.171227
v -0.113893 0.165763 0.294352
v -0.108270 0.157726 0.298063
v -0.104574 0.156200 0.294953
v 0.267111 0.208870 -0.157566
v 0.270823 0.214397 -0.167212
v 0.275666 0.218478 -0.172997
v 0.252378 0.186261 -0.163838
v 0.255912 0.191338 -0.175524
v -0.118131 0.064370 0.239231
v -0.108179 0.087767 0.268427
v -0.101913 0.103598 0.280447
v -0.105952 0.065841 0.231688
v -0.093449 0.102167 0.272626
v 0.159798 0.152214 -0.212733
v 0.175425 0.147076 -0.202906
v 0.194014 0.146819 -0.192436
v 0.178650 0.155330 -0.240422
v 0.185137 0.150586 -0.226481
v 0.198613 0.149479 -0.208120
v -0.140470 0.047053 0.197630
v -0.142782 0.051421 0.175532
v -0.063770 0.438736 -0.253228
v -0.089423 0.446223 -0.249435
v -0.106832 0.427166 -0.254258
v -0.076363 0.403524 -0.264815
v -0.066687 0.412985 -0.263641
v -0.058424 0.423200 -0.260306
v -0.053264 0.431031 -0.256431
v -0.302742 0.355626 0.043517
v -0.309719 0.340821 -0.003552
v -0.035932 0.430121 -0.254070
v -0.048196 0.373669 -0.268185
v -0.035503 0.385604 -0.267511
v -0.024529 0.398606 -0.263983
v -0.015659 0.412205 -0.257740
v -0.291539 0.328820 0.073951
v -0.296092 0.316525 0.062519
v -0.298661 0.306064 0.048884
v -0.299143 0.297820 0.033528
v -0.106503 0.344214 -0.242854
v -0.091976 0.348280 -0.252975
v -0.076993 0.354705 -0.260755
v -0.062197 0.363253 -0.265908
v -0.297465 0.292142 0.016955
v -0.293676 0.289213 -0.000239
v -0.287940 0.289049 -0.017366
v -0.280453 0.291637 -0.033714
v -0.286916 0.315848 -0.044904
v -0.291802 0.328625 -0.045679
v -0.296617 0.326242 -0.036975
v -0.301942 0.324780 -0.024250
v -0.305889 0.325470 -0.010952
v -0.308284 0.328310 0.002283
v -0.134093 0.408921 -0.241101
v -0.154593 0.416922 -0.213012
v -0.286471 0.332315 -0.053786
v -0.278539 0.338764 -0.062993
v -0.270045 0.346797 -0.070179
v -0.261363 0.356027 -0.075009
v -0.148965 0.353476 -0.187338
v -0.141584 0.347466 -0.202357
v -0.131782 0.343830 -0.217023
v -0.119948 0.342712 -0.230718
v -0.271437 0.296925 -0.048582
v -0.261227 0.304705 -0.061391
v -0.250267 0.314617 -0.071688
v -0.239025 0.326254 -0.079058
v -0.250367 0.349094 -0.078794
v -0.159697 0.394224 -0.189249
v -0.158622 0.416414 -0.174699
v -0.155389 0.422327 -0.162301
v -0.153021 0.418389 -0.150352
v -0.150414 0.396552 -0.134845
v -0.154194 0.383581 -0.145866
v -0.155329 0.371842 -0.158579
v -0.153591 0.361690 -0.172566
v -0.227959 0.339212 -0.083152
v -0.217489 0.353054 -0.083844
v -0.207996 0.367319 -0.081180
v -0.199838 0.381617 -0.075415
v -0.220296 0.398052 -0.069472
v -0.236016 0.394437 -0.071188
v -0.258272 0.410521 -0.056342
v -0.139611 0.449835 -0.153235
v -0.144671 0.440339 -0.151100
v -0.230978 0.409622 -0.061289
v -0.224514 0.416213 -0.055171
v -0.117849 0.463420 -0.139243
v -0.112038 0.450550 -0.115713
v -0.124451 0.437882 -0.116323
v -0.135231 0.424241 -0.119835
v -0.144001 0.410260 -0.126078
v -0.193439 0.395319 -0.066638
v -0.188998 0.407990 -0.055195
v -0.186637 0.419086 -0.041563
v -0.186449 0.428060 -0.026254
v -0.213201 0.434635 -0.024860
v -0.070218 0.485926 -0.165140
v -0.054948 0.481809 -0.141680
v -0.069276 0.477556 -0.131437
v -0.083943 0.470752 -0.123466
v -0.098379 0.461653 -0.118124
v -0.188488 0.434420 -0.009794
v -0.192663 0.437895 0.007240
v -0.198735 0.438431 0.024207
v -0.206428 0.436026 0.040442
v -0.232866 0.436753 0.030469
v -0.264653 0.433370 0.000621
v -0.101649 0.481984 -0.201264
v -0.270896 0.408470 0.053475
v -0.280220 0.406195 0.043620
v -0.289236 0.411081 0.021158
v -0.282711 0.417168 0.021310
v -0.011682 0.471393 -0.196674
v -0.019425 0.477949 -0.181849
v -0.029525 0.481969 -0.167382
v -0.041523 0.483296 -0.153816
v -0.215447 0.430724 0.055293
v -0.225453 0.422742 0.068181
v -0.236070 0.412458 0.078621
v -0.246921 0.400284 0.086151
v -0.268196 0.399103 0.067828
v -0.046366 0.468074 -0.223526
v -0.045172 0.459316 -0.234002
v -0.046218 0.449496 -0.243486
v -0.048693 0.438742 -0.251630
v -0.009261 0.425897 -0.248977
v -0.005553 0.439217 -0.237988
v -0.004670 0.451597 -0.225266
v -0.006701 0.462493 -0.211322
v -0.257629 0.386645 0.090367
v -0.267819 0.372059 0.091118
v -0.277114 0.357137 0.088510
v -0.285141 0.342512 0.082714
v -0.094449 0.476455 -0.223595
v -0.100348 0.456598 -0.244203
v -0.293028 0.417293 0.006804
v -0.291483 0.417322 0.012055
v -0.108489 0.481795 -0.195854
v -0.287239 0.424030 0.005141
v -0.282618 0.428948 -0.000896
v -0.277330 0.432867 -0.009892
v -0.277721 0.431988 -0.001496
v -0.271401 0.432003 0.000501
v -0.134901 0.468591 -0.183640
v -0.273675 0.433868 -0.019988
v -0.269190 0.433798 -0.028056
v -0.152113 0.446059 -0.189649
v -0.268742 0.428389 -0.039694
v -0.269103 0.424285 -0.045550
v -0.269410 0.420474 -0.049763
v -0.272958 0.411836 -0.056270
v -0.155944 0.427156 -0.217944
v -0.157515 0.438772 -0.205860
v -0.278689 0.402172 -0.060134
v -0.149293 0.427629 -0.230571
v -0.153081 0.427051 -0.225087
v -0.156715 0.431651 -0.215700
v -0.121727 0.431765 -0.250618
v -0.128070 0.429197 -0.248213
v -0.133754 0.426498 -0.245280
v -0.142717 0.426093 -0.238153
v -0.311098 0.365426 -0.008668
v -0.104821 0.446577 -0.250050
v -0.112606 0.438035 -0.252064
v -0.117649 0.454676 -0.236999
v -0.128393 0.446884 -0.236330
v -0.309517 0.382324 -0.022597
v -0.304558 0.395886 -0.016387
v -0.138588 0.437633 -0.235322
v -0.302909 0.379953 -0.044636
v -0.290720 0.399688 -0.048575
v -0.140913 0.454944 -0.215198
v -0.275261 0.415469 -0.050870
v -0.286808 0.403433 -0.050613
v -0.293485 0.402180 -0.039963
v -0.130759 0.465126 -0.214778
v -0.119803 0.464162 -0.225922
v -0.293244 0.414710 -0.013973
v -0.295444 0.032169 -0.330897
v -0.279072 0.036657 -0.345754
v -0.304259 0.060241 -0.341303
v -0.321466 0.054496 -0.323270
v -0.329482 0.045073 -0.310630
v -0.317450 0.040880 -0.320544
v -0.313686 0.034599 -0.319268
v -0.309041 0.028445 -0.317036
v -0.261209 0.041497 -0.360115
v -0.247052 0.041693 -0.366320
v -0.237551 0.045224 -0.372400
v -0.233932 0.052087 -0.377817
v -0.267165 0.071543 -0.370605
v -0.273520 0.069339 -0.366774
v -0.289730 0.067794 -0.355269
v -0.224364 0.053300 -0.378144
v -0.216628 0.083058 -0.374986
v -0.256075 0.095683 -0.370517
v -0.262593 0.080118 -0.372143
v -0.372665 0.067627 -0.228990
v -0.373381 0.065652 -0.222343
v -0.374080 0.050945 -0.210755
v -0.371307 0.048446 -0.201652
v -0.366319 0.029607 -0.195888
v -0.364083 0.019694 -0.197579
v -0.368017 0.016830 -0.207862
v -0.364195 0.010950 -0.209621
v -0.216144 0.136478 -0.350167
v -0.254298 0.126861 -0.355621
v -0.257579 0.115011 -0.361239
v -0.369449 0.083378 -0.224878
v -0.366663 0.092780 -0.217581
v -0.355790 0.094458 -0.182093
v -0.349760 0.071996 -0.173259
v -0.359877 0.043901 -0.185502
v -0.187154 0.187565 -0.305225
v -0.236670 0.172661 -0.326743
v -0.244681 0.142583 -0.347596
v -0.319291 0.147620 -0.146307
v -0.329150 0.117944 -0.153630
v -0.195594 0.322195 -0.228487
v -0.183474 0.307597 -0.233120
v -0.150061 0.275739 -0.233125
v -0.135101 0.281861 -0.240958
v -0.100918 0.307489 -0.268360
v -0.107608 0.332123 -0.271520
v -0.281996 0.306091 -0.120841
v -0.291109 0.298650 -0.089035
v -0.309153 0.284802 -0.028870
v -0.272157 0.241979 -0.075269
v -0.280443 0.296549 -0.126473
v -0.028032 0.348296 -0.301205
v -0.042725 0.351839 -0.298934
v -0.048985 0.360951 -0.297182
v -0.059282 0.366672 -0.292921
v -0.080518 0.355780 -0.284734
v -0.105327 0.345953 -0.273210
v -0.324049 0.287881 0.028802
v -0.311391 0.247939 0.032549
v -0.306097 0.244469 0.012759
v -0.300823 0.243864 -0.007433
v -0.291139 0.242618 -0.032871
v 0.031500 0.394651 -0.305400
v -0.328840 0.308497 0.085658
v -0.327565 0.313541 0.119225
v -0.325263 0.300685 0.123246
v -0.321287 0.285316 0.121825
v -0.318405 0.265000 0.095530
v -0.317387 0.257701 0.074601
v -0.315184 0.252291 0.053282
v 0.044171 0.411820 -0.302703
v 0.050452 0.432695 -0.298795
v 0.052289 0.451672 -0.294123
v 0.056504 0.463454 -0.287648
v 0.047418 0.474981 -0.286499
v 0.040170 0.474150 -0.288268
v 0.016107 0.475827 -0.283342
v 0.009293 0.449910 -0.290504
v -0.316863 0.350717 0.161188
v -0.318422 0.331801 0.156605
v 0.053812 0.477948 -0.280149
v 0.048656 0.488142 -0.271368
v 0.004530 0.509304 -0.253314
v -0.009101 0.508319 -0.250640
v -0.005173 0.501160 -0.259242
v 0.008925 0.493328 -0.272207
v 0.008182 0.486187 -0.275468
v -0.305011 0.417353 0.118456
v -0.305498 0.387680 0.154657
v -0.308998 0.380221 0.158469
v 0.010367 0.514091 -0.222607
v -0.022984 0.537722 -0.180445
v -0.030252 0.538576 -0.188117
v -0.036737 0.536503 -0.195926
v -0.027875 0.518223 -0.228325
v -0.265258 0.469054 0.079685
v -0.256257 0.472500 0.084951
v -0.252869 0.464821 0.094917
v -0.052186 0.563253 -0.120895
v -0.056742 0.565291 -0.123415
v -0.215030 0.521003 0.054804
v -0.209408 0.519070 0.060222
v -0.060996 0.566040 -0.113906
v -0.066941 0.563302 -0.101569
v -0.103222 0.548180 -0.091010
v -0.110513 0.550021 -0.098456
v -0.120173 0.545254 -0.115556
v -0.108182 0.551952 -0.124462
v -0.092868 0.556922 -0.135504
v -0.203797 0.525462 0.002684
v -0.193508 0.524898 0.001159
v -0.184447 0.523623 0.006580
v -0.184306 0.526903 0.018011
v -0.184537 0.527182 0.034374
v -0.192886 0.525345 0.050029
v -0.117158 0.526055 -0.087191
v -0.144673 0.500995 -0.093504
v -0.154952 0.495517 -0.098679
v -0.160901 0.494864 -0.105738
v -0.211114 0.498883 -0.034519
v -0.209039 0.483458 -0.056627
v -0.188522 0.489901 -0.048398
v -0.179977 0.487282 -0.042902
v -0.176696 0.506483 -0.012138
v -0.147382 0.486497 -0.088597
v -0.154538 0.478078 -0.086860
v -0.162732 0.473471 -0.085262
v -0.167763 0.470226 -0.080935
v -0.183543 0.471744 -0.094143
v -0.192049 0.466209 -0.097343
v -0.201941 0.466326 -0.085083
v -0.193748 0.460867 -0.103224
v -0.172039 0.469561 -0.075383
v -0.222238 0.465641 -0.035951
v -0.090853 0.514762 -0.162066
v -0.229906 0.511339 0.024748
v -0.241785 0.469873 0.020108
v -0.235087 0.470654 0.007289
v -0.230591 0.474362 -0.001065
v -0.075871 0.507167 -0.183130
v -0.064690 0.502124 -0.197978
v -0.254854 0.483610 0.050538
v -0.257977 0.450943 0.035581
v -0.242779 0.464319 0.018247
v -0.054108 0.502026 -0.208535
v -0.027587 0.487826 -0.241448
v -0.014454 0.499308 -0.252755
v -0.306733 0.415766 0.101853
v -0.297163 0.402685 0.081567
v -0.018079 0.474114 -0.257524
v -0.025119 0.474212 -0.250473
v -0.016070 0.455811 -0.272070
v 0.003324 0.470395 -0.278963
v -0.320121 0.370169 0.105322
v -0.301301 0.391090 0.081764
v -0.299928 0.395192 0.082373
v -0.019969 0.415083 -0.293356
v -0.314642 0.367849 0.088641
v -0.055294 0.407913 -0.280345
v -0.066978 0.399007 -0.278650
v -0.063023 0.379205 -0.288536
v -0.320595 0.330962 0.044817
v -0.122456 0.369926 -0.257271
v -0.144606 0.371485 -0.239368
v -0.203453 0.337269 -0.219621
v -0.277263 0.316322 -0.128994
v -0.273116 0.343804 -0.091923
v -0.221893 0.351737 -0.164604
v -0.211618 0.337657 -0.211477
v -0.271976 0.319224 -0.138797
v -0.229404 0.347735 -0.157077
v -0.229016 0.366861 -0.130198
v -0.240204 0.376154 -0.103239
v -0.262975 0.357646 -0.093808
v -0.150485 0.474133 -0.138330
v -0.189822 0.459649 -0.110812
v -0.171062 0.456420 -0.132753
v -0.167893 0.452457 -0.138227
v -0.221812 0.438690 -0.068959
v -0.200717 0.410189 -0.129917
v -0.209353 0.396669 -0.128004
v -0.216606 0.377363 -0.135784
v -0.212453 0.367538 -0.155467
v -0.328864 0.068992 -0.319225
v -0.343459 0.073815 -0.301091
v -0.349049 0.069893 -0.293294
v -0.352053 0.061665 -0.287836
v -0.356581 0.053753 -0.278838
v -0.360465 0.045112 -0.269315
v -0.284661 0.090030 -0.357369
v -0.308259 0.090135 -0.339466
v -0.313573 0.082391 -0.335680
v -0.352829 0.074959 -0.286872
v -0.355266 0.080495 -0.280826
v -0.357203 0.086405 -0.273676
v -0.365100 0.094444 -0.236120
v -0.234027 0.215769 -0.292119
v -0.247536 0.219680 -0.283293
v -0.257753 0.216369 -0.279858
v -0.268050 0.214077 -0.273332
v -0.356838 0.119573 -0.216880
v -0.349835 0.134090 -0.223974
v -0.347844 0.133647 -0.237128
v -0.322847 0.191134 -0.193215
v -0.326319 0.183264 -0.186775
v -0.292464 0.143440 -0.320719
v -0.251379 0.260351 -0.241730
v -0.265019 0.252890 -0.233203
v -0.277498 0.244814 -0.223371
v -0.272531 0.241637 -0.234694
v -0.285057 0.210806 -0.256301
v -0.274569 0.218820 -0.260597
v -0.304279 0.208194 -0.227173
v -0.288805 0.249802 -0.197521
v -0.292955 0.243229 -0.194582
v -0.297979 0.231926 -0.199924
v -0.279588 0.178785 -0.298462
v -0.320460 0.133455 -0.296482
v -0.234045 0.284103 -0.239632
v -0.235246 0.295729 -0.236775
v -0.241455 0.299867 -0.239883
v -0.243581 0.296337 -0.241358
v -0.246289 0.290943 -0.241723
v -0.253492 0.283522 -0.239603
v -0.253766 0.273459 -0.236891
v -0.288730 0.256631 -0.192810
v -0.295494 0.273371 -0.187788
v -0.230045 0.310543 -0.218061
v -0.231749 0.312368 -0.216079
v -0.235512 0.315532 -0.222346
v -0.294386 0.286773 -0.172684
v -0.280988 0.301679 -0.166918
v -0.244394 0.310219 -0.190760
v -0.244298 0.316982 -0.206321
v -0.241127 0.318359 -0.210236
v -0.237967 0.317467 -0.212534
v -0.277680 0.304395 -0.167890
v -0.252456 0.307838 -0.181015
v -0.252930 0.303747 -0.190550
v -0.263762 0.306479 -0.198579
v -0.261676 0.307206 -0.200404
v -0.277543 0.261094 -0.217655
v -0.273968 0.251439 -0.222768
v -0.265427 0.274086 -0.232347
v -0.289847 0.268278 -0.200870
v -0.271839 0.284028 -0.227249
v -0.269100 0.307491 -0.204889
v -0.272997 0.305333 -0.205844
v -0.268214 0.307402 -0.211611
v -0.257618 0.314594 -0.214776
v -0.254247 0.316713 -0.211768
v -0.253201 0.316402 -0.208659
v -0.252377 0.316947 -0.218406
v -0.240563 0.318203 -0.222773
v -0.286421 0.304454 -0.173718
v -0.283712 0.307198 -0.176449
v -0.281396 0.308408 -0.182066
v -0.250654 0.313635 -0.228443
v -0.253208 0.310046 -0.231440
v -0.251548 0.306393 -0.236719
v -0.245526 0.302190 -0.240588
v -0.295291 0.294450 -0.183121
v -0.268026 0.305264 -0.217215
v -0.242926 0.319934 -0.175332
v -0.246898 0.310706 -0.183403
v -0.225518 0.320116 -0.213366
v -0.276070 0.308902 -0.144659
v -0.228432 0.290609 -0.236857
v -0.209285 0.293422 -0.235265
v -0.215245 0.303486 -0.231237
v -0.279848 0.297730 -0.139997
v -0.286573 0.273645 -0.159166
v -0.212639 0.262179 -0.253841
v -0.206759 0.278939 -0.242152
v -0.295132 0.243948 -0.182616
v -0.219566 0.244290 -0.269083
v -0.304483 0.223229 -0.170167
v -0.171777 0.217956 -0.271641
v -0.302179 0.219126 -0.158644
v -0.284423 0.218177 -0.133180
v -0.293603 0.182653 -0.129499
v -0.174572 0.259825 -0.238832
v -0.285149 0.250201 -0.145528
v -0.280135 0.243555 -0.136255
v -0.271560 0.207008 -0.118432
v -0.159042 0.263490 -0.229206
v -0.162803 0.278759 -0.232228
v -0.262493 0.229406 -0.114560
v -0.266418 0.225107 -0.117725
v -0.303803 0.128870 -0.321331
v -0.326311 0.122860 -0.295253
v -0.320544 0.120043 -0.299078
v -0.339337 0.116204 -0.275725
v -0.335383 0.117660 -0.280696
v -0.306048 0.108583 -0.330034
v -0.303598 0.124791 -0.320354
v -0.304027 0.114758 -0.327980
v -0.343323 0.112770 -0.272574
v -0.319333 0.086137 -0.326790
v -0.343935 0.084253 -0.288169
v -0.331353 0.078899 -0.311284
v -0.332647 0.078274 -0.312418
v -0.334239 0.076657 -0.311967
v -0.320214 0.084800 -0.322216
v -0.323268 0.082454 -0.319325
v -0.326244 0.080354 -0.314944
v -0.317750 0.079352 -0.303303
v -0.331085 0.078459 -0.307907
v -0.303799 0.087507 -0.314770
v -0.327217 0.079219 -0.287565
v -0.329930 0.080125 -0.283285
v -0.331539 0.082764 -0.277664
v -0.334665 0.084279 -0.276969
v -0.335329 0.088262 -0.273002
v -0.294724 0.107289 -0.314297
v -0.294061 0.103636 -0.316445
v -0.331623 0.103098 -0.271522
v -0.316173 0.099608 -0.289299
v -0.321123 0.080712 -0.293043
v -0.296345 0.101093 -0.311895
v -0.328883 0.088463 -0.273781
v -0.164475 0.431337 -0.166874
v -0.253186 0.387170 -0.080586
v -0.236171 0.405313 -0.082369
v -0.160660 0.445222 -0.154616
v -0.161439 0.450522 -0.146885
v -0.223413 0.422664 -0.083725
v -0.134735 0.476280 -0.154326
v -0.223584 0.455167 -0.044029
v -0.170368 0.383568 -0.205984
v -0.265244 0.372916 -0.080371
v -0.269972 0.358777 -0.081138
v -0.270319 0.351741 -0.086632
v -0.115491 0.393181 -0.257332
v -0.131503 0.389160 -0.246496
v -0.317599 0.319552 0.013199
v -0.315883 0.345858 0.037711
v -0.312619 0.359863 0.057449
v -0.303456 0.381278 0.067056
v -0.298523 0.389685 0.064699
v -0.294553 0.398469 0.062932
v -0.072205 0.490922 -0.208355
v -0.263616 0.441761 0.036445
v -0.266002 0.440956 0.042832
v -0.096419 0.508384 -0.159956
v -0.263869 0.440408 0.021688
v -0.248161 0.449616 0.005861
v -0.111327 0.502903 -0.150283
v -0.099803 0.494458 -0.172510
v -0.117860 0.488180 -0.160739
v -0.138154 0.468180 -0.157640
v -0.126072 0.471162 -0.162908
v -0.122272 0.475302 -0.164273
v -0.118531 0.478868 -0.166002
v -0.114720 0.481762 -0.168052
v -0.235920 0.438630 -0.040096
v -0.096274 0.490141 -0.181221
v -0.096561 0.493249 -0.178424
v -0.111747 0.483425 -0.169803
v -0.251833 0.440891 0.003941
v -0.249181 0.442200 -0.000783
v -0.246967 0.442935 -0.005499
v -0.245493 0.443000 -0.009000
v -0.252791 0.446028 0.009413
v -0.080983 0.489547 -0.201938
v -0.080151 0.485357 -0.201602
v -0.269407 0.428154 0.025942
v -0.259371 0.436641 0.013981
v -0.255275 0.439036 0.008901
v -0.271786 0.433635 0.029305
v -0.071944 0.481889 -0.210181
v -0.064436 0.477738 -0.217482
v -0.057031 0.472830 -0.224719
v -0.050861 0.467740 -0.231376
v -0.285431 0.400217 0.050357
v -0.281408 0.408624 0.044286
v -0.277162 0.416797 0.037381
v -0.273996 0.422033 0.032402
v -0.046827 0.463012 -0.237010
v -0.045172 0.459748 -0.240540
v -0.297469 0.375666 0.056733
v -0.294908 0.380760 0.057534
v -0.292113 0.386277 0.056968
v -0.288978 0.392669 0.054682
v -0.060256 0.425720 -0.266679
v -0.046518 0.445119 -0.252552
v -0.049094 0.440131 -0.255349
v -0.051788 0.436230 -0.257077
v -0.056640 0.430717 -0.258912
v -0.305733 0.355428 0.040573
v -0.304281 0.359914 0.046496
v -0.091272 0.406257 -0.261295
v -0.063068 0.424868 -0.260040
v -0.072962 0.417381 -0.260383
v -0.079901 0.412892 -0.259936
v -0.307056 0.342238 0.005989
v -0.306769 0.351209 0.032962
v -0.125423 0.395110 -0.244904
v -0.097481 0.403276 -0.256682
v -0.105756 0.399745 -0.253730
v -0.113738 0.397346 -0.249695
v -0.121603 0.396060 -0.244394
v -0.297463 0.342906 -0.032957
v -0.301129 0.340707 -0.024394
v -0.303837 0.339875 -0.015578
v -0.305723 0.340331 -0.006313
v -0.298558 0.342768 -0.036758
v -0.158392 0.398898 -0.213333
v -0.129490 0.395894 -0.237724
v -0.137227 0.396721 -0.229928
v -0.146048 0.398769 -0.219414
v -0.150233 0.400303 -0.213413
v -0.275168 0.362542 -0.063205
v -0.282709 0.355509 -0.055334
v -0.287215 0.351387 -0.049597
v -0.292770 0.346543 -0.041413
v -0.162362 0.412215 -0.186599
v -0.167837 0.411496 -0.184851
v -0.154480 0.402521 -0.205963
v -0.156990 0.404842 -0.199508
v -0.257290 0.379293 -0.071432
v -0.261196 0.375413 -0.071216
v -0.264447 0.372420 -0.070268
v -0.269532 0.367746 -0.067634
v -0.259269 0.380007 -0.079745
v -0.259405 0.379470 -0.076151
v -0.142605 0.450134 -0.162763
v -0.237065 0.428595 -0.040289
v -0.237128 0.424630 -0.045335
v -0.237418 0.421477 -0.048769
v -0.149855 0.435806 -0.168194
v -0.147691 0.440860 -0.165833
v -0.144959 0.446232 -0.163815
v -0.246084 0.399571 -0.069367
v -0.155157 0.421128 -0.177398
v -0.152385 0.429074 -0.172006
v -0.253798 0.383148 -0.070810
v -0.161988 0.464681 -0.072760
v -0.137235 0.487416 -0.085486
v -0.112795 0.477179 -0.081683
v -0.096222 0.472566 -0.083912
v -0.103833 0.466968 -0.079679
v -0.123195 0.456590 -0.070712
v -0.131059 0.452857 -0.066777
v -0.137272 0.450032 -0.061076
v -0.142246 0.448732 -0.054076
v -0.158199 0.456745 -0.021341
v -0.076646 0.527103 -0.082585
v -0.067833 0.525334 -0.085118
v -0.083430 0.491510 -0.088049
v -0.093784 0.480101 -0.085479
v -0.161571 0.458632 -0.001011
v -0.172148 0.514970 0.019156
v -0.178917 0.521887 0.013625
v -0.045675 0.558992 -0.118766
v -0.038218 0.534027 -0.104707
v -0.041484 0.527417 -0.101875
v -0.176989 0.489425 0.061272
v -0.183964 0.485015 0.070686
v -0.187383 0.503186 0.068559
v -0.195061 0.510122 0.068001
v -0.198631 0.519631 0.060150
v -0.015574 0.533399 -0.178374
v -0.007615 0.524905 -0.171143
v -0.005532 0.517460 -0.161692
v -0.003699 0.505188 -0.155961
v -0.011246 0.503048 -0.144308
v -0.032630 0.530230 -0.111445
v -0.207625 0.446792 0.091307
v -0.221548 0.440027 0.102956
v -0.223979 0.450525 0.100803
v -0.231068 0.460824 0.099153
v 0.007066 0.492875 -0.163663
v -0.219032 0.429085 0.105389
v -0.237180 0.417543 0.121061
v 0.082589 0.437329 -0.253773
v 0.080726 0.443127 -0.249507
v 0.073795 0.455030 -0.243326
v 0.064761 0.463467 -0.230613
v -0.298991 0.347267 0.168851
v -0.308579 0.353626 0.166110
v -0.315544 0.359264 0.161949
v 0.064586 0.372335 -0.284147
v 0.081627 0.417555 -0.268921
v 0.081207 0.433628 -0.261446
v -0.277849 0.323913 0.172843
v -0.287247 0.310346 0.167924
v -0.287366 0.290420 0.161241
v -0.290447 0.273521 0.149046
v -0.293347 0.267099 0.140524
v -0.309036 0.277231 0.133487
v 0.019648 0.320012 -0.280479
v 0.037289 0.332857 -0.282715
v 0.053108 0.347720 -0.283362
v -0.286340 0.254911 0.136886
v -0.285434 0.240627 0.116479
v -0.280553 0.222358 0.057915
v -0.091289 0.296791 -0.265635
v -0.086350 0.291665 -0.262194
v -0.080620 0.280701 -0.252087
v -0.055026 0.281450 -0.256806
v -0.035145 0.290044 -0.265004
v -0.016590 0.299019 -0.271587
v 0.001439 0.308849 -0.276739
v -0.270490 0.213291 0.036532
v -0.265487 0.211963 0.013422
v -0.261505 0.215446 -0.018405
v -0.196387 0.089570 -0.202157
v -0.144434 0.117199 -0.196270
v -0.138459 0.128832 -0.211111
v -0.149339 0.127514 -0.222884
v -0.158615 0.120965 -0.229698
v -0.168397 0.110608 -0.227320
v -0.227978 0.096252 -0.155437
v -0.229995 0.101366 -0.146653
v -0.217962 0.107559 -0.136767
v -0.212537 0.050966 -0.274002
v -0.238166 0.035641 -0.250755
v -0.228274 0.046787 -0.239564
v -0.219049 0.059013 -0.228693
v -0.173488 0.104557 -0.245228
v -0.201241 0.062323 -0.274795
v -0.248107 0.038757 -0.225959
v -0.270163 0.035706 -0.204999
v -0.208208 0.049613 -0.293597
v -0.218402 0.041145 -0.294777
v -0.229460 0.031872 -0.305168
v -0.237383 0.026739 -0.319011
v -0.289046 0.014598 -0.229148
v -0.283455 0.019903 -0.221669
v -0.303275 0.022564 -0.313624
v -0.277099 0.014340 -0.301250
v -0.204413 0.043211 -0.357760
v -0.209569 0.044744 -0.366035
v -0.220639 0.045394 -0.372429
v -0.227144 0.048213 -0.375538
v -0.185200 0.081885 -0.341306
v -0.194500 0.079298 -0.356882
v -0.206464 0.075924 -0.370353
v -0.314357 0.028034 -0.175037
v -0.322073 0.016698 -0.182344
v -0.331395 0.008157 -0.189021
v -0.358528 0.029962 -0.187525
v -0.344033 0.034102 -0.177098
v -0.327917 0.038748 -0.169717
v -0.163976 0.129290 -0.290270
v -0.191110 0.131532 -0.336721
v -0.303780 0.046806 -0.164888
v -0.336652 0.087541 -0.161736
v -0.286347 0.092303 -0.143143
v -0.162647 0.119269 -0.254279
v -0.159549 0.125667 -0.260527
v -0.157831 0.133851 -0.269966
v -0.271427 0.092968 -0.143325
v -0.258885 0.092564 -0.146743
v -0.235827 0.089757 -0.160979
v -0.294061 0.031843 -0.183214
v -0.129329 0.137867 -0.213173
v -0.134222 0.147265 -0.224965
v -0.132070 0.161792 -0.229826
v -0.146625 0.169775 -0.256251
v -0.152359 0.152747 -0.265362
v -0.258984 0.138351 -0.118480
v -0.247259 0.136396 -0.115986
v -0.205835 0.111365 -0.122468
v -0.173472 0.189500 -0.292414
v -0.300571 0.156788 -0.131608
v -0.287643 0.147598 -0.125467
v -0.127146 0.205252 -0.229839
v -0.134208 0.238152 -0.227549
v -0.246668 0.217156 -0.093841
v -0.244191 0.198928 -0.086534
v -0.239336 0.181774 -0.087400
v -0.239195 0.168384 -0.096712
v -0.132849 0.182272 -0.233912
v -0.127977 0.184353 -0.229023
v -0.244877 0.160820 -0.105239
v -0.137063 0.250966 -0.223542
v -0.133626 0.257873 -0.224376
v -0.248150 0.223332 -0.086519
v -0.260495 0.236723 -0.096323
v -0.082764 0.273709 -0.246199
v -0.256843 0.225619 -0.060930
v 0.105696 0.008238 0.032672
v 0.124821 0.016044 0.050545
v 0.142813 0.028004 0.068517
v 0.160286 0.044761 0.087253
v 0.169115 0.047303 0.073636
v 0.194145 0.066352 0.055593
v 0.197704 0.070663 -0.016925
v 0.196038 0.074086 -0.041751
v 0.152605 0.048785 -0.056482
v 0.092997 0.007454 0.001704
v 0.073974 0.001678 0.024775
v 0.053111 0.000154 0.046409
v 0.013725 0.011981 0.110092
v 0.041754 0.015623 0.122008
v 0.044886 0.025590 0.143710
v 0.065852 0.034191 0.150710
v 0.088709 0.046362 0.158785
v 0.114615 0.046769 0.143142
v 0.133048 0.048148 0.130110
v 0.148826 0.041262 0.098334
v 0.061951 0.003539 -0.004891
v 0.084770 0.004113 0.014230
v 0.056829 0.057832 -0.120375
v 0.003291 0.022296 -0.066815
v -0.013502 0.017147 -0.046432
v -0.042526 0.019464 -0.027632
v -0.060260 0.022904 -0.009103
v -0.073601 0.027602 0.011048
v -0.061518 0.022035 0.022472
v -0.035223 0.013036 0.049862
v -0.014760 0.010006 0.075348
v 0.000471 0.010784 0.097758
v 0.020885 0.069215 -0.138540
v -0.089991 0.119456 -0.188818
v -0.173980 0.095766 -0.092165
v -0.162847 0.105220 -0.171895
v -0.160070 0.101012 -0.159175
v -0.142336 0.094342 -0.151955
v -0.107875 0.131828 -0.200301
v -0.125161 0.130972 -0.205030
v -0.131819 0.130056 -0.207650
v -0.098463 0.151503 -0.207968
v -0.109956 0.179741 -0.218823
v -0.120493 0.203719 -0.226768
v -0.222276 0.151623 -0.086771
v -0.199269 0.119928 -0.087489
v 0.024825 0.302555 -0.272736
v 0.039896 0.292283 -0.268379
v 0.110629 0.285978 -0.258034
v -0.213411 0.140687 0.148155
v 0.177558 0.067018 0.107189
v 0.193332 0.094098 0.127102
v 0.202468 0.115372 0.140119
v 0.212469 0.149224 0.156947
v 0.227466 0.171307 0.148492
v 0.271834 0.179674 0.017103
v 0.255224 0.144641 0.021847
v 0.237557 0.115912 -0.006802
v 0.219256 0.094038 -0.017592
v 0.083473 0.095246 0.220041
v 0.103436 0.126906 0.234220
v 0.119793 0.146561 0.236152
v 0.150618 0.152462 0.219179
v 0.181609 0.158719 0.197479
v 0.202367 0.163721 0.178669
v 0.104339 0.446196 0.126669
v 0.078543 0.462892 0.110469
v 0.053678 0.474529 0.092792
v 0.028237 0.481165 0.073437
v 0.150855 0.474962 -0.010917
v 0.172327 0.464130 0.004268
v 0.193317 0.449397 0.017971
v 0.184000 0.451477 0.031031
v 0.015056 0.400487 0.234059
v -0.070484 0.425826 0.189964
v -0.062540 0.434657 0.178608
v 0.191343 0.339918 0.174039
v 0.159840 0.368422 0.181808
v 0.151299 0.400755 0.155504
v 0.114946 0.421257 0.158201
v 0.213706 0.431090 0.030059
v 0.223515 0.416548 0.044079
v 0.247864 0.391108 0.038553
v 0.257631 0.363801 0.053117
v 0.255225 0.344605 0.076190
v 0.239786 0.338993 0.109890
v 0.221375 0.331421 0.143630
v 0.199383 0.322309 0.176396
v 0.178915 0.318140 0.199016
v 0.065569 0.304015 0.280135
v 0.061639 0.338347 0.267728
v 0.044190 0.362559 0.259573
v 0.020272 0.379349 0.253272
v 0.217346 0.186331 0.170332
v 0.216596 0.225540 0.179565
v 0.210518 0.265233 0.184489
v 0.206427 0.303800 0.177673
v 0.272782 0.329971 0.044858
v 0.282423 0.253580 0.037608
v 0.092138 0.158241 0.256664
v 0.091868 0.195628 0.268597
v 0.087499 0.234214 0.276296
v 0.091572 0.276351 0.272598
v 0.071136 0.450946 -0.165221
v 0.080779 0.444281 -0.200993
v 0.062545 0.457500 -0.201777
v 0.093627 0.426490 -0.241084
v 0.112769 0.412723 -0.227878
v 0.118040 0.420834 -0.209106
v 0.112984 0.427839 -0.198752
v 0.101238 0.433922 -0.194238
v -0.206698 0.338864 0.185233
v -0.222209 0.312139 0.198320
v -0.237114 0.312128 0.189280
v -0.250225 0.321611 0.180887
v -0.269766 0.327967 0.174502
v -0.233165 0.367911 0.153547
v -0.224649 0.352446 0.166155
v 0.163611 0.441423 -0.118308
v 0.181064 0.406870 -0.179375
v 0.183329 0.424441 -0.147359
v 0.180625 0.439125 -0.107944
v -0.160412 0.305669 0.255772
v -0.169791 0.354912 0.191569
v -0.140447 0.356472 0.218255
v -0.128142 0.353771 0.232283
v 0.199387 0.399780 -0.171008
v 0.254835 0.378192 -0.118447
v 0.250620 0.390834 -0.104319
v 0.249184 0.398036 -0.086238
v 0.245026 0.406293 -0.066977
v 0.292868 0.333796 -0.049377
v 0.283011 0.358315 -0.046669
v 0.295941 0.314819 -0.081416
v 0.296621 0.318906 -0.059320
v -0.027585 0.218239 0.316596
v -0.046943 0.209891 0.316340
v -0.061850 0.212903 0.314625
v -0.005443 0.245806 0.313747
v 0.281958 0.212651 -0.094926
v 0.283684 0.204829 -0.055845
v 0.295965 0.312425 -0.034244
v 0.004921 0.215200 0.309898
v 0.008133 0.186196 0.302315
v -0.000365 0.161033 0.295281
v -0.055084 0.201637 0.314197
v 0.283043 0.201997 -0.025863
v 0.280978 0.200165 -0.003013
v 0.276744 0.196934 0.022629
v 0.015092 0.246442 0.308696
v 0.031716 0.260881 0.302369
v 0.050140 0.275326 0.293340
v 0.072219 0.288247 0.280768
v 0.201966 0.446197 0.005846
v 0.217364 0.436932 -0.015815
v -0.027814 0.352214 0.276478
v -0.018805 0.365549 0.268132
v -0.003741 0.384022 0.253167
v 0.117924 0.479030 -0.056067
v -0.091514 0.403201 0.208361
v -0.088034 0.416779 0.191558
v 0.096071 0.482235 -0.055122
v 0.075693 0.478654 -0.073269
v 0.041772 0.469984 -0.106114
v 0.095086 0.439893 -0.174340
v -0.150525 0.412128 0.122648
v -0.114124 0.421844 0.151867
v 0.029852 0.466612 -0.130751
v 0.006582 0.471436 -0.131799
v -0.000249 0.477506 -0.140645
v -0.203039 0.422909 0.095140
v -0.199903 0.413087 0.102619
v -0.180968 0.414986 0.093633
v 0.002020 0.482545 0.052154
v -0.042612 0.475514 0.025469
v -0.079667 0.466080 -0.048486
v -0.038578 0.472612 -0.059195
v -0.005964 0.473473 -0.082144
v -0.122873 0.447199 0.041321
v -0.117219 0.454846 -0.001757
v -0.018347 0.491915 -0.135652
v -0.040715 0.485795 -0.116509
v -0.064934 0.479943 -0.099731
v -0.161873 0.451629 0.005808
v -0.090404 0.463755 -0.065669
v -0.095268 0.463414 -0.072045
v -0.086236 0.470807 -0.085949
v -0.154413 0.448874 -0.005270
v -0.145127 0.448002 -0.007886
v -0.132604 0.451011 -0.010063
v -0.135536 0.448454 -0.054709
v 0.141670 0.366136 -0.236477
v 0.124676 0.409598 -0.218472
v -0.225962 0.294852 0.202549
v -0.225455 0.254623 0.208550
v 0.161900 0.326372 -0.236454
v 0.193678 0.318677 -0.216981
v 0.210470 0.334074 -0.201304
v -0.170137 0.287832 0.256056
v -0.196746 0.208511 0.231034
v -0.218236 0.215073 0.209681
v 0.237998 0.305612 -0.187378
v 0.251248 0.309457 -0.170356
v 0.248202 0.342523 -0.157237
v -0.097006 0.248939 0.303387
v -0.138255 0.190560 0.279287
v -0.176245 0.199723 0.248477
v 0.259828 0.294992 -0.166882
v -0.079200 0.138482 0.289202
v -0.097494 0.158970 0.293269
v -0.111646 0.172808 0.291443
v -0.122116 0.180337 0.288049
v -0.021996 0.177719 -0.209428
v -0.017729 0.158223 -0.200724
v -0.037281 0.141349 -0.195303
v -0.070135 0.128816 -0.192852
v 0.084632 0.111984 -0.160455
v 0.077343 0.133576 -0.179118
v 0.056029 0.142383 -0.187223
v 0.007747 0.170203 -0.205385
v -0.182210 0.116387 0.029730
v -0.167388 0.101123 0.042519
v -0.112480 0.057553 0.065511
v -0.099942 0.045111 0.039847
v -0.177023 0.101572 -0.057694
v -0.186794 0.121594 0.002046
v 0.128309 0.168449 -0.215304
v 0.101736 0.199681 -0.231902
v 0.079930 0.237574 -0.248919
v 0.012591 0.202499 -0.223255
v 0.128311 0.158069 -0.205062
v -0.148672 0.074307 0.125660
v -0.140166 0.073238 0.109408
v -0.118993 0.063088 0.102460
v -0.109048 0.057634 0.089079
v -0.206592 0.141817 0.033588
v -0.203567 0.124006 0.130359
v -0.190802 0.109873 0.123836
v -0.173739 0.091152 0.134136
v -0.066167 0.265764 -0.245123
v -0.018028 0.204169 -0.221511
v -0.254853 0.210500 -0.027403
v -0.080454 0.266352 -0.242588
v -0.111905 0.250115 -0.229503
v -0.108552 0.201660 -0.223206
v -0.033152 0.200930 -0.219140
v -0.210044 0.150209 -0.008396
v -0.213462 0.152785 -0.044280
v -0.220753 0.158931 -0.065632
v -0.228294 0.165468 -0.079239
v -0.250313 0.209529 -0.044577
v 0.272020 0.213087 -0.136783
v 0.258125 0.189477 -0.145640
v 0.242249 0.168327 -0.146080
v 0.217353 0.121619 -0.090997
v 0.011372 0.110015 0.260637
v 0.013440 0.087015 0.238001
v -0.034411 0.049611 0.180362
v -0.052247 0.053453 0.187375
v -0.077132 0.056476 0.196992
v -0.072280 0.089480 0.254108
v -0.068582 0.110502 0.272924
v 0.213588 0.112188 -0.081694
v 0.211331 0.089611 -0.041175
v 0.030561 0.048637 0.185096
v 0.003820 0.055855 0.197519
v 0.179140 0.139868 -0.174902
v 0.161284 0.145518 -0.193823
v 0.142672 0.153273 -0.203404
v 0.156343 0.101900 -0.122261
v 0.188405 0.106445 -0.103653
v -0.036381 0.042990 0.160016
v -0.054010 0.039247 0.129630
v -0.086797 0.048514 0.109354
v -0.144828 0.066376 0.142258
v -0.129537 0.057560 0.155998
v -0.114030 0.053199 0.172267
v -0.091686 0.054205 0.188846
v 0.160333 0.061663 -0.073498
v 0.171249 0.073898 -0.081580
v -0.018557 0.037166 0.157656
v -0.015355 0.024518 0.130898
v 0.344807 0.313589 -0.205287
v 0.342480 0.312444 -0.194964
v 0.284273 0.303609 -0.188118
v 0.327467 0.306828 -0.205036
v -0.143982 0.163848 0.351909
v -0.144184 0.166634 0.319687
v -0.139327 0.175425 0.317685
v -0.136195 0.176516 0.317362
v -0.126263 0.172245 0.348603
v -0.127632 0.169668 0.364727
v -0.129933 0.165639 0.382564
v -0.136272 0.167909 0.382343
v -0.138288 0.170899 0.369586
v 0.400958 0.309885 -0.226559
v 0.391294 0.311010 -0.214795
v 0.356636 0.306799 -0.215487
v 0.383222 0.297699 -0.233697
v 0.390972 0.300797 -0.237678
v 0.396087 0.302854 -0.239153
v -0.154776 0.143604 0.422706
v -0.133347 0.160305 0.400837
v -0.138150 0.159242 0.407265
v -0.142250 0.153753 0.419473
v -0.149467 0.143379 0.435389
v 0.417087 0.289495 -0.262354
v 0.415751 0.296859 -0.252183
v 0.410515 0.304661 -0.238799
v 0.390564 0.291958 -0.243081
v 0.394493 0.284208 -0.253268
v 0.393085 0.263610 -0.274008
v 0.398517 0.261919 -0.283269
v -0.193741 0.081494 0.436953
v -0.192612 0.083672 0.428955
v -0.157861 0.132631 0.444710
v -0.167659 0.120182 0.449289
v -0.189131 0.085886 0.446434
v 0.386732 0.249124 -0.282043
v 0.378502 0.235167 -0.288726
v 0.368690 0.222074 -0.295358
v 0.354399 0.208782 -0.298080
v 0.360756 0.209448 -0.303926
v 0.362132 0.204995 -0.307392
v 0.369101 0.203890 -0.309192
v -0.209663 0.029285 0.378670
v -0.197576 0.071189 0.434782
v -0.203402 0.055643 0.421524
v -0.207013 0.042537 0.406418
v 0.355807 0.193598 -0.309133
v 0.338779 0.198360 -0.298785
v 0.319914 0.189811 -0.297242
v 0.299529 0.183889 -0.294119
v 0.277805 0.180435 -0.289927
v 0.275768 0.164173 -0.293233
v -0.206362 0.030683 0.265127
v -0.203292 0.035643 0.291640
v 0.196801 0.159604 -0.262170
v 0.256352 0.179334 -0.285177
v 0.195171 0.183208 -0.263992
v 0.176977 0.166188 -0.255258
v -0.189608 0.055487 0.185338
v -0.196180 0.059985 0.192771
v -0.198766 0.062104 0.201838
v -0.198268 0.064308 0.208977
v 0.284862 0.182850 -0.283904
v 0.222528 0.185438 -0.256960
v -0.196620 0.064945 0.216662
v -0.194193 0.064325 0.224129
v -0.192042 0.061600 0.233754
v -0.186954 0.062417 0.233389
v -0.191527 0.043693 0.276552
v -0.191305 0.037702 0.294340
v -0.200005 0.039195 0.284981
v 0.346705 0.203445 -0.294904
v 0.351067 0.205063 -0.291008
v 0.353394 0.202519 -0.286877
v -0.191197 0.034472 0.307801
v -0.190483 0.034794 0.360480
v -0.196255 0.040025 0.367225
v -0.201171 0.041269 0.372080
v 0.386391 0.239380 -0.273267
v 0.380083 0.228257 -0.278939
v 0.371627 0.217104 -0.283002
v -0.189164 0.040268 0.375622
v -0.187036 0.048238 0.388677
v -0.184008 0.057771 0.399374
v -0.179973 0.068180 0.407699
v -0.181949 0.085342 0.416283
v -0.185091 0.088837 0.421087
v 0.386475 0.271678 -0.241111
v 0.390780 0.265496 -0.249578
v 0.391932 0.258566 -0.258194
v 0.390397 0.249644 -0.266234
v -0.174935 0.078745 0.413434
v -0.169134 0.088964 0.416329
v -0.162856 0.098167 0.416031
v -0.157196 0.107360 0.412540
v -0.155396 0.122189 0.409587
v -0.156502 0.128618 0.412180
v -0.157092 0.134342 0.415957
v 0.361061 0.276849 -0.221177
v 0.372880 0.275122 -0.227870
v 0.379022 0.275745 -0.233038
v -0.152057 0.115215 0.405480
v -0.145200 0.158625 0.370177
v 0.290982 0.298474 -0.199231
v 0.311920 0.279038 -0.206392
v 0.322631 0.279807 -0.208315
v -0.144850 0.158589 0.311144
v 0.149912 0.247851 -0.239051
v 0.140294 0.235265 -0.240563
v 0.112229 0.228636 -0.244911
v 0.136501 0.167823 -0.217974
v 0.143913 0.176158 -0.225761
v 0.152274 0.182455 -0.229116
v 0.164806 0.194278 -0.225939
v 0.154127 0.200453 -0.227834
v -0.176783 0.105548 0.174420
v -0.173966 0.100040 0.175012
v -0.171297 0.092129 0.178037
v -0.173831 0.087220 0.170913
v -0.173951 0.085161 0.159719
v -0.171327 0.081197 0.153144
v -0.163104 0.076306 0.143593
v 0.146646 0.160336 -0.218023
v 0.166359 0.161892 -0.241440
v 0.179193 0.162364 -0.253380
v 0.185254 0.184996 -0.254559
v 0.171152 0.186193 -0.234306
v -0.174024 0.084343 0.178339
v 0.272096 0.291123 -0.176139
v 0.258436 0.293674 -0.175119
v 0.249209 0.295616 -0.183614
v 0.248546 0.290271 -0.188757
v 0.249294 0.278084 -0.194527
v -0.143189 0.160740 0.281745
v -0.126974 0.177183 0.288260
v -0.129375 0.173892 0.294349
v 0.208998 0.182901 -0.240277
v 0.209509 0.181678 -0.234259
v 0.198085 0.184846 -0.233121
v 0.177469 0.188638 -0.229440
v -0.171604 0.083517 0.186828
v -0.169875 0.068778 0.216417
v 0.213865 0.180759 -0.230937
v 0.225190 0.188778 -0.224748
v 0.226171 0.191222 -0.222847
v 0.201651 0.196210 -0.218139
v 0.195105 0.204773 -0.212937
v 0.179540 0.196834 -0.220189
v 0.168156 0.189859 -0.228116
v -0.167924 0.088932 0.186121
v -0.155733 0.103989 0.206297
v -0.154426 0.099144 0.208967
v -0.155602 0.088459 0.214330
v 0.220935 0.203581 -0.204208
v 0.190830 0.208587 -0.212526
v 0.226928 0.196942 -0.216045
v 0.229042 0.198323 -0.212634
v -0.140153 0.099538 0.229976
v -0.142191 0.097875 0.227491
v 0.224154 0.254784 -0.200386
v 0.201815 0.229966 -0.206255
v 0.186781 0.214253 -0.212843
v -0.158017 0.110387 0.204867
v -0.152443 0.122203 0.221757
v -0.148656 0.142039 0.248869
v -0.138960 0.111302 0.245160
v -0.138863 0.107403 0.238600
v 0.275060 0.271294 -0.202279
v 0.254725 0.264168 -0.199080
v 0.238771 0.264618 -0.197311
v 0.231324 0.258031 -0.198810
v -0.146124 0.147930 0.260916
v -0.144823 0.156404 0.270744
v -0.143826 0.156093 0.276090
v 0.199727 0.299651 -0.214341
v 0.218525 0.255704 -0.202208
v -0.175801 0.183072 0.241022
v 0.170638 0.218048 -0.220457
v 0.266202 0.254680 -0.202155
v 0.275165 0.248810 -0.202444
v 0.300291 0.251418 -0.206876
v 0.307699 0.256577 -0.206753
v -0.137663 0.117973 0.303332
v -0.137988 0.124165 0.316436
v -0.136761 0.112240 0.288654
v -0.135118 0.105672 0.275072
v 0.230774 0.204443 -0.197945
v -0.131552 0.095046 0.253304
v -0.131811 0.090532 0.247241
v -0.131910 0.091411 0.243858
v -0.133202 0.094430 0.239664
v 0.237369 0.203173 -0.197892
v -0.134594 0.086530 0.248097
v -0.143463 0.077648 0.252322
v -0.143617 0.078809 0.248115
v -0.142352 0.082490 0.243989
v 0.235794 0.182787 -0.226913
v 0.239443 0.183799 -0.226531
v -0.149176 0.071314 0.249760
v -0.151891 0.067124 0.250760
v -0.153543 0.065019 0.245958
v 0.228999 0.175487 -0.233002
v -0.156155 0.059584 0.243050
v -0.158029 0.057884 0.236839
v -0.159439 0.057941 0.234650
v 0.244631 0.180942 -0.251656
v 0.238732 0.180171 -0.243986
v -0.165984 0.057510 0.241994
v 0.352637 0.262588 -0.216038
v 0.353710 0.266152 -0.215959
v 0.347151 0.260555 -0.215261
v 0.368084 0.262228 -0.222715
v -0.151737 0.095633 0.411354
v 0.391414 0.232584 -0.268069
v 0.360458 0.197025 -0.279343
v 0.361177 0.197299 -0.281735
v 0.363574 0.200179 -0.282776
v -0.176375 0.049581 0.393347
v -0.168831 0.067758 0.409198
v -0.182319 0.032474 0.371791
v -0.180134 0.034829 0.372202
v 0.304564 0.178028 -0.272588
v 0.301321 0.178852 -0.274714
v 0.335078 0.188589 -0.271330
v 0.322071 0.183629 -0.269605
v -0.176918 0.032477 0.329603
v -0.177743 0.033141 0.348482
v 0.249108 0.181596 -0.249352
v -0.171998 0.054270 0.258749
v 0.240218 0.179928 -0.230521
v 0.257232 0.188260 -0.236862
v 0.293321 0.214877 -0.231692
v 0.318138 0.236417 -0.227592
v 0.291796 0.225593 -0.220695
v 0.322396 0.222085 -0.242430
v -0.157659 0.080669 0.334543
v -0.161079 0.074263 0.338603
v -0.160782 0.070508 0.323913
v 0.346561 0.241626 -0.242073
v -0.139763 0.114215 0.335851
v -0.138304 0.118311 0.336205
v -0.141967 0.109048 0.364742
v -0.145473 0.094412 0.302903
v 0.307224 0.184406 -0.262622
v 0.291071 0.199172 -0.244749
v -0.173361 0.039440 0.315225
v 0.353994 0.201460 -0.271731
v 0.354228 0.237648 -0.249534
v -0.168442 0.068082 0.402177
v 0.303457 0.157580 -0.266048
v 0.290962 0.152472 -0.277158
v 0.293239 0.155890 -0.288770
v 0.182543 0.158792 -0.251064
v 0.195198 0.152938 -0.247875
v 0.206788 0.150417 -0.238021
v 0.226955 0.154207 -0.229599
v 0.247866 0.159317 -0.232258
v -0.162444 0.022206 0.300434
v -0.153892 0.034831 0.260094
v -0.152329 0.039422 0.226459
v -0.176580 0.039960 0.200125
v -0.183066 0.047984 0.188986
v -0.194501 0.008470 0.297641
v -0.183162 0.009168 0.292883
v -0.171205 0.014113 0.304637
v 0.390260 0.194741 -0.295988
v 0.381150 0.190763 -0.303823
v 0.376535 0.186507 -0.284995
v 0.394549 0.198594 -0.290625
v -0.190068 0.019336 0.401742
v 0.416926 0.269263 -0.282139
v 0.408786 0.211681 -0.292993
v 0.417639 0.222192 -0.290927
v -0.183871 0.059018 0.450592
v -0.184493 0.051300 0.445822
v -0.186018 0.039735 0.434850
v -0.183972 0.074740 0.454399
v 0.422778 0.276305 -0.233027
v 0.420648 0.290089 -0.228693
v 0.416446 0.300902 -0.230748
v 0.409892 0.306127 -0.231908
v 0.433015 0.265484 -0.254884
v 0.427069 0.267824 -0.242670
v -0.154253 0.089890 0.454170
v -0.162722 0.085765 0.458825
v -0.170739 0.079234 0.458955
v -0.181195 0.065507 0.454105
v -0.149877 0.133572 0.445927
v -0.146400 0.125721 0.449632
v -0.142673 0.119612 0.448611
v -0.143146 0.104982 0.447319
v 0.369085 0.271677 -0.196125
v 0.416646 0.267615 -0.230939
v 0.402423 0.265856 -0.219784
v 0.384775 0.263120 -0.209015
v 0.359101 0.259421 -0.196418
v -0.128144 0.107145 0.413137
v -0.135998 0.101879 0.431074
v -0.144724 0.096437 0.445072
v -0.118930 0.142229 0.392641
v -0.118200 0.124336 0.389591
v 0.299936 0.259073 -0.170782
v 0.293948 0.272618 -0.167774
v 0.299833 0.289826 -0.173242
v 0.295879 0.298941 -0.178341
v 0.313807 0.252515 -0.179667
v 0.298597 0.248658 -0.173559
v -0.109064 0.125322 0.325544
v -0.116103 0.164977 0.328207
v -0.106390 0.136158 0.319900
v 0.356724 0.247065 -0.202201
v 0.328704 0.192641 -0.232452
v 0.328452 0.173580 -0.255482
v 0.242886 0.166272 -0.214197
v 0.261539 0.186212 -0.199829
v 0.275381 0.209764 -0.184117
v 0.288239 0.234405 -0.174127
v -0.105752 0.115363 0.299718
v -0.111983 0.092647 0.281572
v -0.121986 0.070816 0.260451
v -0.138337 0.050749 0.245356
v -0.159731 0.026073 0.331936
v -0.141924 0.053967 0.352298
v -0.130049 0.075860 0.355469
v -0.120649 0.102784 0.371417
v 0.421087 0.258786 -0.241731
v 0.405787 0.209493 -0.286502
v -0.181306 0.032043 0.419360
v -0.165808 0.050888 0.428614
v -0.153907 0.071562 0.436639
v -0.147365 0.086950 0.441685
v 0.288069 0.243390 -0.168349
v 0.280629 0.237377 -0.162408
v 0.276555 0.232314 -0.154884
v 0.276828 0.232015 -0.141912
v -0.083928 0.122703 0.283537
v -0.092772 0.122385 0.287403
v -0.099394 0.124413 0.295285
v -0.104363 0.126015 0.306523
v -0.101511 0.055994 0.204077
v -0.116891 0.054301 0.209785
v -0.130689 0.051233 0.218282
v -0.141188 0.046689 0.228705
v -0.069979 0.429620 -0.257878
v -0.077322 0.420649 -0.260822
v -0.086421 0.412728 -0.261691
v -0.309522 0.350465 0.018354
v -0.307315 0.357884 0.027472
v -0.310384 0.345036 0.007579
v -0.049699 0.409906 -0.264076
v -0.059726 0.398801 -0.266589
v -0.041490 0.421607 -0.259214
v -0.306058 0.324346 0.029577
v -0.304200 0.332982 0.041913
v -0.306107 0.317749 0.015901
v -0.300643 0.343278 0.052365
v -0.093040 0.374801 -0.260580
v -0.105937 0.369319 -0.254001
v -0.118369 0.365899 -0.245431
v -0.080221 0.382152 -0.264916
v -0.293904 0.312433 -0.031539
v -0.296881 0.311606 -0.024428
v -0.299485 0.311372 -0.017128
v -0.301694 0.311735 -0.009714
v -0.303487 0.312696 -0.002262
v -0.290574 0.313849 -0.038388
v -0.304843 0.314259 0.005147
v -0.113350 0.395606 -0.254323
v -0.105770 0.399333 -0.257779
v -0.120528 0.392276 -0.250188
v -0.113743 0.422567 -0.252802
v -0.119966 0.419272 -0.250411
v -0.126543 0.410658 -0.246669
v -0.095827 0.405469 -0.260714
v -0.301825 0.337479 -0.032213
v -0.307579 0.338336 -0.015143
v -0.296600 0.339629 -0.042925
v -0.300050 0.358761 -0.041572
v -0.304144 0.356978 -0.033140
v -0.305019 0.337674 -0.023879
v -0.140884 0.408568 -0.234668
v -0.146738 0.409562 -0.227544
v -0.151429 0.411825 -0.220005
v -0.138749 0.389437 -0.234832
v -0.276074 0.356321 -0.066854
v -0.283514 0.349244 -0.060534
v -0.268443 0.364451 -0.071095
v -0.279670 0.379117 -0.062632
v -0.284414 0.371631 -0.060117
v -0.290028 0.366253 -0.055266
v -0.295305 0.361894 -0.049008
v -0.290450 0.343585 -0.052442
v -0.139860 0.365750 -0.223491
v -0.148141 0.368941 -0.210959
v -0.154336 0.374141 -0.198035
v -0.129821 0.364701 -0.235138
v -0.260094 0.338482 -0.073976
v -0.264926 0.333643 -0.070549
v -0.269673 0.329174 -0.066498
v -0.274291 0.325118 -0.061865
v -0.278734 0.321518 -0.056692
v -0.255226 0.343647 -0.076736
v -0.282956 0.318416 -0.051023
v -0.160060 0.394854 -0.176863
v -0.158834 0.388923 -0.167069
v -0.157107 0.394046 -0.156037
v -0.159586 0.402295 -0.169242
v -0.157413 0.407115 -0.158859
v -0.155044 0.410975 -0.152279
v -0.158154 0.381194 -0.185218
v -0.226516 0.386184 -0.075684
v -0.220585 0.374776 -0.079532
v -0.230323 0.367298 -0.081091
v -0.241305 0.370298 -0.079183
v -0.240869 0.360645 -0.080724
v -0.220737 0.391094 -0.073245
v -0.235704 0.379264 -0.077675
v -0.245565 0.354774 -0.080123
v -0.156722 0.424999 -0.200162
v -0.156343 0.429245 -0.195256
v -0.159983 0.408303 -0.183776
v -0.156590 0.419605 -0.204795
v -0.154598 0.435707 -0.189366
v -0.156038 0.425539 -0.171711
v -0.247472 0.385801 -0.073327
v -0.252483 0.378329 -0.074619
v -0.269866 0.390802 -0.064130
v -0.246338 0.397794 -0.067530
v -0.261840 0.403365 -0.060523
v -0.272943 0.384437 -0.064903
v -0.260891 0.373280 -0.073091
v -0.147383 0.449332 -0.179305
v -0.142188 0.457250 -0.178485
v -0.147254 0.442923 -0.163170
v -0.140810 0.452851 -0.162839
v -0.129799 0.462441 -0.156229
v -0.152716 0.434109 -0.169315
v -0.237110 0.415775 -0.055181
v -0.253762 0.428561 -0.036576
v -0.253916 0.417132 -0.051219
v -0.142021 0.434867 -0.139344
v -0.137095 0.446194 -0.142638
v -0.128747 0.453225 -0.138365
v -0.123430 0.458490 -0.138491
v -0.146743 0.423142 -0.138906
v -0.148999 0.428980 -0.148479
v -0.212245 0.428024 -0.038212
v -0.205011 0.420369 -0.046955
v -0.211563 0.413879 -0.055880
v -0.212497 0.431606 -0.031659
v -0.216356 0.422256 -0.047529
v -0.220231 0.407451 -0.062895
v -0.209302 0.404250 -0.063764
v -0.100006 0.475696 -0.145142
v -0.106078 0.472061 -0.142596
v -0.093348 0.480481 -0.152918
v -0.081658 0.484510 -0.160729
v -0.073107 0.483616 -0.152447
v -0.112045 0.467958 -0.140619
v -0.225964 0.439950 0.017451
v -0.222946 0.440620 0.010569
v -0.220249 0.440667 0.003525
v -0.217900 0.440091 -0.003610
v -0.215926 0.438892 -0.010767
v -0.229278 0.438659 0.024106
v -0.214351 0.437070 -0.017874
v -0.107389 0.478286 -0.162066
v -0.097111 0.482696 -0.167989
v -0.087178 0.485209 -0.175400
v -0.118116 0.471995 -0.158338
v -0.240060 0.439409 0.001140
v -0.235935 0.438938 -0.010695
v -0.245306 0.437777 0.012375
v -0.257436 0.435531 -0.010811
v -0.232774 0.437335 -0.019434
v -0.070816 0.484185 -0.194283
v -0.066852 0.480594 -0.205609
v -0.092960 0.482037 -0.200878
v -0.087334 0.480220 -0.208476
v -0.078877 0.485643 -0.184664
v -0.277114 0.423157 0.017203
v -0.272955 0.427071 0.012953
v -0.274806 0.413157 0.041024
v -0.269296 0.430284 0.007964
v -0.253155 0.432963 0.024881
v -0.054771 0.485074 -0.181619
v -0.043463 0.481317 -0.192491
v -0.059602 0.485947 -0.175853
v -0.050317 0.483629 -0.187589
v -0.038344 0.477325 -0.202063
v -0.064767 0.486235 -0.170343
v -0.258343 0.413864 0.059489
v -0.253814 0.418849 0.055985
v -0.249344 0.423422 0.051884
v -0.244975 0.427540 0.047234
v -0.240748 0.431161 0.042082
v -0.261239 0.407686 0.064913
v -0.236700 0.434244 0.036478
v -0.033293 0.439329 -0.247893
v -0.292397 0.360998 0.063645
v -0.285221 0.373750 0.067883
v -0.277039 0.386659 0.069306
v -0.059035 0.465517 -0.230237
v -0.059046 0.457297 -0.239031
v -0.060411 0.448228 -0.246780
v -0.287157 0.396294 0.044851
v -0.293571 0.386045 0.043754
v -0.299202 0.375979 0.040386
v -0.083694 0.461532 -0.238102
v -0.083541 0.467588 -0.231725
v -0.092833 0.461329 -0.241142
v -0.092068 0.466979 -0.235892
v -0.092546 0.472104 -0.229959
v -0.299819 0.403896 0.014644
v -0.303652 0.397284 0.013022
v -0.296059 0.410985 0.013563
v -0.097553 0.481304 -0.206255
v -0.097378 0.479364 -0.218165
v -0.099718 0.481060 -0.213784
v -0.105210 0.482632 -0.208275
v -0.275935 0.428492 0.006849
v -0.287227 0.422220 0.009848
v -0.280846 0.423791 0.012210
v -0.285862 0.418146 0.016248
v -0.284366 0.425667 0.007040
v -0.123626 0.479922 -0.193740
v -0.128635 0.476985 -0.190566
v -0.115366 0.480256 -0.191291
v -0.122145 0.477432 -0.187501
v -0.128783 0.473458 -0.184921
v -0.115442 0.482319 -0.198025
v -0.264313 0.434777 -0.011769
v -0.260747 0.433483 -0.025745
v -0.267523 0.434185 -0.006568
v -0.273864 0.434533 -0.008074
v -0.270743 0.435721 -0.015025
v -0.144348 0.463192 -0.188569
v -0.140736 0.462484 -0.183415
v -0.140723 0.467626 -0.188664
v -0.266098 0.422908 -0.047678
v -0.260295 0.424162 -0.043967
v -0.267915 0.416340 -0.053698
v -0.263946 0.412257 -0.055196
v -0.265222 0.428775 -0.040058
v -0.156442 0.433881 -0.199489
v -0.156764 0.429937 -0.203964
v -0.157622 0.438000 -0.202898
v -0.157834 0.432185 -0.209915
v -0.154878 0.439548 -0.194076
v -0.156298 0.425568 -0.208342
v -0.274654 0.394304 -0.062224
v -0.271285 0.399170 -0.061414
v -0.281058 0.394941 -0.061764
v -0.267173 0.405607 -0.059063
v -0.153072 0.424322 -0.224653
v -0.145574 0.422489 -0.235523
v -0.154765 0.421966 -0.215248
v -0.296711 0.378642 -0.053715
v -0.295283 0.370390 -0.051102
v -0.292145 0.382287 -0.057445
v -0.290416 0.374852 -0.056132
v -0.301393 0.373583 -0.047441
v -0.299751 0.366954 -0.044904
v -0.132566 0.423147 -0.246018
v -0.310864 0.369889 -0.026259
v -0.308351 0.362332 -0.023916
v -0.307777 0.370189 -0.035362
v -0.307040 0.363720 -0.029742
v -0.312597 0.371430 -0.016613
v -0.303712 0.364726 -0.037720
v -0.100417 0.432398 -0.254285
v -0.094977 0.438316 -0.252906
v -0.103517 0.441860 -0.252517
v -0.098968 0.449250 -0.249432
v -0.109925 0.435426 -0.253488
v -0.312305 0.378869 -0.001816
v -0.312991 0.374049 -0.009341
v -0.310510 0.384559 0.003645
v -0.116999 0.444046 -0.246284
v -0.311716 0.380853 -0.012960
v -0.136300 0.431513 -0.241288
v -0.308177 0.379395 -0.032014
v -0.144420 0.441793 -0.225892
v -0.298277 0.385489 -0.049817
v -0.292541 0.389556 -0.055293
v -0.297186 0.393633 -0.043806
v -0.294108 0.392578 -0.050623
v -0.301858 0.387030 -0.040982
v -0.156111 0.439469 -0.209944
v -0.151264 0.445569 -0.211994
v -0.284785 0.398437 -0.057793
v -0.281079 0.404662 -0.056474
v -0.140113 0.463049 -0.205402
v -0.140506 0.466106 -0.199091
v -0.272081 0.430238 -0.032699
v -0.128278 0.471068 -0.209219
v -0.123903 0.479237 -0.199296
v -0.114375 0.478590 -0.211111
v -0.105575 0.477897 -0.218543
v -0.288900 0.421853 -0.007900
v -0.110070 0.461427 -0.235426
v -0.301730 0.404665 0.005856
v -0.296322 0.412690 -0.001334
v -0.313767 0.048991 -0.328508
v -0.350973 0.038367 -0.279802
v -0.349174 0.030994 -0.276659
v -0.329482 0.029326 -0.299068
v -0.332865 0.035746 -0.300994
v -0.254788 0.057035 -0.373925
v -0.263556 0.063569 -0.371602
v -0.262582 0.053674 -0.368479
v -0.270309 0.060097 -0.366763
v -0.279253 0.063056 -0.361919
v -0.274764 0.053828 -0.361246
v -0.268104 0.047537 -0.361514
v -0.254865 0.047498 -0.368393
v -0.246116 0.050877 -0.374267
v -0.368733 0.031927 -0.245444
v -0.367616 0.022977 -0.238381
v -0.364691 0.014966 -0.231509
v -0.360128 0.019801 -0.248460
v -0.362429 0.027712 -0.254044
v -0.363196 0.036212 -0.259764
v -0.230043 0.082445 -0.378798
v -0.243672 0.083656 -0.377765
v -0.241081 0.066706 -0.380525
v -0.250410 0.076223 -0.377506
v -0.248283 0.089621 -0.375044
v -0.232475 0.059859 -0.380730
v -0.227472 0.065739 -0.381137
v -0.223625 0.072821 -0.379899
v -0.374973 0.040056 -0.226495
v -0.375059 0.042809 -0.215734
v -0.372292 0.023163 -0.217031
v -0.374162 0.030984 -0.216540
v -0.373405 0.036938 -0.208205
v -0.373310 0.048561 -0.237925
v -0.373894 0.055391 -0.232459
v -0.370582 0.025508 -0.205335
v -0.369585 0.017487 -0.216786
v -0.373723 0.031240 -0.227405
v -0.372777 0.040862 -0.238913
v -0.230329 0.133860 -0.354306
v -0.223073 0.108308 -0.367397
v -0.236169 0.109360 -0.368463
v -0.244189 0.118350 -0.363000
v -0.212248 0.098358 -0.367305
v -0.207311 0.118114 -0.355859
v -0.369653 0.080429 -0.212154
v -0.370992 0.068608 -0.206366
v -0.362175 0.094007 -0.195788
v -0.366943 0.064850 -0.194376
v -0.361815 0.068607 -0.186437
v -0.354649 0.074295 -0.177870
v -0.364639 0.046001 -0.190341
v -0.367539 0.049746 -0.194419
v -0.370270 0.063530 -0.201557
v -0.203937 0.192659 -0.309679
v -0.212495 0.197720 -0.307743
v -0.206558 0.170104 -0.326049
v -0.225433 0.201111 -0.305602
v -0.198392 0.151080 -0.333524
v -0.348165 0.128338 -0.184708
v -0.328802 0.163899 -0.166762
v -0.338611 0.130779 -0.166463
v -0.330624 0.137074 -0.157140
v -0.339763 0.108472 -0.163435
v -0.346388 0.122795 -0.176659
v -0.141666 0.293722 -0.244809
v -0.151584 0.306193 -0.245186
v -0.171106 0.317612 -0.239103
v -0.148708 0.322495 -0.250135
v -0.161832 0.330366 -0.244168
v -0.167471 0.300979 -0.237322
v -0.155832 0.288213 -0.237166
v -0.296704 0.260684 -0.045516
v -0.291112 0.279452 -0.078919
v -0.284230 0.283420 -0.103093
v -0.277716 0.252601 -0.081236
v -0.272157 0.253053 -0.097308
v -0.277810 0.267629 -0.104661
v -0.290108 0.291594 -0.089943
v -0.094310 0.324094 -0.276296
v -0.076735 0.332359 -0.285299
v -0.059632 0.341720 -0.292953
v -0.083230 0.342466 -0.283667
v -0.065735 0.351284 -0.291304
v -0.078688 0.318406 -0.280966
v -0.062067 0.327611 -0.289220
v -0.045296 0.337653 -0.296046
v -0.319165 0.271684 0.015002
v -0.316906 0.262973 0.015915
v -0.320867 0.266440 0.031669
v -0.316355 0.255725 0.029849
v -0.311040 0.252358 0.010122
v -0.304542 0.250142 -0.009421
v -0.304777 0.260481 -0.023251
v -0.319293 0.280499 0.008971
v -0.024339 0.360591 -0.303198
v -0.007349 0.372350 -0.305610
v 0.008970 0.385806 -0.306344
v -0.013157 0.378374 -0.304599
v 0.001447 0.391011 -0.305196
v -0.010210 0.359729 -0.304623
v 0.007053 0.372444 -0.306302
v 0.019571 0.383386 -0.306367
v -0.021386 0.386206 -0.301789
v -0.036455 0.375201 -0.299642
v -0.029304 0.366930 -0.302316
v -0.326772 0.291804 0.103601
v -0.326644 0.282103 0.085272
v -0.327131 0.281655 0.066372
v -0.324226 0.270025 0.068488
v -0.324419 0.284765 0.108329
v -0.323287 0.272598 0.090867
v -0.321246 0.263462 0.071553
v -0.326839 0.287432 0.049488
v -0.328308 0.293439 0.067224
v 0.041320 0.438325 -0.299267
v 0.043763 0.457248 -0.294283
v 0.033083 0.460421 -0.293035
v 0.048375 0.467411 -0.289852
v 0.022938 0.461543 -0.290827
v 0.017073 0.430110 -0.299050
v 0.028914 0.434756 -0.299740
v 0.035293 0.418541 -0.303125
v -0.326770 0.340478 0.135187
v -0.324782 0.336665 0.145211
v -0.325176 0.317843 0.136144
v -0.324829 0.357451 0.145766
v -0.322975 0.353890 0.152055
v -0.321822 0.341810 0.153765
v -0.325110 0.369822 0.134188
v 0.040698 0.491627 -0.274725
v 0.034034 0.488515 -0.280290
v 0.026756 0.497833 -0.271374
v 0.031355 0.493026 -0.276497
v 0.023695 0.488073 -0.280034
v 0.018761 0.495835 -0.273497
v 0.011882 0.502264 -0.265335
v 0.043523 0.487010 -0.278959
v 0.038248 0.496094 -0.267412
v 0.030615 0.501800 -0.257053
v 0.004890 0.500662 -0.264971
v 0.036121 0.483233 -0.283781
v 0.045785 0.481498 -0.282876
v -0.309044 0.403299 0.137115
v -0.316232 0.401635 0.122499
v -0.315756 0.395095 0.139682
v -0.311919 0.393457 0.146313
v -0.318616 0.387783 0.143692
v -0.314678 0.384615 0.152163
v -0.322635 0.381127 0.138452
v -0.313907 0.404734 0.125648
v -0.302067 0.402123 0.142495
v -0.309242 0.391477 0.150079
v -0.317004 0.378432 0.154164
v -0.318924 0.371644 0.155336
v -0.322427 0.384551 0.130384
v -0.010494 0.524082 -0.218379
v 0.005342 0.516877 -0.223820
v -0.020348 0.517715 -0.233299
v -0.278150 0.439132 0.110705
v -0.274750 0.448927 0.100848
v -0.271639 0.438802 0.113376
v -0.297544 0.430857 0.099286
v -0.042782 0.555126 -0.150212
v -0.050528 0.561431 -0.137191
v -0.055271 0.560982 -0.144611
v -0.062988 0.558779 -0.152052
v -0.074571 0.563280 -0.139908
v -0.071975 0.554968 -0.155487
v -0.063917 0.554533 -0.159638
v -0.223676 0.511689 0.062758
v -0.242674 0.500501 0.055329
v -0.236327 0.506348 0.056401
v -0.233447 0.499457 0.070849
v -0.228316 0.516811 0.044941
v -0.240560 0.504018 0.047312
v -0.075394 0.567108 -0.107189
v -0.086002 0.563260 -0.099813
v -0.074594 0.568473 -0.119050
v -0.084239 0.567119 -0.110475
v -0.099803 0.559118 -0.101566
v -0.088051 0.566498 -0.114387
v -0.093752 0.563859 -0.107437
v -0.080744 0.567329 -0.124234
v -0.106220 0.557477 -0.110047
v -0.093349 0.564049 -0.120185
v -0.101931 0.560191 -0.115582
v -0.080620 0.565605 -0.103213
v -0.091516 0.560070 -0.097012
v -0.097137 0.556039 -0.094826
v -0.103200 0.558698 -0.105729
v -0.103937 0.556947 -0.121970
v -0.088529 0.561323 -0.133470
v -0.070299 0.568247 -0.115632
v -0.207217 0.528684 0.015056
v -0.196325 0.529945 0.014474
v -0.201733 0.531224 0.022408
v -0.192709 0.530997 0.028566
v -0.203377 0.531106 0.032814
v -0.209793 0.527591 0.043560
v -0.200897 0.529159 0.011673
v -0.190273 0.529854 0.019338
v -0.201447 0.526143 0.050530
v -0.205589 0.527327 0.047101
v -0.215733 0.526524 0.038098
v -0.224686 0.520176 0.030215
v -0.214898 0.522967 0.009901
v -0.124468 0.534701 -0.097029
v -0.131067 0.533083 -0.105272
v -0.136956 0.527237 -0.109664
v -0.116359 0.537029 -0.091672
v -0.126305 0.524756 -0.091945
v -0.141411 0.521868 -0.113939
v -0.119566 0.546473 -0.108943
v -0.200240 0.507940 -0.028121
v -0.191294 0.506781 -0.027299
v -0.194437 0.516665 -0.014371
v -0.204274 0.505271 -0.031085
v -0.195898 0.505678 -0.030658
v -0.184701 0.506454 -0.022867
v -0.185265 0.516090 -0.009238
v -0.204002 0.517996 -0.011945
v -0.209676 0.514521 -0.013579
v -0.207624 0.497689 -0.039616
v -0.160456 0.481093 -0.091275
v -0.170133 0.476092 -0.091248
v -0.167009 0.482975 -0.097831
v -0.176485 0.476314 -0.097991
v -0.171664 0.482944 -0.105006
v -0.179835 0.474871 -0.103093
v -0.174048 0.473370 -0.088053
v -0.184309 0.470398 -0.105218
v -0.171247 0.484034 -0.111103
v -0.153244 0.489627 -0.092983
v -0.187095 0.471563 -0.086377
v -0.181694 0.472550 -0.077912
v -0.196253 0.472179 -0.080831
v -0.178614 0.472414 -0.072620
v -0.191095 0.473923 -0.078204
v -0.184807 0.475960 -0.069271
v -0.197021 0.480728 -0.065606
v -0.191840 0.469264 -0.090227
v -0.178603 0.473999 -0.065396
v -0.187157 0.481891 -0.059507
v -0.202509 0.474447 -0.073609
v -0.197520 0.468191 -0.087175
v -0.122873 0.524893 -0.131780
v -0.150970 0.497614 -0.126790
v -0.139744 0.519936 -0.121098
v -0.221351 0.499248 -0.009673
v -0.216332 0.477770 -0.048416
v -0.226033 0.472442 -0.016092
v -0.109183 0.511407 -0.147226
v -0.100082 0.513431 -0.153838
v -0.108938 0.537010 -0.135920
v -0.089506 0.541428 -0.151334
v -0.093218 0.533400 -0.151802
v -0.104712 0.550877 -0.129955
v -0.106669 0.529998 -0.141233
v -0.234653 0.495262 0.019810
v -0.216010 0.509611 -0.011357
v -0.059838 0.523457 -0.193842
v -0.081963 0.530468 -0.165193
v -0.076506 0.547322 -0.160558
v -0.070751 0.512426 -0.185857
v -0.269874 0.457358 0.058110
v -0.260090 0.454319 0.041663
v -0.244500 0.486172 0.032225
v -0.026106 0.502304 -0.239689
v -0.022979 0.511005 -0.238442
v -0.288288 0.434502 0.077216
v -0.288751 0.440433 0.082604
v -0.008192 0.476467 -0.266966
v -0.011427 0.484023 -0.260767
v -0.004339 0.494932 -0.263372
v -0.009879 0.465703 -0.270936
v -0.315063 0.399974 0.110736
v -0.310797 0.404676 0.103342
v -0.316294 0.385488 0.105939
v -0.310699 0.393488 0.099052
v -0.315144 0.376043 0.097901
v -0.008049 0.444479 -0.284829
v -0.000425 0.447494 -0.287387
v -0.007657 0.455993 -0.278562
v -0.019191 0.443026 -0.278879
v -0.023728 0.428899 -0.284969
v -0.323784 0.348532 0.095387
v -0.320517 0.349435 0.081511
v -0.326362 0.345559 0.109214
v -0.324389 0.337086 0.081060
v -0.319792 0.361466 0.095964
v -0.038955 0.395432 -0.293543
v -0.024197 0.398739 -0.297927
v -0.027387 0.417752 -0.288967
v -0.328232 0.315697 0.080108
v -0.327843 0.302177 0.060142
v -0.326093 0.298220 0.042039
v -0.322667 0.300296 0.022679
v -0.324555 0.322597 0.057481
v -0.134262 0.356944 -0.254635
v -0.101781 0.365024 -0.272083
v -0.077989 0.366766 -0.284390
v -0.080890 0.374061 -0.281045
v -0.307538 0.303131 -0.033842
v -0.309426 0.293241 -0.029691
v -0.305589 0.310805 -0.035993
v -0.163582 0.362764 -0.230954
v -0.140956 0.364679 -0.246346
v -0.172713 0.374249 -0.212632
v -0.188063 0.346273 -0.225301
v -0.153920 0.345072 -0.246648
v -0.284363 0.321563 -0.097245
v -0.289810 0.320650 -0.077403
v -0.284661 0.310881 -0.108337
v -0.281689 0.317762 -0.112802
v -0.279784 0.328745 -0.100800
v -0.297090 0.309711 -0.064150
v -0.186162 0.377326 -0.192238
v -0.179552 0.387195 -0.188765
v -0.209907 0.351554 -0.195091
v -0.198185 0.353850 -0.209605
v -0.179410 0.377788 -0.201279
v -0.258814 0.336772 -0.136291
v -0.248835 0.360548 -0.112302
v -0.257224 0.355849 -0.106798
v -0.264582 0.351696 -0.099433
v -0.270591 0.332025 -0.122441
v -0.265554 0.335231 -0.127595
v -0.160676 0.490161 -0.123130
v -0.167174 0.469936 -0.128357
v -0.172591 0.474589 -0.121039
v -0.161044 0.493578 -0.119893
v -0.213275 0.473595 -0.060362
v -0.217966 0.455957 -0.061294
v -0.202307 0.458813 -0.092866
v -0.211970 0.482022 -0.054520
v -0.218453 0.446032 -0.069731
v -0.174953 0.440305 -0.140208
v -0.177240 0.431411 -0.144513
v -0.192293 0.447321 -0.116669
v -0.211524 0.422766 -0.105307
v -0.218536 0.414355 -0.100084
v -0.201402 0.446204 -0.104926
v -0.218144 0.428888 -0.087886
v -0.180987 0.395979 -0.173106
v -0.180189 0.406240 -0.162846
v -0.189524 0.395550 -0.158255
v -0.196915 0.382868 -0.160981
v -0.227267 0.381497 -0.115359
v -0.228468 0.399245 -0.097302
v -0.312894 0.064843 -0.334701
v -0.322676 0.077755 -0.326482
v -0.314923 0.073121 -0.334241
v -0.341564 0.065842 -0.303400
v -0.344619 0.055255 -0.296559
v -0.305255 0.080829 -0.343459
v -0.297037 0.081794 -0.350312
v -0.284511 0.073983 -0.359769
v -0.278836 0.079195 -0.363340
v -0.297986 0.092404 -0.347473
v -0.358238 0.070788 -0.277522
v -0.361456 0.071621 -0.270300
v -0.368692 0.050572 -0.254209
v -0.364552 0.049792 -0.263536
v -0.295707 0.100148 -0.346480
v -0.271917 0.089140 -0.365270
v -0.267084 0.106750 -0.361158
v -0.291520 0.113785 -0.342766
v -0.364439 0.075587 -0.260015
v -0.364730 0.082620 -0.253162
v -0.356550 0.097948 -0.265542
v -0.370018 0.076830 -0.235265
v -0.370731 0.065794 -0.242462
v -0.369205 0.058517 -0.252133
v -0.255423 0.191348 -0.304764
v -0.267397 0.184672 -0.303089
v -0.247051 0.180852 -0.317533
v -0.333580 0.164671 -0.223514
v -0.342055 0.152139 -0.203307
v -0.277473 0.131407 -0.341411
v -0.265893 0.133721 -0.346540
v -0.358345 0.113522 -0.233246
v -0.359992 0.104795 -0.243401
v -0.364182 0.100518 -0.224179
v -0.353980 0.116573 -0.247931
v -0.263430 0.244897 -0.243166
v -0.256588 0.254010 -0.241732
v -0.288034 0.235070 -0.218015
v -0.286331 0.243953 -0.209275
v -0.282252 0.195683 -0.277758
v -0.308902 0.187338 -0.247943
v -0.295046 0.211672 -0.239237
v -0.324190 0.175821 -0.232618
v -0.304237 0.138277 -0.313355
v -0.340244 0.126970 -0.270570
v -0.330280 0.131342 -0.283391
v -0.343609 0.127235 -0.262342
v -0.238080 0.290494 -0.239152
v -0.240369 0.286121 -0.239833
v -0.240814 0.279543 -0.240205
v -0.243299 0.282579 -0.240126
v -0.234085 0.290825 -0.237559
v -0.248478 0.278886 -0.239319
v -0.246118 0.274459 -0.239529
v -0.233889 0.288078 -0.238383
v -0.292402 0.267604 -0.184961
v -0.291989 0.274200 -0.174336
v -0.290956 0.264388 -0.179918
v -0.290440 0.262169 -0.186689
v -0.230030 0.304802 -0.227100
v -0.235611 0.312456 -0.227691
v -0.229372 0.302007 -0.229284
v -0.237085 0.308290 -0.233091
v -0.232984 0.300918 -0.233026
v -0.231687 0.296449 -0.234299
v -0.229752 0.307900 -0.222826
v -0.283552 0.289966 -0.165152
v -0.287564 0.284526 -0.167359
v -0.280064 0.292167 -0.163977
v -0.291649 0.290936 -0.170094
v -0.287844 0.294915 -0.167936
v -0.287456 0.279593 -0.167248
v -0.233448 0.313437 -0.211299
v -0.243436 0.312326 -0.200055
v -0.236679 0.317397 -0.216486
v -0.231523 0.312793 -0.211377
v -0.234030 0.314020 -0.203706
v -0.266542 0.304527 -0.170027
v -0.262271 0.306203 -0.174823
v -0.267475 0.302987 -0.167642
v -0.260816 0.306995 -0.179836
v -0.256761 0.306568 -0.179577
v -0.260991 0.305803 -0.171679
v -0.268409 0.302113 -0.165959
v -0.271508 0.301737 -0.166621
v -0.250165 0.308171 -0.197103
v -0.247410 0.308557 -0.194853
v -0.262455 0.305375 -0.193608
v -0.257707 0.302282 -0.194045
v -0.259197 0.305968 -0.185531
v -0.261302 0.260179 -0.232950
v -0.264766 0.264636 -0.229781
v -0.258723 0.268948 -0.234011
v -0.270881 0.262090 -0.224685
v -0.268691 0.258313 -0.226411
v -0.288290 0.259971 -0.194911
v -0.286716 0.254320 -0.199059
v -0.282836 0.253196 -0.207732
v -0.281060 0.250351 -0.212496
v -0.278847 0.257343 -0.214277
v -0.270803 0.270461 -0.227994
v -0.267634 0.278854 -0.231545
v -0.258073 0.290024 -0.238432
v -0.285996 0.272066 -0.210780
v -0.287059 0.268552 -0.207611
v -0.264736 0.309266 -0.205851
v -0.259601 0.309491 -0.202376
v -0.250611 0.315626 -0.205170
v -0.265509 0.308044 -0.202863
v -0.264891 0.309905 -0.209331
v -0.271954 0.307227 -0.199775
v -0.276907 0.309970 -0.185562
v -0.268650 0.307519 -0.198182
v -0.266080 0.307140 -0.195530
v -0.249697 0.318722 -0.214441
v -0.243581 0.319715 -0.215823
v -0.240080 0.319161 -0.216173
v -0.247005 0.318695 -0.220180
v -0.246921 0.318818 -0.210270
v -0.237653 0.317851 -0.219198
v -0.277989 0.309315 -0.174432
v -0.272949 0.310740 -0.178027
v -0.281489 0.306921 -0.171755
v -0.241923 0.312687 -0.232271
v -0.242335 0.307879 -0.236568
v -0.240646 0.316123 -0.227225
v -0.245720 0.317629 -0.224481
v -0.246957 0.313062 -0.231669
v -0.246145 0.307688 -0.237356
v -0.293280 0.298020 -0.179246
v -0.290749 0.299886 -0.173820
v -0.294512 0.292126 -0.173658
v -0.289672 0.298236 -0.170650
v -0.288361 0.303622 -0.177032
v -0.296170 0.292869 -0.177885
v -0.253155 0.297775 -0.240443
v -0.249735 0.302745 -0.239980
v -0.255203 0.301382 -0.237662
v -0.258106 0.296687 -0.237379
v -0.253652 0.289735 -0.240611
v -0.295591 0.280243 -0.193441
v -0.298246 0.283390 -0.180126
v -0.297823 0.279052 -0.183164
v -0.257167 0.313130 -0.221077
v -0.248878 0.316458 -0.224785
v -0.284965 0.304127 -0.189110
v -0.286435 0.300764 -0.193401
v -0.271555 0.289691 -0.225599
v -0.262314 0.296757 -0.233375
v -0.282582 0.284675 -0.213476
v -0.292473 0.286012 -0.198004
v -0.287128 0.291732 -0.202748
v -0.293063 0.290587 -0.194255
v -0.295239 0.284499 -0.193856
v -0.233839 0.321220 -0.190632
v -0.223026 0.328695 -0.207313
v -0.228946 0.333955 -0.180766
v -0.222292 0.325235 -0.212902
v -0.239576 0.316999 -0.185633
v -0.248857 0.323470 -0.163816
v -0.271856 0.310739 -0.152731
v -0.254040 0.312042 -0.170600
v -0.241730 0.344916 -0.145377
v -0.228302 0.296723 -0.233119
v -0.225319 0.311906 -0.222208
v -0.224708 0.305204 -0.228163
v -0.222559 0.315390 -0.222133
v -0.218931 0.305197 -0.230131
v -0.227591 0.303701 -0.227601
v -0.217471 0.319413 -0.222756
v -0.228549 0.311762 -0.216890
v -0.282900 0.285336 -0.161746
v -0.283804 0.283456 -0.158776
v -0.279599 0.291601 -0.161004
v -0.278975 0.301205 -0.145900
v -0.283186 0.283499 -0.152133
v -0.230182 0.269092 -0.247781
v -0.227986 0.261790 -0.253343
v -0.230917 0.281321 -0.241068
v -0.239765 0.267774 -0.244648
v -0.218977 0.267142 -0.250798
v -0.222868 0.275592 -0.245380
v -0.291587 0.253368 -0.164190
v -0.290492 0.261632 -0.170609
v -0.292315 0.251112 -0.182765
v -0.290105 0.253723 -0.158024
v -0.238077 0.237772 -0.270934
v -0.254034 0.247929 -0.250238
v -0.223196 0.250288 -0.263623
v -0.243975 0.250261 -0.255951
v -0.300722 0.231150 -0.190535
v -0.187220 0.218250 -0.282910
v -0.198662 0.227550 -0.279959
v -0.178007 0.206077 -0.286144
v -0.179734 0.221341 -0.275405
v -0.217209 0.225750 -0.285269
v -0.209002 0.220384 -0.289000
v -0.196954 0.209759 -0.294332
v -0.310105 0.188184 -0.149341
v -0.304649 0.183654 -0.140177
v -0.312770 0.176409 -0.147154
v -0.305353 0.205898 -0.153567
v -0.316388 0.188993 -0.160831
v -0.316045 0.196490 -0.167907
v -0.194720 0.263692 -0.247448
v -0.203331 0.270060 -0.246440
v -0.199716 0.256206 -0.255106
v -0.180771 0.248727 -0.251651
v -0.284843 0.230950 -0.138332
v -0.277992 0.210158 -0.124365
v -0.289630 0.237472 -0.148038
v -0.173161 0.272779 -0.232238
v -0.184665 0.287532 -0.232470
v -0.198524 0.300031 -0.231499
v -0.186126 0.279164 -0.234608
v -0.199032 0.289267 -0.234739
v -0.176545 0.267676 -0.235309
v -0.174099 0.287064 -0.232680
v -0.187746 0.300264 -0.232024
v -0.202012 0.313674 -0.228600
v -0.207185 0.307418 -0.229679
v -0.170706 0.277778 -0.231762
v -0.278636 0.275817 -0.135179
v -0.276361 0.251192 -0.132611
v -0.274846 0.259798 -0.129429
v -0.269510 0.243677 -0.122469
v -0.281627 0.262497 -0.142446
v -0.279075 0.284057 -0.130724
v -0.277030 0.273885 -0.124812
v -0.267388 0.246927 -0.116634
v -0.272519 0.236146 -0.125726
v -0.322309 0.125065 -0.299920
v -0.320307 0.123417 -0.301495
v -0.307882 0.129394 -0.315089
v -0.307545 0.131980 -0.315062
v -0.341940 0.121223 -0.273648
v -0.340114 0.119791 -0.276318
v -0.302208 0.122989 -0.327721
v -0.303862 0.115927 -0.329982
v -0.303163 0.123991 -0.324116
v -0.303043 0.120857 -0.325494
v -0.347389 0.112121 -0.271025
v -0.348231 0.114747 -0.268305
v -0.348281 0.101947 -0.274556
v -0.350663 0.102963 -0.273255
v -0.352150 0.107626 -0.267205
v -0.354033 0.096221 -0.273722
v -0.347151 0.107523 -0.272457
v -0.313361 0.092635 -0.332647
v -0.314643 0.091892 -0.329895
v -0.308706 0.102391 -0.332371
v -0.305881 0.099116 -0.338728
v -0.308525 0.102473 -0.330432
v -0.311299 0.096936 -0.329656
v -0.315816 0.089864 -0.326972
v -0.351326 0.090568 -0.281074
v -0.353671 0.087844 -0.280081
v -0.350063 0.080118 -0.289480
v -0.343322 0.081536 -0.293212
v -0.348308 0.089023 -0.283412
v -0.322743 0.081644 -0.325355
v -0.325674 0.081287 -0.320125
v -0.341485 0.078439 -0.299941
v -0.342412 0.077284 -0.300666
v -0.337293 0.077606 -0.306523
v -0.310625 0.083394 -0.314373
v -0.312780 0.083851 -0.317070
v -0.326877 0.077162 -0.301756
v -0.324204 0.077869 -0.295801
v -0.299851 0.094007 -0.319682
v -0.307342 0.099620 -0.327195
v -0.306021 0.088675 -0.319256
v -0.313981 0.089192 -0.324176
v -0.344294 0.087503 -0.283245
v -0.345384 0.091972 -0.279218
v -0.339615 0.080915 -0.291553
v -0.332665 0.079709 -0.285012
v -0.333968 0.081633 -0.281083
v -0.301970 0.115953 -0.324675
v -0.295522 0.108813 -0.318648
v -0.296518 0.113417 -0.316862
v -0.295938 0.105914 -0.319754
v -0.295504 0.110573 -0.317606
v -0.303174 0.110129 -0.326448
v -0.336283 0.097761 -0.269533
v -0.336651 0.093609 -0.270805
v -0.345476 0.095840 -0.276442
v -0.304210 0.116695 -0.307945
v -0.315914 0.112136 -0.295531
v -0.310427 0.107347 -0.297576
v -0.298608 0.112041 -0.310287
v -0.298379 0.114547 -0.312457
v -0.302080 0.118983 -0.312044
v -0.321729 0.110772 -0.288507
v -0.317446 0.104986 -0.289277
v -0.313525 0.085116 -0.299030
v -0.309486 0.084573 -0.306657
v -0.297536 0.106847 -0.309981
v -0.309188 0.101895 -0.297552
v -0.313264 0.092308 -0.294634
v -0.294948 0.098987 -0.314487
v -0.299519 0.091342 -0.315032
v -0.296630 0.095208 -0.316705
v -0.294333 0.101086 -0.316401
v -0.328605 0.084148 -0.277495
v -0.332185 0.086644 -0.273017
v -0.329460 0.082293 -0.279033
v -0.330913 0.091988 -0.270809
v -0.332415 0.090367 -0.270782
v -0.175761 0.405166 -0.172833
v -0.259839 0.376958 -0.082802
v -0.246839 0.394270 -0.081365
v -0.242963 0.390771 -0.087334
v -0.172895 0.430122 -0.151552
v -0.166691 0.433475 -0.158677
v -0.244387 0.402328 -0.076696
v -0.232583 0.413283 -0.079085
v -0.230448 0.425971 -0.068195
v -0.227491 0.418452 -0.081063
v -0.239489 0.413027 -0.071238
v -0.148867 0.469167 -0.143808
v -0.146694 0.464299 -0.152665
v -0.227129 0.437184 -0.059827
v -0.174087 0.391690 -0.192704
v -0.173389 0.397554 -0.187521
v -0.167756 0.389752 -0.204222
v -0.169991 0.396557 -0.195827
v -0.166666 0.394697 -0.203089
v -0.168796 0.403622 -0.193495
v -0.265124 0.365462 -0.083815
v -0.258091 0.373056 -0.086615
v -0.262503 0.362295 -0.089256
v -0.255353 0.369573 -0.091959
v -0.142309 0.378939 -0.237681
v -0.160265 0.385720 -0.215991
v -0.151142 0.383866 -0.227028
v -0.159743 0.377373 -0.221839
v -0.292646 0.343750 -0.055170
v -0.285837 0.352535 -0.063344
v -0.284348 0.343604 -0.066874
v -0.299852 0.337382 -0.044241
v -0.298415 0.328643 -0.047248
v -0.275990 0.349560 -0.077507
v -0.277138 0.354130 -0.073940
v -0.115306 0.377228 -0.260177
v -0.103225 0.378861 -0.267050
v -0.091525 0.384134 -0.271915
v -0.107547 0.392059 -0.262695
v -0.115579 0.389827 -0.258373
v -0.123178 0.387825 -0.253498
v -0.124435 0.377138 -0.253758
v -0.310881 0.330601 -0.018226
v -0.307952 0.331682 -0.027082
v -0.307789 0.318598 -0.026896
v -0.304463 0.333032 -0.035539
v -0.082199 0.403982 -0.270926
v -0.320528 0.338571 0.058834
v -0.316159 0.333268 0.010363
v -0.036073 0.451424 -0.262982
v -0.044000 0.435475 -0.270810
v -0.040705 0.421844 -0.280374
v -0.314951 0.359726 0.074388
v -0.315469 0.353423 0.055579
v -0.028984 0.472600 -0.248860
v -0.299929 0.391181 0.076799
v -0.299823 0.389960 0.070594
v -0.061948 0.495573 -0.206224
v -0.052031 0.483554 -0.226620
v -0.275279 0.427894 0.046886
v -0.282205 0.418633 0.056482
v -0.281038 0.422267 0.060700
v -0.276911 0.426624 0.053671
v -0.291197 0.405246 0.066399
v -0.074181 0.500439 -0.190907
v -0.083887 0.498772 -0.184342
v -0.082521 0.502631 -0.180066
v -0.075532 0.496499 -0.195695
v -0.253612 0.450919 0.025637
v -0.255730 0.447385 0.022420
v -0.097314 0.503660 -0.162616
v -0.094385 0.498585 -0.172029
v -0.240448 0.460397 0.009475
v -0.247539 0.452294 0.012108
v -0.124883 0.487767 -0.152051
v -0.131579 0.493152 -0.140650
v -0.129921 0.489408 -0.144691
v -0.229568 0.456368 -0.027285
v -0.235471 0.446585 -0.031356
v -0.229832 0.466889 -0.010097
v -0.120695 0.481266 -0.163430
v -0.238407 0.441064 -0.028270
v -0.239272 0.446282 -0.021830
v -0.240568 0.442997 -0.020776
v -0.103283 0.491454 -0.172237
v -0.104026 0.488782 -0.173554
v -0.247923 0.447737 0.001664
v -0.248821 0.444977 0.000579
v -0.079964 0.492410 -0.201107
v -0.265762 0.438405 0.022012
v -0.268583 0.434776 0.023931
v -0.263730 0.433612 0.018963
v -0.065372 0.484835 -0.218140
v -0.073415 0.485922 -0.210303
v -0.047526 0.478203 -0.233931
v -0.051482 0.474340 -0.232014
v -0.285975 0.407410 0.049175
v -0.279712 0.423344 0.038947
v -0.041406 0.466688 -0.244928
v -0.039823 0.460145 -0.251326
v -0.042264 0.461046 -0.246280
v -0.037212 0.461794 -0.253006
v -0.042756 0.453439 -0.252205
v -0.294419 0.391551 0.059850
v -0.297937 0.383764 0.061118
v -0.302009 0.380890 0.063891
v -0.042617 0.448285 -0.259791
v -0.046137 0.444276 -0.257943
v -0.049109 0.438774 -0.261488
v -0.053301 0.432836 -0.264462
v -0.048580 0.435986 -0.266812
v -0.307785 0.368137 0.059022
v -0.305823 0.365786 0.054279
v -0.308501 0.360372 0.050380
v -0.312772 0.356133 0.050825
v -0.310792 0.355009 0.045121
v -0.073842 0.414696 -0.268278
v -0.071015 0.417704 -0.266426
v -0.079929 0.412422 -0.264252
v -0.089522 0.404058 -0.267379
v -0.059222 0.423434 -0.270875
v -0.307122 0.349120 0.028316
v -0.312797 0.344625 0.024270
v -0.311364 0.342470 0.014004
v -0.307379 0.344136 0.013562
v -0.109208 0.398387 -0.255215
v -0.101077 0.401437 -0.259392
v -0.303582 0.339681 -0.027374
v -0.311269 0.335930 -0.011453
v -0.306338 0.338890 -0.016074
v -0.145422 0.395838 -0.228275
v -0.133935 0.394944 -0.238370
v -0.151459 0.395605 -0.223577
v -0.298060 0.343192 -0.041928
v -0.300559 0.340507 -0.040428
v -0.288096 0.351938 -0.054321
v -0.161933 0.404021 -0.201092
v -0.162744 0.408382 -0.192141
v -0.266564 0.372511 -0.075104
v -0.270085 0.369115 -0.076669
v -0.146696 0.454069 -0.160876
v -0.237432 0.426644 -0.051783
v -0.236970 0.430785 -0.044363
v -0.236868 0.436415 -0.038154
v -0.238523 0.420726 -0.055682
v -0.235482 0.433718 -0.049229
v -0.159217 0.434435 -0.168560
v -0.149212 0.447721 -0.163060
v -0.153277 0.443401 -0.164494
v -0.155551 0.434101 -0.169420
v -0.152432 0.450316 -0.160371
v -0.242687 0.409206 -0.068203
v -0.242648 0.407776 -0.064704
v -0.239713 0.417276 -0.060572
v -0.239194 0.413204 -0.055818
v -0.163922 0.423464 -0.175401
v -0.158743 0.425969 -0.174378
v -0.161324 0.417551 -0.180861
v -0.252715 0.388670 -0.077446
v -0.250769 0.390516 -0.073320
v -0.151996 0.471129 -0.081861
v -0.145104 0.477911 -0.084314
v -0.139584 0.456369 -0.070774
v -0.132543 0.460912 -0.075058
v -0.139361 0.460213 -0.074245
v -0.134755 0.470945 -0.080291
v -0.125075 0.463673 -0.076861
v -0.127101 0.480357 -0.082258
v -0.112064 0.469583 -0.080061
v -0.115318 0.465896 -0.078279
v -0.126679 0.458439 -0.073025
v -0.145799 0.456491 -0.069302
v -0.157912 0.467036 -0.078264
v -0.166482 0.465742 -0.056489
v -0.152129 0.452636 -0.051738
v -0.168927 0.467479 -0.065987
v -0.159985 0.460363 -0.033348
v -0.171689 0.473901 -0.049212
v -0.165105 0.464963 -0.068121
v -0.148250 0.452730 -0.060949
v -0.153575 0.452610 -0.037453
v -0.110651 0.522736 -0.083867
v -0.097215 0.520769 -0.081383
v -0.094546 0.532926 -0.082379
v -0.102522 0.492183 -0.082784
v -0.103054 0.539209 -0.085984
v -0.091548 0.491794 -0.085179
v -0.108435 0.483767 -0.082463
v -0.118048 0.492511 -0.082708
v -0.128659 0.498776 -0.085370
v -0.165863 0.497414 0.009491
v -0.170767 0.509885 0.009361
v -0.170219 0.500666 -0.005365
v -0.163495 0.475752 -0.009304
v -0.168171 0.480748 -0.026266
v -0.165422 0.476752 -0.021193
v -0.161145 0.464126 -0.013756
v -0.162937 0.470226 0.000597
v -0.164353 0.491449 0.020248
v -0.073615 0.556388 -0.091834
v -0.058815 0.556427 -0.097911
v -0.060376 0.550678 -0.092831
v -0.050163 0.552748 -0.101481
v -0.065756 0.548465 -0.089368
v -0.051954 0.547424 -0.096391
v -0.057997 0.542679 -0.090781
v -0.042181 0.543369 -0.103086
v -0.068105 0.558714 -0.095357
v -0.057567 0.560807 -0.104179
v -0.052572 0.560565 -0.109433
v -0.045338 0.552538 -0.106617
v -0.049161 0.536826 -0.095152
v -0.059221 0.533019 -0.088619
v -0.069631 0.533180 -0.084491
v -0.076881 0.541644 -0.084312
v -0.085006 0.549167 -0.086689
v -0.181897 0.507275 0.061261
v -0.187038 0.516751 0.057728
v -0.180767 0.514144 0.054138
v -0.186766 0.522743 0.049565
v -0.176104 0.507147 0.053728
v -0.169678 0.502548 0.042917
v -0.177733 0.520065 0.039617
v -0.171743 0.510521 0.040799
v -0.175448 0.519332 0.032996
v -0.190886 0.513871 0.063055
v -0.183647 0.523836 0.043473
v -0.176739 0.521461 0.023507
v -0.170974 0.513260 0.028667
v -0.167578 0.503734 0.032971
v -0.174237 0.498968 0.055279
v -0.180750 0.495795 0.065690
v -0.036056 0.550667 -0.121582
v -0.026392 0.542421 -0.134493
v -0.041364 0.557125 -0.132647
v -0.033346 0.550384 -0.146120
v -0.010860 0.525770 -0.158576
v -0.014949 0.515936 -0.140432
v -0.031906 0.534052 -0.112802
v -0.032052 0.544014 -0.119508
v -0.207813 0.487320 0.083924
v -0.202203 0.482015 0.083630
v -0.213577 0.455043 0.094393
v -0.215225 0.494654 0.080996
v -0.206406 0.509146 0.070787
v -0.201321 0.503537 0.074354
v -0.195327 0.495025 0.076689
v -0.186806 0.487014 0.073376
v -0.204915 0.458519 0.087964
v 0.007979 0.507024 -0.180827
v 0.022826 0.495808 -0.196749
v -0.003271 0.523557 -0.198139
v 0.045036 0.476834 -0.210675
v 0.008939 0.501908 -0.175724
v -0.271900 0.413748 0.133237
v -0.251052 0.412679 0.128810
v -0.277354 0.419050 0.129757
v -0.256501 0.445157 0.110016
v -0.240492 0.443239 0.109525
v -0.235434 0.430547 0.113801
v -0.260315 0.408298 0.134138
v 0.050891 0.487376 -0.259539
v 0.055422 0.482429 -0.266515
v 0.057464 0.478918 -0.252871
v 0.061815 0.474207 -0.259801
v 0.060462 0.472431 -0.275618
v 0.066339 0.465147 -0.269123
v -0.301520 0.374477 0.162695
v -0.297052 0.382134 0.158855
v -0.299923 0.356627 0.168060
v -0.310436 0.364194 0.164077
v -0.308155 0.371142 0.162903
v -0.289913 0.391804 0.151789
v -0.297475 0.363125 0.166959
v 0.059685 0.442478 -0.292167
v 0.056086 0.421697 -0.297213
v 0.064325 0.427313 -0.289955
v 0.058487 0.406063 -0.294875
v 0.065860 0.437167 -0.286895
v 0.061755 0.416529 -0.292756
v 0.075818 0.401193 -0.278238
v 0.058337 0.432239 -0.294868
v 0.052866 0.411137 -0.299184
v 0.050728 0.399862 -0.299701
v 0.069301 0.381756 -0.282650
v 0.077805 0.430579 -0.270135
v 0.064744 0.456907 -0.281794
v -0.308764 0.294293 0.148057
v -0.308393 0.303760 0.153921
v -0.315987 0.309092 0.150170
v -0.309643 0.325819 0.162148
v -0.311147 0.335855 0.163491
v -0.308972 0.285371 0.141225
v -0.315989 0.290596 0.137628
v -0.316033 0.299541 0.144372
v -0.315790 0.318973 0.154999
v -0.310057 0.345084 0.165314
v -0.300844 0.339065 0.168108
v 0.021330 0.359652 -0.300555
v 0.003295 0.346593 -0.298821
v 0.045854 0.358605 -0.289889
v 0.034510 0.347537 -0.289757
v 0.017032 0.334228 -0.288073
v 0.002269 0.325695 -0.286082
v 0.059016 0.362704 -0.284923
v 0.040604 0.378930 -0.300307
v -0.310831 0.251648 0.078854
v -0.311771 0.258972 0.099932
v -0.308959 0.246362 0.056720
v -0.313901 0.267714 0.113549
v -0.314089 0.273949 0.122951
v -0.296448 0.258565 0.126525
v -0.284870 0.233519 0.100095
v -0.283165 0.226863 0.078838
v -0.050535 0.313534 -0.283427
v -0.070292 0.307343 -0.277468
v -0.064639 0.302546 -0.274117
v -0.027914 0.307362 -0.277373
v -0.045292 0.298364 -0.270733
v -0.063379 0.290096 -0.262774
v -0.010874 0.317783 -0.283093
v -0.033685 0.323723 -0.290110
v -0.299756 0.238207 0.016212
v -0.296812 0.238877 -0.005121
v -0.304951 0.241733 0.036034
v -0.286746 0.227952 0.043697
v -0.282473 0.225309 0.024032
v -0.276873 0.223630 0.003377
v -0.175985 0.103893 -0.200286
v -0.169800 0.107103 -0.195663
v -0.163593 0.109273 -0.191283
v -0.156527 0.116590 -0.209535
v -0.149580 0.119220 -0.205508
v -0.148827 0.123854 -0.214680
v -0.160005 0.116670 -0.218716
v -0.183027 0.098167 -0.209192
v -0.201298 0.102152 -0.151620
v -0.190180 0.099779 -0.175842
v -0.204413 0.097569 -0.165609
v -0.211247 0.093429 -0.170739
v -0.201862 0.094377 -0.178471
v -0.183343 0.102422 -0.168531
v -0.196730 0.095059 -0.184084
v -0.205660 0.087737 -0.190164
v -0.217467 0.097245 -0.158277
v -0.210631 0.102443 -0.148358
v -0.205643 0.104788 -0.141299
v -0.197644 0.079973 -0.228897
v -0.186121 0.091418 -0.233808
v -0.218035 0.053291 -0.246407
v -0.225870 0.074691 -0.191501
v -0.238741 0.051501 -0.213972
v -0.215098 0.075299 -0.202405
v -0.233006 0.048594 -0.226644
v -0.242752 0.028508 -0.268982
v -0.251175 0.022226 -0.281723
v -0.228113 0.040400 -0.261153
v -0.263051 0.016982 -0.295693
v -0.260002 0.021519 -0.256136
v -0.267389 0.016893 -0.263158
v -0.247350 0.033365 -0.239486
v -0.280463 0.011489 -0.277520
v -0.273298 0.024095 -0.330828
v -0.296180 0.019452 -0.312710
v -0.271276 0.020468 -0.322692
v -0.273067 0.030840 -0.341967
v -0.289637 0.026339 -0.327327
v -0.276802 0.016332 -0.309939
v -0.308463 0.009020 -0.279745
v -0.309673 0.013411 -0.292049
v -0.322860 0.009114 -0.271238
v -0.318723 0.017542 -0.293686
v -0.334976 0.012128 -0.267534
v -0.295693 0.008823 -0.278331
v -0.230093 0.036624 -0.362710
v -0.219818 0.036960 -0.360435
v -0.233115 0.031849 -0.352796
v -0.230961 0.029562 -0.341625
v -0.219140 0.034359 -0.352159
v -0.209300 0.039014 -0.354883
v -0.212822 0.039137 -0.360164
v -0.220780 0.040822 -0.367512
v -0.337025 0.000442 -0.227864
v -0.340416 0.003127 -0.238119
v -0.354741 0.004274 -0.221050
v -0.342670 -0.000172 -0.212729
v -0.346283 0.008011 -0.245860
v -0.351963 0.006154 -0.233644
v -0.350502 0.001613 -0.211548
v -0.341451 0.000258 -0.205513
v -0.334062 -0.000377 -0.213988
v -0.325436 0.001007 -0.228037
v -0.198838 0.059661 -0.362803
v -0.204422 0.055489 -0.368258
v -0.193395 0.065583 -0.355827
v -0.198265 0.054612 -0.360081
v -0.213580 0.050462 -0.373192
v -0.198092 0.049292 -0.355079
v -0.191976 0.057435 -0.349018
v -0.186664 0.067391 -0.341079
v -0.346873 0.006524 -0.193834
v -0.356659 0.007217 -0.201168
v -0.358021 0.013299 -0.195539
v -0.341980 0.011175 -0.187293
v -0.351242 0.011112 -0.191736
v -0.353122 0.020020 -0.187365
v -0.362782 0.012513 -0.202546
v -0.339531 0.021413 -0.180128
v -0.324558 0.025713 -0.175288
v -0.330835 0.015465 -0.182067
v -0.186219 0.107961 -0.338707
v -0.169286 0.134404 -0.303878
v -0.199215 0.100609 -0.356632
v -0.178353 0.086389 -0.323121
v -0.340308 0.061456 -0.168320
v -0.331882 0.063935 -0.163575
v -0.301587 0.094417 -0.144811
v -0.349872 0.055072 -0.175498
v -0.310304 0.046507 -0.164475
v -0.166828 0.110588 -0.278305
v -0.180613 0.089326 -0.268918
v -0.167391 0.109860 -0.271962
v -0.170510 0.105180 -0.266413
v -0.178380 0.082658 -0.301320
v -0.182886 0.075434 -0.299757
v -0.189165 0.063797 -0.308537
v -0.165288 0.115350 -0.283039
v -0.178881 0.080150 -0.313341
v -0.271390 0.068484 -0.161629
v -0.259287 0.070661 -0.167931
v -0.297908 0.046845 -0.166322
v -0.255956 0.086303 -0.153614
v -0.248464 0.084744 -0.159612
v -0.200985 0.044055 -0.338481
v -0.195754 0.055118 -0.312607
v -0.204065 0.044181 -0.324565
v -0.212889 0.036192 -0.337384
v -0.315236 0.007866 -0.202500
v -0.321030 0.010187 -0.190948
v -0.323914 0.001777 -0.212916
v -0.327077 0.005109 -0.195811
v -0.315091 0.016904 -0.185293
v -0.306651 0.028160 -0.177886
v -0.299416 0.024049 -0.189092
v -0.319410 0.004595 -0.206943
v -0.139170 0.150837 -0.234385
v -0.147742 0.141567 -0.242553
v -0.153609 0.134702 -0.250608
v -0.142591 0.147370 -0.237555
v -0.146030 0.135723 -0.230363
v -0.154424 0.128336 -0.237263
v -0.142771 0.163442 -0.247234
v -0.149765 0.147910 -0.255500
v -0.158071 0.126027 -0.248458
v -0.163127 0.117625 -0.239121
v -0.138364 0.138536 -0.222358
v -0.238487 0.106667 -0.138285
v -0.234008 0.120439 -0.123479
v -0.240637 0.095623 -0.150873
v -0.258769 0.117315 -0.128814
v -0.238797 0.129223 -0.117728
v -0.227144 0.122787 -0.118657
v -0.216765 0.114646 -0.123829
v -0.223913 0.113346 -0.128882
v -0.169033 0.165692 -0.297148
v -0.153690 0.177716 -0.269045
v -0.180665 0.166518 -0.311137
v -0.154833 0.155168 -0.272157
v -0.150975 0.173881 -0.264558
v -0.272550 0.145066 -0.120296
v -0.302611 0.125317 -0.136549
v -0.318528 0.124851 -0.145383
v -0.273408 0.119329 -0.129591
v -0.142634 0.221590 -0.236924
v -0.149124 0.231612 -0.237328
v -0.143799 0.235560 -0.231549
v -0.136657 0.220839 -0.233119
v -0.130829 0.224297 -0.229839
v -0.161622 0.234946 -0.247228
v -0.248611 0.195687 -0.097882
v -0.251817 0.203449 -0.101887
v -0.252780 0.189368 -0.103315
v -0.256307 0.203696 -0.106581
v -0.266450 0.198207 -0.113637
v -0.246058 0.198249 -0.092503
v -0.243112 0.182269 -0.094081
v -0.247905 0.184976 -0.099267
v -0.144362 0.194725 -0.248807
v -0.162272 0.211073 -0.266581
v -0.147787 0.207483 -0.249007
v -0.152165 0.217146 -0.249515
v -0.142002 0.209423 -0.240991
v -0.139683 0.197837 -0.241203
v -0.135120 0.200549 -0.235544
v -0.167992 0.209761 -0.274268
v -0.265387 0.162336 -0.113972
v -0.263303 0.173399 -0.111584
v -0.279644 0.160185 -0.120143
v -0.254060 0.161119 -0.109641
v -0.259031 0.152566 -0.113752
v -0.284698 0.177793 -0.122469
v -0.265147 0.181100 -0.112060
v -0.151440 0.248118 -0.228595
v -0.146355 0.253981 -0.224607
v -0.147775 0.249395 -0.225904
v -0.138803 0.255683 -0.223677
v -0.149608 0.265044 -0.228385
v -0.248016 0.222674 -0.092370
v -0.248589 0.221564 -0.097236
v -0.259603 0.233283 -0.108908
v -0.253340 0.218892 -0.105778
v -0.256996 0.232586 -0.099273
v -0.135423 0.269657 -0.232402
v -0.124127 0.276343 -0.240108
v -0.116065 0.268869 -0.234090
v -0.252438 0.226188 -0.077243
v -0.256776 0.231815 -0.090290
v -0.282513 0.237380 -0.041451
v 0.174644 0.045904 0.028509
v 0.189866 0.060197 0.006493
v 0.158802 0.033886 0.032853
v 0.171893 0.044650 0.007552
v 0.136973 0.021250 0.021081
v 0.147560 0.028701 0.003165
v 0.159901 0.040868 -0.020521
v 0.183510 0.053928 0.036832
v 0.177998 0.053757 -0.020751
v 0.163036 0.047850 -0.038619
v 0.128205 0.022382 -0.014127
v 0.117308 0.014614 0.003459
v 0.114084 0.011430 0.019967
v 0.133314 0.019048 0.037648
v 0.151422 0.030785 0.055347
v 0.063975 0.012265 0.104902
v 0.068082 0.023294 0.129654
v 0.061988 0.005923 0.083015
v 0.095777 0.025655 0.118398
v 0.082241 0.008881 0.082254
v 0.087844 0.019178 0.109255
v 0.084035 0.005383 0.063308
v 0.108658 0.022265 0.100440
v 0.102887 0.011668 0.072222
v 0.120427 0.023165 0.090260
v 0.091024 0.033326 0.136121
v 0.115879 0.033556 0.118922
v 0.131612 0.024831 0.079356
v 0.113782 0.013153 0.061286
v 0.094784 0.005589 0.043343
v 0.074223 0.002624 0.054275
v 0.052566 0.003401 0.074285
v 0.036631 0.007694 0.097216
v 0.086262 0.016779 -0.039891
v 0.090759 0.026372 -0.060408
v 0.103302 0.040388 -0.080044
v 0.070860 0.021462 -0.058869
v 0.084907 0.034916 -0.079570
v 0.039664 0.017482 -0.057256
v 0.057626 0.023872 -0.068130
v 0.070834 0.037022 -0.088205
v 0.043786 0.027239 -0.077513
v 0.056987 0.040247 -0.096978
v 0.114099 0.025930 -0.042947
v 0.120900 0.039509 -0.067606
v 0.029335 0.031605 -0.087022
v 0.031457 0.013218 -0.046556
v 0.055121 0.011003 -0.037122
v 0.069925 0.006988 -0.017150
v -0.022918 0.008552 0.024814
v -0.000817 0.003651 0.026375
v 0.021782 0.000961 0.046566
v -0.003311 0.005237 0.005655
v 0.010688 0.001855 0.036644
v 0.018699 0.002212 0.005826
v 0.031240 -0.000027 0.026886
v 0.041378 0.000151 0.016295
v -0.014339 0.006995 0.050346
v 0.006947 0.004834 0.070333
v 0.032462 0.000933 0.056134
v 0.051327 0.001326 0.005409
v 0.013809 0.007829 -0.025165
v -0.029030 0.013699 -0.016285
v -0.047407 0.017107 0.002512
v -0.008433 0.046768 -0.111338
v 0.005760 0.058688 -0.127806
v -0.059339 0.060137 -0.123716
v -0.046212 0.070221 -0.140401
v -0.026295 0.072693 -0.144381
v -0.052100 0.064604 -0.132067
v -0.058169 0.088163 -0.160281
v -0.066521 0.056437 -0.115017
v -0.022897 0.036927 -0.092165
v -0.126957 0.064299 -0.074473
v -0.101464 0.047470 -0.052943
v -0.071572 0.030824 -0.034597
v -0.096707 0.050552 -0.077208
v -0.083269 0.033613 -0.015653
v -0.054311 0.028981 -0.053723
v -0.042149 0.030216 -0.068006
v -0.082069 0.051574 -0.095975
v -0.122775 0.101749 -0.170749
v -0.110874 0.110510 -0.182194
v -0.129414 0.114670 -0.188064
v -0.129766 0.122875 -0.198241
v -0.137285 0.115833 -0.191030
v -0.117628 0.123630 -0.196180
v -0.151632 0.103853 -0.169112
v -0.135843 0.096061 -0.158380
v -0.190978 0.104110 -0.133004
v -0.178672 0.099782 -0.128841
v -0.168666 0.093445 -0.113391
v -0.182309 0.102129 -0.145967
v -0.157776 0.091170 -0.128668
v -0.170476 0.099399 -0.144974
v -0.194471 0.106310 -0.124596
v -0.189953 0.105408 -0.114746
v -0.147463 0.092549 -0.144411
v -0.171241 0.102007 -0.157145
v -0.119960 0.164581 -0.219853
v -0.118196 0.154038 -0.215454
v -0.110157 0.158823 -0.213599
v -0.125801 0.154674 -0.220831
v -0.123783 0.145846 -0.214820
v -0.114440 0.142984 -0.208978
v -0.101819 0.139065 -0.203248
v -0.120749 0.182976 -0.223804
v -0.204689 0.119643 -0.102186
v -0.212430 0.121982 -0.109409
v -0.223702 0.132933 -0.107511
v -0.192922 0.111285 -0.094304
v -0.201028 0.112627 -0.112029
v -0.234615 0.144539 -0.106716
v -0.230311 0.149134 -0.101022
v -0.221451 0.143205 -0.096096
v -0.208404 0.129953 -0.089994
v 0.072170 0.336619 -0.274630
v 0.044688 0.315607 -0.275486
v 0.067078 0.300010 -0.268375
v 0.091002 0.326783 -0.267703
v 0.106927 0.322631 -0.262350
v 0.078643 0.310207 -0.268438
v 0.059545 0.328860 -0.276408
v 0.079030 0.272060 -0.260365
v 0.125665 0.326520 -0.255042
v 0.085220 0.347281 -0.271426
v -0.243610 0.208183 0.168446
v -0.258053 0.221278 0.151968
v -0.237866 0.171673 0.125881
v -0.261290 0.201249 0.093738
v -0.272570 0.219715 0.105955
v -0.273457 0.228209 0.123963
v -0.270950 0.232910 0.137902
v -0.264636 0.239566 0.157262
v -0.238405 0.217225 0.183781
v -0.227780 0.192480 0.183980
v 0.218223 0.120434 0.118202
v 0.234933 0.128559 0.086253
v 0.247030 0.136895 0.053355
v 0.208281 0.093057 0.092680
v 0.225371 0.103331 0.054781
v 0.231034 0.106750 0.021278
v 0.212239 0.090679 0.073004
v 0.238572 0.158495 0.117688
v 0.253808 0.166370 0.083295
v 0.264594 0.173592 0.049178
v 0.258665 0.156728 0.043378
v 0.243581 0.126154 0.030936
v 0.195660 0.073396 0.078840
v 0.186853 0.069377 0.092916
v 0.203323 0.096361 0.112071
v 0.219396 0.135611 0.133869
v 0.111605 0.098733 0.207709
v 0.124552 0.062858 0.159138
v 0.145272 0.118280 0.201676
v 0.130733 0.075044 0.170120
v 0.141198 0.102772 0.191633
v 0.147675 0.071560 0.151750
v 0.175284 0.123690 0.180846
v 0.167928 0.087131 0.151493
v 0.170519 0.107597 0.171247
v 0.100084 0.067299 0.181035
v 0.115118 0.113521 0.218023
v 0.133002 0.132118 0.219808
v 0.163919 0.137732 0.200867
v 0.193303 0.143920 0.177352
v 0.195305 0.128329 0.162835
v 0.180859 0.089759 0.139401
v 0.165662 0.063137 0.118778
v 0.153512 0.060938 0.130288
v 0.080530 0.480048 0.061562
v 0.105972 0.482355 0.031179
v 0.129773 0.480756 0.003364
v 0.105011 0.468586 0.078947
v 0.129632 0.471439 0.048023
v 0.146208 0.471072 0.026962
v 0.129358 0.463166 0.071304
v 0.055481 0.486546 0.042573
v 0.081725 0.488419 0.012696
v 0.106569 0.486375 -0.014459
v 0.118240 0.484187 -0.005332
v 0.141150 0.476151 0.011637
v 0.162302 0.466665 0.016940
v 0.157906 0.461979 0.041851
v 0.152730 0.456229 0.063356
v 0.129333 0.453014 0.093819
v 0.104766 0.458734 0.102018
v 0.003439 0.429644 0.199303
v -0.019647 0.440218 0.182853
v 0.026956 0.442919 0.172400
v 0.002902 0.454113 0.155304
v 0.052589 0.453883 0.142617
v 0.027894 0.465538 0.125065
v -0.006487 0.415604 0.219934
v -0.028573 0.426681 0.204471
v -0.043282 0.446031 0.164754
v -0.021627 0.460421 0.136545
v 0.002757 0.472229 0.105822
v 0.015383 0.469530 0.115667
v 0.040293 0.460302 0.134040
v 0.063794 0.446279 0.151398
v 0.062571 0.432740 0.174213
v 0.037920 0.421417 0.201523
v 0.174971 0.408798 0.122538
v 0.196344 0.414464 0.089797
v 0.210264 0.416656 0.066568
v 0.196307 0.398704 0.111796
v 0.215423 0.404352 0.078529
v 0.184372 0.377019 0.149931
v 0.206059 0.384435 0.116857
v 0.232673 0.392354 0.067602
v 0.215157 0.369116 0.121128
v 0.233100 0.375148 0.088012
v 0.140339 0.429511 0.125678
v 0.164161 0.435754 0.092430
v 0.185771 0.438570 0.060800
v 0.205711 0.428246 0.052123
v 0.244892 0.377838 0.063415
v 0.240785 0.359178 0.091146
v 0.223515 0.352745 0.124477
v 0.208411 0.347554 0.148708
v 0.193977 0.361437 0.154276
v 0.174095 0.391621 0.144781
v 0.081186 0.346424 0.253152
v 0.068212 0.375555 0.238468
v 0.112043 0.338466 0.239645
v 0.092660 0.367182 0.232006
v 0.102652 0.353364 0.236236
v 0.096053 0.384752 0.214218
v 0.141274 0.346103 0.214448
v 0.121032 0.375821 0.205952
v 0.131485 0.361466 0.210601
v 0.123986 0.393369 0.186160
v 0.083588 0.330454 0.260713
v 0.065365 0.357740 0.253927
v 0.035864 0.390110 0.238778
v 0.059664 0.403293 0.214712
v 0.087125 0.412979 0.187966
v 0.112519 0.405946 0.179970
v 0.150262 0.329723 0.217418
v 0.120689 0.322451 0.242173
v 0.091879 0.315056 0.262722
v 0.238604 0.274472 0.144092
v 0.255778 0.282076 0.109687
v 0.269180 0.288412 0.075838
v 0.244168 0.234749 0.139115
v 0.260398 0.242591 0.105018
v 0.273307 0.249389 0.069645
v 0.228188 0.313065 0.144901
v 0.246134 0.320709 0.110964
v 0.260659 0.326748 0.077564
v 0.265439 0.307854 0.077261
v 0.271784 0.268692 0.073416
v 0.273796 0.229392 0.063844
v 0.272225 0.210079 0.059507
v 0.260241 0.203860 0.095771
v 0.243527 0.195210 0.131590
v 0.229846 0.209749 0.159465
v 0.226550 0.249484 0.166400
v 0.120500 0.203409 0.254565
v 0.115752 0.242757 0.261082
v 0.151961 0.190560 0.232048
v 0.148484 0.228836 0.240205
v 0.151720 0.209994 0.236026
v 0.145182 0.248648 0.242657
v 0.183041 0.196264 0.209584
v 0.179531 0.235757 0.217246
v 0.181895 0.215927 0.213985
v 0.175972 0.255541 0.219396
v 0.120913 0.183682 0.249782
v 0.118745 0.223061 0.258310
v 0.120382 0.284718 0.254417
v 0.150329 0.290640 0.232941
v 0.179766 0.297587 0.207072
v 0.185763 0.278587 0.207178
v 0.200518 0.241616 0.197698
v 0.204111 0.201970 0.190406
v 0.184257 0.177483 0.202987
v 0.152269 0.171408 0.226052
v 0.120825 0.164705 0.243566
v 0.089459 0.434921 -0.235175
v 0.082264 0.444089 -0.228533
v 0.085943 0.440857 -0.216467
v 0.096362 0.431726 -0.220648
v 0.102159 0.422732 -0.229323
v 0.108512 0.423478 -0.216838
v 0.102847 0.430643 -0.207343
v 0.092642 0.437099 -0.205195
v -0.244457 0.333688 0.177450
v -0.234427 0.341708 0.174107
v -0.254607 0.345429 0.170881
v -0.243288 0.347879 0.169276
v -0.234730 0.319465 0.187343
v -0.266900 0.334614 0.173838
v -0.213482 0.341141 0.179627
v -0.223084 0.332130 0.184524
v 0.118294 0.430057 -0.185023
v 0.132842 0.422720 -0.191296
v 0.164101 0.421643 -0.170277
v 0.136285 0.416241 -0.199641
v 0.179609 0.413400 -0.172059
v 0.168984 0.428194 -0.150977
v 0.110748 0.438055 -0.163114
v -0.199638 0.322228 0.208444
v -0.151197 0.341700 0.227145
v -0.178872 0.309606 0.237716
v -0.205304 0.313012 0.210985
v -0.211316 0.323879 0.198045
v -0.200175 0.332884 0.196362
v -0.155076 0.330247 0.238641
v 0.217772 0.413014 -0.126034
v 0.233888 0.407021 -0.106086
v 0.193564 0.425089 -0.132914
v 0.196128 0.417005 -0.149324
v 0.202501 0.408115 -0.157224
v 0.219511 0.401066 -0.145829
v 0.239751 0.391203 -0.128227
v -0.111461 0.298159 0.286597
v -0.135073 0.306067 0.271648
v -0.126099 0.320589 0.267042
v -0.117492 0.311680 0.277055
v -0.097902 0.322187 0.277819
v -0.092535 0.314118 0.284836
v -0.141119 0.298482 0.271970
v -0.145099 0.313869 0.260934
v -0.132014 0.326683 0.258527
v -0.085452 0.302123 0.293147
v -0.106463 0.283480 0.293798
v 0.265541 0.376068 -0.094591
v 0.277696 0.365439 -0.070229
v 0.278456 0.358671 -0.088374
v 0.285642 0.351308 -0.066531
v 0.285912 0.345380 -0.084622
v 0.290436 0.338221 -0.074078
v 0.291321 0.327871 -0.090502
v 0.264586 0.382737 -0.076575
v 0.262584 0.363730 -0.121436
v 0.277153 0.347744 -0.108883
v 0.286344 0.331498 -0.102914
v 0.293975 0.327448 -0.073220
v -0.064104 0.237598 0.314834
v -0.076647 0.254574 0.310042
v -0.044908 0.239634 0.317212
v -0.055967 0.257871 0.313699
v -0.068530 0.273159 0.307924
v -0.026706 0.245302 0.316462
v -0.040408 0.269613 0.312348
v -0.031814 0.255609 0.315348
v -0.053400 0.286845 0.305770
v -0.022370 0.234360 0.316665
v -0.038519 0.225290 0.317592
v -0.054414 0.220565 0.316614
v 0.291928 0.255309 -0.102363
v 0.295111 0.252654 -0.080075
v 0.296769 0.273371 -0.088620
v 0.298448 0.272597 -0.069977
v 0.287171 0.239163 -0.109516
v 0.283880 0.224430 -0.106105
v 0.288073 0.222951 -0.076991
v 0.290832 0.228121 -0.060951
v 0.299124 0.288105 -0.053262
v 0.298118 0.307406 -0.054512
v 0.298128 0.304394 -0.073693
v 0.296396 0.297860 -0.091944
v 0.293306 0.289347 -0.104978
v 0.282460 0.243363 -0.128432
v -0.006608 0.179929 0.304416
v -0.024067 0.187882 0.310391
v -0.023946 0.162118 0.300839
v -0.025123 0.143048 0.291258
v -0.040604 0.172540 0.306619
v -0.042018 0.148440 0.296013
v -0.007167 0.200431 0.310250
v -0.007030 0.133368 0.282131
v -0.052204 0.184765 0.310207
v -0.041273 0.195680 0.313785
v -0.025573 0.206163 0.314763
v -0.008759 0.213842 0.313071
v 0.284959 0.282629 0.028365
v 0.291131 0.281647 0.003417
v 0.293278 0.243081 -0.029555
v 0.283702 0.326638 0.014026
v 0.291763 0.318898 -0.013673
v 0.294766 0.261100 -0.021717
v 0.287708 0.218292 -0.024089
v 0.282595 0.216278 0.016324
v 0.043809 0.232783 0.297457
v 0.023409 0.201858 0.301111
v 0.052038 0.209380 0.290879
v 0.033879 0.182247 0.291948
v 0.054878 0.191112 0.285593
v 0.035303 0.165384 0.285379
v 0.067496 0.169052 0.272878
v 0.018539 0.232274 0.307269
v 0.040186 0.249171 0.299573
v 0.066256 0.265481 0.286868
v 0.071138 0.247790 0.285103
v 0.067095 0.151586 0.265932
v 0.035815 0.149122 0.277962
v 0.025515 0.139201 0.276202
v 0.021296 0.217360 0.304744
v 0.259728 0.385918 0.014782
v 0.244511 0.408456 0.007669
v 0.235731 0.420009 -0.004839
v 0.269788 0.377298 -0.006625
v 0.255708 0.398887 -0.012893
v 0.277492 0.367614 -0.026316
v 0.239251 0.407896 0.027003
v 0.221561 0.428469 0.017587
v 0.228968 0.424662 0.005976
v 0.244212 0.412544 -0.018997
v 0.253515 0.401704 -0.037293
v 0.268331 0.383093 -0.030164
v 0.282980 0.355958 -0.024605
v 0.287630 0.343413 -0.023647
v 0.281072 0.351870 -0.003237
v 0.272284 0.359162 0.019104
v -0.010329 0.335611 0.287037
v -0.000483 0.348614 0.279160
v -0.015680 0.309041 0.299474
v 0.001146 0.321945 0.293169
v 0.015984 0.339383 0.282427
v 0.008453 0.311585 0.296681
v 0.023906 0.328605 0.286281
v 0.000485 0.283889 0.306731
v 0.015210 0.300351 0.299455
v 0.031317 0.316880 0.289401
v 0.021361 0.288183 0.301392
v 0.038172 0.304133 0.291686
v -0.031009 0.326499 0.290594
v 0.007229 0.357640 0.272574
v 0.015760 0.366267 0.265021
v 0.044447 0.290299 0.293032
v 0.026868 0.275037 0.302392
v 0.010924 0.259777 0.309036
v 0.006045 0.272255 0.308355
v -0.005702 0.294706 0.304259
v 0.186713 0.456184 -0.042257
v 0.199452 0.449610 -0.031916
v 0.176549 0.460411 -0.049506
v 0.201089 0.443567 -0.059784
v 0.191645 0.447843 -0.065869
v 0.181650 0.460511 -0.007451
v 0.160761 0.471075 -0.022224
v 0.139355 0.477367 -0.038543
v 0.147305 0.471161 -0.056819
v 0.164728 0.459115 -0.074029
v 0.215564 0.434868 -0.052978
v -0.069968 0.400164 0.225720
v -0.074294 0.367460 0.253870
v -0.064972 0.387412 0.240876
v -0.051784 0.399307 0.233911
v -0.061338 0.360286 0.264214
v -0.031391 0.388946 0.248249
v -0.041329 0.362552 0.267571
v -0.040878 0.376970 0.257034
v -0.090408 0.382002 0.232721
v -0.080655 0.402260 0.217257
v -0.066492 0.415149 0.208948
v -0.044995 0.408885 0.225156
v -0.024054 0.398337 0.239868
v -0.048650 0.339136 0.281048
v 0.076676 0.462595 -0.119955
v 0.135544 0.461867 -0.093333
v 0.104269 0.454658 -0.126402
v 0.096301 0.476770 -0.074589
v 0.056193 0.466510 -0.115251
v 0.076149 0.455294 -0.141360
v 0.125292 0.471858 -0.074768
v -0.153404 0.393053 0.156670
v -0.161067 0.378146 0.170318
v -0.156189 0.365964 0.191041
v -0.121273 0.394055 0.192396
v -0.174936 0.374871 0.161746
v -0.165492 0.391950 0.145448
v -0.153538 0.404165 0.135986
v -0.111726 0.410654 0.177749
v -0.102492 0.403010 0.199098
v -0.114058 0.386243 0.209569
v 0.031975 0.472428 -0.172412
v 0.020215 0.474865 -0.158874
v 0.044250 0.466538 -0.181530
v 0.029252 0.467389 -0.150871
v 0.052824 0.459208 -0.171101
v 0.052678 0.458685 -0.160435
v 0.024125 0.480071 -0.173235
v 0.052382 0.466174 -0.201966
v 0.050300 0.460411 -0.147054
v 0.034580 0.465025 -0.145538
v 0.011919 0.481820 -0.159127
v -0.213263 0.375106 0.145526
v -0.202588 0.386428 0.134085
v -0.223154 0.388129 0.135290
v -0.222329 0.402691 0.123461
v -0.193190 0.400571 0.116555
v -0.211371 0.399934 0.121373
v -0.203310 0.369936 0.152204
v -0.241399 0.373086 0.151163
v -0.211460 0.411904 0.110779
v -0.199815 0.403030 0.114289
v -0.186068 0.399089 0.119687
v -0.178383 0.398499 0.123940
v -0.190257 0.378005 0.147702
v 0.011752 0.482784 -0.035079
v 0.048263 0.483460 -0.052093
v -0.004378 0.481861 -0.022644
v 0.034029 0.484482 -0.040586
v 0.005713 0.485186 0.013954
v 0.033332 0.487379 -0.015261
v 0.019514 0.486752 -0.000958
v 0.058595 0.488691 -0.018644
v 0.014160 0.473916 -0.087608
v 0.028849 0.472268 -0.097462
v 0.063297 0.481641 -0.062544
v 0.084189 0.485336 -0.043881
v 0.071621 0.487493 -0.031711
v 0.050310 0.489204 -0.000105
v 0.029879 0.487827 0.021877
v -0.028370 0.479117 0.011632
v -0.100057 0.438477 0.126771
v -0.067235 0.450369 0.133846
v -0.091977 0.446152 0.112639
v -0.138939 0.432263 0.079661
v -0.082984 0.453401 0.097705
v -0.058141 0.463031 0.094094
v -0.081455 0.458281 0.074129
v -0.085030 0.434051 0.160053
v -0.106520 0.430284 0.141414
v -0.143148 0.420696 0.110630
v -0.137516 0.428366 0.095851
v -0.061329 0.469433 0.038612
v -0.034369 0.474594 0.061941
v -0.022830 0.473730 0.084798
v -0.057010 0.457734 0.119487
v -0.076595 0.442458 0.147403
v -0.052054 0.493893 -0.106234
v -0.033033 0.501119 -0.120396
v -0.038547 0.518595 -0.107288
v -0.075038 0.491541 -0.091973
v -0.057315 0.516847 -0.092310
v -0.033609 0.525348 -0.110845
v -0.020757 0.502316 -0.133442
v -0.030832 0.494313 -0.124247
v -0.052746 0.487221 -0.107569
v -0.075228 0.482268 -0.093749
v -0.177407 0.475679 0.058323
v -0.186220 0.454818 0.063781
v -0.178854 0.480250 0.062898
v -0.168530 0.483915 0.041696
v -0.166238 0.485064 0.033646
v -0.165829 0.463229 0.016841
v -0.165334 0.454993 0.014511
v -0.175009 0.450167 0.039490
v -0.187783 0.446874 0.064455
v -0.196273 0.449266 0.077581
v -0.183062 0.480176 0.068843
v -0.075978 0.468864 -0.084161
v -0.051086 0.473750 -0.101200
v -0.025025 0.477029 -0.120743
v -0.055282 0.470614 -0.090016
v -0.039028 0.471266 -0.093730
v -0.019939 0.472702 -0.111877
v -0.049623 0.470214 -0.075783
v -0.015202 0.471547 -0.102963
v -0.077491 0.474989 -0.091951
v -0.052930 0.479024 -0.106429
v -0.027893 0.484149 -0.125435
v -0.014008 0.481459 -0.133944
v -0.009338 0.474568 -0.126953
v 0.004124 0.470858 -0.109481
v -0.074356 0.467659 -0.077495
v -0.167810 0.428374 0.065348
v -0.185775 0.425176 0.077868
v -0.155229 0.430736 0.064257
v -0.175834 0.437095 0.050350
v -0.161478 0.436007 0.044067
v -0.165323 0.439221 0.036149
v -0.144303 0.440088 0.040706
v -0.154864 0.440515 0.029711
v -0.162915 0.443759 0.022219
v -0.153277 0.445501 0.008776
v -0.167322 0.421385 0.083273
v -0.190400 0.427992 0.078315
v -0.185918 0.436307 0.064649
v -0.171927 0.443058 0.036641
v -0.160600 0.448127 0.008740
v -0.146329 0.445906 0.009038
v -0.159883 0.421681 0.087730
v -0.124751 0.452002 -0.062094
v -0.120477 0.455375 -0.067948
v -0.103009 0.461826 -0.072492
v -0.101649 0.460483 -0.060756
v -0.102818 0.464163 -0.076920
v -0.133520 0.449085 -0.040165
v -0.143411 0.448741 -0.023035
v -0.135143 0.450391 -0.021159
v -0.150340 0.449676 -0.021712
v -0.143509 0.447991 -0.042516
v 0.095488 0.406101 -0.256568
v 0.090148 0.390949 -0.266975
v 0.099131 0.411120 -0.248542
v 0.107907 0.398205 -0.247161
v 0.111295 0.377995 -0.253689
v 0.111053 0.404189 -0.238950
v 0.121520 0.391967 -0.237684
v 0.092156 0.378897 -0.267344
v 0.093270 0.367081 -0.267725
v 0.127052 0.350144 -0.251308
v 0.101708 0.415733 -0.240105
v 0.091630 0.423270 -0.249652
v -0.250124 0.266830 0.186053
v -0.270056 0.279870 0.171391
v -0.259745 0.283528 0.180048
v -0.255468 0.291448 0.183301
v -0.272332 0.301475 0.173815
v -0.246903 0.244561 0.184647
v -0.271318 0.261493 0.162589
v -0.259967 0.313596 0.179302
v -0.245957 0.306549 0.186565
v -0.236685 0.297962 0.194130
v -0.242017 0.278785 0.193350
v 0.184554 0.359611 -0.210921
v 0.140647 0.386302 -0.225530
v 0.186944 0.381337 -0.197071
v 0.162686 0.338626 -0.233147
v 0.188061 0.333807 -0.217756
v 0.182825 0.399110 -0.186039
v 0.143270 0.402902 -0.210131
v -0.183801 0.269279 0.248675
v -0.192258 0.245719 0.242120
v -0.222543 0.277210 0.209369
v -0.189588 0.257934 0.244384
v -0.192915 0.232662 0.240481
v -0.191845 0.218980 0.239005
v -0.212950 0.225089 0.218485
v -0.210562 0.295957 0.215280
v -0.186335 0.291812 0.240227
v 0.225855 0.341454 -0.184391
v 0.221888 0.373492 -0.170191
v 0.236132 0.364148 -0.159642
v 0.211885 0.390687 -0.167110
v 0.207198 0.380262 -0.180637
v -0.152078 0.230112 0.273861
v -0.170691 0.236785 0.260871
v -0.157675 0.217270 0.268878
v -0.168927 0.210942 0.258858
v -0.163681 0.268163 0.265271
v -0.151753 0.280701 0.271193
v -0.129633 0.275405 0.285226
v -0.113285 0.263858 0.294924
v 0.275211 0.282663 -0.143971
v 0.271494 0.327448 -0.133073
v 0.289759 0.293837 -0.113851
v 0.287491 0.310791 -0.113592
v 0.261585 0.340275 -0.140491
v 0.259026 0.308795 -0.159547
v 0.269347 0.285323 -0.154666
v 0.278844 0.262889 -0.140710
v -0.085732 0.209980 0.306443
v -0.077826 0.189653 0.305573
v -0.099330 0.181715 0.295874
v -0.084865 0.166689 0.297368
v -0.083462 0.233982 0.309184
v -0.074360 0.221240 0.311853
v -0.066350 0.202425 0.311940
v -0.062546 0.185572 0.308886
v -0.079717 0.151850 0.293909
v -0.094237 0.164240 0.294447
v -0.109296 0.178717 0.292084
v -0.114941 0.197114 0.291468
v -0.101792 0.226829 0.300917
v -0.007323 0.111583 -0.175717
v 0.016535 0.091548 -0.158925
v -0.009846 0.123352 -0.182886
v 0.028720 0.104895 -0.166595
v 0.007972 0.147445 -0.193685
v 0.034806 0.131077 -0.182030
v -0.047944 0.121155 -0.186025
v -0.016734 0.103959 -0.171719
v 0.047401 0.078898 -0.143656
v 0.058869 0.092335 -0.152056
v 0.065051 0.120695 -0.171060
v -0.034218 0.127101 -0.187815
v -0.123062 0.059815 0.017365
v -0.113511 0.051240 0.002029
v -0.139382 0.070939 -0.009818
v -0.152120 0.082132 -0.015191
v -0.167796 0.098140 -0.015139
v -0.170357 0.104125 0.013771
v -0.154553 0.088910 0.027393
v -0.133724 0.071684 0.046042
v 0.081611 0.192311 -0.225137
v 0.036614 0.189512 -0.218139
v 0.096733 0.163115 -0.204940
v 0.080093 0.152536 -0.194761
v 0.064197 0.212776 -0.235455
v 0.050792 0.164843 -0.203080
v -0.151320 0.085677 0.067955
v -0.167216 0.099306 0.060197
v -0.164707 0.093981 0.083439
v -0.188492 0.110827 0.103696
v -0.175554 0.097281 0.112581
v -0.189876 0.121056 0.054169
v -0.161220 0.082000 0.126934
v -0.139898 0.075889 0.087037
v -0.005917 0.279768 -0.261392
v -0.010538 0.268949 -0.255312
v -0.045560 0.263835 -0.247501
v -0.008309 0.222035 -0.231162
v 0.043580 0.233941 -0.244372
v 0.057790 0.241373 -0.249316
v 0.025191 0.278443 -0.263124
v 0.007738 0.292335 -0.268550
v -0.255746 0.196068 0.044557
v -0.223853 0.153110 0.077163
v -0.219475 0.158208 0.022725
v -0.248707 0.198652 -0.008844
v -0.268270 0.208912 0.063294
v -0.256123 0.193415 0.075101
v -0.227663 0.154892 0.102329
v -0.083074 0.241036 -0.231619
v -0.095699 0.224552 -0.226102
v -0.118792 0.232249 -0.227310
v -0.114192 0.218874 -0.226329
v -0.103034 0.215855 -0.224677
v -0.064681 0.218142 -0.224610
v -0.243200 0.201215 -0.072677
v -0.233774 0.182818 -0.060094
v -0.243310 0.201128 -0.064154
v -0.240260 0.193527 -0.042634
v -0.232339 0.180332 -0.022267
v -0.243774 0.196301 -0.028037
v -0.237809 0.184839 -0.079024
v -0.244281 0.203435 -0.080733
v -0.224268 0.169906 -0.032738
v -0.232621 0.181863 -0.050264
v -0.235303 0.183511 -0.069656
v -0.097169 0.175139 -0.214862
v -0.073059 0.142789 -0.200101
v -0.056080 0.162439 -0.205872
v -0.195253 0.128437 -0.034172
v -0.186614 0.111132 -0.064431
v -0.115145 0.265121 -0.231627
v -0.127004 0.261597 -0.226873
v -0.101348 0.262310 -0.235049
v -0.129030 0.254556 -0.224717
v -0.123354 0.243100 -0.226993
v -0.250018 0.215105 -0.060065
v -0.246135 0.217635 -0.087258
v -0.251033 0.222351 -0.068937
v -0.249401 0.224335 -0.081585
v -0.255300 0.218666 -0.047818
v 0.268284 0.186596 -0.101003
v 0.260740 0.173867 -0.099824
v 0.240352 0.141829 -0.084865
v 0.221482 0.146192 -0.137613
v 0.218831 0.132906 -0.110957
v 0.276482 0.195102 -0.082510
v 0.274734 0.203194 -0.109634
v -0.015127 0.067934 0.217954
v -0.067260 0.072299 0.231008
v -0.029848 0.087380 0.246552
v -0.038484 0.056330 0.196562
v -0.072340 0.060426 0.208356
v -0.030307 0.107642 0.267142
v -0.027982 0.061411 0.207466
v 0.260171 0.151106 -0.006399
v 0.261564 0.160515 -0.058019
v 0.241763 0.128827 -0.047553
v 0.250674 0.151713 -0.078149
v 0.275769 0.183776 -0.009749
v 0.277499 0.187397 -0.041938
v 0.231200 0.111502 -0.034467
v 0.041169 0.078182 0.220659
v 0.051461 0.103091 0.241721
v 0.049113 0.090163 0.230712
v 0.047954 0.065797 0.203696
v 0.047995 0.116105 0.253279
v 0.076266 0.121923 0.244951
v 0.067294 0.081319 0.213838
v 0.044074 0.050989 0.184976
v 0.138837 0.135770 -0.174442
v 0.124411 0.128029 -0.166711
v 0.156084 0.140109 -0.180506
v 0.150043 0.132515 -0.167255
v 0.142908 0.123125 -0.155116
v 0.161649 0.130484 -0.160108
v 0.155645 0.121237 -0.147295
v 0.175571 0.133587 -0.160229
v 0.171235 0.125401 -0.146082
v 0.164892 0.115353 -0.133792
v 0.185571 0.130446 -0.146313
v 0.181669 0.121386 -0.131809
v 0.137513 0.148491 -0.193994
v 0.128154 0.140176 -0.181574
v 0.192586 0.118453 -0.117274
v 0.196267 0.128522 -0.132203
v 0.199823 0.139618 -0.154898
v 0.188538 0.137473 -0.161270
v 0.166540 0.137857 -0.173935
v 0.146354 0.143688 -0.187235
v -0.065225 0.045791 0.142360
v -0.097369 0.053755 0.120991
v -0.081175 0.050918 0.154590
v -0.104308 0.055866 0.136697
v -0.099353 0.053237 0.164990
v -0.117324 0.057801 0.146651
v -0.124829 0.064502 0.119608
v -0.137621 0.067252 0.132076
v -0.127163 0.061864 0.138941
v -0.108040 0.054914 0.155418
v -0.091394 0.052852 0.175218
v -0.067991 0.052313 0.179267
v -0.051774 0.049019 0.171460
v 0.100734 0.080072 -0.129327
v 0.128438 0.075697 -0.112627
v 0.090147 0.066359 -0.120079
v 0.116558 0.062111 -0.104016
v 0.140187 0.060690 -0.088315
v 0.152642 0.074240 -0.096606
v 0.174400 0.085716 -0.092788
v 0.166051 0.098136 -0.112051
v 0.132107 0.099385 -0.133006
v 0.105455 0.105978 -0.149709
v 0.080890 0.085482 -0.140718
v 0.068882 0.071695 -0.131974
v -0.027838 0.022304 0.111131
v -0.034256 0.016547 0.078222
v -0.043446 0.024136 0.095037
v -0.056131 0.022130 0.056478
v -0.065595 0.029710 0.072587
v -0.016706 0.015903 0.102264
v -0.073238 0.028751 0.039585
v -0.082419 0.036188 0.055408
v -0.090702 0.046840 0.085991
v -0.068461 0.039723 0.107927
v -0.036422 0.036363 0.141639
v 0.197813 0.079272 -0.053186
v 0.179651 0.065975 -0.057481
v 0.185212 0.075146 -0.068317
v 0.204046 0.088911 -0.060626
v 0.188852 0.084144 -0.076903
v 0.003860 0.021610 0.136641
v 0.017562 0.032922 0.162100
v 0.025715 0.023886 0.145350
v 0.001172 0.029249 0.152078
v 0.030913 0.032153 0.159562
v 0.018101 0.020086 0.136634
v -0.000811 0.017494 0.122224
v -0.005752 0.049428 0.185696
v 0.301163 0.307980 -0.188243
v 0.326609 0.313053 -0.196648
v 0.301253 0.308845 -0.191813
v 0.301800 0.307974 -0.195384
v 0.294791 0.303041 -0.197723
v 0.298159 0.306051 -0.196379
v 0.316551 0.311435 -0.196358
v 0.321555 0.312050 -0.192796
v -0.135242 0.176680 0.334169
v -0.139776 0.175093 0.334352
v -0.135722 0.175267 0.348141
v -0.129156 0.175511 0.329915
v -0.131284 0.174882 0.346603
v -0.134306 0.172094 0.365435
v -0.142392 0.172083 0.328666
v 0.374625 0.312348 -0.218722
v 0.368077 0.308485 -0.219538
v 0.381303 0.305617 -0.228098
v 0.389973 0.312100 -0.223893
v 0.389942 0.312644 -0.219066
v -0.146717 0.157593 0.398057
v -0.152430 0.146027 0.427157
v -0.146250 0.156805 0.408229
v -0.144375 0.155826 0.414252
v -0.141165 0.162984 0.396830
v -0.151025 0.147404 0.404696
v -0.147072 0.155013 0.385903
v -0.149990 0.147482 0.427899
v -0.155729 0.140948 0.418855
v 0.405210 0.301714 -0.244994
v 0.411635 0.294880 -0.255590
v 0.409889 0.285515 -0.266484
v 0.402785 0.291369 -0.255695
v 0.407193 0.303605 -0.242318
v 0.397799 0.292151 -0.250484
v 0.395806 0.275656 -0.263951
v 0.406061 0.276641 -0.273872
v -0.165270 0.127363 0.442202
v -0.175707 0.112741 0.443864
v -0.171060 0.117170 0.430913
v -0.185269 0.096987 0.443874
v -0.184687 0.098964 0.437592
v 0.392857 0.245156 -0.294516
v 0.390721 0.237007 -0.299470
v 0.371436 0.222172 -0.299390
v 0.402205 0.257956 -0.289051
v 0.390009 0.251584 -0.285306
v 0.381738 0.236492 -0.293560
v 0.379978 0.220643 -0.305392
v -0.205232 0.050935 0.407378
v -0.200080 0.066895 0.421039
v -0.196812 0.066931 0.410233
v -0.208986 0.034211 0.382115
v -0.204703 0.049610 0.398855
v 0.334768 0.184463 -0.306824
v 0.309002 0.180724 -0.301082
v 0.319959 0.187551 -0.300796
v 0.312311 0.175404 -0.302848
v 0.284507 0.173045 -0.296583
v 0.339028 0.189712 -0.306759
v 0.339931 0.195146 -0.304255
v 0.340077 0.197673 -0.301587
v 0.293178 0.179896 -0.296217
v -0.207634 0.029651 0.346333
v -0.207340 0.028947 0.294757
v -0.209780 0.023995 0.349560
v -0.206353 0.034961 0.364070
v -0.208546 0.023809 0.311673
v -0.206518 0.029987 0.304705
v 0.233517 0.165383 -0.282265
v 0.225090 0.171568 -0.280494
v 0.222905 0.175958 -0.279015
v 0.203249 0.168417 -0.271692
v 0.204588 0.172564 -0.273015
v 0.250318 0.168612 -0.287920
v 0.221603 0.179058 -0.276975
v 0.205206 0.180302 -0.270735
v 0.189825 0.173697 -0.266035
v 0.193987 0.165569 -0.265764
v -0.204003 0.050419 0.234731
v -0.203277 0.051722 0.219984
v -0.202287 0.049693 0.216049
v -0.201855 0.057268 0.218676
v -0.205134 0.025986 0.267520
v -0.195959 0.047833 0.202878
v -0.199081 0.056149 0.201547
v 0.251915 0.182967 -0.275825
v 0.221603 0.185196 -0.268777
v 0.270659 0.181574 -0.284871
v 0.266180 0.182333 -0.279199
v 0.282006 0.181775 -0.277887
v 0.250178 0.181639 -0.280221
v -0.197429 0.047152 0.264422
v -0.190710 0.050401 0.260303
v -0.196422 0.042034 0.279503
v 0.330041 0.194406 -0.294456
v 0.323163 0.190738 -0.290056
v 0.331181 0.190823 -0.286039
v 0.311530 0.187754 -0.292343
v 0.304577 0.185623 -0.287462
v 0.314148 0.185634 -0.283772
v 0.339940 0.198081 -0.291258
v 0.346495 0.198120 -0.287000
v 0.295800 0.182634 -0.280571
v 0.291342 0.183459 -0.288994
v -0.192062 0.032428 0.325401
v -0.191863 0.032503 0.343266
v -0.201382 0.033329 0.339443
v -0.196791 0.037111 0.358633
v -0.201611 0.032656 0.324606
v -0.200878 0.034708 0.304355
v -0.196160 0.036718 0.298630
v 0.376994 0.232645 -0.285575
v 0.369640 0.223674 -0.289829
v 0.360773 0.212897 -0.289981
v 0.384764 0.245709 -0.279347
v 0.359945 0.207426 -0.286232
v 0.360891 0.214556 -0.293257
v -0.190416 0.053525 0.391484
v -0.186826 0.064287 0.402368
v -0.195274 0.050008 0.385917
v -0.191958 0.060734 0.398645
v -0.187545 0.072769 0.408844
v -0.182175 0.075821 0.410676
v -0.197858 0.050391 0.387293
v -0.197014 0.043558 0.375032
v -0.193134 0.044375 0.378152
v 0.392012 0.278375 -0.252735
v 0.390252 0.274119 -0.250052
v 0.392520 0.269181 -0.262364
v 0.388264 0.285696 -0.243180
v 0.387328 0.279094 -0.243220
v 0.390593 0.258787 -0.265635
v -0.170189 0.098423 0.418545
v -0.163820 0.108694 0.417583
v -0.175481 0.097505 0.420526
v -0.168678 0.108928 0.421368
v -0.162154 0.119381 0.418603
v -0.159368 0.115875 0.414450
v -0.176491 0.087388 0.416170
v 0.357926 0.289807 -0.220166
v 0.370426 0.291194 -0.226604
v 0.370787 0.284083 -0.227261
v 0.340972 0.297577 -0.212311
v 0.344405 0.290315 -0.214442
v 0.347155 0.280339 -0.215486
v 0.371884 0.300102 -0.225518
v 0.357949 0.300258 -0.218445
v 0.340498 0.304223 -0.210415
v -0.146072 0.145398 0.376455
v -0.144577 0.149138 0.363393
v -0.151147 0.141575 0.400911
v 0.311095 0.291314 -0.205290
v 0.314925 0.300143 -0.204249
v -0.143430 0.149398 0.334346
v -0.144187 0.160006 0.344526
v 0.130773 0.186731 -0.226540
v 0.137193 0.191683 -0.228688
v 0.142908 0.199325 -0.230412
v 0.145390 0.185818 -0.227523
v 0.149855 0.193999 -0.228260
v 0.117588 0.214156 -0.239258
v 0.124220 0.181129 -0.222955
v 0.136016 0.178555 -0.223866
v 0.155732 0.190152 -0.228036
v 0.147895 0.209725 -0.231420
v 0.130614 0.223996 -0.240735
v -0.178198 0.095362 0.156604
v -0.175386 0.090953 0.144254
v -0.181150 0.098048 0.144451
v -0.185369 0.105942 0.157386
v -0.174187 0.091003 0.169007
v -0.174877 0.088896 0.157926
v -0.171959 0.085862 0.146299
v -0.198911 0.120038 0.146669
v -0.197011 0.121444 0.157678
v -0.184408 0.115630 0.173316
v -0.177427 0.098530 0.166414
v 0.164160 0.169226 -0.246011
v 0.150752 0.172512 -0.231317
v 0.165076 0.172611 -0.247695
v 0.157209 0.179553 -0.234351
v 0.169235 0.178582 -0.249415
v 0.145895 0.164544 -0.222483
v 0.164639 0.165668 -0.244088
v 0.172871 0.171157 -0.254609
v 0.175937 0.177029 -0.256532
v 0.181912 0.181820 -0.257363
v 0.174704 0.182123 -0.250619
v 0.163852 0.183191 -0.235862
v 0.160908 0.185101 -0.231428
v -0.189194 0.070094 0.181649
v -0.186091 0.066694 0.174315
v -0.180951 0.065930 0.168450
v -0.177553 0.079977 0.172838
v -0.170642 0.072783 0.155267
v -0.177039 0.078863 0.167707
v -0.173715 0.075239 0.158682
v -0.194463 0.068062 0.195136
v -0.193764 0.065284 0.187913
v -0.189760 0.061714 0.180592
v -0.181315 0.061091 0.171882
v -0.166797 0.069511 0.153605
v -0.174282 0.078982 0.161022
v -0.175029 0.083101 0.167201
v -0.178056 0.080017 0.178230
v -0.190127 0.071560 0.187886
v 0.148373 0.287006 -0.245242
v 0.140173 0.268156 -0.246672
v 0.168926 0.298772 -0.234627
v 0.134553 0.252691 -0.246223
v 0.168475 0.285271 -0.234274
v 0.134823 0.293393 -0.251278
v 0.178008 0.309600 -0.228511
v 0.151406 0.316311 -0.243711
v -0.194820 0.157750 0.201908
v -0.204277 0.162069 0.194208
v -0.200598 0.174290 0.208522
v -0.215147 0.177134 0.191816
v -0.204782 0.140858 0.171379
v -0.211549 0.144745 0.162452
v -0.216954 0.167650 0.180161
v -0.218767 0.202710 0.203770
v -0.199638 0.196232 0.222856
v -0.200041 0.185073 0.216326
v 0.262714 0.294020 -0.182178
v 0.262688 0.294107 -0.187572
v 0.258142 0.290630 -0.189973
v 0.262704 0.293119 -0.189785
v 0.252829 0.292791 -0.185468
v 0.252629 0.289028 -0.189737
v 0.250935 0.284620 -0.192132
v 0.266398 0.292873 -0.179282
v 0.259444 0.293293 -0.179944
v -0.139450 0.171371 0.290714
v -0.137303 0.173920 0.298218
v -0.136462 0.174209 0.288166
v -0.133419 0.174441 0.298641
v -0.135636 0.174118 0.292683
v -0.143224 0.168988 0.310263
v -0.142907 0.163249 0.289692
v -0.139616 0.172505 0.283687
v -0.134840 0.176832 0.285110
v -0.131243 0.175207 0.289781
v 0.199473 0.186993 -0.253277
v 0.208361 0.186556 -0.253624
v 0.200174 0.184933 -0.240037
v 0.189565 0.186260 -0.237083
v 0.179602 0.186603 -0.237505
v 0.191328 0.186491 -0.253949
v -0.175942 0.073474 0.206670
v -0.185261 0.068596 0.217624
v -0.177482 0.076957 0.197138
v -0.188115 0.069844 0.212721
v -0.175436 0.066709 0.220836
v -0.190355 0.071126 0.204950
v 0.186717 0.192925 -0.221783
v 0.176569 0.190762 -0.225940
v 0.196219 0.186207 -0.229112
v 0.207515 0.184092 -0.228578
v 0.208892 0.186324 -0.226158
v -0.161929 0.084672 0.201794
v -0.161344 0.071614 0.218558
v -0.162914 0.090572 0.194411
v -0.159946 0.075392 0.217821
v -0.163997 0.073147 0.212741
v -0.168094 0.085836 0.189359
v 0.216520 0.206246 -0.203823
v 0.207195 0.199145 -0.214770
v 0.224301 0.194306 -0.219795
v -0.151690 0.090622 0.219985
v -0.146249 0.095795 0.223339
v -0.147843 0.091748 0.225129
v -0.144063 0.092123 0.229768
v 0.218804 0.227863 -0.201004
v 0.208719 0.224545 -0.203511
v 0.203309 0.213719 -0.206122
v 0.225446 0.208956 -0.199044
v -0.146918 0.116991 0.227584
v -0.150467 0.107681 0.215166
v 0.239964 0.251305 -0.198905
v 0.242962 0.237590 -0.199941
v 0.281472 0.286926 -0.200835
v 0.276464 0.289801 -0.198507
v 0.257617 0.278055 -0.196350
v -0.143643 0.155642 0.285080
v -0.144416 0.162270 0.307223
v 0.223054 0.291561 -0.200975
v 0.231155 0.299172 -0.194811
v 0.239276 0.289674 -0.192409
v 0.230776 0.270864 -0.198365
v 0.238347 0.276314 -0.195744
v 0.244571 0.284170 -0.192617
v 0.245131 0.292928 -0.188236
v 0.241869 0.297335 -0.187913
v -0.146489 0.164224 0.269237
v -0.150029 0.170270 0.265753
v -0.153737 0.164222 0.257122
v -0.151247 0.184616 0.268501
v -0.147917 0.156563 0.262226
v -0.140875 0.183662 0.277273
v -0.143145 0.178621 0.275475
v -0.143766 0.169721 0.275688
v 0.185209 0.256733 -0.219155
v 0.187656 0.230809 -0.213089
v 0.210217 0.261065 -0.206152
v 0.209049 0.274743 -0.208140
v 0.193205 0.276820 -0.217240
v -0.169845 0.148546 0.221723
v -0.176874 0.152770 0.217238
v -0.162329 0.154505 0.236997
v -0.170818 0.115119 0.189549
v -0.173702 0.169386 0.234311
v -0.151095 0.150358 0.251156
v -0.160540 0.119946 0.207453
v 0.169552 0.207461 -0.220313
v 0.155317 0.212682 -0.228483
v 0.160722 0.202126 -0.225204
v 0.173585 0.201752 -0.219707
v 0.164035 0.198011 -0.224676
v 0.177838 0.206927 -0.217063
v -0.168683 0.107292 0.186120
v -0.162641 0.101692 0.193023
v -0.164502 0.095344 0.189176
v -0.167283 0.103317 0.185654
v 0.246491 0.234035 -0.200070
v 0.257688 0.231259 -0.200309
v -0.135370 0.109569 0.273108
v -0.137509 0.116153 0.274497
v -0.138061 0.113449 0.255831
v 0.227454 0.213722 -0.198667
v 0.241575 0.211289 -0.197165
v 0.235309 0.223920 -0.198995
v 0.234613 0.206199 -0.196944
v -0.132383 0.096902 0.243210
v -0.131808 0.098433 0.251754
v -0.132771 0.100720 0.249541
v -0.131299 0.093627 0.246417
v -0.134558 0.097887 0.238778
v 0.233266 0.199778 -0.201925
v 0.235879 0.196366 -0.211885
v 0.224532 0.201259 -0.206825
v 0.233152 0.201839 -0.198871
v 0.229127 0.202765 -0.199599
v -0.133773 0.092968 0.238987
v -0.134076 0.087675 0.244585
v 0.237329 0.187438 -0.223443
v 0.230083 0.194973 -0.218002
v 0.240594 0.192228 -0.217638
v -0.154723 0.074002 0.236529
v -0.150093 0.080052 0.239117
v -0.145969 0.078872 0.244772
v 0.217748 0.181762 -0.228736
v 0.227426 0.175940 -0.230309
v 0.228071 0.177051 -0.229432
v 0.232110 0.176780 -0.229625
v -0.157092 0.060635 0.233650
v -0.159151 0.059476 0.231395
v -0.156356 0.059366 0.237428
v 0.229684 0.182192 -0.251242
v 0.237413 0.180985 -0.250451
v 0.232004 0.179340 -0.243348
v 0.224257 0.176492 -0.234809
v -0.180919 0.063661 0.229183
v -0.163148 0.059314 0.231098
v -0.170869 0.058326 0.237923
v 0.333014 0.265647 -0.209571
v 0.315629 0.266039 -0.206322
v 0.327969 0.262994 -0.208851
v -0.137862 0.128971 0.338911
v -0.137077 0.124246 0.347465
v -0.139177 0.130347 0.315549
v -0.137168 0.123533 0.355731
v 0.378803 0.261364 -0.229273
v 0.383908 0.262533 -0.233225
v -0.141472 0.111351 0.389388
v -0.148047 0.101723 0.406351
v -0.144941 0.103209 0.400177
v 0.392967 0.257667 -0.245197
v 0.395520 0.247512 -0.259447
v 0.395001 0.253879 -0.250304
v 0.395480 0.244177 -0.259687
v 0.395170 0.248073 -0.254753
v 0.393456 0.252676 -0.247853
v 0.394305 0.239394 -0.265500
v -0.156347 0.091636 0.415245
v -0.159855 0.086174 0.416800
v -0.165570 0.077751 0.416907
v -0.170954 0.068544 0.414112
v -0.167646 0.070773 0.413824
v -0.156887 0.087211 0.414411
v 0.378777 0.214196 -0.279631
v 0.386364 0.224649 -0.275537
v 0.370176 0.204079 -0.280371
v 0.379227 0.213325 -0.278176
v 0.389455 0.228165 -0.272284
v 0.385041 0.220904 -0.275234
v 0.371614 0.206861 -0.281618
v -0.175735 0.057336 0.407246
v -0.180320 0.044432 0.394320
v -0.183600 0.037362 0.382630
v -0.181712 0.037328 0.383304
v -0.179062 0.044699 0.393607
v 0.330922 0.183154 -0.275362
v 0.318732 0.181230 -0.278350
v 0.335133 0.185759 -0.281263
v 0.349901 0.192205 -0.282972
v 0.351710 0.191397 -0.281363
v 0.345623 0.188646 -0.278116
v 0.315051 0.179713 -0.271360
v -0.183072 0.029693 0.362205
v -0.183240 0.027630 0.346410
v -0.185491 0.028294 0.345013
v -0.180528 0.028763 0.330099
v -0.182600 0.028121 0.329487
v -0.185127 0.028839 0.327726
v -0.184785 0.029870 0.361797
v -0.179198 0.030438 0.321633
v -0.180264 0.028749 0.340821
v -0.181139 0.029393 0.355051
v 0.273126 0.178566 -0.266405
v 0.287115 0.177665 -0.267106
v 0.248403 0.183225 -0.267847
v 0.289006 0.178085 -0.270999
v 0.255382 0.180420 -0.256200
v 0.243678 0.181360 -0.256531
v -0.182807 0.042288 0.278172
v -0.180810 0.052820 0.254248
v -0.183771 0.036337 0.293858
v -0.177586 0.050851 0.260911
v -0.178943 0.038813 0.290212
v -0.145791 0.075454 0.257965
v -0.155764 0.061880 0.251729
v -0.155654 0.070876 0.279799
v -0.158306 0.064872 0.269907
v 0.283574 0.205740 -0.234566
v 0.273333 0.200249 -0.233542
v 0.275983 0.208158 -0.226379
v -0.154644 0.078439 0.303680
v 0.316857 0.227509 -0.234823
v 0.304203 0.210431 -0.241436
v -0.153574 0.087605 0.330860
v 0.336523 0.237790 -0.239793
v 0.343228 0.232683 -0.247930
v 0.329060 0.242195 -0.229561
v -0.162076 0.081976 0.358671
v -0.157874 0.089773 0.357409
v -0.156335 0.092982 0.365237
v -0.162429 0.083444 0.368213
v 0.333551 0.255963 -0.215115
v 0.320725 0.256386 -0.210351
v 0.325835 0.249217 -0.219093
v 0.341398 0.254773 -0.220030
v -0.140061 0.112961 0.352034
v -0.145147 0.104807 0.342093
v 0.302642 0.239201 -0.215649
v 0.300581 0.245220 -0.210315
v 0.311064 0.241699 -0.218144
v 0.291492 0.243805 -0.207349
v -0.146808 0.096693 0.319165
v -0.141002 0.104090 0.303291
v -0.139904 0.112548 0.322039
v 0.277876 0.227654 -0.209920
v 0.267024 0.215975 -0.210858
v 0.263840 0.223292 -0.203570
v -0.140356 0.092810 0.278666
v -0.137452 0.098840 0.278499
v -0.136931 0.105367 0.283562
v -0.140979 0.099477 0.293096
v -0.144388 0.088174 0.282688
v 0.247848 0.205530 -0.202320
v 0.247643 0.202704 -0.204927
v 0.247326 0.207865 -0.200288
v 0.240757 0.203038 -0.199384
v 0.242952 0.200813 -0.203108
v -0.132735 0.092991 0.256660
v 0.240678 0.179979 -0.238519
v 0.245213 0.181639 -0.243352
v 0.252061 0.183725 -0.244265
v 0.235458 0.177044 -0.231986
v -0.163334 0.057861 0.249023
v -0.165983 0.057678 0.257351
v -0.168737 0.056543 0.251557
v 0.279009 0.190377 -0.248413
v 0.268249 0.184997 -0.250798
v 0.296312 0.182087 -0.261460
v -0.163760 0.061421 0.295756
v -0.167362 0.055920 0.285301
v -0.170720 0.052814 0.274072
v -0.167966 0.052620 0.300135
v -0.172369 0.048286 0.283211
v -0.168593 0.056089 0.265028
v -0.165485 0.058901 0.278014
v 0.328783 0.195792 -0.262926
v 0.318144 0.189330 -0.262797
v -0.164891 0.064759 0.340424
v -0.171295 0.050595 0.352298
v -0.175878 0.038314 0.353106
v 0.365556 0.217634 -0.267171
v 0.354146 0.233169 -0.252776
v 0.373316 0.215351 -0.272142
v 0.379684 0.227148 -0.266417
v -0.173373 0.055357 0.383949
v -0.165879 0.074626 0.366846
v -0.165032 0.078499 0.375851
v -0.171908 0.060564 0.395474
v -0.174196 0.049545 0.372251
v 0.356743 0.246909 -0.240193
v 0.389313 0.242045 -0.256833
v 0.379217 0.253872 -0.238145
v 0.356995 0.250879 -0.234386
v 0.361537 0.241885 -0.247990
v 0.385639 0.249139 -0.247188
v -0.157227 0.090924 0.377858
v -0.164084 0.075561 0.405753
v -0.157773 0.084863 0.406261
v 0.376832 0.259390 -0.229308
v -0.146889 0.099301 0.396304
v 0.267604 0.152538 -0.280517
v 0.242476 0.151609 -0.271674
v 0.219809 0.152020 -0.262062
v 0.258167 0.149618 -0.265797
v 0.248820 0.155456 -0.280243
v 0.224227 0.155568 -0.271297
v 0.244049 0.154170 -0.240984
v 0.280030 0.154943 -0.257249
v 0.276621 0.151476 -0.265159
v -0.173386 0.027292 0.232915
v -0.183804 0.030028 0.223202
v -0.188020 0.021491 0.245913
v -0.184884 0.015788 0.262503
v -0.179484 0.015384 0.267514
v -0.191306 0.013832 0.271230
v -0.163012 0.033114 0.227586
v -0.180077 0.026428 0.231561
v -0.194415 0.031757 0.227850
v -0.197583 0.023114 0.252482
v -0.195409 0.016292 0.268007
v -0.167194 0.019769 0.280449
v -0.159208 0.032285 0.243853
v 0.338134 0.173638 -0.304531
v 0.319275 0.167391 -0.300933
v 0.342116 0.172003 -0.302866
v 0.318458 0.162400 -0.296473
v 0.361908 0.177273 -0.300072
v 0.339694 0.166013 -0.293690
v 0.315600 0.157634 -0.285684
v 0.356030 0.172875 -0.292901
v 0.333023 0.163033 -0.285090
v 0.298311 0.163317 -0.296670
v 0.301894 0.160766 -0.295050
v 0.310577 0.157586 -0.289641
v 0.326892 0.162755 -0.274890
v 0.350112 0.170949 -0.283636
v 0.371667 0.181842 -0.291069
v 0.376594 0.185208 -0.298620
v 0.370505 0.187237 -0.306698
v 0.362880 0.189941 -0.309135
v -0.187259 0.005644 0.318905
v -0.198017 0.006294 0.324487
v -0.196068 0.005368 0.341213
v -0.191746 0.005385 0.345262
v -0.201899 0.007806 0.343105
v -0.199564 0.008725 0.366465
v -0.205710 0.011663 0.352726
v -0.195778 0.008712 0.370435
v -0.202733 0.009846 0.362939
v -0.192062 0.005662 0.314683
v -0.206605 0.014174 0.364764
v -0.207180 0.017640 0.376250
v -0.202613 0.014011 0.382362
v -0.193184 0.012991 0.386424
v -0.186267 0.013206 0.379737
v -0.181187 0.010363 0.355146
v -0.175860 0.010798 0.329568
v 0.398327 0.220265 -0.305811
v 0.407498 0.227494 -0.302486
v 0.412495 0.235995 -0.299265
v 0.405144 0.218115 -0.303439
v 0.413688 0.225818 -0.299272
v 0.418142 0.233665 -0.296481
v 0.411623 0.218436 -0.298528
v 0.412778 0.247145 -0.295791
v 0.403927 0.234774 -0.301881
v 0.380480 0.204998 -0.309204
v 0.387813 0.202376 -0.307445
v 0.395299 0.202189 -0.303026
v 0.404968 0.208677 -0.297630
v 0.421332 0.230836 -0.292898
v 0.425814 0.243602 -0.289215
v 0.422892 0.250249 -0.289975
v 0.416700 0.255473 -0.290838
v -0.200335 0.028820 0.415419
v -0.204863 0.031454 0.409529
v -0.196776 0.034962 0.426352
v -0.201891 0.036520 0.420826
v -0.205120 0.040401 0.415314
v -0.193910 0.048672 0.439390
v -0.198299 0.051382 0.435094
v -0.192037 0.060707 0.445805
v -0.200588 0.022907 0.406356
v -0.205447 0.025299 0.400188
v -0.202300 0.051542 0.426990
v -0.197589 0.062665 0.438099
v -0.194082 0.070658 0.443488
v -0.187761 0.058149 0.448500
v -0.190387 0.045265 0.439714
v -0.191833 0.028292 0.419904
v 0.422266 0.293954 -0.251828
v 0.426360 0.291669 -0.244500
v 0.428217 0.288028 -0.251702
v 0.428878 0.278769 -0.266001
v 0.430511 0.282462 -0.245787
v 0.432332 0.279399 -0.252773
v 0.432865 0.271458 -0.266369
v 0.420316 0.297970 -0.244737
v 0.422823 0.286503 -0.263297
v 0.426051 0.266913 -0.279244
v 0.433602 0.263655 -0.271003
v 0.434189 0.270856 -0.260762
v 0.430728 0.274231 -0.245603
v 0.427595 0.284855 -0.238890
v 0.423410 0.294648 -0.237445
v 0.417293 0.301317 -0.237824
v -0.177563 0.086237 0.457828
v -0.180176 0.092404 0.454927
v -0.171329 0.088591 0.459953
v -0.173562 0.096311 0.458286
v -0.166850 0.098812 0.460009
v -0.169345 0.106355 0.457219
v -0.160548 0.099757 0.459884
v -0.162395 0.109072 0.458392
v -0.165200 0.115942 0.454567
v -0.185149 0.084964 0.452272
v -0.174252 0.105509 0.454493
v -0.159822 0.122221 0.452900
v -0.154675 0.128106 0.450024
v -0.151456 0.120543 0.453783
v -0.149707 0.109930 0.455117
v -0.153006 0.097362 0.455952
v -0.165626 0.089306 0.460242
v -0.177786 0.075755 0.457527
v 0.371190 0.302181 -0.196341
v 0.388299 0.302981 -0.205253
v 0.403598 0.302456 -0.215722
v 0.375951 0.289755 -0.196244
v 0.393245 0.291180 -0.205663
v 0.408613 0.291505 -0.216538
v 0.394551 0.283510 -0.207288
v 0.410029 0.284412 -0.218257
v 0.381555 0.310481 -0.207151
v 0.407939 0.306053 -0.224940
v 0.412893 0.296785 -0.221627
v 0.410495 0.276186 -0.221114
v 0.394948 0.274671 -0.210199
v 0.377086 0.281673 -0.197664
v -0.133918 0.127538 0.435748
v -0.136828 0.139106 0.434045
v -0.137430 0.148997 0.424409
v -0.126681 0.134223 0.419236
v -0.130222 0.146393 0.417987
v -0.125169 0.152400 0.399946
v -0.141763 0.130458 0.444290
v -0.145526 0.138588 0.440646
v -0.141631 0.143162 0.434312
v -0.127952 0.156956 0.398497
v -0.122772 0.146723 0.400752
v -0.120153 0.131689 0.399632
v -0.126658 0.117238 0.416809
v -0.134196 0.111570 0.433772
v 0.317000 0.295024 -0.177353
v 0.345451 0.299896 -0.185914
v 0.318805 0.281966 -0.174959
v 0.350826 0.287206 -0.185396
v 0.322515 0.305623 -0.184244
v 0.345194 0.306765 -0.189647
v 0.335519 0.267406 -0.182914
v -0.113282 0.149809 0.358705
v -0.118114 0.162772 0.355302
v -0.107208 0.151081 0.313389
v -0.123766 0.172104 0.334746
v -0.111790 0.132206 0.354887
v 0.336166 0.218802 -0.212335
v 0.310031 0.228607 -0.192134
v 0.296310 0.201841 -0.207101
v 0.279226 0.177492 -0.223419
v 0.303736 0.215200 -0.199277
v 0.288059 0.189089 -0.215270
v 0.287603 0.213082 -0.191624
v 0.271102 0.187627 -0.206578
v 0.314387 0.180028 -0.238449
v 0.306549 0.169819 -0.246885
v 0.270019 0.167552 -0.231197
v 0.252890 0.166837 -0.222040
v 0.262059 0.176386 -0.214411
v 0.279723 0.200047 -0.198870
v 0.294432 0.226179 -0.185159
v 0.304801 0.240047 -0.182033
v -0.136953 0.055920 0.284846
v -0.128606 0.067062 0.274234
v -0.140832 0.052030 0.326001
v -0.123819 0.080778 0.306089
v -0.117352 0.090548 0.295190
v -0.116910 0.099252 0.321588
v -0.145376 0.044272 0.263114
v -0.155175 0.030343 0.307071
v -0.147990 0.040292 0.316447
v -0.133972 0.065044 0.335401
v -0.111251 0.113920 0.318778
v -0.113014 0.102750 0.304749
v -0.122619 0.078503 0.284911
v -0.135100 0.056699 0.263485
v 0.359493 0.222294 -0.222593
v 0.352762 0.197722 -0.242637
v 0.387448 0.252629 -0.217174
v 0.408381 0.256656 -0.230811
v 0.398704 0.218334 -0.259611
v 0.395247 0.206000 -0.273810
v 0.390376 0.198199 -0.281380
v 0.371760 0.188138 -0.273798
v 0.350886 0.179827 -0.264834
v -0.159423 0.049639 0.411425
v -0.164567 0.033224 0.385813
v -0.149499 0.061942 0.408687
v -0.158246 0.033663 0.363134
v -0.144314 0.057680 0.378431
v -0.132501 0.084143 0.392670
v -0.152701 0.044483 0.376046
v -0.139517 0.070137 0.390988
v -0.170674 0.034950 0.406597
v -0.139143 0.091244 0.427521
v -0.129723 0.096281 0.404498
v -0.165317 0.023803 0.355798
v -0.171377 0.023974 0.379218
v -0.177021 0.026702 0.400803
v 0.432258 0.254821 -0.262282
v 0.427557 0.237645 -0.283631
v 0.430927 0.244351 -0.275580
v 0.425601 0.233212 -0.280318
v 0.429651 0.259137 -0.252895
v 0.433099 0.253038 -0.267705
v 0.427451 0.247291 -0.260888
v 0.431613 0.247673 -0.278065
v 0.415845 0.219880 -0.285832
v -0.176871 0.048864 0.441287
v -0.163547 0.074738 0.454057
v -0.176354 0.055237 0.447869
v -0.181018 0.039477 0.431776
v -0.170022 0.069647 0.455174
v -0.179041 0.060152 0.451755
v -0.161479 0.069218 0.447114
v -0.156230 0.082054 0.451512
v 0.277438 0.262454 -0.158672
v 0.269700 0.281705 -0.166842
v 0.280848 0.254647 -0.159425
v 0.278074 0.271237 -0.163717
v 0.269714 0.286626 -0.172009
v 0.283114 0.265436 -0.163271
v 0.280344 0.279617 -0.168373
v 0.287462 0.260089 -0.164277
v 0.286392 0.275671 -0.167168
v 0.277447 0.254113 -0.153076
v 0.274316 0.268534 -0.156603
v 0.267240 0.283498 -0.164982
v 0.286504 0.250802 -0.164335
v 0.280331 0.245094 -0.158646
v 0.277582 0.242467 -0.150709
v -0.119960 0.168847 0.296498
v -0.112572 0.161005 0.302779
v -0.103338 0.148474 0.300646
v -0.100014 0.148939 0.294967
v -0.099790 0.140922 0.298667
v -0.095176 0.140832 0.293206
v -0.119563 0.167785 0.302079
v -0.113078 0.168547 0.292276
v -0.100072 0.155375 0.293525
v -0.090531 0.142839 0.291397
v -0.087249 0.132836 0.288496
v -0.097312 0.132571 0.295453
v -0.102088 0.134822 0.304655
v -0.103576 0.142990 0.307583
v 0.260267 0.197291 -0.160374
v 0.263875 0.202688 -0.171014
v 0.264921 0.200537 -0.180151
v 0.243586 0.176009 -0.168093
v 0.247148 0.180680 -0.180580
v 0.253722 0.184370 -0.191834
v 0.236191 0.169576 -0.180319
v 0.240573 0.172658 -0.192447
v 0.272003 0.218644 -0.149994
v 0.274140 0.223228 -0.160247
v 0.279658 0.229033 -0.167896
v 0.234693 0.165287 -0.204833
v 0.228377 0.163055 -0.192301
v 0.223555 0.158166 -0.173362
v 0.233330 0.165006 -0.167144
v -0.112992 0.072943 0.250022
v -0.103507 0.082703 0.256606
v -0.101638 0.073726 0.242576
v -0.100251 0.092630 0.266776
v -0.091969 0.082182 0.250171
v -0.087457 0.073288 0.236609
v -0.089644 0.091530 0.260325
v -0.100233 0.114211 0.288848
v -0.092768 0.112329 0.280887
v -0.082359 0.111506 0.276089
v -0.081833 0.100804 0.267228
v -0.091628 0.065957 0.225457
v -0.096151 0.060223 0.214634
v -0.111292 0.059058 0.220196
v -0.124251 0.057010 0.228946
v 0.182514 0.144473 -0.190003
v 0.168430 0.150031 -0.211875
v 0.189528 0.148858 -0.212581
v 0.202650 0.147155 -0.179141
v 0.205609 0.150615 -0.195084
v 0.211578 0.152995 -0.210446
v 0.207071 0.150998 -0.222677
v 0.169519 0.158109 -0.238124
v 0.150610 0.155598 -0.213103
v -0.122030 0.051295 0.187543
v -0.157893 0.041899 0.200233
v -0.135950 0.050344 0.182333
v -0.146482 0.054907 0.166648
v -0.147704 0.059746 0.157045
v -0.142814 0.045252 0.213776
v -0.130138 0.049694 0.203670
v -0.115468 0.052511 0.196822
v -0.152914 0.063857 0.151820
v -0.173536 0.054258 0.174446
v -0.257252 0.304929 -0.233151
v -0.344819 0.115883 -0.271919
v -0.346416 0.100136 -0.274745
v -0.267079 0.430632 0.022956
v 0.113012 0.019274 -0.024770
v -0.271057 0.213124 0.083004
v 0.224094 0.153051 0.141587
v 0.190047 0.111981 0.153717
v 0.220262 0.389164 0.091558
v 0.199377 0.437848 0.040724
v 0.170862 0.335520 0.196665
v 0.229385 0.190265 0.154469
v 0.228880 0.229559 0.163448
v 0.222925 0.269305 0.168308
v 0.196836 0.261420 0.199674
v 0.202961 0.221725 0.194610
v 0.203921 0.182569 0.185085
v 0.289605 0.319288 -0.104411
v 0.029053 0.351319 0.272149
v 0.045374 0.327764 0.279789
v -0.212077 0.419627 0.105344
v -0.040488 0.465064 0.107598
v -0.011461 0.487225 -0.140251
v -0.175588 0.432419 0.058141
v -0.197164 0.431096 0.083020
v 0.280522 0.251517 -0.136404
v 0.276597 0.271798 -0.144184
v -0.001143 0.073618 0.224589
v 0.202317 0.109883 -0.093619
v -0.167424 0.125286 0.438874
v 0.123183 0.284012 -0.254429
v 0.255129 0.294616 -0.180054
v -0.177735 0.050804 0.401394
v -0.197912 0.013354 0.386717
v -0.192016 0.035930 0.430086
v 0.433624 0.271193 -0.255041
v 0.412652 0.300794 -0.224263
v 0.274341 0.277796 -0.166211
v -0.093059 0.131507 0.291133
v -0.132342 0.053880 0.235996
v 0.218477 0.153824 -0.220919
s 0
f 3499 3273 3274
f 1907 3274 3302
f 1905 2009 1911
f 3277 3275 153
f 3275 3276 154
f 1913 3277 2046
f 3276 156 155
f 1912 21 156
f 3278 1917 160
f 3279 1916 159
f 1910 3280 3278
f 1909 3278 3279
f 1908 3279 157
f 157 1915 158
f 3280 1918 161
f 164 1921 3281
f 163 1920 3282
f 2 1922 3283
f 3283 3281 152
f 3281 3282 151
f 3282 3284 150
f 162 1919 3284
f 1 157 3288
f 167 1417 3285
f 168 1418 3286
f 169 1419 3287
f 3294 3289 1933
f 3290 3291 1934
f 3292 3293 1935
f 3295 3283 1936
f 3300 3297 3296
f 3300 3296 3301
f 178 3300 3301
f 179 3301 1937
f 180 169 4
f 3298 168 169
f 3299 3302 3297
f 3307 3308 3494
f 3308 3304 3494
f 1932 1933 3305
f 3306 3307 3498
f 3307 3494 3496
f 3304 1913 181
f 1933 1934 3303
f 5 1937 3309
f 182 3309 3310
f 183 3310 3311
f 184 3311 1938
f 3316 3317 189
f 3317 3318 3489
f 3318 3319 3487
f 3319 3306 3491
f 188 3324 1422
f 187 3321 1423
f 186 3322 1424
f 6 3323 190
f 1951 3330 1942
f 3325 3326 1941
f 3327 3328 1940
f 3329 3331 1939
f 3336 3335 3334
f 3333 1958 200
f 3333 200 3334
f 1952 3338 1425
f 3349 3332 3335
f 1952 1425 3332
f 1953 3349 3335
f 1954 1953 3336
f 1955 1954 3337
f 199 3334 1957
f 3339 204 3340
f 3340 203 3341
f 3345 3340 3341
f 203 1961 3341
f 9 1964 1965
f 1965 3344 3339
f 3342 3343 205
f 3343 3346 205
f 3350 1426 3347
f 3348 3349 1953
f 3478 3350 3347
f 3351 1953 3352
f 1426 1952 3349
f 3356 3353 206
f 3355 3359 3358
f 9 1965 3356
f 3355 3358 207
f 3354 205 3359
f 3356 1965 3353
f 1434 3360 3361
f 211 3363 1967
f 1967 3362 1968
f 3365 1954 212
f 216 3368 217
f 3369 3374 3373
f 3371 3370 1427
f 1968 212 3374
f 3370 1968 3369
f 3376 1978 223
f 3379 3376 3377
f 214 3378 3375
f 213 3379 1970
f 1970 3377 3380
f 3380 3381 1964
f 3381 222 1976
f 3396 3395 3384
f 3397 3396 3385
f 1981 3385 3386
f 3403 3392 3394
f 235 234 3395
f 236 235 3396
f 16 236 3397
f 234 11 3398
f 3402 3399 233
f 1991 15 3401
f 238 3402 239
f 215 3403 12
f 3407 3406 3404
f 241 3407 3405
f 3445 1992 3406
f 241 240 3407
f 18 3405 243
f 3408 16 3397
f 3406 16 3408
f 3409 245 244
f 3410 244 3413
f 3411 1993 245
f 1995 1994 3411
f 243 3404 3417
f 18 243 3418
f 1993 2005 3425
f 1993 3425 3420
f 245 3420 3421
f 244 3422 3423
f 3413 3424 3426
f 2006 18 246
f 2007 2006 1429
f 2008 2007 1430
f 2009 2008 3427
f 3429 2016 258
f 3430 2015 257
f 3428 2017 259
f 21 165 3428
f 260 3428 3429
f 261 3429 3430
f 262 3430 2005
f 2005 2014 19
f 263 3437 3432
f 1905 3433 2009
f 3433 3432 2008
f 3432 3431 2007
f 3431 242 2006
f 3431 17 242
f 264 3436 3435
f 265 3435 3434
f 3436 21 260
f 22 156 3436
f 1994 262 1993
f 3434 261 262
f 3435 260 261
f 3437 263 3439
f 3438 3437 3440
f 17 3438 3441
f 2018 3441 269
f 3441 3440 269
f 3440 3439 270
f 3443 271 23
f 3444 2020 271
f 272 23 273
f 3445 240 3447
f 1992 3445 3448
f 2022 1992 274
f 274 1992 3448
f 274 3448 275
f 3448 3447 276
f 3447 3446 276
f 3446 2018 276
f 241 17 2018
f 3449 2026 1431
f 2026 2025 2024
f 2027 3463 2026
f 3412 2027 3449
f 1996 3452 1995
f 3452 3450 2021
f 3450 2023 2021
f 1431 2024 3453
f 3458 3457 3455
f 236 16 2022
f 235 236 3456
f 234 235 3457
f 11 234 3458
f 2028 3458 277
f 278 3454 3525
f 3454 3459 279
f 279 274 275
f 3456 2022 3459
f 3461 280 1433
f 215 281 3461
f 239 3461 238
f 1991 3462 2027
f 3462 3464 3463
f 1433 2030 3464
f 1434 3466 3465
f 282 1434 1435
f 209 11 2028
f 3361 209 3466
f 1434 3361 3466
f 208 282 2031
f 283 282 288
f 282 1435 284
f 1435 3465 285
f 285 3467 286
f 3467 277 286
f 3466 2028 3467
f 3467 2028 277
f 3469 3468 3472
f 3470 2035 2034
f 3471 3470 217
f 281 3472 280
f 3472 2033 2032
f 3468 2034 2033
f 3347 3474 3478
f 3478 3476 2036
f 3476 2037 2041
f 2031 282 283
f 290 3481 207
f 207 3479 3355
f 287 3470 3471
f 289 2038 3481
f 183 3483 1437
f 182 1437 3484
f 1938 3485 184
f 292 3484 293
f 3483 2040 1437
f 3485 2036 184
f 3490 3486 3487
f 3486 3488 3489
f 189 291 3316
f 189 290 291
f 3486 294 3488
f 295 294 3486
f 178 3492 1438
f 3299 1438 297
f 297 2042 2048
f 1438 2043 2042
f 293 2045 2044
f 179 293 3492
f 3493 3495 3496
f 26 300 3497
f 3497 3493 181
f 3495 296 3498
f 300 299 3493
f 3499 3503 3501
f 149 3500 1906
f 1906 3502 267
f 3502 2047 2019
f 3501 2047 3502
f 3501 2048 2047
f 1907 297 3503
f 3504 3505 153
f 3505 3497 2046
f 273 301 3506
f 2050 24 2061
f 2050 2061 2049
f 3507 2050 2049
f 2019 2047 1439
f 273 23 302
f 301 273 302
f 3508 301 1440
f 3509 2053 1441
f 2053 2050 1441
f 2044 3509 2043
f 1441 2042 2043
f 2053 24 2050
f 2050 3507 1441
f 300 26 3508
f 2054 298 3510
f 3516 3510 303
f 298 299 3510
f 306 305 1442
f 3511 24 2053
f 2040 306 2039
f 2053 3509 1442
f 1442 2045 2039
f 3514 3515 3512
f 289 294 3513
f 3513 294 3512
f 304 25 2059
f 3516 304 3514
f 3514 2059 2055
f 3514 2055 3515
f 3518 2056 3511
f 2056 24 3511
f 3521 2056 3518
f 3518 3511 305
f 306 1443 305
f 305 1443 3518
f 2041 2037 3517
f 3519 2058 3520
f 2038 3519 3520
f 2035 2038 3520
f 2055 2059 2058
f 2060 24 2056
f 307 284 1444
f 284 285 1444
f 2034 2057 2033
f 3523 2030 2032
f 309 1447 1445
f 1445 2032 2033
f 308 3525 1446
f 3524 2060 3521
f 3525 275 3526
f 1446 3526 310
f 286 278 308
f 311 2029 1447
f 2030 3523 2029
f 311 2025 2029
f 309 313 312
f 3526 3527 1448
f 2061 24 2060
f 310 2060 3524
f 275 276 3527
f 2025 311 2024
f 311 312 3528
f 3531 2020 1449
f 3531 1449 3528
f 1449 2020 2023
f 313 25 2062
f 3528 2062 3531
f 315 270 314
f 2049 2061 3529
f 3529 2061 314
f 3530 3531 1450
f 23 271 3530
f 1450 25 2052
f 3531 2062 1450
f 1450 2052 1440
f 3532 1452 2068
f 2065 318 3532
f 2066 3532 2067
f 319 2067 3536
f 2251 320 3533
f 3539 3544 3543
f 3540 3539 3542
f 323 2074 3545
f 324 323 3537
f 2075 324 3538
f 2081 325 2075
f 2077 3541 318
f 3544 2072 2071
f 3546 3551 3550
f 3547 3550 3549
f 326 2251 3551
f 3570 326 327
f 3548 3549 331
f 3559 3558 1453
f 1453 1454 3553
f 1453 3554 1454
f 3554 3558 3557
f 3555 1454 3554
f 2079 33 334
f 335 3552 336
f 335 3559 3552
f 336 3553 3556
f 336 1453 3553
f 337 3556 2080
f 2081 3555 325
f 325 3554 324
f 3554 3557 323
f 3557 332 2078
f 3557 2078 2074
f 3558 333 332
f 3559 334 333
f 1455 3560 3561
f 3560 3563 3561
f 3563 3569 3562
f 3564 3567 339
f 3565 3894 3570
f 2082 3566 2083
f 2083 1455 338
f 1455 3561 2084
f 2084 3564 2085
f 339 2086 3583
f 2086 3567 2087
f 3567 3562 2088
f 2088 3568 2089
f 3560 3570 3569
f 3569 327 328
f 2090 3572 342
f 341 1456 3572
f 341 3590 3576
f 2100 3574 2091
f 3573 336 337
f 3572 335 1457
f 1456 3575 2079
f 1456 3576 3575
f 3580 3584 3581
f 346 3580 2095
f 2095 3580 3581
f 2093 2083 3577
f 2094 3577 344
f 347 3581 3582
f 3581 3584 3583
f 3584 339 3583
f 3585 2085 3580
f 2085 339 3584
f 338 2084 3578
f 3588 349 1458
f 1460 3571 343
f 1459 3588 2090
f 2090 1458 341
f 1458 2098 3590
f 354 3596 3593
f 355 3593 3594
f 355 3594 2101
f 3594 347 3595
f 2101 3595 2102
f 3596 346 2095
f 3593 2095 347
f 345 3579 3591
f 3598 3599 3600
f 2105 2349 3603
f 2106 3597 2107
f 359 3600 2108
f 2108 3601 2119
f 3601 360 2119
f 3599 2103 3601
f 2103 49 361
f 3602 2104 3599
f 2104 356 3599
f 3605 3606 1461
f 2111 3610 362
f 2111 2110 3610
f 362 3605 3604
f 363 3607 2112
f 3608 365 30
f 3609 366 365
f 3606 367 366
f 3606 366 3609
f 2109 50 2113
f 3610 2113 3606
f 3616 3611 3612
f 3617 3612 3613
f 3618 3613 2115
f 3615 2118 2117
f 3614 2119 2118
f 2107 359 3611
f 3620 1463 3623
f 1463 3625 3624
f 2120 371 3626
f 372 3626 3619
f 3621 3620 3622
f 3621 3619 3620
f 3625 3604 363
f 3626 2111 1462
f 3632 3627 3628
f 3633 3628 3629
f 37 377 2125
f 378 3634 3629
f 3635 3824 387
f 2116 2117 3636
f 2115 2116 3637
f 2114 2115 3627
f 1464 3640 3639
f 1464 3646 3640
f 3646 3645 3640
f 3639 3640 3641
f 2127 1464 3638
f 2128 2127 3638
f 2129 2128 3642
f 383 3643 2130
f 3643 3641 3644
f 3641 373 374
f 3645 2120 372
f 2126 3827 3646
f 3647 3654 3653
f 3649 3653 3651
f 2133 37 2125
f 3650 2135 3648
f 2137 3650 2138
f 385 3649 3651
f 386 3651 2139
f 3652 387 3651
f 3659 3658 3656
f 44 3820 3661
f 3658 3661 1465
f 3660 3659 3656
f 2142 3660 391
f 391 3656 3657
f 392 3657 2128
f 1465 2126 382
f 3664 3665 3667
f 397 3664 3668
f 396 1466 397
f 2146 3672 2147
f 3668 3667 3672
f 3667 3666 2148
f 2148 386 2149
f 3663 3673 3666
f 3666 385 386
f 3673 2138 385
f 3677 3682 1467
f 3682 3676 1467
f 3675 403 3677
f 3678 3675 3677
f 3682 45 3676
f 2150 402 3682
f 403 2150 3682
f 3684 3678 3680
f 405 3685 3686
f 388 3681 3661
f 3681 3687 3661
f 3687 399 44
f 1467 400 3687
f 3676 401 400
f 2155 3688 407
f 407 397 2145
f 2156 2145 398
f 3689 3671 396
f 2154 1469 406
f 3700 2157 47
f 408 398 3690
f 3700 3690 2157
f 3688 396 397
f 411 2158 2150
f 3692 411 403
f 3691 3692 3675
f 46 409 3707
f 412 2159 3692
f 413 3693 3683
f 3694 409 45
f 402 3694 45
f 410 3707 3694
f 3697 2155 1470
f 3696 3695 3697
f 3698 3701 3699
f 4426 2525 2154
f 3695 2154 406
f 414 3696 3697
f 3706 3703 3704
f 40 2164 420
f 422 421 2160
f 2158 3703 410
f 417 46 3707
f 3719 3708 3711
f 3714 3711 3713
f 3717 3715 416
f 2165 2161 2162
f 423 2165 3725
f 3708 423 3725
f 3721 3720 3712
f 3745 3716 428
f 2169 3723 2170
f 3718 3717 3723
f 3724 47 2171
f 415 3699 3715
f 3726 1472 1473
f 3727 3732 3728
f 1474 1473 3736
f 431 3754 3738
f 3732 2172 3726
f 2516 2174 2175
f 2176 3729 435
f 2177 1475 3734
f 3735 3731 2163
f 3736 3706 419
f 429 417 3737
f 1473 3738 3737
f 3743 3742 3739
f 2180 3739 1476
f 4376 41 2167
f 3742 2167 426
f 2178 4376 3742
f 438 3741 3744
f 3745 428 2169
f 3748 3746 3753
f 3746 3749 3753
f 3747 3750 3748
f 3755 2183 2182
f 2184 442 3750
f 2185 2184 3751
f 2186 3751 3752
f 443 3752 2174
f 432 3753 2172
f 3749 3755 3754
f 3754 2182 48
f 3758 2180 437
f 3757 3756 3758
f 3760 2181 438
f 3759 3758 3760
f 2189 2188 3756
f 444 3762 445
f 446 3761 3763
f 2192 3763 2194
f 3763 3764 447
f 3760 438 3764
f 3764 3744 448
f 3765 2179 2180
f 3767 3766 3770
f 3769 3767 3771
f 3771 3770 442
f 3773 2192 3777
f 445 2191 3766
f 444 445 3766
f 2195 444 3767
f 2195 3767 3769
f 449 3774 450
f 441 3776 3755
f 3776 2193 2183
f 3768 3777 3776
f 3778 451 3779
f 3778 3779 1478
f 3789 3780 440
f 452 1478 3780
f 454 3781 3782
f 2196 454 3865
f 3781 453 1479
f 3783 454 2196
f 3782 1479 3864
f 3867 2182 2183
f 1479 3792 3867
f 3792 48 2182
f 3785 3790 3788
f 3790 3786 3787
f 3787 452 1481
f 1481 3789 3795
f 3789 2170 2171
f 3786 3778 452
f 3784 1477 3778
f 3791 453 1480
f 3791 1480 2200
f 417 429 2198
f 1480 453 3781
f 3792 430 48
f 455 2198 3792
f 429 430 2198
f 1481 3793 3787
f 456 2207 3796
f 3796 2203 2202
f 47 457 3795
f 3795 457 1481
f 3787 3794 3788
f 2204 2198 455
f 46 417 2204
f 462 3798 2205
f 3798 2199 2205
f 3799 3791 2199
f 3805 456 3800
f 2147 3801 2146
f 2209 1482 3801
f 3801 457 2157
f 457 1482 3793
f 2208 2207 456
f 409 46 2204
f 3803 2204 458
f 409 3803 2210
f 3803 458 461
f 461 459 3811
f 3802 3797 459
f 3804 3805 463
f 463 2209 3806
f 3807 2214 2213
f 463 3807 3804
f 2215 3806 2149
f 2149 3806 2148
f 3806 2209 2147
f 3805 3800 2209
f 3807 2212 3804
f 3811 2211 2218
f 3810 2218 3812
f 401 2210 3808
f 2210 461 3809
f 400 3808 399
f 399 3808 464
f 3820 399 464
f 3813 3817 3816
f 3817 4242 1541
f 3825 3817 3813
f 387 3824 2140
f 2140 2219 3814
f 2140 3814 2215
f 2215 3815 463
f 3815 3816 2214
f 3818 2216 3822
f 465 464 3818
f 3818 3822 3819
f 3821 3818 3819
f 465 3818 3821
f 4238 3819 466
f 3819 3822 2220
f 3819 2220 647
f 1483 2221 3825
f 2117 2223 381
f 381 2223 3823
f 3824 3823 2219
f 1484 465 3830
f 3827 2126 3826
f 3828 3827 1484
f 2398 1484 467
f 1484 3830 467
f 3830 3821 4238
f 3834 4227 4228
f 468 3831 3832
f 2118 468 3833
f 2117 3833 2223
f 1486 1485 470
f 3835 1486 470
f 371 2120 3829
f 3836 371 1486
f 469 3837 42
f 1485 3829 471
f 471 3829 2398
f 1487 3838 1488
f 1487 1488 3841
f 3838 3839 1488
f 1489 1488 3831
f 3840 4218 1487
f 472 1487 3841
f 472 3841 2227
f 361 2227 1489
f 360 1489 3842
f 360 3842 468
f 3831 3839 2225
f 3839 2226 2225
f 4218 2226 3838
f 3844 474 3843
f 2110 2111 3836
f 2109 2110 3845
f 3845 1490 3846
f 2228 3846 473
f 3846 3843 3847
f 3846 3847 473
f 3847 474 2229
f 3853 1491 3849
f 3849 3851 1492
f 1492 3851 477
f 3850 2392 3853
f 3850 1492 3879
f 1492 2230 2245
f 3851 478 477
f 1491 4037 3851
f 472 2227 3852
f 3853 3852 1491
f 4044 3854 3855
f 3855 3854 3856
f 3856 3859 3857
f 2234 2233 3855
f 3859 3858 3857
f 3858 2228 473
f 3854 479 3859
f 4044 480 3854
f 3861 451 2239
f 3860 3779 3861
f 447 3863 2238
f 2238 3862 3871
f 451 2237 2239
f 3864 484 483
f 3782 483 3865
f 2193 2194 3866
f 3867 3866 484
f 3865 3868 2196
f 484 3872 483
f 3869 3870 1493
f 2240 3869 482
f 2238 3871 3874
f 1493 1494 2242
f 3870 1494 1493
f 2388 3870 3869
f 3872 3873 3875
f 2242 3872 3874
f 483 3875 2241
f 3875 2389 2241
f 3877 3878 1494
f 3876 3879 3878
f 1494 2243 2242
f 3878 3880 2243
f 2235 485 3880
f 3880 3881 2243
f 2234 3880 2244
f 3872 2242 2243
f 2246 3882 487
f 2254 3887 3884
f 3883 3884 2246
f 3882 2065 2066
f 486 2077 2065
f 3884 486 3882
f 3887 486 3884
f 487 3886 3885
f 2066 2067 487
f 2246 3885 600
f 3885 2248 2247
f 3886 2250 2249
f 320 2251 2250
f 319 320 3886
f 2253 3888 3887
f 3887 3888 486
f 3890 2081 2075
f 3891 2252 1495
f 3891 3896 2252
f 2250 3895 1496
f 1496 1497 3892
f 1496 3892 2255
f 3892 3893 2256
f 1497 3905 3893
f 2251 326 3895
f 3896 3899 1498
f 1498 488 3898
f 1530 584 489
f 591 1530 3899
f 2252 1498 3897
f 3897 3898 2080
f 3899 489 3911
f 3899 3911 488
f 3901 3904 3903
f 3902 3901 3914
f 3894 3565 3905
f 3902 3900 3901
f 4127 3902 3916
f 490 3908 3906
f 3906 492 3907
f 2260 3906 2261
f 2261 3907 2262
f 3907 491 2279
f 3908 493 492
f 3909 2264 495
f 495 3910 2266
f 496 2265 3909
f 3924 3909 494
f 2264 2263 3910
f 3911 1499 3912
f 488 3912 2092
f 2091 493 2100
f 3912 492 493
f 2268 2279 491
f 489 2268 1499
f 3913 2265 3916
f 3913 3916 3914
f 2094 3915 2093
f 2093 2258 3903
f 3916 496 4124
f 2263 2264 3913
f 3918 2269 4069
f 2270 2269 3918
f 2271 2270 2272
f 3917 4069 2262
f 3919 3923 2275
f 3919 2275 1500
f 3920 3919 1500
f 2271 2272 3919
f 2276 3920 2277
f 2277 1500 2278
f 2273 498 1501
f 2262 2279 3921
f 2274 3921 2273
f 1501 498 499
f 3921 3925 498
f 1502 3922 500
f 497 2275 3924
f 3924 1502 3926
f 496 3924 3928
f 4116 1528 498
f 3927 500 499
f 4124 3928 3926
f 585 3927 2280
f 3930 3931 3932
f 3930 3932 2285
f 3932 3935 3934
f 3933 3936 3929
f 2284 3930 2285
f 3935 503 2287
f 501 43 3935
f 3936 2281 3930
f 2281 501 3931
f 542 504 2289
f 505 1503 506
f 3938 509 508
f 3939 510 509
f 3940 511 3939
f 2288 2276 511
f 504 3977 3940
f 3977 2288 3940
f 2289 504 3937
f 3942 3947 3941
f 3941 3943 3945
f 3943 3946 3945
f 3944 3941 3945
f 3944 3945 513
f 2290 4052 512
f 3945 2282 513
f 3946 3933 2282
f 3941 4050 3943
f 3949 3953 518
f 2294 514 3950
f 516 3950 517
f 3953 519 518
f 507 508 3953
f 2293 507 3949
f 1505 1504 1506
f 2297 1505 1507
f 4001 3956 2292
f 3956 3954 2291
f 2291 3957 2290
f 1504 2295 3958
f 3960 524 3959
f 3959 3966 3961
f 3960 3959 3964
f 524 523 3959
f 525 524 3960
f 53 525 3962
f 3962 525 3960
f 526 3963 2300
f 2300 3964 2327
f 3964 3961 3965
f 3964 3965 527
f 3961 3966 3965
f 531 530 3967
f 2303 530 3988
f 3988 530 531
f 521 528 2295
f 2301 2327 2295
f 3970 3971 526
f 532 53 3971
f 3969 532 3971
f 3969 3970 2302
f 2302 3970 530
f 528 526 2301
f 2300 2327 2301
f 3972 2305 3976
f 2269 2270 3972
f 43 2269 503
f 503 3972 3974
f 2287 3974 538
f 3974 3973 2306
f 3973 3975 3982
f 3975 533 2304
f 3976 533 3975
f 3978 3977 1509
f 3979 1509 3981
f 3977 504 1508
f 2276 2288 3978
f 2276 3978 3979
f 3980 3979 533
f 2304 534 536
f 1509 3986 534
f 538 2306 3983
f 3983 1510 2308
f 1510 537 535
f 2307 541 3986
f 3985 540 54
f 534 3986 536
f 536 54 535
f 3990 3988 3987
f 3988 3989 3987
f 3987 2314 2313
f 2302 2303 3990
f 2311 2310 3991
f 2312 3991 2313
f 3988 531 3989
f 2310 3993 3992
f 3993 543 3992
f 545 544 2310
f 2310 3992 2309
f 3994 3995 2302
f 3995 3969 2302
f 543 53 532
f 3996 4000 3997
f 3997 2297 3998
f 3999 3997 1511
f 2314 4000 2313
f 3996 3999 2315
f 4008 3999 1511
f 1511 3998 2316
f 3998 3956 4001
f 3998 2298 3956
f 4000 2296 2297
f 1512 2318 4002
f 4002 4004 523
f 4003 4002 524
f 2318 4015 2317
f 2319 1512 3993
f 3993 1512 543
f 1512 4003 543
f 543 4003 53
f 53 4003 525
f 523 4004 2299
f 4004 2317 546
f 4009 4007 4005
f 4009 4005 4010
f 4007 2292 3942
f 4008 2316 4007
f 4008 4009 4026
f 4009 2322 2321
f 2322 4010 4018
f 4010 4006 2323
f 513 2283 2323
f 4006 3944 513
f 4005 3942 3944
f 4011 2324 4016
f 546 4012 4014
f 4014 4013 3951
f 547 52 2293
f 4013 547 2293
f 4016 548 547
f 1513 502 1514
f 2283 2284 2323
f 4019 4018 4017
f 4021 538 3984
f 502 2286 4021
f 2284 2285 1513
f 1515 4022 1516
f 1516 2289 4024
f 1515 4024 4023
f 549 4035 1515
f 4024 505 506
f 2325 545 2311
f 550 2325 1517
f 2322 6389 2321
f 4026 3999 4008
f 2315 2312 3996
f 4025 2311 2312
f 4027 1518 544
f 4015 2318 1518
f 4011 1518 1519
f 549 2324 551
f 551 1519 4028
f 553 4028 545
f 4028 4027 545
f 2318 2319 1518
f 555 4030 4029
f 553 545 2325
f 553 550 554
f 4031 4029 2308
f 4029 4030 2308
f 4030 4020 539
f 4030 4019 4020
f 554 6389 4030
f 6389 2322 4019
f 550 6389 554
f 4032 4034 4033
f 540 4032 4031
f 4031 4033 555
f 4034 551 552
f 4035 549 4034
f 4036 4038 4037
f 2327 2326 4040
f 2327 4040 520
f 4040 4036 520
f 520 4037 2328
f 4039 2231 556
f 478 3851 4037
f 4038 477 478
f 4040 2230 4038
f 527 4041 4043
f 558 479 527
f 4043 2326 2327
f 4041 2233 2326
f 480 4044 4041
f 479 3854 480
f 4046 4048 4047
f 2330 1520 4049
f 3936 4045 2330
f 2330 4045 1520
f 560 2332 2331
f 4049 4047 561
f 4048 4051 4047
f 4052 2328 4046
f 2334 4067 4057
f 519 2334 4054
f 508 565 519
f 4053 4055 517
f 4055 558 559
f 1521 557 4055
f 4056 562 2333
f 4056 2329 557
f 4057 563 562
f 1522 4060 4058
f 4061 1522 4058
f 4059 4063 4062
f 501 2281 4060
f 567 4058 4059
f 4070 4062 2335
f 4062 560 2336
f 4063 2330 4049
f 4063 4049 560
f 4060 2281 4063
f 4064 571 4067
f 510 1523 4065
f 571 56 570
f 4066 510 511
f 509 4065 565
f 565 4064 2334
f 4067 569 564
f 2260 567 4068
f 4069 2269 4071
f 2262 4069 2261
f 2261 4071 2260
f 2260 4068 490
f 4068 4059 568
f 4071 566 567
f 572 2266 1524
f 2267 352 2339
f 2277 4066 2276
f 4074 4079 4078
f 348 2098 4075
f 2340 4076 55
f 4088 4074 574
f 574 4078 4077
f 574 4077 2338
f 4077 3589 51
f 4078 3587 350
f 4081 576 4080
f 4080 4083 4084
f 576 575 4083
f 1526 2342 4081
f 1526 4081 2343
f 577 2101 31
f 4080 354 4082
f 4085 2339 352
f 2341 56 2339
f 2344 55 4089
f 2344 4089 1525
f 578 1525 4086
f 578 4086 4087
f 4087 574 2335
f 4089 4076 4073
f 4089 4073 573
f 4090 4092 575
f 576 4090 575
f 2342 4090 576
f 2345 564 569
f 2346 2345 4092
f 4112 2346 4090
f 575 4092 2341
f 2341 570 56
f 4092 569 570
f 4103 4093 4094
f 4093 4098 4096
f 4096 4098 578
f 4097 578 2336
f 357 2349 4099
f 4099 4103 4094
f 2104 357 4100
f 4100 4094 4095
f 4101 4102 561
f 4101 4095 4102
f 4097 2336 2331
f 4098 1525 578
f 2348 580 4093
f 4108 4105 4106
f 563 4106 4104
f 4104 4106 1527
f 564 2345 4108
f 4104 1527 4110
f 366 4110 365
f 1527 4111 365
f 30 4111 582
f 4107 583 4111
f 4111 4700 582
f 4107 2350 583
f 2345 2346 4105
f 4113 4116 4115
f 4114 4115 586
f 585 1528 4113
f 2353 4114 2354
f 4116 584 2352
f 4116 2352 4115
f 585 2353 4117
f 4118 2356 2355
f 2353 2354 588
f 585 4113 2353
f 500 585 4117
f 3926 4117 4124
f 2352 1529 4119
f 4119 590 4120
f 4121 4120 4122
f 1530 591 1529
f 2352 4119 4121
f 4121 592 2358
f 4122 4160 592
f 2357 4165 2359
f 2357 57 4165
f 4120 4132 2357
f 1529 591 590
f 4123 594 4129
f 4124 4123 4126
f 4127 4124 4128
f 4126 4129 4125
f 6390 589 2360
f 4124 6390 4123
f 3902 4127 4128
f 4128 4126 4137
f 4126 4125 595
f 594 593 4129
f 4131 4136 4135
f 4130 4131 4132
f 4132 4135 4134
f 2253 596 4133
f 3896 4133 591
f 591 4133 590
f 590 4130 4132
f 4134 4152 57
f 4135 597 4152
f 4136 4154 597
f 596 4142 4130
f 4137 1531 598
f 4138 4137 598
f 1531 4140 598
f 4137 595 4141
f 4138 4139 2256
f 4139 4145 2247
f 4140 602 599
f 4141 2362 1531
f 600 2365 4142
f 4142 4143 2361
f 2254 3883 596
f 3883 4142 596
f 2361 2366 4136
f 4143 2368 2367
f 2363 2370 2368
f 2364 2363 4143
f 2365 2364 4143
f 4145 4146 2365
f 4146 2364 2365
f 602 601 599
f 1532 2368 604
f 1532 604 1533
f 2368 2370 604
f 605 4147 2371
f 4147 1533 606
f 606 2369 607
f 1533 603 2369
f 609 608 4149
f 4149 4150 603
f 608 2373 2372
f 609 4149 601
f 2370 4149 604
f 603 4150 2369
f 608 2372 4150
f 4150 2372 607
f 4151 4153 611
f 4152 4151 610
f 611 605 2371
f 4153 4148 605
f 4155 4159 2362
f 2362 4157 4140
f 4160 4163 4161
f 592 4164 4162
f 2359 4165 4160
f 4164 2378 2377
f 57 613 4163
f 1534 614 4166
f 4166 4167 6391
f 2379 615 616
f 593 6391 4125
f 4168 2376 4156
f 4167 2376 4168
f 4170 4169 4171
f 4171 4172 4179
f 4175 4176 1535
f 2356 4175 1536
f 2355 616 589
f 1536 1535 2379
f 1535 617 2379
f 4176 2380 617
f 618 2382 4181
f 4181 2382 619
f 2380 4180 618
f 2381 4178 607
f 4177 620 4178
f 4180 4179 618
f 4186 2383 619
f 4181 621 618
f 2372 4188 2381
f 2381 4186 4177
f 621 59 2380
f 59 617 2380
f 4184 620 1537
f 1537 620 4182
f 4179 2377 2382
f 4182 2377 2378
f 4182 2378 4185
f 611 2371 4183
f 4184 4183 620
f 610 4151 613
f 4151 611 4184
f 4187 4190 1538
f 2383 4186 1538
f 4190 4189 1538
f 2375 4187 2374
f 4188 2372 2373
f 4188 2373 2374
f 1538 4188 2374
f 4189 59 621
f 614 615 4189
f 4191 622 4206
f 3876 4191 4206
f 622 2384 624
f 2384 60 624
f 4192 4193 4194
f 4214 4194 485
f 485 4194 2386
f 4193 4197 2386
f 2385 4197 4193
f 4195 2388 2387
f 623 4195 4196
f 622 623 4196
f 4196 2384 622
f 2387 60 2384
f 4197 4201 4198
f 3881 2386 4198
f 2389 4200 4204
f 4200 4198 4199
f 4197 627 4201
f 2388 4202 4203
f 2237 4267 4202
f 3869 2240 2388
f 2387 4203 60
f 4203 2390 60
f 4203 625 2390
f 4204 4201 626
f 4204 1539 2241
f 2241 2391 2196
f 4205 4206 4208
f 4207 4205 4208
f 4208 4206 4210
f 3850 4206 4205
f 2392 3850 4205
f 628 4209 629
f 4210 2480 630
f 4211 631 2393
f 4213 4211 4212
f 4212 2393 4192
f 2236 2395 4213
f 2395 2394 4213
f 2393 2385 4192
f 4216 628 4217
f 4217 634 633
f 4218 2392 4216
f 4218 4216 4217
f 2226 4215 632
f 4216 4207 628
f 4219 4220 4221
f 4221 4225 4224
f 1540 4221 475
f 474 475 4224
f 4224 4225 2394
f 636 4220 4219
f 4226 4231 4230
f 2225 4232 4226
f 4228 4229 638
f 4229 2396 638
f 640 4233 471
f 42 4223 476
f 640 639 4233
f 2221 4237 642
f 4242 642 641
f 641 642 4311
f 4237 4310 642
f 637 638 4237
f 2399 643 644
f 4239 640 2398
f 643 63 4239
f 3816 1541 645
f 641 4311 4241
f 646 4244 4243
f 4243 4244 466
f 4244 2399 644
f 2214 645 2213
f 460 2212 2213
f 4285 1542 649
f 1542 4240 4292
f 4240 62 4292
f 4246 4247 646
f 2217 4246 647
f 2401 2400 646
f 4247 2402 2401
f 4248 648 1544
f 1544 648 4249
f 2404 1544 651
f 1543 2213 648
f 4251 653 652
f 4253 4250 4251
f 2405 654 4250
f 2405 4250 4253
f 2405 4253 2406
f 2406 4252 462
f 2211 4252 2218
f 2218 4252 2217
f 2217 4252 4246
f 2203 4248 4255
f 2202 4255 4257
f 2197 2202 2407
f 4257 4256 4262
f 4256 656 4262
f 4248 650 4258
f 4264 2408 4260
f 4264 4260 4259
f 4259 2405 2205
f 1545 654 2405
f 654 2432 653
f 2408 2432 1545
f 4261 655 658
f 655 4262 658
f 2407 4261 2410
f 2410 4261 4267
f 658 2411 2412
f 659 657 4263
f 659 4264 657
f 61 2409 659
f 659 4263 4270
f 4270 2200 2201
f 4270 4263 2200
f 2200 2206 2199
f 4267 658 625
f 1477 3784 2410
f 4266 2410 4267
f 2237 4266 4267
f 4265 2412 2390
f 4270 4268 659
f 1539 4269 4268
f 1539 4268 2391
f 2391 4270 2196
f 4269 61 4268
f 2412 660 661
f 661 663 2413
f 2413 663 662
f 663 2414 718
f 2416 4271 2417
f 64 666 4272
f 4334 4272 2418
f 2418 4273 4269
f 4269 667 61
f 4274 665 664
f 2411 2420 4275
f 2412 2411 660
f 2411 4275 660
f 660 4276 4271
f 4271 2421 2417
f 4271 668 2421
f 4276 669 668
f 4276 670 669
f 2419 77 670
f 76 2425 4273
f 2425 2424 4273
f 4273 4278 667
f 667 4277 2409
f 667 2409 61
f 4277 2426 2409
f 2422 2431 671
f 2423 2422 4278
f 2424 2423 4278
f 4279 2427 1546
f 1546 2427 2419
f 4279 2404 672
f 656 1546 2420
f 2419 673 77
f 2427 675 674
f 4284 74 2428
f 671 4281 4280
f 2430 676 4281
f 2431 2430 671
f 2426 4280 2408
f 2432 4281 676
f 4282 6392 676
f 2429 75 676
f 4283 678 4286
f 4283 4286 1547
f 4285 649 678
f 651 4285 4283
f 672 4283 4284
f 4284 2433 74
f 4284 2434 2433
f 4284 1547 2434
f 1547 4286 2435
f 4286 677 2436
f 4288 676 4287
f 676 2440 4287
f 653 2432 4288
f 652 4288 2403
f 2403 680 679
f 680 2437 2446
f 4287 2438 2437
f 4287 2439 2438
f 4289 4290 4291
f 678 4289 677
f 4295 2445 2444
f 2402 4294 4295
f 4296 4295 683
f 4294 2446 2445
f 679 680 4294
f 2403 679 2402
f 4301 4300 4299
f 4301 4299 4297
f 4300 685 4299
f 4311 2447 4301
f 4297 4298 4293
f 4298 2449 2448
f 4299 2450 2449
f 4300 2451 685
f 4302 4304 4305
f 4304 686 4306
f 4304 4306 4305
f 683 4303 4302
f 4305 689 2399
f 686 2452 4306
f 687 2453 4304
f 688 687 4303
f 4307 4309 4308
f 4307 4308 2447
f 4310 691 4307
f 642 4310 4311
f 4311 4307 2447
f 2447 2455 72
f 4307 4317 4309
f 689 4313 1548
f 4313 4314 1548
f 690 2459 689
f 689 1548 2399
f 2399 63 643
f 1548 4319 63
f 4314 695 1548
f 695 2458 71
f 691 697 1549
f 4317 1549 4316
f 2397 697 2396
f 2396 697 691
f 638 691 4310
f 2454 4317 2461
f 2461 4317 698
f 700 2460 2464
f 1549 696 2460
f 4319 1550 4325
f 695 71 2468
f 1548 1550 4319
f 63 4319 640
f 4319 4325 639
f 4325 4318 4324
f 4318 701 2469
f 2469 2465 69
f 4318 2466 701
f 4320 703 2467
f 4320 2467 702
f 4322 4321 706
f 634 629 4323
f 2397 633 697
f 4322 706 2472
f 706 704 2473
f 4321 2470 704
f 4324 708 4326
f 4325 4324 4326
f 709 4326 710
f 2469 69 2478
f 710 2475 67
f 4326 2477 2476
f 4327 1551 4328
f 629 630 1552
f 704 4327 711
f 704 711 2481
f 711 4327 2482
f 4328 713 712
f 2479 78 713
f 1551 2479 4328
f 4329 714 2485
f 4330 709 2487
f 2487 4329 2488
f 710 67 2486
f 709 710 4329
f 631 709 4330
f 2393 4330 2487
f 2483 2499 715
f 2484 2483 2488
f 2413 662 1553
f 662 718 1553
f 2390 2413 4341
f 4341 4331 4339
f 4331 716 4338
f 4338 2489 2495
f 1553 717 716
f 662 663 718
f 4333 64 4334
f 4333 4334 2418
f 65 2492 4335
f 4335 2491 4332
f 719 4336 627
f 64 4272 4334
f 2491 2490 4333
f 4341 4339 4337
f 4337 4339 4340
f 4339 2494 4340
f 60 4337 4346
f 4337 4340 4347
f 4340 2493 2498
f 4343 4345 4344
f 4343 4344 4342
f 4342 4344 719
f 2496 4343 4342
f 722 4342 627
f 722 627 4197
f 721 720 4343
f 4346 4347 4348
f 624 4346 2480
f 2480 1554 1551
f 1554 4348 2479
f 4348 723 2479
f 4348 2497 723
f 4347 2498 2497
f 4350 2496 722
f 715 725 4350
f 715 4350 4349
f 2487 4349 2385
f 2385 722 4197
f 724 721 2496
f 725 724 4350
f 4354 4355 4353
f 2189 2190 4363
f 2188 2189 4351
f 2187 2188 4352
f 436 2187 2501
f 2503 4359 2504
f 4359 4360 2504
f 4357 4354 4361
f 4360 4357 4361
f 4353 4362 726
f 4362 2500 726
f 1555 4371 1557
f 4368 1556 4364
f 4364 1555 1557
f 2509 79 728
f 730 729 4367
f 4368 730 1556
f 450 4368 449
f 449 4364 4366
f 2195 4369 2500
f 2500 4370 726
f 727 5306 2508
f 4371 728 727
f 4372 4380 4379
f 4374 4372 4373
f 4376 2178 4372
f 732 4374 733
f 2510 1559 80
f 80 4377 2512
f 1559 4375 4377
f 4383 4381 4386
f 736 735 4389
f 737 736 4381
f 4382 737 4381
f 2186 4383 731
f 731 4385 730
f 4385 4386 730
f 4386 4387 729
f 4384 4388 4387
f 4389 735 734
f 4394 1560 1561
f 4391 4398 4392
f 4393 4391 4395
f 4392 4394 4396
f 4396 1561 4403
f 4395 4392 4396
f 4397 4395 4402
f 4395 4396 4402
f 4406 41 732
f 4390 425 1560
f 2166 424 4398
f 4399 2166 4391
f 738 4400 4401
f 4401 4393 4397
f 739 4401 4397
f 2518 4402 2519
f 4402 4403 741
f 4404 2510 2511
f 4403 4404 2511
f 4403 2511 742
f 1561 4405 4404
f 1560 4406 4405
f 4405 732 733
f 4408 4407 4409
f 1562 4411 4414
f 4417 1562 4413
f 745 4438 4422
f 4422 2521 2520
f 2522 745 4422
f 2524 2523 4416
f 2177 4408 4410
f 435 4417 2176
f 434 4415 4418
f 2175 4418 2516
f 4415 4414 4419
f 4418 4419 2515
f 4414 4412 4420
f 4421 744 743
f 4421 2520 744
f 4424 4423 4430
f 2526 4424 4427
f 4427 4424 1564
f 2527 1564 1565
f 4425 2161 2517
f 4426 4425 1563
f 746 1563 2526
f 747 4427 2527
f 2528 2529 81
f 1564 740 4429
f 4430 739 740
f 1563 2517 4423
f 4432 4433 1566
f 2534 751 4431
f 4431 4432 4437
f 4434 4431 4436
f 2532 2531 4433
f 2531 4439 4433
f 2531 750 4439
f 2533 2532 4433
f 420 4434 4435
f 40 4435 2524
f 4437 1566 745
f 4439 4438 1566
f 1569 1567 747
f 1569 747 4441
f 4441 4440 4444
f 1568 4442 1567
f 395 2153 1568
f 753 1568 1569
f 754 1569 4441
f 4443 4441 755
f 4441 4444 756
f 755 756 5194
f 748 2528 4444
f 4444 2535 756
f 1567 746 2526
f 1567 2526 747
f 4445 4451 1570
f 1570 4446 4450
f 1571 1570 4449
f 413 4447 4448
f 422 4448 752
f 4448 1571 752
f 4449 4450 2533
f 2536 82 2532
f 4454 754 2541
f 4462 4464 4458
f 4459 1574 1575
f 2543 2542 4460
f 2544 2543 4461
f 405 4461 4462
f 405 4462 2152
f 39 4459 4463
f 1575 764 759
f 4464 766 765
f 4471 4467 769
f 4465 384 1576
f 37 2133 4474
f 4474 4473 4468
f 2546 4476 770
f 2547 761 2538
f 4477 760 761
f 4479 2550 1577
f 4486 1577 4481
f 2552 83 2551
f 392 4484 4485
f 391 4480 4486
f 391 4486 2142
f 4488 2548 2542
f 775 4494 4511
f 4490 4493 4494
f 4493 2555 2554
f 4492 2556 2555
f 2559 4504 777
f 777 1580 4497
f 2130 4500 383
f 2129 4501 774
f 4501 4502 2553
f 776 2557 4502
f 4502 2557 2552
f 4503 2558 1581
f 4504 4503 1580
f 4505 4508 4509
f 4507 4509 4510
f 369 4505 4506
f 2561 4510 2562
f 4510 2563 2562
f 4512 4511 4508
f 775 4511 4512
f 1614 4518 778
f 2569 2568 4518
f 4514 4513 2122
f 4515 777 4499
f 2567 2559 4516
f 2568 2567 4517
f 4519 4526 1583
f 4521 4520 1584
f 4520 4519 1584
f 1584 1583 4525
f 4522 1584 4525
f 784 2570 4526
f 785 784 4519
f 787 4521 788
f 788 1584 4523
f 789 4523 2572
f 2572 4524 790
f 4523 4522 4524
f 4524 4525 2573
f 4525 2575 2574
f 4526 782 781
f 1583 4526 781
f 4526 783 782
f 4527 4537 4536
f 1585 4527 4529
f 4528 1585 4529
f 4529 4536 4535
f 4531 4529 4530
f 793 792 4537
f 4532 794 1585
f 4533 4531 4534
f 798 2576 2618
f 4535 2577 2576
f 4536 2578 791
f 4538 4540 1586
f 2582 2581 4540
f 799 2582 783
f 2570 799 783
f 782 4538 4539
f 4539 1586 800
f 4540 4547 2579
f 4541 803 1597
f 4543 4541 4542
f 4542 4541 2586
f 798 2618 803
f 796 797 4541
f 2582 4543 4544
f 4544 4542 2585
f 4541 1597 802
f 4545 4546 2589
f 805 4552 4548
f 806 4549 4545
f 2580 806 4545
f 4547 4545 807
f 4547 807 2588
f 2579 2588 2587
f 4548 804 101
f 4549 2591 809
f 4551 810 2592
f 2580 4551 806
f 1587 4550 805
f 4552 811 86
f 805 809 811
f 4557 4553 4554
f 814 4558 815
f 2594 804 86
f 2594 101 804
f 4558 4568 2594
f 4555 812 4558
f 4556 813 4553
f 4560 4561 4562
f 2594 4564 815
f 814 4559 4560
f 4561 4574 4563
f 815 816 4559
f 4564 4582 815
f 86 811 4564
f 1588 4572 4565
f 1589 4565 813
f 4565 4566 4567
f 4566 4571 4569
f 4567 4569 812
f 2074 2598 2073
f 813 4567 4555
f 4568 817 101
f 4571 4570 4569
f 4572 4571 4566
f 2596 2595 4571
f 2597 2596 4572
f 816 4581 4573
f 4574 1590 4578
f 4573 4576 1590
f 4581 4580 4576
f 1590 4579 4575
f 811 4630 4582
f 4559 4573 4574
f 4577 4578 331
f 4578 4575 330
f 4579 820 819
f 4576 4580 4579
f 4580 821 820
f 4581 99 4580
f 1591 4585 4583
f 1592 4584 4587
f 4583 4585 4586
f 4585 4590 4589
f 4584 4586 1593
f 4586 4589 4588
f 2601 824 1591
f 334 2601 333
f 333 1591 1592
f 332 1592 4587
f 4587 1593 2596
f 822 4604 4590
f 2599 822 4590
f 824 2600 1591
f 2600 823 4585
f 4591 4594 4595
f 1594 4600 4594
f 4592 4595 4593
f 4594 4598 1595
f 4600 4599 4598
f 1595 4598 4596
f 99 828 821
f 821 2604 1594
f 820 4591 4592
f 2089 4597 2088
f 4592 4593 4597
f 4593 4596 2087
f 2087 2605 2086
f 4596 829 2605
f 4596 2606 829
f 4598 830 2606
f 4599 831 2607
f 4599 4609 831
f 2604 2603 4600
f 4601 1607 823
f 823 4602 2599
f 2599 832 822
f 2609 1606 1596
f 340 2609 4603
f 4603 1596 824
f 33 4603 2601
f 4604 833 97
f 832 2608 4604
f 831 836 2607
f 2607 4607 830
f 830 835 4606
f 2605 4608 2097
f 829 4605 4608
f 4608 2611 2096
f 4605 834 2611
f 4609 2612 836
f 4613 4614 4612
f 4615 4613 4611
f 4611 4613 800
f 4615 837 4614
f 4616 4611 801
f 4610 4618 4617
f 4619 4622 2617
f 802 1597 2619
f 1597 4620 841
f 841 4620 4619
f 841 4619 842
f 4622 840 2617
f 1598 4616 1599
f 1599 4625 4626
f 4626 4625 2587
f 826 1598 825
f 825 4624 818
f 2589 4626 807
f 4625 4616 2584
f 837 4615 4616
f 1600 4634 4632
f 4631 4635 4628
f 4633 842 4621
f 1600 2592 810
f 1600 810 2586
f 4635 809 2591
f 1601 4636 4639
f 4637 4639 4640
f 4638 4637 4641
f 2624 4642 4643
f 4642 1601 4643
f 2624 4643 2615
f 838 4638 2614
f 2614 4644 2613
f 4644 4638 4641
f 4645 4641 2574
f 100 4645 2575
f 790 4646 2572
f 4646 2620 2572
f 4636 843 2621
f 4647 2577 791
f 4647 791 1604
f 1602 1605 1603
f 1605 4648 1603
f 2616 4650 98
f 845 2626 2625
f 4651 846 2626
f 4651 4648 4652
f 4651 4652 847
f 4653 792 2627
f 1606 849 4655
f 1607 4656 4602
f 4656 4659 832
f 2628 850 1606
f 348 2628 4657
f 32 4657 2609
f 1606 4655 4601
f 832 4658 2608
f 4659 2623 4658
f 849 4678 4656
f 4607 4660 835
f 836 1608 4660
f 4661 2630 834
f 2612 4663 836
f 4606 4661 834
f 2611 4662 2102
f 834 851 2629
f 4663 2625 1608
f 98 845 4663
f 4664 852 4665
f 854 4667 2631
f 4667 857 4668
f 4668 2632 856
f 4665 4693 4666
f 4670 4671 4672
f 1609 4673 4674
f 4675 859 4670
f 4677 4672 860
f 4701 2351 4673
f 4680 850 4681
f 4678 849 4680
f 4683 4680 4682
f 850 2628 4685
f 4684 4683 4682
f 4684 4682 854
f 854 4682 853
f 4681 4679 852
f 853 4681 852
f 4669 2340 55
f 4685 4075 2340
f 4690 4689 4686
f 4688 4687 4692
f 862 2636 860
f 4689 2639 1610
f 2639 862 1610
f 2630 4688 851
f 4692 860 861
f 4695 580 4694
f 581 4696 4694
f 4694 4696 1611
f 2349 4697 581
f 2105 864 4697
f 858 579 4693
f 857 1611 2632
f 2632 2640 103
f 4696 2641 2640
f 864 5452 2641
f 4697 2641 4696
f 4699 4698 582
f 1613 4699 4700
f 583 1613 4700
f 582 4702 30
f 4702 2643 30
f 4702 4707 2643
f 4698 2642 4702
f 2633 865 5457
f 4703 2106 4704
f 4705 4703 4704
f 4705 4704 2561
f 4703 2105 2106
f 5452 864 4703
f 5452 4703 4705
f 4705 2562 2644
f 4704 2106 2560
f 4706 2645 1615
f 4707 1616 364
f 2643 4707 364
f 1616 4708 2112
f 2112 4708 2124
f 4708 780 2124
f 1614 778 779
f 4709 1617 4711
f 4710 4709 4712
f 4717 4712 1619
f 1619 1618 4714
f 4714 4713 1620
f 4717 1619 4715
f 4715 4714 1621
f 867 2651 4716
f 868 867 4710
f 4710 4716 4709
f 2704 868 2652
f 2652 4710 4717
f 869 4717 4718
f 870 4718 2654
f 4718 1621 871
f 871 4719 6393
f 1621 1620 4719
f 4724 4741 4726
f 4729 4724 1622
f 4728 4726 4730
f 1622 4728 4732
f 4727 4729 4731
f 876 2658 4741
f 2659 876 4741
f 4725 2659 4724
f 2661 2660 4725
f 2662 2661 4734
f 4734 4725 4727
f 2663 4734 4735
f 4735 4727 4731
f 2664 4735 877
f 4730 4739 4738
f 4739 2657 873
f 4743 4742 4745
f 4744 4743 4746
f 871 6393 4752
f 4753 4752 1624
f 106 871 4753
f 4753 4744 880
f 4746 4749 881
f 883 4754 884
f 1623 4757 4756
f 4759 4758 4761
f 4763 4761 1627
f 4761 1626 1627
f 4760 4762 4764
f 2675 4758 4766
f 2676 4766 4767
f 2677 4767 875
f 874 4768 2657
f 879 4770 878
f 4771 2671 886
f 885 2669 4781
f 891 2679 892
f 4776 894 4779
f 893 4779 4791
f 4783 1630 4784
f 4787 4785 1631
f 899 898 1628
f 900 1628 1629
f 901 1629 4786
f 901 4786 2673
f 2672 4786 4784
f 2671 4784 4787
f 4782 897 1630
f 4790 1632 4792
f 894 4792 4791
f 4791 4792 4795
f 1632 1633 4794
f 4792 4794 4793
f 2679 893 4795
f 2684 2679 4795
f 4795 4793 2685
f 2684 4795 2685
f 2681 87 787
f 4804 4798 4799
f 1634 4799 4800
f 4800 4799 897
f 1635 4801 4803
f 4801 4807 4803
f 4799 4803 4802
f 2627 792 4804
f 4820 4804 4805
f 902 4820 4805
f 4805 4804 1634
f 104 902 2680
f 4807 2681 2682
f 795 87 2681
f 4801 795 4807
f 4798 4801 1635
f 4812 4811 4809
f 4808 2638 4815
f 4810 4808 4815
f 4809 4808 4810
f 4813 4809 4810
f 4811 2622 1636
f 2622 844 1636
f 2621 843 4811
f 2685 2620 4813
f 2684 4813 4814
f 4814 4813 2687
f 2687 4810 5446
f 4810 4815 2688
f 1636 2637 2638
f 4817 4816 1637
f 1638 1637 4823
f 1638 4823 4822
f 902 104 4819
f 4820 4819 4816
f 848 4820 4817
f 847 4817 4818
f 846 4818 4821
f 846 4821 863
f 863 4821 2639
f 4821 4822 2639
f 4824 904 2690
f 4824 2691 904
f 4825 4828 4830
f 4828 4829 2694
f 2556 4825 4831
f 2555 4831 4826
f 2554 4826 2692
f 4826 4827 2693
f 4827 908 4832
f 907 4832 1219
f 4829 5771 6419
f 909 4833 5773
f 1640 4835 4836
f 1641 4836 4841
f 4837 912 1639
f 4838 1639 4839
f 4841 4842 83
f 83 4842 913
f 4842 4843 914
f 4835 4844 4843
f 911 4844 4835
f 1643 1642 4846
f 4846 4845 1644
f 4855 1643 4847
f 4847 4846 1645
f 4851 4848 4857
f 4850 4849 1646
f 919 4855 2702
f 2702 4847 4856
f 2651 4857 866
f 1642 4860 4845
f 1647 4870 4864
f 4865 1647 1648
f 4864 4862 4866
f 1648 4864 4866
f 1648 4866 4868
f 4869 1648 4868
f 922 921 4870
f 4861 922 1647
f 2706 923 4871
f 2707 2706 4872
f 4872 4871 4863
f 2708 4872 4873
f 4873 4863 4867
f 2709 4873 4874
f 4874 4867 4875
f 4866 2664 4878
f 4883 4882 4885
f 4884 4883 4892
f 109 929 4888
f 2715 4881 4890
f 4891 4884 4892
f 2718 4892 931
f 4892 4885 4893
f 4892 4893 931
f 4885 4895 4894
f 4893 4894 932
f 4894 933 932
f 2711 85 933
f 4882 2712 4895
f 939 938 4903
f 4909 4910 924
f 1656 4911 4910
f 1653 936 4911
f 4912 4931 4915
f 4913 4915 4916
f 4916 6397 4919
f 4922 945 1659
f 4923 1659 1660
f 2726 6398 4925
f 6398 4924 4925
f 2726 4925 2727
f 946 4916 4919
f 4919 4921 4926
f 947 4926 2729
f 4927 2731 2730
f 4928 2732 2731
f 4930 2722 4929
f 2724 944 4931
f 4943 4935 4933
f 4935 4939 4937
f 2736 951 4942
f 4943 2736 4932
f 2737 952 4943
f 4944 953 1661
f 1661 1662 4945
f 1662 4947 4946
f 4947 945 2725
f 4939 944 4941
f 6399 2722 943
f 956 2741 6402
f 4969 4973 1669
f 4973 4977 1670
f 961 2747 4969
f 950 2748 4980
f 4980 4981 949
f 4981 4982 948
f 4977 6403 4983
f 1671 963 4991
f 963 2750 4991
f 4989 4990 4992
f 4991 4996 4992
f 763 2541 1671
f 2541 964 1671
f 762 2540 4990
f 2539 762 4989
f 2752 4989 4993
f 4993 4992 4994
f 4992 4995 4994
f 4996 2756 4995
f 4996 2749 2756
f 2749 2810 2756
f 2750 962 4996
f 1671 964 2751
f 4997 4998 5000
f 4997 5000 4999
f 4999 5000 764
f 5001 2758 966
f 2760 2759 5001
f 765 4999 764
f 2757 112 5003
f 5004 5003 1673
f 966 965 5004
f 966 5004 1672
f 5005 1674 5006
f 2810 5011 5005
f 2756 5005 2755
f 2755 5005 5006
f 2754 5006 5008
f 5007 971 5009
f 5007 2766 971
f 968 2764 5010
f 5011 968 1674
f 5012 1676 5017
f 5018 5013 1676
f 114 2768 5014
f 2758 974 5015
f 2758 5016 966
f 5016 5017 965
f 5017 112 2757
f 5017 975 112
f 5018 2771 5013
f 973 972 1675
f 1677 5019 1678
f 977 976 5020
f 5019 5020 1679
f 5021 978 1677
f 2766 5021 5022
f 5022 1677 1678
f 5022 1678 5023
f 5023 5024 979
f 1678 1679 5024
f 5024 5025 980
f 5025 2773 981
f 1679 2774 5025
f 5020 2775 2774
f 976 2776 2775
f 978 5150 977
f 5026 5031 5029
f 5026 5035 5031
f 5027 5029 5028
f 5035 988 5031
f 5029 5030 987
f 5029 987 5028
f 5357 5036 985
f 986 5032 2768
f 2768 5033 973
f 5027 5028 5033
f 5033 5034 972
f 5028 987 113
f 982 115 988
f 983 982 5035
f 5036 983 5026
f 1680 5037 5039
f 5041 5040 5042
f 1681 5039 5041
f 1681 5041 5043
f 2774 5037 2773
f 5045 2773 1680
f 992 5045 5046
f 5046 1680 1681
f 993 5046 5047
f 5047 1681 5043
f 6406 5043 117
f 5043 5042 5048
f 5043 5048 2779
f 5048 2777 2780
f 5040 2778 989
f 5049 5060 5051
f 5050 5049 5052
f 5371 5372 5049
f 2850 5371 5050
f 5358 2850 984
f 984 5053 983
f 983 5057 982
f 982 5057 115
f 5057 5055 994
f 5055 5056 995
f 5058 2781 116
f 5059 2782 2781
f 5062 5061 5063
f 5068 1682 5062
f 5063 1683 5072
f 5064 5063 1684
f 5067 5066 1682
f 2786 2785 5067
f 5070 5071 2780
f 5071 5072 2779
f 5072 5073 117
f 997 5361 5073
f 997 5073 1683
f 5075 5081 5076
f 2790 5075 5077
f 5077 5076 5079
f 5078 5077 5080
f 2790 2789 5075
f 5082 1001 5078
f 1002 5082 1003
f 1003 5078 5080
f 5080 1004 89
f 5079 5083 1004
f 5083 5374 1004
f 5076 5085 5084
f 1685 5089 5092
f 5088 1000 1688
f 2794 2793 5094
f 1686 1688 5090
f 5090 5091 1006
f 5091 2787 1007
f 2792 2786 5093
f 5094 5093 1685
f 5095 5097 960
f 2797 5103 5104
f 2798 5104 2748
f 5105 960 2747
f 5116 1690 5111
f 5138 5128 5126
f 952 6408 2736
f 1694 5146 5148
f 1694 5148 1695
f 5148 5150 1697
f 109 5153 2804
f 5153 1695 5154
f 5149 977 5150
f 1698 5158 5159
f 5157 5159 5160
f 5159 1699 5160
f 5161 5170 5163
f 2806 5167 2720
f 5166 5157 5167
f 5170 5138 2801
f 5170 115 5138
f 5030 5031 5161
f 5158 5030 5161
f 1700 5172 5173
f 5171 5173 1701
f 5172 968 5173
f 5173 969 1701
f 2807 2804 5174
f 2804 1014 5177
f 2808 5174 5175
f 2809 5175 110
f 5175 5176 1017
f 5171 1701 5176
f 969 5173 968
f 2764 1015 2767
f 5172 2764 968
f 2769 5180 5179
f 5179 5180 5181
f 5179 5181 5178
f 5178 5181 5185
f 5182 2769 5179
f 1019 5182 5183
f 1020 5183 5184
f 5183 5178 5184
f 5184 5185 2812
f 5185 5186 2806
f 5185 2806 1021
f 5186 2805 2806
f 2770 2771 5187
f 5180 2769 2770
f 5188 5194 5189
f 5188 5189 1703
f 2751 5190 1704
f 1704 1703 5192
f 4443 755 1702
f 964 5195 2751
f 963 1704 2750
f 2750 5192 962
f 962 5193 2749
f 5193 5197 5196
f 5197 1022 2813
f 1703 1023 5191
f 5194 5198 5189
f 5189 2815 1023
f 5206 2762 5201
f 5201 5199 1706
f 5204 1706 5208
f 5211 112 1019
f 2763 1673 5205
f 967 2763 5199
f 2762 967 5199
f 758 5201 5202
f 2537 5202 757
f 6409 5207 2816
f 5207 5204 2817
f 2817 5208 1025
f 5209 5210 1026
f 5215 5212 5217
f 2821 5227 1028
f 1029 2822 5214
f 5221 5220 5213
f 5223 5224 929
f 5219 5217 5225
f 5219 5225 928
f 5218 5216 5226
f 5216 5227 1027
f 5227 2820 1027
f 5232 5242 5233
f 1031 5232 5234
f 2811 2812 5237
f 5237 5236 5228
f 111 2811 5237
f 2825 5239 2820
f 5239 5240 2820
f 5253 5273 2828
f 742 5247 5248
f 2519 5249 2518
f 5249 749 2530
f 5250 2529 749
f 2827 2826 5251
f 5252 2828 2827
f 5254 5255 1713
f 2520 5256 744
f 734 5258 5259
f 5259 1714 5260
f 5260 5261 1033
f 5262 1035 1034
f 750 2531 5263
f 2521 750 5264
f 1715 5265 5266
f 5266 5268 1717
f 1716 5266 5267
f 5267 1717 5277
f 5268 5271 5269
f 1717 5269 5270
f 2828 5273 5274
f 5274 1715 1716
f 2827 5274 5275
f 2826 2827 5275
f 5275 1716 5276
f 1024 6411 5276
f 6411 5275 5276
f 5276 5267 2815
f 1024 5276 2815
f 5277 5270 2814
f 1023 5277 2814
f 1022 5272 5278
f 5269 1029 5272
f 5271 2822 1029
f 2830 27 2821
f 5279 2821 1028
f 1036 2831 5265
f 5290 5282 5280
f 6412 5285 5283
f 5284 5287 5285
f 5285 5289 5288
f 5296 111 5231
f 2818 1026 5290
f 1025 1718 5281
f 1035 6413 5292
f 5291 5283 5292
f 5292 5293 1034
f 5283 5288 5293
f 5293 5294 1033
f 5288 2833 5294
f 1032 2825 5295
f 5295 2835 2834
f 2825 27 2835
f 1031 2824 5286
f 5299 5297 1719
f 5297 2836 1040
f 5297 1040 1039
f 2831 1036 5299
f 5300 2831 1719
f 5301 5298 5299
f 1038 5300 1039
f 5304 5302 1720
f 1720 5303 5304
f 5302 1040 1720
f 2835 27 5304
f 1038 1039 5302
f 5305 2833 1037
f 5306 5303 1720
f 2836 2507 2508
f 2836 2508 5306
f 5307 770 5309
f 5314 5308 5311
f 5311 1721 1722
f 5310 5309 5312
f 1722 5310 5313
f 770 2547 5318
f 5308 769 1721
f 5315 5314 1723
f 5316 1723 1041
f 1041 5311 2837
f 2837 1722 1042
f 5313 5312 1043
f 1043 2753 2838
f 5317 2752 4993
f 5312 5317 2753
f 5318 2538 2752
f 5309 5318 5317
f 1724 1045 5319
f 5320 5319 5321
f 5322 5329 1725
f 772 5321 5323
f 5323 5322 1726
f 914 2846 5324
f 913 914 5325
f 83 913 5325
f 2551 5325 773
f 2550 5320 772
f 2549 5323 771
f 2548 5326 2761
f 5326 5327 2760
f 5327 5328 2759
f 5329 1044 5339
f 1041 2837 5330
f 5330 1042 1728
f 5332 1729 1047
f 5333 1041 1727
f 2842 5334 2843
f 5334 1727 2843
f 5331 1043 1729
f 1048 1730 5337
f 5340 1044 5338
f 5338 2840 1045
f 2844 5345 1048
f 5342 5343 2845
f 5341 1045 5343
f 5343 5324 2846
f 1730 2839 5339
f 5346 1046 1732
f 1046 5350 5347
f 1732 5347 5348
f 5847 2842 2843
f 1052 1731 5346
f 2847 5346 1053
f 1053 1732 2849
f 1732 5348 2849
f 5348 980 981
f 5347 5349 980
f 980 5349 979
f 5350 2772 5349
f 2772 5335 2765
f 1046 5332 5350
f 5332 1047 5350
f 1733 1735 1734
f 1735 5355 1049
f 1734 1049 5351
f 2850 5358 1055
f 1055 1733 1734
f 1055 1734 2851
f 2851 5353 1057
f 5353 5352 5354
f 5352 1050 5354
f 5355 5337 1049
f 5355 1048 5337
f 5356 2844 5355
f 2844 986 114
f 5357 5356 1735
f 5356 985 986
f 5358 5357 1733
f 1736 6415 5359
f 5360 1737 5364
f 997 6414 5366
f 5362 5361 1736
f 117 5361 5362
f 6406 5362 993
f 993 1738 5360
f 992 5360 5363
f 5363 5364 2849
f 5364 2853 2848
f 5365 1060 1059
f 5367 5379 5378
f 5373 5367 5368
f 5371 2850 5379
f 5372 5371 5367
f 5373 5372 5367
f 2791 2783 5373
f 1004 5374 5375
f 2854 5375 1062
f 5370 5369 5376
f 5369 5378 5377
f 5378 1055 1056
f 5382 5391 5384
f 5383 5380 5385
f 5381 5387 5380
f 105 2678 5388
f 5389 5383 5390
f 5390 5385 2864
f 5385 5384 1063
f 1063 2865 1064
f 5384 2859 2865
f 2858 2886 2865
f 5393 5392 5394
f 2868 2880 1066
f 901 1067 5393
f 900 5393 899
f 104 5395 2870
f 2870 5396 1068
f 5396 5397 2871
f 5396 2871 1068
f 2866 122 2871
f 5398 1065 2867
f 5399 1066 1065
f 5404 5400 5401
f 1064 5405 1063
f 5405 5403 2864
f 2863 5403 1071
f 2876 2872 92
f 1739 5721 1069
f 5408 5413 1740
f 5409 5408 5410
f 1065 5406 5407
f 1066 5413 5406
f 1065 5407 2867
f 2866 5411 2881
f 5411 5409 1074
f 5410 1740 5412
f 1740 2877 5412
f 1740 2878 2877
f 5413 2879 2878
f 5421 5420 5414
f 5415 5418 5417
f 2566 2692 5421
f 2565 5421 5414
f 2564 5414 5416
f 2563 5416 2885
f 5416 5417 2886
f 5417 2875 2886
f 5418 5404 2875
f 5420 2874 5419
f 2693 907 2874
f 5424 5423 5422
f 5422 5427 5426
f 122 2881 5424
f 122 5424 5425
f 5425 5422 2568
f 2567 5426 2559
f 5428 91 4838
f 1075 2882 5428
f 2881 1074 5423
f 1741 1744 5429
f 1742 5430 1743
f 1742 1745 5430
f 5429 5434 1745
f 2644 2885 2888
f 1077 1741 5429
f 1079 1743 5455
f 5455 5431 856
f 1743 5433 5432
f 5432 2890 2689
f 1745 1081 5430
f 5434 1082 1081
f 1744 2891 5434
f 5444 5443 5438
f 5438 5439 5440
f 2634 5441 5442
f 5442 5435 1084
f 5435 5437 1084
f 1085 5438 2896
f 5438 5440 2896
f 5443 2892 5439
f 2893 1083 5443
f 1746 1080 1081
f 5447 903 5448
f 903 2687 1746
f 1747 1082 5448
f 5449 2893 1748
f 905 5449 1748
f 2893 2894 1748
f 1083 2893 5449
f 4819 5450 905
f 2870 1068 5450
f 2895 102 2690
f 1749 5453 1078
f 5452 5451 1749
f 5451 2888 5453
f 5453 1077 1078
f 2641 5452 1749
f 2641 1749 5454
f 5459 1750 5458
f 5456 5460 5458
f 865 5442 5457
f 5457 1084 1750
f 1084 1085 5456
f 2642 5457 1750
f 2896 2887 5460
f 1085 2896 5456
f 1087 2898 5462
f 2899 5463 1751
f 1087 5478 5463
f 2897 3263 5066
f 1086 2897 5467
f 6353 5464 94
f 1088 1751 5464
f 5464 5465 1089
f 5465 2900 1090
f 1751 1091 2900
f 5461 1092 5462
f 5462 5476 5478
f 2785 2786 5466
f 5461 5467 5466
f 5467 5066 2785
f 5468 6416 1095
f 5469 5468 1095
f 6416 2902 5470
f 5470 1093 1752
f 1754 5475 1755
f 1092 1754 5476
f 5476 1754 1756
f 5477 1755 5481
f 5478 5477 1097
f 2786 2792 5480
f 5466 5480 1092
f 5463 5478 1091
f 1097 5481 2909
f 5481 2703 2704
f 1755 920 2703
f 1753 919 5475
f 5475 2702 920
f 1757 6416 2910
f 5482 1757 5485
f 5484 5482 5488
f 2902 6416 1757
f 1009 2901 5486
f 1008 5486 5487
f 5487 5483 923
f 90 5487 2706
f 2705 5488 922
f 5488 5485 921
f 5489 1098 95
f 5489 2910 1098
f 6416 2911 2910
f 5495 5508 5497
f 5498 5497 5500
f 5496 5495 5498
f 5499 5498 5501
f 1073 2876 5502
f 5491 5503 5490
f 123 1071 5491
f 1102 5491 5494
f 1103 5496 5499
f 1103 5499 2915
f 1104 5501 5504
f 1104 5504 2916
f 5501 5500 5505
f 5500 5507 5506
f 5507 1099 5506
f 5508 1100 2912
f 5497 2912 5507
f 1759 5510 5512
f 5512 1758 1760
f 2917 119 2903
f 2918 5510 1106
f 5510 1105 1758
f 5521 2904 2905
f 5522 2903 2904
f 5524 5523 5531
f 5531 5523 5532
f 881 882 5525
f 880 881 5526
f 106 880 5527
f 2925 5528 5529
f 2916 5530 1104
f 2915 5531 1103
f 5531 5532 1102
f 5532 2862 123
f 5533 5389 2862
f 5523 5533 5532
f 5537 2918 5544
f 5539 5544 5543
f 5545 2917 1105
f 2927 2926 5545
f 5540 2927 5535
f 2677 5557 5540
f 2676 5540 5536
f 2675 5536 5538
f 5543 2919 2880
f 5544 1106 2919
f 5545 1105 2918
f 5546 869 1763
f 5550 1763 5548
f 5547 870 5548
f 869 5547 5548
f 2704 2652 2909
f 5549 2909 5546
f 6417 1763 5550
f 5529 5550 2925
f 2654 106 2924
f 870 2654 2924
f 4718 5547 869
f 5551 876 5556
f 5554 5551 1764
f 5557 2677 2658
f 5557 2658 876
f 2927 5557 5551
f 5551 5557 876
f 876 2659 5556
f 2911 5558 5552
f 5558 5554 5552
f 2926 2927 5554
f 2661 1098 2660
f 2660 5555 5553
f 5561 5560 5565
f 5559 5566 5561
f 5562 2928 5564
f 5561 5565 5562
f 1112 2929 5566
f 1113 1112 5566
f 1114 1113 5559
f 124 1114 1115
f 1116 5561 5562
f 1116 5562 5564
f 1236 5563 3032
f 5564 1110 2931
f 5566 1111 5560
f 1765 5568 1120
f 1118 5798 5573
f 2934 1118 5573
f 1119 2935 5567
f 1242 1119 5570
f 5570 1119 5567
f 5571 5567 5569
f 2937 5571 5572
f 5571 5569 5572
f 2938 5572 2939
f 2940 1765 1120
f 1121 2932 3031
f 5573 2933 2932
f 1766 1767 2928
f 1767 5577 5574
f 2929 1124 1111
f 5560 1766 2928
f 2928 5574 1110
f 2931 2943 5707
f 5575 5576 5705
f 5576 2945 2944
f 5577 1126 1125
f 5578 2941 5577
f 2941 3209 1126
f 1123 2942 5578
f 1123 5578 1767
f 2942 1122 5578
f 1111 1123 1766
f 5587 2947 5579
f 5579 5581 1120
f 5581 5582 5583
f 3026 5587 5584
f 5584 5587 5579
f 5585 5579 1121
f 1120 5583 2940
f 5583 2949 2939
f 2939 2948 2938
f 5586 2951 1130
f 5580 1127 5586
f 2947 1128 5581
f 5592 5589 5588
f 5593 2946 5591
f 5591 5590 5595
f 1126 2954 5592
f 2954 1132 5592
f 2955 2945 5593
f 2956 5593 5594
f 1133 5591 2958
f 5595 5590 1134
f 1131 3199 1134
f 5590 1131 1134
f 2952 1131 5590
f 2953 2952 5589
f 1135 6418 1128
f 6418 5600 5597
f 5597 5600 5599
f 1136 3015 1135
f 5598 1136 1135
f 1129 1128 2947
f 1128 5596 5580
f 1127 2961 128
f 5596 2962 1139
f 5599 1141 1140
f 5599 2963 1141
f 1135 2960 5600
f 5601 5604 5602
f 5605 2958 5606
f 5603 5601 2968
f 1134 3199 1144
f 2958 5604 5601
f 2957 1133 5605
f 2965 5606 2966
f 2966 5603 1145
f 2968 5607 2969
f 5607 1142 2970
f 5602 1143 5607
f 5610 1768 5612
f 5609 5612 5608
f 1148 3006 1147
f 5610 1148 1768
f 1150 1149 5610
f 3015 1150 5610
f 1135 5610 2960
f 2960 5612 5609
f 2959 5609 2972
f 5609 5608 2973
f 5608 5611 2974
f 2974 2971 1151
f 5612 1146 5611
f 5620 5619 5615
f 5614 5618 5617
f 5618 2975 5613
f 5619 2969 5618
f 5621 1155 2979
f 5617 5616 1157
f 1157 1152 2980
f 5616 1153 1152
f 5613 1154 1153
f 1769 5623 5626
f 5624 5626 1771
f 2982 1160 5627
f 2982 5627 1161
f 1163 1162 5622
f 5625 1163 5622
f 5625 5622 1146
f 127 1771 1164
f 5626 1159 2981
f 1156 5629 5630
f 5629 5632 5630
f 5633 2980 5628
f 5617 1157 5633
f 1156 5617 5633
f 1155 5634 2984
f 2984 5634 1170
f 5634 5635 1170
f 5635 1171 2985
f 1772 5636 1171
f 5636 1172 1171
f 5637 1167 2983
f 5637 2986 1173
f 5631 1168 5637
f 5628 1169 1168
f 5639 5640 1773
f 5638 5639 1159
f 2990 2989 5641
f 1175 5641 5638
f 1160 1159 5623
f 5642 1775 1177
f 1775 1774 1178
f 1178 5643 1179
f 1174 2987 5643
f 1774 1174 5643
f 2989 5644 5639
f 2989 2988 5644
f 5648 5645 1180
f 5645 5646 1181
f 2979 2984 5647
f 2991 5648 5649
f 5649 5648 1180
f 5646 1182 1181
f 5646 1183 1182
f 1170 2985 1183
f 2984 1170 5650
f 5650 1170 5646
f 2995 1776 5651
f 2997 5651 5653
f 2998 5653 5670
f 5653 5651 2999
f 5651 1176 2999
f 2999 1176 2982
f 1776 1175 1176
f 2993 2990 1175
f 2994 2993 1776
f 2995 2994 1776
f 5654 5657 5655
f 5657 5663 5658
f 3000 2967 2976
f 3000 5654 5660
f 5663 5647 2991
f 2978 2979 5663
f 2977 2978 5657
f 2976 2977 5654
f 1777 5669 5668
f 1778 5666 1779
f 1778 5668 5666
f 1189 1779 5667
f 5668 1161 1162
f 5670 2999 5669
f 5670 5669 1777
f 3003 5670 1187
f 1780 5674 5671
f 1781 5671 5672
f 1781 5672 5673
f 3009 1781 1195
f 1191 1190 5674
f 5676 2966 2967
f 5671 2965 5672
f 1197 3011 5677
f 1198 3012 5678
f 5677 5685 5679
f 5678 5677 5680
f 130 3013 5682
f 5682 5678 5681
f 1149 5683 1148
f 5684 3005 3006
f 1196 3010 5685
f 1782 5686 5688
f 5691 5688 1190
f 1206 3021 5692
f 1207 3022 5693
f 5692 5698 5694
f 5693 5692 5695
f 5697 5693 5696
f 5698 5682 3014
f 1205 3020 5698
f 5703 5702 5699
f 5704 5703 5699
f 3028 5701 3029
f 5701 5700 1200
f 5700 5705 1199
f 5707 2943 5706
f 5702 5707 5706
f 1784 1783 1785
f 1784 1785 5710
f 1212 1211 1784
f 1213 5709 3031
f 5710 5584 5585
f 5710 3025 3026
f 1785 3024 3025
f 3030 131 3024
f 1783 3030 3024
f 5712 1208 5711
f 5711 3034 3033
f 5711 3033 1274
f 3032 5712 5841
f 5712 5711 5841
f 5841 5711 3096
f 5711 1274 3096
f 1786 1213 5714
f 3035 5714 2933
f 5714 1213 2932
f 1786 5709 1213
f 1216 1215 5713
f 5716 1787 5717
f 5718 5717 5719
f 2874 907 3038
f 5720 3038 1219
f 1069 5721 2872
f 5721 5715 5722
f 5723 5719 1223
f 5719 5724 3043
f 3043 5724 5875
f 5720 1219 5725
f 5726 5729 5728
f 5733 5729 5734
f 5730 3046 1225
f 5727 5728 2884
f 5728 5733 2882
f 5734 5778 5779
f 1788 1233 5778
f 1788 5736 5735
f 5735 3044 1224
f 5736 3045 3044
f 5739 5738 1791
f 5742 3039 1220
f 5744 5737 5739
f 1172 5744 5745
f 5745 1791 5741
f 1171 5745 5746
f 2985 5746 3054
f 5746 5747 3054
f 5748 5749 3055
f 2989 2990 5757
f 2988 2989 5758
f 1174 2988 5759
f 2987 1174 5759
f 5760 5759 5752
f 5761 5752 5754
f 1230 5761 3050
f 3049 5762 3048
f 5755 5753 5763
f 5762 5755 5763
f 5762 5763 3048
f 5764 1227 3056
f 5763 3056 3047
f 5764 1228 1227
f 909 5768 5766
f 5766 5770 1793
f 5773 88 2841
f 2694 6419 908
f 5769 3036 3037
f 5768 1232 5770
f 1232 5772 3103
f 2841 2842 5772
f 5773 5772 5768
f 1233 5774 5775
f 5778 5775 5780
f 5775 5776 5777
f 5735 1224 1233
f 2695 5779 912
f 5779 5780 911
f 1794 5784 5785
f 5786 5785 5787
f 1795 2930 5785
f 1795 1115 2930
f 3059 6420 5788
f 3060 5788 5789
f 3061 5790 5843
f 5787 1116 1117
f 5784 5791 1795
f 5793 5797 5795
f 5794 5796 5797
f 5798 1118 1796
f 1237 5800 1238
f 5793 5795 5800
f 5795 5802 5801
f 1119 1242 1241
f 1118 2934 5793
f 1183 3054 5808
f 1182 5808 5803
f 1181 5804 2992
f 2992 3065 1243
f 5804 5805 3065
f 5806 3068 3067
f 3055 3077 3068
f 5809 5811 5812
f 2996 5810 2995
f 5812 5814 2994
f 5814 1228 2993
f 5811 1227 5814
f 3069 3056 1227
f 3069 134 3056
f 3070 1246 1245
f 3070 1245 5809
f 1247 3074 5815
f 5815 5819 5818
f 3074 3073 3072
f 3074 3072 5819
f 3083 3075 3076
f 3076 1247 5815
f 3076 5815 5816
f 3077 5816 3068
f 5816 5818 5817
f 5816 5817 3068
f 5817 3071 3066
f 5819 5911 5818
f 1248 5822 5820
f 5825 3069 1244
f 3080 5822 1248
f 3081 5820 5823
f 1249 5823 1250
f 5821 5824 1251
f 5824 1245 1246
f 3078 5825 5824
f 1797 3082 1798
f 1797 1798 5827
f 1799 3084 5828
f 3075 1797 1247
f 1247 5827 3074
f 5827 5828 3073
f 3082 5900 1798
f 5829 5831 5830
f 5831 5832 5830
f 3081 5829 1248
f 1248 5830 3080
f 3079 3080 3087
f 3087 5830 1254
f 5832 1255 1254
f 1252 1281 5832
f 1257 1256 5833
f 5840 5884 5891
f 1256 5840 5891
f 1257 5833 3088
f 3088 5834 3089
f 3089 5834 1258
f 3090 5835 3083
f 5835 5836 133
f 5833 5891 5889
f 3093 5837 1262
f 1261 1262 3094
f 1259 3091 5838
f 3092 5837 3093
f 3093 1262 1260
f 1261 3094 1266
f 5897 3079 3086
f 1259 5838 5897
f 5839 1264 1263
f 1265 3061 1264
f 3088 3099 1257
f 5839 1263 5840
f 5840 3096 3107
f 1801 1800 1267
f 3100 1260 1801
f 3101 1801 3102
f 3102 1267 5844
f 1267 1800 1218
f 1800 1266 1217
f 5843 5842 5841
f 1236 3032 5842
f 3032 5841 5842
f 1235 1236 5842
f 1264 5843 3097
f 3097 5841 3096
f 3096 1274 3107
f 5844 1267 3035
f 5799 5844 5845
f 5798 5845 2933
f 5845 3035 2933
f 1268 5713 1217
f 5846 5848 1802
f 5849 1802 5850
f 5848 5847 5853
f 1802 5848 5850
f 5865 1802 1269
f 5850 5851 1265
f 5851 5790 3061
f 5851 3060 5790
f 5848 5852 5851
f 5852 3059 3060
f 1051 1052 2847
f 5854 1803 5855
f 5858 5855 5856
f 5855 1803 5857
f 3102 5861 3101
f 3101 5854 5858
f 5872 5856 1270
f 5856 1271 1270
f 1058 5857 1057
f 1057 5859 2851
f 1237 1238 5861
f 5862 5866 5865
f 5862 5865 5863
f 5863 5865 5864
f 5875 1231 5862
f 5875 5862 3106
f 3089 1258 3090
f 5863 5864 3089
f 3089 3104 3088
f 5864 1269 3104
f 5866 5846 5865
f 5867 5873 5869
f 5869 5873 1270
f 5868 5867 5871
f 3091 1259 5873
f 5870 5880 5873
f 1224 5870 5867
f 3105 5871 1271
f 5871 5869 1270
f 5872 3092 3093
f 1270 3092 5872
f 5876 5875 5874
f 5874 5879 5877
f 3042 1223 5878
f 3076 3042 5877
f 3042 5878 5877
f 5874 3090 5879
f 5882 3079 5881
f 5883 5873 5880
f 134 3078 3046
f 1225 1804 3045
f 3046 5882 1804
f 5870 1224 3044
f 1274 1273 3108
f 3108 1272 1275
f 1272 135 1277
f 1272 3110 135
f 1273 5926 3108
f 1276 3112 5930
f 3111 143 3112
f 5885 5884 3108
f 5885 3108 1275
f 5887 5886 1276
f 5888 5887 1266
f 1268 5887 5930
f 3113 3111 1276
f 5889 1805 5892
f 1805 5890 5892
f 5836 5892 3115
f 5885 1275 5890
f 5891 5884 1805
f 5884 5885 1805
f 5893 5894 5895
f 5893 5895 3094
f 3117 3116 5896
f 3119 5893 5897
f 5897 5893 1262
f 5895 5887 5888
f 5896 3116 5894
f 5900 3082 5898
f 5898 5902 5901
f 5826 5902 3082
f 3085 5900 5899
f 1279 5898 1280
f 5898 5901 1280
f 3115 3120 5901
f 1281 3124 1806
f 1254 1806 1807
f 3124 3123 1806
f 1254 5903 3087
f 1807 5904 3118
f 5904 3121 3117
f 3073 5905 3072
f 5905 1283 3126
f 5907 1279 1284
f 5906 3085 5899
f 5909 1810 5910
f 1253 5908 5909
f 1253 5909 1252
f 1252 5909 1281
f 1281 5910 3124
f 1810 3127 3123
f 3129 3127 1809
f 5911 5913 5912
f 1282 3125 5913
f 5913 5914 5912
f 5818 5911 3071
f 3071 5912 1287
f 1287 1288 3130
f 5912 5914 1288
f 5914 1289 1288
f 3125 3126 5914
f 3126 136 1289
f 1811 5917 5915
f 1811 5915 1250
f 5915 1285 1286
f 3133 3132 5916
f 1290 5916 1251
f 5916 1811 1251
f 1251 1250 5821
f 1250 5908 1249
f 5917 3129 1285
f 3131 3128 3129
f 3132 5917 1811
f 3132 3131 5917
f 5918 1243 5921
f 5918 5921 5920
f 3066 1287 5921
f 1243 3065 5921
f 2992 1243 5918
f 5919 5918 5920
f 5922 5924 5923
f 1292 142 1291
f 5922 1292 5924
f 2996 1292 5922
f 5923 1290 3070
f 5923 3133 1290
f 1209 1293 3034
f 1274 5926 1273
f 5926 5927 1272
f 5927 3139 3110
f 5925 3137 5927
f 1293 3138 5925
f 3138 3137 5925
f 143 1294 3112
f 3112 5929 5928
f 5930 5928 1216
f 1214 1295 132
f 5931 1814 1295
f 5931 1296 1814
f 1294 1296 5931
f 3112 1294 5929
f 3027 1813 3138
f 1813 3140 3138
f 3029 5933 3028
f 3140 5932 6075
f 1298 1297 5933
f 1814 5934 1211
f 5934 5936 1815
f 1210 5935 3030
f 5935 3141 1301
f 5936 1299 1303
f 5939 5941 5942
f 1203 1816 3017
f 1202 5937 1298
f 5937 5942 1297
f 3142 140 6067
f 5943 3142 5940
f 5949 1817 5945
f 1817 5948 5946
f 3141 1303 5949
f 3141 5949 5944
f 1301 5944 1207
f 3022 1818 1206
f 5948 1305 5947
f 5949 1303 5948
f 5949 5948 1817
f 5951 5955 5954
f 5675 3002 3145
f 3009 1195 5956
f 1302 5954 5943
f 5954 5955 3142
f 5955 1306 3142
f 3143 1307 1306
f 5956 3145 5952
f 5952 3144 3143
f 5957 6421 1820
f 6421 5961 5958
f 1305 5961 6421
f 5947 5957 1304
f 1305 6421 5957
f 5961 3149 5960
f 1823 1822 5962
f 5966 1823 5967
f 5662 5649 3151
f 5659 1186 5963
f 5656 1185 5964
f 5661 1184 5965
f 3144 5966 3143
f 5967 3152 1307
f 5962 3153 3152
f 5968 1312 141
f 1822 3150 5968
f 5975 5969 5970
f 5970 5978 5977
f 3149 3155 5978
f 5969 3148 5978
f 1310 5976 1311
f 5976 3154 1315
f 5972 5977 5976
f 1180 5981 5979
f 5979 5984 5983
f 5982 1180 5979
f 5982 5979 5980
f 3150 5982 5980
f 3150 5980 1312
f 1312 5983 1313
f 5984 5918 5919
f 5987 1311 5985
f 5985 5989 5988
f 1311 1315 5989
f 1309 1310 5987
f 2998 1309 5987
f 2997 5987 5985
f 2997 5985 5652
f 2996 5986 1292
f 5986 5988 1292
f 5988 1314 3157
f 5988 3157 142
f 5989 1315 1314
f 1316 1320 1319
f 136 1317 1318
f 1318 1319 3159
f 1320 5996 1319
f 1316 6030 1320
f 5990 1824 1828
f 5991 5993 1824
f 5991 5990 3128
f 3127 3128 3122
f 1824 5992 1322
f 1828 1824 1322
f 1321 5992 5993
f 5995 5996 1324
f 1319 5995 1345
f 1324 5994 1325
f 5996 1323 3162
f 3160 5996 3162
f 1327 1825 1321
f 5992 1328 1322
f 1326 5997 1825
f 3160 5998 5999
f 1329 5999 3163
f 5998 3162 6016
f 3166 3165 3164
f 6001 3161 6003
f 3163 5998 6001
f 1330 3163 6002
f 3167 1332 6066
f 6005 6007 6006
f 6007 6063 1334
f 3164 6004 6005
f 6000 6005 1331
f 1331 6005 6013
f 6006 1334 6072
f 6008 1333 6010
f 6009 6008 1336
f 3110 6009 3109
f 1336 6010 1337
f 1337 6003 3161
f 6011 1332 1333
f 6013 1335 6012
f 1338 6013 3168
f 3168 6012 3169
f 6006 1339 3170
f 1335 6006 3170
f 6013 6005 1335
f 1340 1826 6017
f 3162 1340 6014
f 3161 6016 1337
f 6017 135 3109
f 6019 1338 6020
f 6019 6020 1341
f 3171 6018 6019
f 1341 6020 143
f 1341 143 3111
f 6020 3168 3169
f 6021 1323 6022
f 6022 1323 1343
f 1340 3162 1323
f 6028 3171 6027
f 6027 6019 6026
f 6026 1341 3113
f 1328 6018 3171
f 1322 1328 6028
f 6033 6032 6029
f 1343 6030 6022
f 6030 6029 6022
f 6023 1278 137
f 1280 3120 6032
f 6032 3120 1278
f 1827 3117 1828
f 3114 3116 6026
f 6024 1828 6028
f 6024 1827 1828
f 1828 3121 3122
f 6036 6035 1829
f 3135 3130 6035
f 3156 3135 6036
f 6037 6036 1829
f 1344 6037 3159
f 3159 3158 1318
f 3158 1289 136
f 6038 1289 3158
f 6038 1288 1289
f 6039 1346 1830
f 6041 6040 6039
f 1346 1321 5993
f 1291 6041 3136
f 3132 1830 3131
f 1830 5991 3131
f 1346 5993 5991
f 141 1312 6044
f 3172 6042 3173
f 5999 3173 1325
f 1831 1344 1345
f 6044 1313 6043
f 6046 6047 6049
f 1321 6051 1327
f 1327 6045 1326
f 6048 1315 3174
f 6049 1314 1315
f 6047 1314 6049
f 6051 6050 6047
f 1346 6050 6051
f 1330 3175 6052
f 6052 3152 6053
f 1329 6052 6053
f 1329 6053 5999
f 6053 3153 3172
f 3172 5968 141
f 6053 3152 3153
f 6055 6054 1832
f 3166 1326 1347
f 6054 3166 1832
f 6065 6055 6056
f 6056 1832 3155
f 1832 1347 3174
f 6058 6060 6057
f 6002 6057 1330
f 6060 140 1306
f 6057 6059 3175
f 6059 1306 1307
f 6062 6054 6055
f 3177 6064 3147
f 6064 6061 3146
f 6061 6065 3146
f 3146 6056 3149
f 6062 6055 6065
f 6071 6067 6070
f 6075 6071 6068
f 6066 6070 3167
f 6070 140 3176
f 139 6067 6071
f 6072 6074 1348
f 1334 6073 6074
f 1339 1348 6076
f 1348 6074 1299
f 6074 5948 1303
f 6073 3177 3147
f 6011 6008 1833
f 6076 1299 1834
f 1339 6076 1834
f 1834 6012 3170
f 6081 6077 6078
f 6078 1835 1836
f 6082 6078 6079
f 1836 6080 3183
f 6080 6085 1353
f 1169 1351 6081
f 1168 6081 6082
f 1167 6082 2983
f 1352 6079 3182
f 3182 1836 1901
f 1353 6083 3184
f 3184 3185 148
f 6085 6084 6083
f 6084 1354 3185
f 6085 3178 6084
f 3178 147 1354
f 3179 1349 6085
f 1351 3180 6077
f 6077 1350 1835
f 6092 1838 6086
f 6093 6089 6088
f 3271 1355 3188
f 3188 6098 6092
f 1357 6093 3189
f 1358 1837 1179
f 1179 6094 1178
f 1837 1839 6094
f 1839 6096 6095
f 6096 1359 126
f 6089 1360 6091
f 1838 1361 3192
f 6097 3193 1838
f 3186 1368 3193
f 6098 6097 1838
f 3187 3186 6097
f 1355 3187 6098
f 6101 1841 1842
f 6102 1842 6110
f 6103 6114 6106
f 6104 6106 6107
f 2975 6116 1154
f 1152 6100 6108
f 1153 6099 6100
f 2980 6108 1169
f 6109 6102 3180
f 3180 6110 1350
f 6105 6107 1349
f 1349 6111 3178
f 6111 1365 147
f 6107 6112 6111
f 6106 6113 6112
f 6114 3194 6113
f 3195 1362 6114
f 6116 6115 1840
f 1843 1845 6120
f 6126 6119 6118
f 1845 6130 6124
f 6121 6125 6123
f 3193 6133 1361
f 1361 1843 6117
f 1360 6126 3191
f 1359 1844 1166
f 1844 6121 1165
f 1165 6123 1164
f 6123 6127 1164
f 6128 1369 127
f 6129 1370 1369
f 6131 3198 6130
f 6132 6131 1845
f 6133 6132 1843
f 6142 6136 6135
f 6141 1847 6136
f 6142 6135 6134
f 1847 6148 6139
f 6135 6138 6137
f 1144 6150 6141
f 6150 3199 1374
f 1143 6142 1142
f 1142 6134 1846
f 2970 6143 1364
f 1142 1846 6143
f 1846 1848 6144
f 1848 1849 6145
f 6138 6147 6140
f 6148 1376 6147
f 6148 1372 145
f 6149 1373 1372
f 6150 1374 1373
f 6151 6153 6154
f 6152 6154 6155
f 6156 6164 6158
f 1852 6157 6161
f 6157 6158 6162
f 3198 6166 1371
f 6160 6152 1151
f 1151 6155 2974
f 6162 6163 2972
f 2972 6163 2963
f 6163 6158 1379
f 6158 6164 3205
f 1377 3203 6165
f 1853 6167 6169
f 1854 6175 6170
f 6170 1853 1855
f 1855 6169 6172
f 1856 6170 6173
f 6173 1855 6178
f 6182 3209 3208
f 1131 2952 6175
f 6176 1854 1856
f 1373 6176 1372
f 1372 1856 6177
f 145 6177 1382
f 6178 6172 6424
f 6424 6179 3210
f 6171 6180 6179
f 6179 3206 3211
f 6180 3207 1380
f 6181 3208 1381
f 6183 6200 6185
f 6186 6185 6187
f 6184 6183 6186
f 6193 6186 6188
f 6187 6199 6189
f 6188 6187 6190
f 3205 3215 6200
f 6200 3215 1384
f 2963 1379 6192
f 1141 6184 6193
f 6193 6188 6191
f 6200 1384 3214
f 6185 3214 6199
f 1860 1859 6202
f 6202 6201 1862
f 1861 1860 6203
f 6203 6202 1863
f 1863 1862 6205
f 6211 1863 6206
f 1124 2929 6234
f 1124 6234 1388
f 6209 1124 1859
f 2942 1123 6209
f 2942 6209 1860
f 3209 2941 6210
f 6210 1122 1861
f 3208 6210 6425
f 6425 6203 6211
f 1381 6211 3207
f 3206 6212 3221
f 6212 6213 3222
f 6214 1386 3220
f 3220 3224 3223
f 1862 1387 6204
f 1859 1388 6201
f 6201 6230 1387
f 2949 6217 2948
f 2948 1868 6224
f 2938 6224 1389
f 6224 6220 1389
f 3228 6226 1391
f 6234 1869 6230
f 6230 6229 1870
f 1114 124 3233
f 6233 3233 1869
f 1112 1113 6233
f 1388 6234 6230
f 1387 1870 6232
f 1386 6235 3220
f 6235 3234 3224
f 1392 3230 6235
f 3230 3235 3234
f 1393 3231 6231
f 1391 1398 6236
f 6237 1390 1872
f 6236 6238 1872
f 144 1395 3229
f 3229 6240 1391
f 1390 3228 6236
f 2937 1389 1871
f 6239 1871 1396
f 5570 6239 1242
f 1872 1397 3237
f 3236 3267 3238
f 6240 3238 1398
f 1395 3236 6240
f 1400 6271 6241
f 3185 6251 6252
f 6256 3234 3235
f 6257 6270 6258
f 6260 6269 6261
f 3252 6260 6262
f 1355 3271 3249
f 6263 3249 6270
f 3187 1355 6263
f 3186 3187 6264
f 3251 6259 6266
f 3251 6266 3252
f 6262 6268 6267
f 1873 6271 1875
f 1874 1875 1876
f 1875 6272 1877
f 1876 1877 6275
f 6275 1878 6276
f 6273 1873 1874
f 3221 3222 6274
f 3211 3221 3254
f 1874 1876 1410
f 1410 6275 1411
f 1411 6276 1412
f 6277 3196 3197
f 6278 1365 3196
f 1400 3240 6272
f 6272 1401 1877
f 6271 1400 1875
f 6288 6281 6280
f 6280 6286 6282
f 6282 6287 1879
f 6281 6283 6286
f 6282 6284 6287
f 146 1366 6293
f 1413 6288 3257
f 3257 6280 3258
f 3258 6282 1879
f 1879 6285 6290
f 6290 3253 144
f 1367 1368 6291
f 1366 1367 6292
f 6299 6294 1880
f 6295 6296 6297
f 6296 6299 1880
f 1412 6302 6297
f 1880 1412 6297
f 3210 3211 6298
f 6294 6298 6300
f 6300 1411 1880
f 6147 6295 1375
f 1376 6301 6295
f 6301 1382 6296
f 1382 1383 6299
f 3255 3197 3200
f 1412 3255 6302
f 6302 3200 3201
f 6297 3201 1375
f 6303 6306 1413
f 6305 6303 1881
f 6303 1413 1881
f 6307 6305 1881
f 1881 6304 6307
f 1378 146 3256
f 6306 3256 1413
f 3204 1378 6306
f 1384 6308 6307
f 6308 3203 6305
f 3203 1377 6305
f 3258 6309 3257
f 6309 6310 6304
f 6311 6320 6313
f 6314 6311 6316
f 6312 6426 6315
f 6316 6313 6318
f 6319 6316 3231
f 6317 6314 6319
f 1061 6325 6320
f 6325 3263 3262
f 6321 6311 1882
f 1234 6315 5791
f 6315 1883 3057
f 3057 3233 124
f 1394 6317 3232
f 3231 6318 1392
f 3230 3260 3235
f 6323 3261 3260
f 6324 3262 3261
f 6326 1885 1884
f 1885 1397 6328
f 1886 1885 6329
f 6332 1242 1396
f 3064 6326 1240
f 1886 6329 6334
f 6335 6331 6336
f 6427 6337 3265
f 6337 6338 3266
f 6338 3238 3267
f 6327 3237 1397
f 6341 1891 6342
f 6344 6346 6347
f 6348 1086 1887
f 3262 6348 6349
f 6349 1887 1888
f 3261 6349 6350
f 6350 1888 1889
f 3260 6350 3245
f 1403 6345 3243
f 6345 6347 1402
f 1402 6351 3242
f 6351 1414 148
f 6347 6346 6352
f 6347 6352 6351
f 6351 6352 1414
f 6346 6354 6353
f 6352 6353 1415
f 6354 1088 6353
f 6343 2899 6354
f 6355 6357 6356
f 1893 6356 6358
f 1893 6358 1894
f 6357 6360 6359
f 6358 6361 1896
f 3249 6428 1407
f 6361 2906 6365
f 6360 5469 1095
f 1897 1900 6371
f 6370 6372 1899
f 1898 1901 6372
f 1901 6371 3182
f 2914 6378 1101
f 2912 6370 1099
f 1100 1898 6370
f 1099 1899 6373
f 1899 1902 6374
f 1902 6376 6375
f 148 6429 3184
f 6376 6372 3183
f 3182 1900 1352
f 1900 6377 3181
f 3051 3052 6377
f 1903 6380 6381
f 6381 1357 1904
f 6381 1904 1108
f 3270 3271 6384
f 6384 3188 1356
f 3270 6384 6385
f 3269 6385 6386
f 3268 6386 2923
f 1108 6382 2921
f 2921 6383 1107
f 6383 6388 6387
f 6388 1229 1230
f 1903 1356 6380
f 1 3302 3274 1908
f 3500 3273 3499
f 3499 3274 1907
f 1908 3274 3273 1909
f 1909 3273 3272 1910
f 1910 3272 1905 1911
f 3272 149 1906 1905
f 3277 1913 1936 152
f 3275 154 153
f 3276 155 154
f 156 3276 150 1912
f 3277 153 2046
f 156 22 155
f 3276 3275 151 150
f 3275 3277 152 151
f 1917 3278 3280 161
f 1916 3279 3278 160
f 3280 1911 2009 1914
f 1911 3280 1910
f 1915 157 3279 159
f 1910 3278 1909
f 1909 3279 1908
f 1908 157 1
f 1918 3280 1914 20
f 3282 3281 1921 163
f 3284 3282 1920 162
f 3281 3283 1922 164
f 21 1912 3284 165
f 3283 152 1936
f 3281 151 152
f 3282 150 151
f 3284 1912 150
f 165 3284 1919 166
f 173 1418 3285 1925
f 1925 3285 1417 174
f 172 1419 3286 1924
f 1924 3286 1418 173
f 1417 167 1 3288
f 1418 168 167 3285
f 1419 169 168 3286
f 170 4 169 3287
f 171 170 3287 1923
f 1923 3287 1419 172
f 174 1417 3288 1926
f 1926 3288 157 158
f 3290 3289 177 1929
f 3291 3290 1929 176
f 3292 3291 176 1928
f 3293 3292 1928 175
f 3294 1931 3 1930
f 3289 3294 1930 177
f 1933 1932 1931 3294
f 1934 1933 3289 3290
f 1935 1934 3291 3292
f 1936 1935 3293 3295
f 3295 3293 175 1927
f 3283 3295 1927 2
f 180 1937 3301 3298
f 3299 3297 3300
f 3296 3298 3301
f 178 3301 179
f 179 1937 5
f 168 3296 3297 167
f 3298 169 180
f 3296 168 3298
f 167 3297 3302 1
f 3307 3306 3305 3303
f 1907 3302 3299
f 3303 3308 3307
f 3304 181 3494
f 1933 3303 3305
f 1913 3304 1935 1936
f 3306 3498 3491
f 3307 3496 3498
f 1913 2046 181
f 3304 3308 1934 1935
f 1420 3310 3309 3312
f 1934 3308 3303
f 1421 3311 3310 1420
f 185 1938 3311 1421
f 5 3309 182
f 182 3310 183
f 183 3311 184
f 6 185 1421 186
f 186 1421 1420 187
f 187 1420 3312 188
f 188 3312 180 4
f 3312 3309 1937 180
f 3318 3317 3313 3314
f 3319 3318 3314 3320
f 3313 3315 1942 1941
f 3317 3316 3315 3313
f 3306 3319 3320 3305
f 3317 3489 189
f 3318 3487 3489
f 3319 3491 3487
f 3305 3320 1939 1932
f 3320 3314 1940 1939
f 3314 3313 1941 1940
f 193 1423 3321 1945
f 1945 3321 1422 194
f 192 1424 3322 1944
f 1944 3322 1423 193
f 3324 188 4 170
f 3321 187 188 1422
f 3322 186 187 1423
f 3323 6 186 1424
f 191 190 3323 1943
f 1943 3323 1424 192
f 194 1422 3324 1946
f 1946 3324 170 171
f 3326 3325 197 1949
f 3327 3326 1949 196
f 3328 3327 196 1948
f 3329 3328 1948 195
f 3330 1951 7 1950
f 3325 3330 1950 197
f 1941 1942 3330 3325
f 1940 1941 3326 3327
f 1939 1940 3328 3329
f 1932 1939 3331 1931
f 3331 3329 195 1947
f 1931 3331 1947 3
f 1958 3333 1425 201
f 3332 3333 3335
f 1425 3333 3332
f 3335 3333 3334
f 3338 1952 6 190
f 3336 3334 199
f 1956 198 1955 3337
f 1952 3332 3349
f 1953 3335 3336
f 1954 3336 3337
f 199 1956 3337 3336
f 201 1425 3338 1959
f 200 1957 3334
f 1959 3338 190 191
f 3343 3341 1961 202
f 3339 3340 3345
f 1963 3344 1964 8
f 3341 3342 3345
f 3341 3343 3342
f 204 3339 3344 1963
f 3345 3353 1965 3339
f 1964 3344 1965
f 3354 3353 3345 3342
f 1942 205 3346 1951
f 3342 205 3354
f 3346 3343 202 1960
f 1951 3346 1960 7
f 3365 10 3351 3352
f 204 1962 3340
f 1962 203 3340
f 1426 3349 3347
f 3347 3349 3348
f 3348 1953 3351
f 1938 3350 3478
f 1952 1426 185 6
f 3352 1954 3365
f 3352 1953 1954
f 1426 3350 1938 185
f 3355 206 3353 3354
f 3356 206 3357
f 3357 1966 9 3356
f 3354 3359 3355
f 3316 3358 3359 3315
f 3358 3316 207
f 3315 3359 205 1942
f 3363 3361 3360 3362
f 3363 211 209 3361
f 3364 210 11 209
f 10 3360 208
f 208 3360 1434
f 3362 3360 10 3365
f 209 211 3364
f 3362 1967 3363
f 212 1968 3362
f 3365 212 3362
f 213 216 3367 214
f 3368 216 213 3366
f 214 3367 215 12
f 1966 3368 3366 9
f 3368 1966 217
f 1974 220 1427 3369
f 1969 9 3366
f 213 1970 3366
f 1970 1969 3366
f 3370 3369 1427
f 221 1974 3369 3373
f 1973 219 3371 1427
f 1955 3374 212 1954
f 1427 220 1973
f 3370 3371 211 1967
f 1967 1968 3370
f 1968 3374 3369
f 3371 3372 3364 211
f 3372 1971 210 3364
f 1972 218 1971 3372
f 219 1972 3372 3371
f 198 1975 3373 1955
f 3373 1975 221
f 1978 3376 3375 224
f 3374 1955 3373
f 1977 3377 3376 223
f 3375 3376 3379
f 222 3381 3377 1977
f 1979 3378 1980 13
f 3377 3381 3380
f 224 3375 3378 1979
f 3378 214 12 1980
f 3379 213 214 3375
f 1964 9 1969 3380
f 3379 3377 1970
f 1970 3380 1969
f 8 1964 3381 1976
f 1428 3386 3385 3384
f 3384 3382 1428
f 1984 227 1428 3382
f 228 1984 3382 3383
f 1983 226 3386 1428
f 1971 3387 3398 210
f 1428 227 1983
f 3383 3382 3395 3398
f 3398 3387 3383
f 1982 225 1981 3386
f 3395 3382 3384
f 3396 3384 3385
f 3397 3385 1981
f 1985 228 3383 3387
f 3386 226 1982
f 218 1985 3387 1971
f 1988 3389 3388 231
f 230 3390 3389 1988
f 1987 3391 3390 230
f 229 3392 3391 1987
f 1989 3393 1990 14
f 231 3388 3393 1989
f 3393 3401 15 1990
f 3388 232 3401 3393
f 3389 3399 232 3388
f 3390 233 3399 3389
f 3391 3400 233 3390
f 3392 3403 3400 3391
f 1980 12 3403 3394
f 1986 3394 3392 229
f 13 1980 3394 1986
f 3399 3402 237 232
f 234 3398 3395
f 235 3395 3396
f 236 3396 3397
f 11 210 3398
f 3400 239 3402 233
f 3400 3403 239
f 232 237 1991 3401
f 3406 3407 240 3445
f 237 3402 3460
f 3460 3402 238
f 239 3403 215
f 3406 3408 3404
f 3407 3404 3405
f 1992 16 3406
f 18 242 17 241
f 15 1991 3412 3413
f 241 3405 18
f 3405 3404 243
f 1996 245 3409
f 3409 244 3410
f 3410 3413 3412
f 1994 1993 3411
f 3411 245 1996
f 1995 3411 1996
f 1999 249 3417 3414
f 250 1999 3414 3416
f 1998 248 3418 3415
f 249 1998 3415 3417
f 1981 3419 3408 3397
f 3416 3414 3404 3408
f 3408 3419 3416
f 1997 247 246 3418
f 3404 3414 3417
f 243 3415 3418
f 243 3417 3415
f 18 3418 246
f 2000 250 3416 3419
f 3418 248 1997
f 225 2000 3419 1981
f 2003 3421 3420 253
f 252 3422 3421 2003
f 2002 3423 3422 252
f 251 3424 3423 2002
f 2004 3425 2005 19
f 253 3420 3425 2004
f 3422 244 245 3421
f 1993 3420 245
f 3424 3413 244 3423
f 1990 15 3413 3426
f 2001 3426 3424 251
f 14 1990 3426 2001
f 2012 255 1430 1429
f 2011 254 3427 1430
f 1429 256 2012
f 2010 20 1914 3427
f 1430 255 2011
f 2006 246 1429
f 2007 1429 1430
f 2008 1430 3427
f 2009 3427 1914
f 2013 256 1429 246
f 3427 254 2010
f 2016 3429 3428 259
f 246 247 2013
f 2015 3430 3429 258
f 2017 3428 165 166
f 2014 2005 3430 257
f 21 3428 260
f 260 3429 261
f 261 3430 262
f 262 2005 1993
f 3431 3432 3437 3438
f 3433 1905 1906 263
f 263 3432 3433
f 268 263 1906
f 1994 1995 266 3434
f 3433 2008 2009
f 3432 2007 2008
f 3431 2006 2007
f 242 18 2006
f 3438 17 3431
f 264 3435 265
f 265 3434 266
f 156 21 3436
f 22 3436 264
f 2019 270 3439 267
f 3434 262 1994
f 3435 261 3434
f 3436 260 3435
f 3437 3439 3440
f 3438 3440 3441
f 17 3441 2018
f 3440 270 269
f 267 3439 263 268
f 3442 265 266 3444
f 3444 271 3442
f 3443 264 265 3442
f 3442 271 3443
f 3444 266 1995 2021
f 2021 2020 3444
f 272 22 264 3443
f 3446 3447 240 241
f 3443 23 272
f 3453 3451 3449 1431
f 3445 3447 3448
f 16 1992 2022
f 3448 276 275
f 2018 269 276
f 241 2018 3446
f 3450 3452 3451 3453
f 3451 3409 3410 3449
f 2026 2024 1431
f 2027 2026 3449
f 1991 2027 3412
f 3412 3449 3410
f 3452 1996 3409 3451
f 1432 3454 3457 3456
f 3452 2021 1995
f 2023 2020 2021
f 3453 2023 3450
f 2024 2023 3453
f 278 286 277 3455
f 3457 3454 3455
f 1432 3459 3454
f 236 2022 3456
f 235 3456 3457
f 234 3457 3458
f 11 3458 2028
f 3458 3455 277
f 3464 3460 238 1433
f 3455 3454 278
f 3454 279 3525
f 3459 274 279
f 2022 274 3459
f 3456 3459 1432
f 3461 1433 238
f 2025 3463 3464 2029
f 3460 3464 3462
f 280 2030 1433
f 281 280 3461
f 215 3461 239
f 3460 3462 237
f 237 3462 1991
f 3462 3463 2027
f 3463 2025 2026
f 281 3367 216 3469
f 2030 2029 3464
f 3466 3467 3465
f 1434 3465 1435
f 208 1434 282
f 209 2028 3466
f 208 2031 10
f 282 284 288
f 1435 285 284
f 3465 3467 285
f 3470 3468 217
f 217 3468 3469
f 3469 3472 281
f 287 2035 3470
f 3471 217 1966
f 217 3469 216
f 2030 280 3472 2032
f 3367 281 215
f 3475 3473 3477 283
f 3468 2033 3472
f 3470 2034 3468
f 3476 3474 3473 3475
f 3474 3476 3478
f 3477 3351 10 2031
f 3473 3348 3351 3477
f 3474 3347 3348 3473
f 2037 3475 283 288
f 3478 3485 1938
f 3478 2036 3485
f 3476 2041 2036
f 3475 2037 3476
f 3480 3479 3481 1436
f 2031 283 3477
f 3481 3479 207
f 3482 3480 1436 287
f 206 3355 3479 3480
f 289 3481 290
f 290 207 291
f 291 207 3316
f 3357 206 3480 3482
f 1966 3357 3482 3471
f 287 1436 2038 2035
f 287 3471 3482
f 292 5 182 3484
f 2038 1436 3481
f 184 3483 183
f 183 1437 182
f 2045 3484 1437 2039
f 3484 2045 293
f 2040 3483 2036 2041
f 2040 2039 1437
f 290 3488 294 289
f 2036 3483 184
f 3486 3489 3487
f 3488 189 3489
f 295 3490 296
f 3490 3487 3491
f 3488 290 189
f 2043 1438 3492 2044
f 295 3486 3490
f 179 3492 178
f 3300 1438 3299
f 178 1438 3300
f 3299 297 1907
f 1438 2042 297
f 293 179 5 292
f 293 2044 3492
f 3491 3498 296 3490
f 3493 3494 181
f 3493 3496 3494
f 3495 3498 3496
f 300 3493 3497
f 3497 181 2046
f 296 3495 298 295
f 3495 3493 299 298
f 3502 1906 3500 3501
f 3499 3501 3500
f 154 155 3506 3504
f 1906 267 268
f 3502 2019 267
f 3503 2048 3501
f 297 2048 3503
f 1907 3503 3499
f 155 22 272 3506
f 3504 153 154
f 273 3506 272
f 1439 2047 2048 3507
f 3505 2046 153
f 26 3497 3505
f 301 26 3504
f 26 3505 3504
f 301 3504 3506
f 3507 2049 1439
f 2049 3529 1439
f 2042 1441 3507 2048
f 2019 1439 3529
f 302 1440 301
f 3508 1440 2051
f 26 301 3508
f 25 304 2052
f 2052 2051 1440
f 3509 1441 2043
f 2045 3509 2044
f 2051 3510 299 300
f 2051 303 3510
f 2052 304 303
f 2052 303 2051
f 304 3516 303
f 300 3508 2051
f 2054 3512 294 295
f 295 298 2054
f 2054 3510 3516
f 305 3511 1442
f 3511 2053 1442
f 306 1442 2039
f 2041 306 2040
f 3509 2045 1442
f 3513 3512 3515
f 3516 3514 3512
f 1443 3517 307 3518
f 2054 3516 3512
f 304 2059 3514
f 3517 2037 288 307
f 2058 3519 3513 3515
f 306 2041 3517
f 306 3517 1443
f 289 3513 3519
f 289 3519 2038
f 2058 1445 2057 3520
f 3515 2055 2058
f 2035 3520 2057
f 3522 1444 285 286
f 2059 309 2058
f 3522 3521 1444
f 2060 2056 3521
f 3521 3518 1444
f 286 308 3522
f 313 309 2059 25
f 288 284 307
f 307 1444 3518
f 2035 2057 2034
f 2057 1445 2033
f 1447 3523 1445
f 3523 2032 1445
f 315 3527 276 269
f 2058 309 1445
f 310 3524 1446
f 3524 3521 1446
f 279 275 3525
f 3525 3526 1446
f 3522 1446 3521
f 308 1446 3522
f 278 3525 308
f 311 1447 312
f 309 312 1447
f 3523 1447 2029
f 3526 1448 310
f 2061 2060 310
f 314 2061 1448
f 2061 310 1448
f 314 1448 3527 315
f 2062 3528 312 313
f 275 3527 3526
f 2024 1449 2023
f 311 1449 2024
f 311 3528 1449
f 314 270 2019 3529
f 1450 1440 302 3530
f 269 270 315
f 2020 3530 271
f 2020 3531 3530
f 23 3530 302
f 1451 1452 317 316
f 2062 25 1450
f 1452 3532 318 317
f 2069 2068 1452 1451
f 2070 2069 1451 2063
f 2077 318 2065
f 2065 3532 2066
f 3532 2068 2067
f 2063 1451 316 2064
f 3536 3534 3533 319
f 3535 321 3534 3536
f 322 35 321 3535
f 320 319 3533
f 2070 322 3535 2069
f 2069 3535 3536 2068
f 3544 3539 3537 3545
f 2067 2068 3536
f 3539 3540 3538 3537
f 3540 3541 2076 3538
f 3539 3543 3542
f 3540 3542 3541
f 2074 2073 3545
f 323 3545 3537
f 325 324 2075
f 324 3537 3538
f 2075 3538 2076
f 317 318 3541 3542
f 316 317 3542 3543
f 2064 316 3543 2071
f 2072 3544 3545 2073
f 3544 2071 3543
f 3547 328 327 3546
f 3546 3550 3547
f 3547 3549 3548
f 2251 3533 3551
f 326 3551 3546
f 3894 326 3570
f 326 3546 327
f 3548 329 328 3547
f 330 34 329 3548
f 35 331 3549 321
f 3548 331 330
f 321 3549 3550 3534
f 3534 3550 3551 3533
f 2081 2080 3556 3555
f 3559 1453 3552
f 1453 3558 3554
f 1454 3555 3553
f 3553 3555 3556
f 2079 3559 335
f 2079 334 3559
f 3552 1453 336
f 336 3556 337
f 337 2080 2092
f 1455 3566 3565 3560
f 3555 3554 325
f 3554 323 324
f 3557 2074 323
f 3558 332 3557
f 3559 333 3558
f 3560 3569 3563
f 3563 3562 3567
f 3563 3564 3561
f 3563 3567 3564
f 3565 3570 3560
f 34 2089 3568 329
f 3566 1455 2083
f 1455 2084 338
f 3561 3564 2084
f 3564 339 2085
f 3583 2086 2097
f 339 3567 2086
f 3567 2088 2087
f 3562 3568 2088
f 329 3568 3562 328
f 3569 328 3562
f 3574 343 3571 3573
f 3570 327 3569
f 2090 341 3572
f 3572 1457 342
f 3573 3571 342 1457
f 340 3576 3590 32
f 3573 337 3574
f 2092 2091 3574 337
f 343 3574 2100
f 33 3575 3576 340
f 1457 336 3573
f 1456 335 3572
f 335 336 1457
f 3575 33 2079
f 1456 2079 335
f 3579 345 3577 3578
f 341 3576 1456
f 338 3578 3577
f 346 3579 3578 3585
f 2096 2102 3595 3582
f 3585 3580 346
f 2082 2083 2093
f 2083 338 3577
f 2093 3577 2094
f 3577 345 344
f 2095 3581 347
f 347 3582 3595
f 2097 2096 3582 3583
f 3581 3583 3582
f 1460 3587 3586 1459
f 2084 2085 3585
f 2085 3584 3580
f 2084 3585 3578
f 3586 349 3588
f 3586 3588 1459
f 3587 1460 350
f 2099 3589 350 1460
f 4079 349 3586
f 3589 2099 51
f 2100 2099 1460 343
f 3571 1460 1459 342
f 32 3590 2098 348
f 3588 1458 2090
f 1459 2090 342
f 1458 3590 341
f 354 3592 3591 3596
f 349 2098 1458
f 3591 3592 353
f 3591 351 344 345
f 3593 347 3594
f 354 3593 355
f 353 352 351 3591
f 3596 3591 3579 346
f 354 355 4082
f 2101 2102 31
f 3594 3595 2101
f 3596 2095 3593
f 3598 3597 3603 3602
f 359 2107 3597 3598
f 3597 2106 2105 3603
f 3602 3599 3598
f 3598 3600 359
f 360 3601 2103 361
f 2106 2107 358
f 3600 3601 2108
f 3599 3601 3600
f 3602 3603 2349 357
f 356 2103 3599
f 357 2104 3602
f 3607 363 3604 1461
f 3605 1461 3604
f 3608 3607 1461 3609
f 3606 3609 1461
f 364 2112 3607 3608
f 3610 3605 362
f 363 2112 2124
f 2113 3610 2110 2109
f 3608 30 364
f 3609 365 3608
f 2113 367 3606
f 3610 3606 3605
f 3614 3612 3611 2108
f 3616 3612 3617
f 3617 3613 3618
f 3615 3613 3612 3614
f 3616 368 358 2107
f 3617 369 368 3616
f 3618 370 369 3617
f 2114 36 370 3618
f 2116 2115 3613 3615
f 3618 2115 2114
f 1463 3620 3619 1462
f 3615 2117 2116
f 3614 2118 3615
f 2108 2119 3614
f 359 2108 3611
f 2107 3611 3616
f 3625 1463 1462 362
f 3620 3623 3622
f 3622 374 373 3621
f 1463 3624 3623
f 2120 3626 372
f 372 3621 373
f 372 3619 3621
f 2121 2132 374 3622
f 2122 2121 3622 3623
f 2123 2122 3623 3624
f 2124 2123 3624 363
f 3630 3628 3627 3637
f 3625 363 3624
f 362 3604 3625
f 371 2111 3626
f 2111 362 1462
f 3626 1462 3619
f 3632 3628 3633
f 3631 3629 3628 3630
f 3633 3629 3634
f 3635 3630 3637 3636
f 380 3631 3630 3635
f 3632 375 36 2114
f 3633 376 375 3632
f 3634 377 376 3633
f 379 378 3629 3631
f 377 3634 2125
f 2125 3634 378
f 3824 3635 3636 381
f 3631 380 379
f 3635 387 380
f 3643 3642 3638 3639
f 2117 381 3636
f 2116 3636 3637
f 2114 3627 3632
f 2115 3637 3627
f 1464 3639 3638
f 2131 2130 3643 3644
f 3639 3641 3643
f 2126 1464 382
f 382 1464 2127
f 2128 3638 3642
f 2129 3642 383
f 3642 3643 383
f 2132 2131 3644 374
f 3641 374 3644
f 3645 3646 3827 3828
f 3640 373 3641
f 3645 373 3640
f 3645 372 373
f 3828 2120 3645
f 3653 3649 3648 3647
f 2126 3646 1464
f 378 3654 2133 2125
f 3653 3652 3651
f 3654 3647 2134 2133
f 3647 3648 2135 2134
f 2135 3650 2136 384
f 3650 2137 38 2136
f 3649 385 2138 3648
f 3650 3648 2138
f 3652 3653 379 380
f 385 3651 386
f 3651 2140 2139
f 387 2140 3651
f 380 387 3652
f 379 3653 3654 378
f 382 2127 3655 1465
f 3658 1465 3655
f 3658 3655 3656
f 2127 3657 3656 3655
f 3658 3659 389 388
f 388 3661 3658
f 3660 390 2141 389
f 2544 389 2141
f 2126 1465 3820 3826
f 389 3659 3660
f 390 3660 2142
f 3660 3656 391
f 391 3657 392
f 392 2128 2129
f 3657 2127 2128
f 3663 3665 3662 3669
f 3820 1465 3661
f 3665 3664 1466 3662
f 3666 3667 3665 3663
f 1466 3664 397
f 2137 3674 2143 38
f 3664 3667 3668
f 3674 3669 393 2143
f 3669 3662 2144 393
f 3662 3670 394 2144
f 3670 3671 395 394
f 3670 3662 1466
f 1466 396 3671 3670
f 3672 2146 398 3668
f 397 3668 2145
f 2145 3668 398
f 2138 3673 3674 2137
f 3667 2148 3672
f 3672 2148 2147
f 3666 386 2148
f 386 2139 2149
f 3673 385 3666
f 3673 3663 3669 3674
f 3681 1468 3679 1467
f 403 3682 3677
f 404 3675 3678
f 3677 1467 3679
f 3679 3680 3678 3677
f 1467 3687 3681
f 1468 3685 3680 3679
f 3678 3684 3683 404
f 402 45 3682
f 45 401 3676
f 3684 2151 39 3683
f 3680 2152 2151 3684
f 3685 405 2152 3680
f 389 2544 405 3686
f 388 3686 3685 1468
f 3688 2155 406 1469
f 3686 388 389
f 1468 3681 388
f 3687 44 3661
f 400 399 3687
f 3676 400 1467
f 3688 397 407
f 3671 3689 2153 395
f 407 2145 2156
f 2156 398 408
f 3689 1469 4442 2153
f 3689 396 1469
f 1469 2154 2525 4442
f 402 2150 2158 410
f 408 3690 3700
f 398 2146 3690
f 3690 2146 2157
f 1469 396 3688
f 3691 3693 2160 412
f 412 3692 3691
f 411 2150 403
f 3692 403 3675
f 2159 411 3692
f 422 2160 3693
f 404 3683 3693 3691
f 2155 3697 3695 406
f 413 3683 39
f 3691 3675 404
f 3707 409 3694
f 410 3694 402
f 3695 3696 4425 4426
f 4426 2154 3695
f 3696 2162 2161 4425
f 415 414 3697 1470
f 2162 3696 414
f 3699 415 1470 3698
f 3724 416 3699 3700
f 2156 3698 1470 407
f 3700 47 3724
f 3701 3700 3699
f 408 3700 3701
f 3706 418 3737 3707
f 2156 3701 3698
f 2156 408 3701
f 2155 407 1470
f 1471 3705 3702
f 417 3707 3737
f 1471 419 3706 3704
f 3702 2163 419 1471
f 3702 420 2164 2163
f 3705 421 420 3702
f 412 2160 421 3705
f 411 2159 3705 1471
f 2158 411 1471 3704
f 3705 2159 412
f 3703 2158 3704
f 3710 3711 3708 3725
f 3707 410 3703
f 3707 3703 3706
f 3715 3713 3711 3710
f 3711 3714 3709 3719
f 3714 3712 3720 3709
f 3717 3718 3714 3713
f 3712 3714 3722
f 3713 3715 3717
f 3718 3716 3722 3714
f 414 3725 2165 2162
f 3708 3719 424 2166
f 2166 423 3708
f 3709 3720 425 424
f 424 3719 3709
f 3721 2167 41 425
f 425 3720 3721
f 3712 2168 426 3721
f 2167 3721 426
f 3722 427 2168 3712
f 3716 3745 427 3722
f 3723 2169 428 3718
f 3716 3718 428
f 2171 2170 3723 3724
f 2169 2170 440
f 416 3724 3717
f 3717 3724 3723
f 415 3715 3710 414
f 3699 416 3715
f 3725 414 3710
f 1473 1474 3728 3726
f 3732 3726 3728
f 3728 3729 3733 3727
f 3730 1475 3729 3728
f 3731 3735 1475 3730
f 3728 1474 3730
f 1473 418 3736
f 3736 3731 3730 1474
f 430 3738 3754 48
f 1472 3726 2172 431
f 431 3738 1472
f 432 2172 3732
f 3732 3727 2173 432
f 3727 3733 433 2173
f 3733 2175 2174 433
f 3729 2176 434 3733
f 2175 3733 434
f 2164 40 2524 3734
f 3729 1475 435
f 435 1475 2177
f 1475 3735 3734
f 2177 3734 2524
f 2163 2164 3734 3735
f 419 2163 3731 3736
f 429 3737 3738 430
f 418 3706 3736
f 3739 2180 2179 3743
f 3737 418 1473
f 1472 3738 1473
f 3743 2179 436 2178
f 3740 3745 3741
f 4376 2167 3742
f 2178 3742 3743
f 3740 2181 437 1476
f 2180 1476 437
f 3741 438 2181 3740
f 2169 3744 3741 3745
f 3744 439 448
f 440 439 3744 2169
f 3745 3740 1476 427
f 2168 3739 3742 426
f 427 1476 3739 2168
f 3748 3752 3751 3747
f 3750 3746 3748
f 3749 3746 3772 441
f 441 3755 3749
f 3746 3750 442 3772
f 2173 433 3752 3748
f 2184 3747 3751
f 2184 3750 3747
f 2185 3751 2186
f 2186 3752 443
f 3752 433 2174
f 443 2174 2516
f 3748 432 2173
f 2180 3758 3756 3765
f 3748 3753 432
f 3753 431 2172
f 3753 3754 431
f 3755 2182 3754
f 3749 3754 3753
f 2181 3760 3758 437
f 3757 3758 3759
f 2179 3765 2187 436
f 3759 3760 3761
f 3765 3756 2188 2187
f 3757 3762 2190 2189
f 2189 3756 3757
f 2190 3762 444
f 3759 445 3762 3757
f 3761 446 2191 3759
f 445 3759 2191
f 3764 3763 3761 3760
f 446 3763 2192
f 3763 447 2194
f 3768 3770 3766 3773
f 3764 448 447
f 438 3744 3764
f 441 3772 3770 3768
f 3767 3770 3771
f 2193 3777 2192 2194
f 3770 3772 442
f 3771 442 3775
f 446 2192 3773
f 3773 3766 2191 446
f 3774 449 4366 3769
f 444 3766 3767
f 2190 444 2195
f 2195 3769 4366
f 3775 450 3774 3771
f 3769 3771 3774
f 2184 2185 450 3775
f 3863 3780 1478 3860
f 3775 442 2184
f 3776 2183 3755
f 3768 3776 441
f 3773 3777 3768
f 3777 2193 3776
f 1477 451 3778
f 3778 1478 452
f 2237 451 4266
f 4266 451 1477
f 452 3780 3789
f 3780 439 440
f 448 439 3780 3863
f 47 3795 3789 2171
f 3779 3860 1478
f 3781 1479 3782
f 454 3782 3865
f 453 3792 1479
f 1479 3867 3864
f 3792 2182 3867
f 3784 3790 3785
f 3785 3788 2197
f 3790 3787 3788
f 3786 452 3787
f 454 3783 2201 1480
f 452 3789 1481
f 3789 440 2170
f 3790 3778 3786
f 3784 3778 3790
f 455 453 3791
f 3791 2200 2199
f 1480 2201 2200
f 3799 3797 458 455
f 1480 3781 454
f 2198 430 3792
f 455 3792 453
f 3793 3796 3794
f 3793 3794 3787
f 2207 2203 3796
f 457 3793 1481
f 3794 2197 3788
f 3796 2202 2197
f 3796 2197 3794
f 2199 3798 3797 3799
f 3805 3804 2212 460
f 417 2198 2204
f 2204 455 458
f 459 3798 462
f 2199 2206 2205
f 455 3791 3799
f 3800 456 1482
f 2208 456 3805
f 3800 1482 2209
f 2209 3801 2147
f 3801 2157 2146
f 1482 457 3801
f 2157 457 47
f 1482 3796 3793
f 1482 456 3796
f 460 2207 2208
f 458 3802 461
f 3802 459 461
f 409 2204 3803
f 3803 461 2210
f 409 2210 45
f 459 2211 3811
f 459 462 2211
f 3797 3798 459
f 458 3797 3802
f 463 3806 2215
f 3805 2209 463
f 3806 2147 2148
f 460 2208 3805
f 3815 2215 3814 3813
f 2213 2212 3807
f 3809 3810 3808
f 3809 3811 3810
f 3808 3810 464
f 3811 2218 3810
f 2216 3810 3812
f 45 2210 401
f 2210 3809 3808
f 401 3808 400
f 44 399 3820
f 464 3810 2216
f 2216 3812 3822
f 3822 3812 2220
f 3812 2217 2220
f 2218 2217 3812
f 461 3811 3809
f 3813 3816 3815
f 3813 3814 2219 3825
f 464 465 3826 3820
f 3824 2219 2140
f 2140 2215 2149
f 2140 2149 2139
f 3815 3807 463
f 3815 2214 3807
f 3817 1541 3816
f 464 2216 3818
f 3825 2219 3823 1483
f 3821 3819 4238
f 3819 647 466
f 2222 1483 2223 637
f 4227 3832 3831 2225
f 2223 1483 3823
f 381 3823 3824
f 3825 4242 3817
f 2221 4242 3825
f 2222 2221 1483
f 3826 465 1484
f 3827 3826 1484
f 2120 3828 3829
f 3828 1484 3829
f 3829 1484 2398
f 3830 2224 467
f 3830 4238 2224
f 465 3821 3830
f 3834 3833 468 3832
f 3832 4227 3834
f 637 2223 3834 4228
f 2119 468 2118
f 2118 3833 2117
f 3833 3834 2223
f 3848 3843 3846 1490
f 2225 4226 4227
f 1485 471 470
f 3835 470 3837
f 371 3829 1485
f 371 1485 1486
f 2111 371 3836
f 3837 4235 42
f 3837 470 4235
f 1488 1489 3841
f 1488 3839 3831
f 1489 3831 3842
f 2392 4218 3840
f 3840 1487 472
f 2227 361 49
f 3841 1489 2227
f 361 1489 360
f 360 468 2119
f 3842 3831 468
f 2226 3839 3838
f 4218 3838 1487
f 476 475 474 469
f 3848 3844 3843
f 3848 469 3844
f 3844 469 474
f 3836 1486 1490
f 2110 3836 1490
f 2110 1490 3845
f 2109 3845 2228
f 2109 2228 50
f 3845 3846 2228
f 3847 2229 473
f 474 2395 2229
f 3843 474 3847
f 3835 3848 1490 1486
f 469 42 476
f 3848 3837 469
f 4037 1491 3852 2231
f 3835 3837 3848
f 3849 1492 3850
f 1491 3851 3849
f 2392 3840 3853
f 3853 3849 3850
f 3850 3879 3876
f 1492 2245 3879
f 477 2230 1492
f 2245 2230 2233
f 2231 3852 2227 49
f 472 3852 3853 3840
f 481 2235 2234 3855
f 3855 3856 481
f 3854 3859 3856
f 2233 4044 3855
f 2229 2395 2236 3857
f 3856 2236 481
f 3856 3857 2236
f 473 2229 3857 3858
f 3858 3859 479 2232
f 2228 3858 2232 50
f 3862 2238 3863 3860
f 3779 451 3861
f 3860 3861 3862
f 3861 2239 3862
f 3863 447 448
f 4200 2389 3881 4198
f 447 2238 2194
f 3862 1493 3871
f 3862 482 1493
f 2239 482 3862
f 2237 2240 2239
f 3864 483 3782
f 483 3868 3865
f 2193 3866 3867
f 2193 3867 2183
f 3867 484 3864
f 3868 2241 2196
f 483 2241 3868
f 3869 1493 482
f 2240 482 2239
f 2238 3874 2194
f 3871 2242 3874
f 1493 2242 3871
f 4195 1494 3870
f 3872 3875 483
f 3874 3866 2194
f 3874 484 3866
f 3874 3872 484
f 3873 2389 3875
f 3881 2389 3873
f 2243 3881 3873 3872
f 3879 2244 3878
f 2245 2244 3879
f 3876 3878 3877
f 1494 4195 3877
f 3878 2243 1494
f 2244 3880 3878
f 485 3881 3880
f 2235 3880 2234
f 2234 2245 2233
f 2234 2244 2245
f 3889 3888 1495 3890
f 3884 3882 2246
f 2254 3884 3883
f 3883 2246 600
f 3882 2066 487
f 486 2065 3882
f 3886 2249 3885
f 2067 319 487
f 487 3885 2246
f 3885 2247 600
f 2249 2248 3885
f 320 2250 3886
f 319 3886 487
f 3891 1495 3888
f 2077 486 3888 3889
f 3541 2077 3889 2076
f 4133 3896 3891
f 4133 3891 2253
f 3891 3888 2253
f 2253 3887 2254
f 2076 3889 3890 2075
f 3890 1495 2252 3897
f 1497 1496 3895 3894
f 3904 3901 3900 3905
f 1497 3893 3892
f 2250 1496 2249
f 2249 1496 2248
f 1496 2255 2248
f 3892 2256 2255
f 2256 3893 2257
f 3893 3900 2257
f 3894 3905 1497
f 3893 3905 3900
f 326 3894 3895
f 2251 3895 2250
f 3899 488 1498
f 1498 3898 3897
f 1530 489 3899
f 591 3899 3896
f 3896 1498 2252
f 3897 2081 3890
f 3897 2080 2081
f 3898 2092 2080
f 2082 3903 3904 3566
f 3901 2258 3914
f 2257 3900 3902
f 4127 3916 4124
f 3902 3914 3916
f 3901 3903 2258
f 3566 3904 3905 3565
f 493 3908 2099 2100
f 3906 3907 2261
f 3908 492 3906
f 490 3906 2260
f 3907 2279 2262
f 492 491 3907
f 3908 2259 51 2099
f 352 2267 3910 351
f 2259 3908 490
f 3909 495 494
f 2264 3910 495
f 496 3909 3924
f 3924 494 497
f 3910 2267 2266
f 351 3910 2263 344
f 3915 2094 344 2263
f 2265 2264 3909
f 489 1499 3911
f 3911 3912 488
f 488 2092 3898
f 3912 2091 2092
f 3912 493 2091
f 1499 492 3912
f 491 492 1499
f 2268 491 1499
f 584 2268 489
f 2263 3913 3915
f 3915 3913 2258
f 3913 3914 2258
f 2274 2273 2272 3917
f 3915 2258 2093
f 2093 3903 2082
f 2265 496 3916
f 2264 2265 3913
f 2270 3918 3917
f 2270 3917 2272
f 2305 2270 2271
f 2272 2273 3923
f 3920 3980 2305 2271
f 2262 2274 3917
f 3918 4069 3917
f 2271 3919 3920
f 2272 3923 3919
f 2278 1500 2275 497
f 3980 3920 2276
f 3920 1500 2277
f 499 500 3922 1501
f 3921 498 2273
f 2279 3925 3921
f 2262 3921 2274
f 2273 1501 3923
f 3922 1502 2275 3923
f 3923 1501 3922
f 2284 2283 2282 3929
f 2275 1502 3924
f 3924 3926 3928
f 1528 2280 498
f 4116 498 3925
f 584 3925 2268
f 3925 2279 2268
f 2280 499 498
f 496 3928 4124
f 500 3927 585
f 585 2280 1528
f 3927 499 2280
f 1502 500 3926
f 3936 3930 3929
f 3929 3930 2284
f 3931 3935 3932
f 3932 502 2285
f 3932 3934 502
f 3933 3929 2282
f 507 52 506 3938
f 3934 2286 502
f 3934 2287 2286
f 3935 2287 3934
f 43 503 3935
f 501 3935 3931
f 2281 3931 3930
f 3937 1503 505
f 1503 3938 506
f 3937 3939 1503
f 3940 3939 3937
f 1503 509 3938
f 3947 3942 2292 2290
f 3938 508 507
f 3939 509 1503
f 511 510 3939
f 2288 511 3940
f 504 3940 3937
f 3942 3941 3944
f 2290 512 3947
f 2291 2290 2292
f 3933 3946 4045 3936
f 2282 2283 513
f 3946 2282 3945
f 3946 3943 4050 4045
f 4050 3941 3947 512
f 3949 3948 3952 3951
f 3948 3950 514 3952
f 3957 3954 1507 1506
f 3949 518 3948
f 3948 518 3950
f 2294 3950 515
f 515 3950 516
f 516 517 559
f 3950 518 517
f 508 519 3953
f 507 3953 3949
f 2293 3949 3951
f 52 507 2293
f 1505 1506 1507
f 2296 1505 2297
f 3954 3956 2298 1507
f 2297 1507 2298
f 1504 3955 522 3968
f 521 2295 1504
f 3968 521 1504
f 3955 2296 3989 522
f 3955 1504 1505
f 3955 1505 2296
f 4052 3957 3958 520
f 3956 2291 2292
f 3954 3957 2291
f 520 3958 2295 2327
f 3957 4052 2290
f 1506 3958 3957
f 559 527 3965 516
f 1504 3958 1506
f 3959 3961 3964
f 3960 3964 3963
f 523 2299 3966
f 523 3966 3959
f 3962 3960 3963
f 3963 3964 2300
f 3964 527 2327
f 516 3965 3966 515
f 515 3966 2299 2294
f 3968 3967 530 529
f 529 521 3968
f 522 3989 531 3967
f 530 2303 2302
f 529 3970 526 528
f 3967 3968 522
f 528 2301 2295
f 529 528 521
f 3969 3971 3970
f 3963 526 3971 3962
f 53 3962 3971
f 3970 529 530
f 526 2300 2301
f 2307 1508 504 542
f 3972 3976 3973
f 3976 3975 3973
f 3972 3973 3974
f 2305 533 3976
f 2270 2305 3972
f 2269 3972 503
f 503 3974 2287
f 2287 538 2286
f 3974 2306 538
f 3973 3982 2306
f 3975 2304 537
f 3975 537 3982
f 3977 1508 1509
f 3978 1509 3979
f 1509 2304 3981
f 3979 3981 533
f 3986 1509 1508 2307
f 2288 3977 3978
f 2276 3979 3980
f 3980 533 2305
f 3981 2304 533
f 536 537 2304
f 1509 534 2304
f 1510 3983 2306 3982
f 3985 3986 541 4022
f 538 3983 3984
f 3984 3983 539
f 3982 537 1510
f 3983 2308 539
f 1510 535 2308
f 535 54 2308
f 537 536 535
f 3990 2309 3992 3994
f 3986 3985 536
f 542 541 2307
f 3985 54 536
f 4022 540 3985
f 2303 3988 3990
f 3989 2314 3987
f 3987 2313 3991
f 3990 3987 2309
f 3987 3991 2309
f 2310 2311 545
f 2309 3991 2310
f 2311 3991 2312
f 543 3994 3992
f 543 532 3994
f 532 3995 3994
f 544 3993 2310
f 2294 2299 4004 546
f 3994 2302 3990
f 532 3969 3995
f 4000 2297 3997
f 3997 3998 1511
f 3996 3997 3999
f 3989 2296 4000
f 3989 4000 2314
f 4000 3996 2313
f 1511 2316 4008
f 3998 4001 2316
f 4001 2292 2316
f 2297 2298 3998
f 2318 4004 4002
f 1512 4002 4003
f 4002 523 524
f 2319 2318 1512
f 4003 524 525
f 4013 4014 4012 4016
f 2318 2317 4004
f 4005 4006 4010
f 4009 4010 2322
f 2316 2292 4007
f 4008 4007 4009
f 4009 2320 4026
f 4009 2321 2320
f 4010 2323 4018
f 4006 513 2323
f 4005 3944 4006
f 4007 3942 4005
f 4011 4016 4012
f 548 4016 2324 549
f 514 2294 546 4014
f 4015 4011 4012
f 4015 4012 2317
f 2317 4012 546
f 4021 3984 4017 1514
f 4014 3951 3952
f 4014 3952 514
f 4013 2293 3951
f 4016 547 4013
f 502 4021 1514
f 1514 4018 2323 1513
f 2284 1513 2323
f 3984 539 4020 4017
f 4018 1514 4017
f 2322 4018 4019
f 4019 4017 4020
f 52 547 4023 506
f 2286 538 4021
f 2285 502 1513
f 1515 1516 4024
f 4035 4022 1515
f 549 1515 548
f 1515 4023 548
f 548 4023 547
f 505 4024 2289 3937
f 4024 506 4023
f 2289 1516 541 542
f 4025 2320 2321 1517
f 4022 541 1516
f 1517 2321 6389 550
f 4025 2312 2315
f 4025 4026 2320
f 4025 2315 4026
f 2325 2311 1517
f 553 554 4033 552
f 2315 3999 4026
f 2312 2313 3996
f 1517 2311 4025
f 1518 4027 1519
f 1519 4027 4028
f 4015 1518 4011
f 4011 1519 2324
f 2324 1519 551
f 551 4028 552
f 552 4028 553
f 4027 544 545
f 2319 3993 544
f 1518 2319 544
f 554 4030 555
f 2325 550 553
f 554 555 4033
f 555 4029 4031
f 4031 2308 54
f 4030 539 2308
f 6389 4019 4030
f 4032 4033 4031
f 4022 4035 540
f 4035 4032 540
f 540 4031 54
f 2230 4040 2326 2233
f 4034 552 4033
f 549 551 4034
f 4035 4034 4032
f 4036 4037 520
f 4038 478 4037
f 520 2328 4052
f 4037 4039 2328
f 4037 2231 4039
f 556 2231 49
f 2230 477 4038
f 4040 4038 4036
f 2232 4042 2329 50
f 480 4041 479
f 479 4041 527
f 4047 4050 512 4046
f 2329 4042 557
f 2232 479 4042
f 4042 479 558
f 558 527 559
f 4043 2327 527
f 4041 2326 4043
f 4044 2233 4041
f 4047 1520 4045 4050
f 561 4051 556 49
f 1520 4047 4049
f 4049 2332 560
f 560 2331 2336
f 4049 561 2332
f 4047 4051 561
f 4048 4046 2328 4039
f 4051 4048 4039 556
f 1521 4055 4053 4054
f 4052 4046 512
f 2334 4057 4054
f 519 4054 4053
f 558 4055 557 4042
f 4067 564 4057
f 565 2334 519
f 519 4053 518
f 4053 517 518
f 4055 559 517
f 2329 4056 2333 50
f 1521 4056 557
f 4056 1521 4054 4057
f 4064 1523 572 1524
f 4057 562 4056
f 564 563 4057
f 4060 4063 4058
f 4063 560 4062
f 4058 4063 4059
f 3936 2330 2281
f 501 4060 1522
f 501 1522 4061
f 501 4061 43
f 4061 566 43
f 4061 4058 566
f 566 4058 567
f 4059 4062 568
f 568 4062 4070
f 4070 2335 2338
f 4062 2336 2335
f 2281 2330 4063
f 1523 4064 4065
f 4066 1523 510
f 4065 4064 565
f 566 4071 2269 43
f 1524 571 4064
f 2337 572 1523
f 2337 1523 4066
f 4066 511 2276
f 510 4065 509
f 509 565 508
f 4064 4067 2334
f 571 570 4067
f 570 569 4067
f 4071 567 2260
f 4068 568 490
f 4070 2259 490 568
f 4069 4071 2261
f 2338 51 2259 4070
f 572 4072 494 495
f 567 4059 4068
f 495 2266 572
f 2339 1524 2266 2267
f 4072 2278 497 494
f 2337 2277 2278 4072
f 56 571 1524 2339
f 2277 2337 4066
f 4072 572 2337
f 4073 4075 2098 349
f 4073 4079 4074
f 4073 4074 573
f 4074 4078 574
f 3589 4077 4078 350
f 4075 4076 2340
f 4075 4073 4076
f 573 4074 4088
f 4077 51 2338
f 3587 4078 4079 3586
f 2101 577 4081 355
f 349 4079 4073
f 576 4083 4080
f 4081 4080 4082
f 575 2341 4083
f 2342 576 4081
f 4091 2343 2347
f 1526 2343 4091
f 4081 577 2343
f 3592 354 4080 4084
f 4082 355 4081
f 352 353 4084 4085
f 4084 353 3592
f 4085 4084 4083 2341
f 2341 2339 4085
f 4088 4086 1525 573
f 4089 573 1525
f 1526 4091 2351 4112
f 4086 4088 4087
f 55 4076 4089
f 858 55 2344
f 4087 2335 2336
f 4088 574 4087
f 574 2338 2335
f 2346 4092 4090
f 4112 2342 1526
f 4112 4090 2342
f 4097 4095 4094 4096
f 2351 4091 2347
f 4092 570 2341
f 2345 569 4092
f 4093 4096 4094
f 4100 4101 356 2104
f 4096 578 4097
f 2349 4103 4099
f 2349 581 4103
f 357 4099 4100
f 4099 4094 4100
f 561 49 2103 4101
f 4100 4095 4101
f 356 4101 2103
f 2331 4102 4095 4097
f 4102 2332 561
f 4102 2331 2332
f 2344 4098 579 858
f 578 4087 2336
f 2344 1525 4098
f 4098 4093 580 579
f 4093 4103 581 2348
f 367 2113 2333 4109
f 4108 4106 563
f 4105 4107 4106
f 4112 4107 4105
f 4106 4111 1527
f 4107 4111 4106
f 564 4108 563
f 563 4104 562
f 2333 2113 50
f 4109 2333 562 4104
f 4110 366 367 4109
f 4104 4110 4109
f 58 587 4115 2352
f 1527 365 4110
f 4111 30 365
f 583 4700 4111
f 4112 2350 4107
f 2351 2350 4112
f 2346 4112 4105
f 2345 4105 4108
f 1528 4116 4113
f 4115 587 586
f 4113 4115 4114
f 3925 584 4116
f 4113 4114 2353
f 4114 586 2354
f 2356 4118 2353 588
f 6390 4124 4117 4118
f 2353 4118 4117
f 500 4117 3926
f 589 6390 4118 2355
f 1529 2352 584 1530
f 1529 590 4119
f 594 4123 6390 2360
f 4120 2359 4122
f 4119 4120 4121
f 2352 2358 58
f 2352 4121 2358
f 4122 592 4121
f 2359 4160 4122
f 590 4132 4120
f 4120 2357 2359
f 4123 4129 4126
f 4124 4126 4128
f 595 6391 4168 4156
f 3902 4128 2257
f 4128 4138 2257
f 4128 4137 4138
f 4126 595 4137
f 6391 595 4125
f 590 4133 596 4130
f 593 4125 4129
f 4141 595 4156 4155
f 2361 4131 4130
f 4131 4135 4132
f 2254 596 2253
f 4132 4134 2357
f 4134 57 2357
f 4135 4152 4134
f 4136 597 4135
f 2361 4136 4131
f 4142 2361 4130
f 4141 1531 4137
f 598 4139 4138
f 4144 598 4140 599
f 2257 4138 2256
f 4139 2255 2256
f 4139 2247 2255
f 2247 2248 2255
f 598 4145 4139
f 2366 2361 4143 2367
f 2362 4140 1531
f 4155 2362 4141
f 2365 4143 4142
f 4146 4144 599 601
f 600 4142 3883
f 2366 4154 4136
f 2363 2368 4143
f 4144 4146 4145
f 600 2247 4145 2365
f 2364 4146 601 2363
f 1533 4147 4148 1532
f 4144 4145 598
f 2370 2363 601
f 4148 2366 2367 1532
f 2368 1532 2367
f 4151 597 4154 4153
f 2366 4148 4154
f 4148 4147 605
f 4147 606 2371
f 1533 2369 606
f 604 603 1533
f 608 4150 4149
f 609 601 602
f 4149 2370 601
f 4149 603 604
f 4150 607 2369
f 4157 2362 4159 4158
f 597 4151 4152
f 4152 610 57
f 4153 605 611
f 4154 4148 4153
f 2375 4159 4155
f 4155 4156 2376 2375
f 609 602 4157 4158
f 4157 602 4140
f 2373 4158 4159 2374
f 4158 608 609
f 4158 2373 608
f 4164 592 4160 4161
f 2375 2374 4159
f 4165 4163 4160
f 612 2358 592 4162
f 2358 612 58
f 4172 4173 612 2377
f 4162 2377 612
f 593 594 1534 4166
f 2377 4179 4172
f 4164 2377 4162
f 4161 2378 4164
f 4163 2378 4161
f 613 2378 4163
f 610 613 57
f 57 4163 4165
f 594 2360 616 1534
f 4166 6391 593
f 59 615 2379
f 615 1534 616
f 4167 4166 614 4190
f 616 2360 589
f 4167 4168 6391
f 4174 587 58 612
f 4190 2376 4167
f 615 614 1534
f 4169 4172 4171
f 4174 4169 586 587
f 4169 4170 2354 586
f 4180 2380 4176 4171
f 4170 4171 4176
f 4175 588 2354 4170
f 4171 4179 4180
f 612 4173 4174
f 4174 4173 4169
f 4169 4173 4172
f 4175 1535 1536
f 2356 1536 2355
f 4170 4176 4175
f 2371 606 4178 4183
f 588 4175 2356
f 1536 616 2355
f 2379 616 1536
f 617 59 2379
f 4176 617 1535
f 4177 4178 2381
f 4178 606 607
f 620 4183 4178
f 620 4177 619 4182
f 1537 4185 613 4184
f 2382 4182 619
f 4179 2382 618
f 2383 621 4181
f 2383 4181 619
f 4188 4186 2381
f 2372 2381 607
f 4186 619 4177
f 621 2380 618
f 4182 4185 1537
f 623 4191 3877 4195
f 2382 2377 4182
f 611 4183 4184
f 613 4185 2378
f 4151 4184 613
f 4189 2383 1538
f 2376 4187 2375
f 4187 1538 2374
f 2376 4190 4187
f 4186 4188 1538
f 615 59 4189
f 614 4189 4190
f 621 2383 4189
f 481 2236 4213 4214
f 3877 4191 3876
f 622 4210 4206
f 624 2480 4210
f 622 624 4210
f 623 622 4191
f 4193 2386 4194
f 4192 4194 4212
f 4212 4194 4214
f 4214 485 2235
f 485 2386 3881
f 2385 4193 4192
f 4195 2387 4196
f 2387 2384 4196
f 3870 2388 4195
f 4197 4198 2386
f 4201 4199 4198
f 4200 4199 4204
f 2237 4202 2240
f 2240 4202 2388
f 2388 4203 2387
f 4202 625 4203
f 4204 626 1539
f 627 626 4201
f 4201 4204 4199
f 2389 4204 2241
f 1539 2391 2241
f 626 4269 1539
f 4207 4208 4209
f 4209 4208 630
f 3876 4206 3850
f 2392 4205 4207
f 4207 4209 628
f 4209 630 629
f 4208 4210 630
f 4211 2393 4212
f 4213 4212 4214
f 2394 631 4211
f 2394 4211 4213
f 4232 2225 2226 632
f 4214 2235 481
f 628 634 4217
f 4217 633 4215
f 2392 4207 4216
f 4218 4215 2226
f 4218 4217 4215
f 2397 632 4215 633
f 4225 4221 4220 635
f 628 629 634
f 4219 4221 1540
f 1540 4223 4222 4219
f 636 4219 4222
f 631 2394 4225 635
f 4223 1540 476
f 1540 475 476
f 4221 4224 475
f 474 4224 2395
f 4224 2394 2395
f 4229 4227 4226 4230
f 4231 4232 632 2397
f 4227 4229 4228
f 4228 638 637
f 4230 2396 4229
f 4231 2396 4230
f 2397 2396 4231
f 4232 4231 4226
f 4235 470 4233 4234
f 4233 470 471
f 42 4235 4234 4236
f 4223 42 4236 4222
f 640 471 2398
f 4222 4236 639 636
f 467 2224 643 4239
f 639 4236 4234
f 639 4234 4233
f 2222 4237 2221
f 2221 642 4242
f 638 4310 4237
f 637 4237 2222
f 2224 4238 644 643
f 4239 2398 467
f 4240 645 1541 4241
f 63 640 4239
f 4241 1541 4242 641
f 3816 645 2214
f 4241 62 4240
f 4311 62 4241
f 4238 466 4244 644
f 646 4243 647
f 4243 466 647
f 1542 4285 648 4245
f 2400 2399 4244
f 2400 4244 646
f 2213 645 4245
f 4245 645 1542
f 2403 4247 4254 652
f 1542 4292 649
f 645 4240 1542
f 4246 646 647
f 2403 2402 4247
f 4254 4247 4246
f 647 2220 2217
f 4247 2401 646
f 1543 648 4248
f 1544 4249 651
f 460 2213 1543
f 2207 460 1543
f 2207 1543 2203
f 1543 4248 2203
f 4248 1544 650
f 650 1544 2404
f 4249 4285 651
f 648 4285 4249
f 2213 4245 648
f 4250 653 4251
f 4251 652 4254
f 4253 4251 4252
f 4251 4254 4252
f 654 653 4250
f 4253 4252 2406
f 462 4252 2211
f 4252 4254 4246
f 4256 4257 4255 4258
f 4261 2407 2202 4257
f 2203 4255 2202
f 656 4256 4258 4279
f 4257 655 4261
f 4257 4262 655
f 656 2411 4262
f 2404 4279 4258 650
f 2405 4259 4260 1545
f 4248 4258 4255
f 2205 2206 4263 4259
f 2409 2408 4264
f 4264 4259 657
f 657 4259 4263
f 2410 3784 3785 2407
f 2405 2406 2205
f 2406 462 2205
f 2432 654 1545
f 2408 1545 4260
f 2197 2407 3785
f 2415 2414 663 4271
f 4261 658 4267
f 4262 2411 658
f 4263 2206 2200
f 2409 4264 659
f 658 4265 625
f 4265 2390 625
f 1477 2410 4266
f 4267 625 4202
f 658 2412 4265
f 4268 4270 2391
f 2196 4270 3783
f 3783 4270 2201
f 61 659 4268
f 660 663 661
f 660 4271 663
f 2412 661 2390
f 76 4273 4274 664
f 4271 2416 2415
f 4273 667 4269
f 4272 4274 4273
f 4272 4273 2418
f 665 4274 4272 666
f 4276 4275 2420 2419
f 4275 4276 660
f 4276 668 4271
f 2419 670 4276
f 2426 4277 4278 671
f 4278 4277 667
f 2442 2441 677 4291
f 2422 671 4278
f 2424 4278 4273
f 1546 2419 2420
f 2427 673 2419
f 4279 1546 656
f 656 2420 2411
f 2427 674 673
f 4284 675 2427
f 4284 2428 675
f 4279 672 2427
f 671 4280 2426
f 2430 4281 671
f 2426 2408 2409
f 4280 2432 2408
f 4280 4281 2432
f 2429 676 6392
f 4282 676 2430
f 4283 1547 4284
f 4285 678 4283
f 651 4283 672
f 2404 651 672
f 672 4284 2427
f 1547 2435 2434
f 4286 2436 2435
f 678 677 4286
f 4288 4287 680
f 75 2440 676
f 2440 2439 4287
f 2432 676 4288
f 653 4288 652
f 4288 680 2403
f 4287 2437 680
f 4290 4293 4291
f 4289 4291 677
f 4290 4292 62 4297
f 4291 681 2442
f 4290 4289 649 4292
f 681 4291 4293 682
f 649 4289 678
f 677 2441 2436
f 2400 2401 4296 4302
f 73 682 4293
f 4297 4293 4290
f 4294 2445 4295
f 2402 4295 4296
f 680 2446 4294
f 679 4294 2402
f 2402 4296 2401
f 683 4295 2444 2443
f 683 4302 4296
f 2443 684 683
f 2451 4300 2447 72
f 4299 4298 4297
f 4311 4301 62
f 4301 4297 62
f 4298 73 4293
f 4298 2448 73
f 4299 2449 4298
f 685 2450 4299
f 689 4306 2452 690
f 2447 4300 4301
f 4303 4304 4302
f 688 4303 684
f 684 4303 683
f 4302 4305 2400
f 4305 2399 2400
f 4306 689 4305
f 2455 2447 4308 692
f 2453 686 4304
f 687 4304 4303
f 4309 692 4308
f 4310 4307 4311
f 4313 689 2459 4312
f 4309 2456 692
f 2457 2456 4309
f 2454 693 2457
f 2454 70 693
f 4317 2454 4309
f 2454 2457 4309
f 4312 4314 4313
f 2462 698 4317 4316
f 1548 63 2399
f 4315 695 4314
f 2458 695 4315
f 694 4315 4314
f 694 4314 4312
f 691 1549 4317
f 2396 691 638
f 691 4317 4307
f 2454 2461 70
f 2463 699 4316 1549
f 4316 699 2462
f 2466 4318 4320 702
f 1549 700 2463
f 2460 68 2464
f 1549 2460 700
f 697 696 1549
f 1550 4320 4318
f 1550 4318 4325
f 2468 703 4320
f 695 2468 4320
f 695 4320 1550
f 695 1550 1548
f 4319 639 640
f 4325 636 639
f 4318 2469 4324
f 701 2465 2469
f 4321 696 697 4323
f 2471 68 2460 4322
f 696 4321 4322
f 4321 704 706
f 629 2470 4323
f 634 4323 633
f 633 4323 697
f 696 4322 2460
f 709 4220 636 4325
f 4322 705 2471
f 4322 2472 705
f 704 2474 2473
f 704 66 2474
f 4323 2470 4321
f 4325 4326 709
f 4326 707 710
f 2469 2478 708
f 2469 708 4324
f 4336 719 4344 4332
f 4220 709 635
f 635 709 631
f 707 2475 710
f 4326 2476 707
f 708 2477 4326
f 1552 1551 4327
f 1552 4327 2470
f 630 1551 1552
f 2480 1551 630
f 629 1552 2470
f 2470 4327 704
f 704 2481 66
f 4327 712 2482
f 4328 712 4327
f 2479 713 4328
f 709 4329 2487
f 2485 2488 4329
f 710 2486 714
f 710 714 4329
f 631 4330 2393
f 2487 2385 2393
f 2483 715 2488
f 2484 2488 2485
f 2413 4331 4341
f 2413 1553 4331
f 1553 716 4331
f 661 2413 2390
f 2390 4341 60
f 4331 4338 4339
f 716 2489 4338
f 718 717 1553
f 2491 4333 4332
f 4332 2418 4336
f 4333 2418 4332
f 2492 2491 4335
f 4335 4332 4344
f 4353 4355 4351 4363
f 4336 626 627
f 626 4336 4269
f 2418 4269 4336
f 2490 64 4333
f 4338 2494 4339
f 4341 4337 60
f 4337 4347 4346
f 4340 2498 4347
f 2494 2493 4340
f 4338 2495 2494
f 4345 4335 4344
f 721 4343 2496
f 2496 4342 722
f 4342 719 627
f 65 4335 4345
f 720 4345 4343
f 4346 4348 1554
f 60 4346 624
f 4346 1554 2480
f 1554 2479 1551
f 723 78 2479
f 4347 2497 4348
f 4350 722 4349
f 2499 725 715
f 715 4349 2488
f 2488 4349 2487
f 4349 722 2385
f 724 2496 4350
f 4354 4356 4352 4351
f 4351 4355 4354
f 4356 4358 2501 4352
f 4356 4354 4357
f 4356 4357 4360
f 2190 2500 4363
f 2189 4363 4351
f 2188 4351 4352
f 2187 4352 2501
f 4360 4359 4358 4356
f 2505 2504 4360 4361
f 4358 4359 2502
f 2502 4359 2503
f 2506 4361 4354 4353
f 2507 2506 4353 726
f 4361 2506 2505
f 4365 4366 4364 1557
f 4363 2500 4362
f 4363 4362 4353
f 1556 1555 4364
f 1558 4369 4366 4365
f 4371 1555 4367 2509
f 729 2509 4367
f 1555 1556 730 4367
f 2509 728 4371
f 4368 450 2185 731
f 731 730 4368
f 4370 2500 4369 1558
f 4368 4364 449
f 4366 4369 2195
f 2195 2500 2190
f 2507 726 4370 2508
f 1558 2508 4370
f 2508 1558 4365 727
f 1557 727 4365
f 4375 1559 4373 4379
f 4371 727 1557
f 4372 4379 4373
f 4380 4372 2178 436
f 436 2501 4380
f 4374 732 41 4376
f 4376 4372 4374
f 1559 2510 733 4373
f 4374 4373 733
f 2503 2513 4378 2502
f 2510 80 2511
f 1559 4377 80
f 2513 4377 4375 4378
f 2502 4378 4379 4358
f 4377 2513 2512
f 4358 4379 4380 2501
f 4379 4378 4375
f 4382 443 2516 2515
f 4381 4384 4386
f 4381 4389 4384
f 4382 4381 4383
f 4383 4386 4385
f 4383 4385 731
f 736 4389 4381
f 2515 737 4382
f 4383 2186 443 4382
f 2514 4387 4388 734
f 2186 731 2185
f 4384 4387 4386
f 4386 729 730
f 79 2509 4387 2514
f 4387 2509 729
f 4394 4392 4398 4390
f 4389 4388 4384
f 4389 734 4388
f 4390 1560 4394
f 4399 4400 2165 423
f 4399 4391 4393
f 4391 4392 4395
f 4394 1561 4396
f 4396 4403 4402
f 4393 4395 4397
f 425 41 4406
f 425 4406 1560
f 424 425 4390
f 424 4390 4398
f 423 2166 4399
f 2166 4398 4391
f 4400 2517 2161 2165
f 4393 4401 4400 4399
f 2517 4400 738
f 2518 4429 740 4397
f 738 4401 739
f 739 4397 740
f 2510 4404 4405 733
f 4429 2518 2530
f 4397 4402 2518
f 4402 741 2519
f 4403 742 741
f 2511 80 742
f 4421 4411 4407 4422
f 1561 4404 4403
f 4406 732 4405
f 1560 4405 1561
f 1562 4417 4410 4409
f 4407 4411 4409
f 4409 4411 1562
f 4408 4409 4410
f 4412 4414 4411 4421
f 4407 4408 4416 2522
f 1562 4414 4413
f 4413 4414 4415
f 4438 2521 4422
f 2522 4422 4407
f 2523 2522 4416
f 4408 2177 2524 4416
f 4417 435 2177 4410
f 4415 434 2176 4413
f 4417 4413 2176
f 736 737 4419 4420
f 434 4418 2175
f 4418 2515 2516
f 4415 4419 4418
f 4419 737 2515
f 4414 4420 4419
f 735 4420 4412 743
f 1563 746 2525 4426
f 4420 735 736
f 4421 743 4412
f 4422 2520 4421
f 1563 4423 4424
f 1563 4424 2526
f 4424 4430 1564
f 4427 1564 2527
f 4425 2517 1563
f 2528 748 1565 4428
f 2526 4427 747
f 2527 1565 748
f 2529 2528 4428 749
f 4428 1565 1564 4429
f 749 4428 4429 2530
f 739 4430 4423 738
f 4430 740 1564
f 2517 738 4423
f 4432 4431 751 2533
f 2533 4433 4432
f 4431 4434 752 2534
f 4434 421 422 752
f 4432 1566 4437
f 4431 4437 4436
f 82 2531 2532
f 2523 2524 4435 4436
f 421 4434 420
f 4434 4436 4435
f 420 4435 40
f 2522 2523 4436 4437
f 4438 4439 750 2521
f 4437 745 2522
f 1566 4438 745
f 746 1567 4442 2525
f 4439 1566 4433
f 1568 1567 1569
f 747 4440 4441
f 4443 2541 754 4441
f 2153 4442 1568
f 395 1568 753
f 753 1569 754
f 2535 4444 2528 81
f 4441 756 755
f 748 4444 4440 2527
f 747 2527 4440
f 1571 4448 4447 4445
f 4451 4446 1570
f 4445 1570 1571
f 4446 2537 4450
f 1570 4450 4449
f 39 4447 413
f 2534 752 1571 4449
f 413 4448 3693
f 3693 4448 422
f 758 4446 4451 759
f 4449 751 2534
f 4450 2532 2533
f 4449 2533 751
f 757 2536 4450
f 4450 2536 2532
f 2537 757 4450
f 754 4454 4452 753
f 4446 758 2537
f 4455 1573 1572 4453
f 4454 4455 4453 4452
f 753 4452 394 395
f 4453 1572 393 2144
f 4452 4453 2144 394
f 4456 760 38 2143
f 1572 4456 2143 393
f 4457 761 760 4456
f 1573 4457 4456 1572
f 762 2539 4457 1573
f 2539 2538 761 4457
f 763 2540 4455 4454
f 2540 762 1573 4455
f 5002 4460 2542 2761
f 4454 2541 763
f 4464 1574 4458
f 4458 1574 4459
f 4459 1575 4463
f 766 4464 4460 5002
f 4464 4462 4461 4460
f 2543 4460 4461
f 4459 2151 2152 4458
f 2544 4461 405
f 4462 4458 2152
f 4445 4447 39 4463
f 2151 4459 39
f 4451 4445 4463 1575
f 764 1575 1574 765
f 1575 759 4451
f 4469 4467 4472 4465
f 4464 765 1574
f 4465 1576 4469
f 4467 4470 4466 4472
f 4470 4468 4473 4466
f 2546 769 4467 4469
f 4476 2546 4469 1576
f 4471 768 4468 4470
f 4470 4467 4471
f 4477 1576 384 2136
f 760 4477 2136 38
f 4465 4472 2134 2135
f 2135 384 4465
f 4466 4473 2133 2134
f 2134 4472 4466
f 768 4475 4474 4468
f 2133 4473 4474
f 37 4474 767
f 4475 2545 767 4474
f 2547 4476 1576 4477
f 4476 2547 770
f 2550 4479 4478 773
f 4477 761 2547
f 4479 4480 4485 4478
f 1577 4486 4480 4479
f 2551 4483 2553 2552
f 4481 1578 4482
f 773 4478 4483 2551
f 4483 4484 774 2553
f 4478 4485 4484 4483
f 4484 392 2129 774
f 4480 391 392 4485
f 4482 390 2142 4481
f 4486 4481 2142
f 4487 2141 390 4482
f 2543 2544 2141 4487
f 4488 4487 4482 1578
f 2542 2543 4487 4488
f 2548 4488 1578 771
f 2549 4481 1577 772
f 2548 2761 2542
f 771 1578 4481 2549
f 4492 4489 1579 4491
f 2550 772 1577
f 4493 4490 4489 4492
f 767 4496 377 37
f 377 4496 1579
f 4489 376 377 1579
f 4490 375 376 4489
f 775 36 375 4490
f 2566 4511 4494 2554
f 4490 4494 775
f 4493 2554 4494
f 2545 4495 4496 767
f 4492 2555 4493
f 4491 2556 4492
f 4495 2556 4491
f 4491 1579 4496 4495
f 4498 4497 1580 1581
f 4500 4498 1581 4502
f 2131 2132 4499 4497
f 4504 1580 777
f 777 4497 4499
f 2130 2131 4497 4498
f 4501 2129 383 4500
f 4498 4500 2130
f 4502 1581 2558 776
f 4501 2553 774
f 4502 4501 4500
f 4502 2552 2553
f 2557 83 2552
f 4512 370 36 775
f 4503 1581 1580
f 4505 4507 4506
f 4512 4508 4505
f 4505 4509 4507
f 4505 369 370 4512
f 2560 358 368 4506
f 369 4506 368
f 2561 2560 4506 4507
f 2563 4510 4509 2564
f 4507 4510 2561
f 2562 2563 2644
f 2564 4509 4508 2565
f 2565 4508 4511 2566
f 4513 1582 4518 4517
f 4515 4513 4517 4516
f 1582 4513 4514
f 1582 779 778 4518
f 1614 2569 4518
f 4514 780 779 1582
f 2123 2124 780 4514
f 2121 2122 4513 4515
f 4514 2122 2123
f 2132 2121 4515 4499
f 4520 4521 786 785
f 4516 777 4515
f 2559 777 4516
f 2567 4516 4517
f 2568 4517 4518
f 4519 1583 1584
f 1583 2575 4525
f 1584 4522 4523
f 2570 783 4526
f 784 4526 4519
f 4521 787 87 786
f 785 4519 4520
f 4531 4533 4528 4529
f 4521 1584 788
f 788 4523 2571
f 2571 4523 789
f 4523 4524 2572
f 4522 4525 4524
f 4524 2573 790
f 4525 2574 2573
f 781 100 2575
f 1583 781 2575
f 4527 4536 4529
f 4532 1585 4528
f 4529 4535 4530
f 4527 1585 794 793
f 4532 786 87 795
f 793 4537 4527
f 795 794 4532
f 4528 785 786 4532
f 4533 784 785 4528
f 4534 2570 784 4533
f 797 4534 4531 4530
f 798 797 4530 4535
f 4534 797 796
f 2577 4535 4536 791
f 4535 2576 798
f 2578 4536 4537 792
f 4547 4540 2581 2580
f 783 4540 4538
f 4538 1586 4539
f 2583 100 781 4539
f 2582 4540 783
f 783 4538 782
f 782 4539 781
f 4539 800 2583
f 803 4541 797 798
f 1586 801 800
f 1586 2584 801
f 1586 2579 2584
f 4540 2579 1586
f 4543 4542 4544
f 4541 802 2586
f 4543 799 2570 4534
f 796 4541 4543
f 4534 796 4543
f 4551 2580 2581 4544
f 799 4543 2582
f 2582 4544 2581
f 808 2589 4546 1587
f 4544 2585 4551
f 4542 2586 2585
f 804 4548 4552 86
f 4545 2589 807
f 4546 4545 4549 4550
f 805 4548 1587
f 4550 1587 4546
f 2590 808 1587 4548
f 2580 4545 4547
f 4547 2588 2579
f 2579 2587 2584
f 2591 4549 806 2592
f 4548 101 2590
f 810 4551 2585 2586
f 4549 809 4550
f 4550 809 805
f 4557 2063 2064 4556
f 4551 2592 806
f 805 811 4552
f 809 4630 811
f 4556 4553 4557
f 4557 4554 2593
f 4553 814 4554
f 4553 4555 814
f 4555 4558 814
f 2593 2070 2063 4557
f 4562 2593 4554 4560
f 4558 2594 815
f 812 4568 4558
f 4568 101 2594
f 813 4555 4553
f 4559 4561 4560
f 4561 4563 4562
f 86 4564 2594
f 815 4559 814
f 814 4560 4554
f 322 2070 2593 4562
f 35 322 4562 4563
f 1588 2073 2598 2597
f 4559 4574 4561
f 811 4582 4564
f 4582 816 815
f 1588 4565 1589
f 4572 4566 4565
f 4566 4569 4567
f 4565 4567 813
f 1589 2072 2073 1588
f 4556 2064 2071 1589
f 2072 1589 2071
f 817 4569 4570 818
f 1589 813 4556
f 4567 812 4555
f 4569 4568 812
f 4569 817 4568
f 331 35 4563 4577
f 2595 4570 4571
f 2595 818 4570
f 2596 4571 4572
f 2597 4572 1588
f 4573 1590 4574
f 4574 4578 4577
f 4581 4576 4573
f 4576 4579 1590
f 1590 4575 4578
f 816 4573 4559
f 4574 4577 4563
f 34 330 4575 819
f 4578 330 331
f 2597 2598 2078 4587
f 4579 819 4575
f 4580 820 4579
f 99 821 4580
f 4630 99 4581
f 4582 4581 816
f 4630 4581 4582
f 1591 4584 1592
f 1591 4583 4584
f 4584 1593 4587
f 4585 4589 4586
f 4583 4586 4584
f 4586 4588 1593
f 33 2601 334
f 2601 1591 333
f 333 1592 332
f 2078 2598 2074
f 2595 2596 1593 4588
f 332 4587 2078
f 4587 2596 2597
f 818 2595 4588 825
f 825 4588 4589 826
f 826 4589 4590 827
f 827 4590 4604 97
f 4591 820 821 1594
f 823 2599 4585
f 2599 4590 4585
f 2600 4585 1591
f 1594 4594 4591
f 4594 1595 4595
f 4591 4595 4592
f 4600 4598 4594
f 1595 4596 4595
f 4595 4596 4593
f 828 2604 821
f 2089 34 819 4592
f 820 4592 819
f 4609 4599 2602 2610
f 4592 4597 2089
f 4597 2087 2088
f 4593 2087 4597
f 4596 2605 2087
f 2605 2097 2086
f 4598 2606 4596
f 4599 2607 4598
f 2607 830 4598
f 4599 4600 2603 2602
f 2600 824 1596 4601
f 2604 4600 1594
f 4605 829 2606 4606
f 4601 823 2600
f 1607 4602 823
f 4602 832 2599
f 32 2609 340
f 2609 1596 4603
f 340 4603 33
f 4603 824 2601
f 832 4604 822
f 2608 833 4604
f 1606 4601 1596
f 830 4606 2606
f 2612 4609 2610 98
f 836 4607 2607
f 4607 835 830
f 829 4608 2605
f 4608 2096 2097
f 4605 2611 4608
f 2611 2102 2096
f 4606 834 4605
f 2583 800 4613 2613
f 4609 836 831
f 4615 4614 4613
f 4614 4610 4612
f 837 4618 4614
f 4615 4611 4616
f 4616 801 2584
f 4611 800 801
f 838 2614 4612 4610
f 2613 100 2583
f 2614 2613 4613 4612
f 2615 838 4610 4617
f 4617 833 2615
f 833 4617 4618 97
f 4614 4618 4610
f 4619 4620 4623 4622
f 839 842 4619 2617
f 4623 803 2618 4649
f 4620 1597 803 4623
f 2616 4621 842 839
f 1597 841 2619
f 98 2610 4621 2616
f 4622 4623 4649 840
f 2589 808 4627 4626
f 4616 4625 1599
f 4624 4626 4627
f 1599 4626 4624
f 837 827 97 4618
f 1598 826 827 837
f 4624 825 1598 1599
f 2590 101 817 4627
f 818 4624 4627
f 818 4627 817
f 4627 808 2590
f 4629 4631 4628 1600
f 4626 2587 2588
f 4626 2588 807
f 4625 2584 2587
f 837 4616 1598
f 4633 4632 4634 2619
f 1600 4632 4629
f 1600 2586 4634
f 4635 4631 99 4630
f 4630 809 4635
f 2604 828 4631 4629
f 99 4631 828
f 2603 2604 4629 4632
f 2602 2603 4632 4633
f 2610 2602 4633 4621
f 842 4633 2619 841
f 2592 1600 4628 2591
f 4634 802 2619
f 4634 2586 802
f 4635 2591 4628
f 4637 4643 1601 4639
f 4638 838 4643 4637
f 4646 4640 4639 4636
f 4642 2623 96 844
f 4637 4640 4641
f 4645 100 2613 4644
f 2623 4642 2624
f 4643 838 2615
f 2624 2615 833
f 4638 4644 2614
f 2573 2574 4641 4640
f 4644 4641 4645
f 4645 2574 2575
f 790 2573 4640 4646
f 843 4642 844 2622
f 4636 2621 4646
f 2621 2620 4646
f 4636 1601 4642 843
f 1604 1605 1602 4647
f 4654 4648 1605 1604
f 2577 4647 840 4649
f 4648 4651 1603
f 2618 2576 4649
f 4649 2576 2577
f 840 4647 1602
f 1603 839 2617 1602
f 4650 2616 839 1603
f 840 1602 2617
f 845 4650 1603 4651
f 4650 845 98
f 4653 4652 4648 4654
f 4651 2626 845
f 848 847 4652 4653
f 2578 4654 1604 791
f 4654 792 4653
f 4653 2627 848
f 833 2608 4658 2624
f 2578 792 4654
f 849 1607 4655
f 4656 832 4602
f 2628 1606 4657
f 348 4657 32
f 4657 1606 2609
f 4655 1607 4601
f 2623 4659 4678 96
f 4659 4658 832
f 2623 2624 4658
f 31 2102 4662 2629
f 849 4656 1607
f 4678 4659 4656
f 850 849 1606
f 836 4660 4607
f 835 2630 4661
f 98 4663 2612
f 835 4661 4606
f 834 4662 2611
f 857 4667 4664 4666
f 834 2629 4662
f 2630 851 834
f 4660 2630 835
f 845 2625 4663
f 4663 1608 836
f 4665 4666 4664
f 4667 854 853 4664
f 853 852 4664
f 855 2689 2631 4668
f 1609 4672 4671 4673
f 4667 4668 2631
f 4668 856 855
f 857 2632 4668
f 2632 103 856
f 858 4693 4665
f 4669 858 4665
f 55 858 4669
f 852 4669 4665
f 859 4671 4670
f 4675 2634 865 2633
f 4670 4672 4677
f 4676 2635 2634 4675
f 2633 859 4675
f 4677 4676 4675 4670
f 2636 102 2635 4676
f 860 2636 4676 4677
f 861 860 4672 1609
f 4075 4685 2628 348
f 1609 4674 861
f 4674 2347 4691
f 4673 2347 4674
f 2351 2347 4673
f 849 850 4680
f 850 4679 4681
f 4678 4680 4683
f 4680 4681 853
f 4680 853 4682
f 4684 2638 2637 4683
f 96 4678 4683
f 96 4683 2637
f 4669 852 4679 4685
f 2638 4684 854
f 4685 2340 4669
f 4687 4686 4689 1610
f 850 4685 4679
f 4691 851 4688 4692
f 4686 4687 4688
f 4689 4690 863 2639
f 862 860 1610
f 4690 1608 2625 863
f 4686 4660 1608 4690
f 4688 2630 4660 4686
f 2343 577 2629 4691
f 2629 577 31
f 851 4691 2629
f 4674 4691 4692 861
f 4691 2347 2343
f 4692 4687 1610 860
f 1611 857 4666 4695
f 2348 4694 580
f 581 4694 2348
f 579 580 4695
f 579 4695 4693
f 4694 1611 4695
f 2105 4697 2349
f 4693 4695 4666
f 1613 4701 1612 4699
f 1611 2640 2632
f 4696 2640 1611
f 4697 4696 581
f 864 2641 4697
f 1613 583 2350 4701
f 1612 4701 4673 4671
f 4699 582 4700
f 859 2633 1612
f 4671 859 1612
f 4707 4702 2642 5459
f 2351 4701 2350
f 4698 4702 582
f 4698 2633 5457 2642
f 4708 1616 1615 779
f 2633 4698 4699
f 2633 4699 1612
f 4704 2560 2561
f 864 2105 4703
f 4705 5451 5452
f 4705 2644 5451
f 2561 2562 4705
f 2106 358 2560
f 1614 1615 2645
f 1618 1619 4712 4711
f 4706 1615 1616
f 2569 1614 2645
f 5459 4706 4707
f 4706 1616 4707
f 2643 364 30
f 1616 2112 364
f 779 780 4708
f 1614 779 1615
f 4709 4711 4712
f 4723 1617 866 2650
f 4710 4712 4717
f 1618 4713 4714
f 4714 1620 1621
f 1619 4714 4715
f 4715 1621 4718
f 2648 4723 2650 2649
f 1617 4709 4716 866
f 2651 866 4716
f 872 6393 4719 4720
f 867 4716 4710
f 868 4710 2652
f 2652 4717 2653
f 2653 4717 869
f 4717 4715 4718
f 4718 871 2654
f 2654 871 106
f 1621 4719 871
f 1620 4720 4719
f 2655 872 4720 4721
f 1620 4721 4720
f 2667 2655 4721 2646
f 4721 1620 4713 4722
f 1618 4722 4713
f 2646 4721 4722 2647
f 4722 1618 4711 4723
f 1617 4723 4711
f 2647 4722 4723 2648
f 4732 4733 4731 1622
f 4724 4728 1622
f 4724 4726 4728
f 4725 4724 4729
f 4725 4729 4727
f 4728 4730 4732
f 4729 1622 4731
f 875 4741 2658 2677
f 4733 877 4735 4731
f 2659 4741 4724
f 2660 2659 4725
f 95 2661 2662
f 2661 4725 4734
f 2662 4734 2663
f 4734 4727 4735
f 2663 4735 2664
f 4736 2665 877 4733
f 2648 2649 2665 4736
f 4737 4736 4733 4732
f 2647 2648 4736 4737
f 4738 4737 4732 4730
f 2646 2647 4737 4738
f 2656 4738 4739 873
f 2667 2646 4738 2656
f 2657 4739 4740 874
f 4739 4730 4726 4740
f 874 4740 4741 875
f 4756 4745 4742 1623
f 4741 4740 4726
f 1624 4742 4743
f 4743 4744 4753 1624
f 4747 4748 4745 4756
f 4743 4745 4746
f 4748 4749 4746 4745
f 4748 4747 4750
f 4750 4751 4749 4748
f 4757 1623 872 2655
f 2666 4757 2655 2667
f 4742 1624 4752 6393
f 1623 4742 6393 872
f 882 881 4749 4751
f 871 4752 4753
f 4753 880 106
f 4744 881 880
f 4744 4746 881
f 2668 882 4751 883
f 4754 883 4751 4750
f 883 105 2668
f 885 4754 4750 4747
f 29 2669 4755 878
f 4754 885 884
f 2669 885 4747 4755
f 878 4755 4756 879
f 879 4756 4757 2666
f 4756 4755 4747
f 1626 4761 4758 1625
f 4766 4758 4759
f 4762 4760 4767 4766
f 4766 4759 4762
f 4763 4764 4762 4759
f 4759 4761 4763
f 1625 887 2674 4772
f 4764 4763 4765
f 4772 2674 2673 2672
f 4758 2675 887 1625
f 4768 874 875 4767
f 2675 4766 2676
f 2676 4767 2677
f 4767 4760 4768
f 4764 2657 4768 4760
f 4765 873 2657 4764
f 4769 2656 873 4765
f 2666 2667 2656 4769
f 879 4769 4765 4763
f 4770 879 4763 1627
f 4769 879 2666
f 2670 4770 1627 886
f 29 878 4770 2670
f 886 1627 1626 4771
f 4771 1626 1625 4772
f 2671 4771 4772 2672
f 4775 4778 4773 4781
f 4777 4774 4773 4776
f 4773 4778 4776
f 889 4781 2669 29
f 4776 4779 4777
f 4781 4773 884 885
f 4773 4774 883 884
f 2678 105 883 4774
f 890 2678 4774 4777
f 891 890 4777 4779
f 893 2679 891 4779
f 4790 4778 4775 895
f 892 2679 2861
f 894 4791 4779
f 894 4776 4778 4790
f 4797 4780 888 2683
f 895 4775 4780 4797
f 888 4780 4781 889
f 4783 1629 1628 4782
f 4781 4780 4775
f 4784 4786 1629 4783
f 4782 1630 4783
f 4785 4787 4784 1630
f 4788 2670 886 4787
f 104 2680 898
f 104 898 899
f 899 1628 900
f 900 1629 901
f 4786 2672 2673
f 2672 4784 2671
f 2671 4787 886
f 889 29 2670 4788
f 4789 4788 4787 1631
f 888 889 4788 4789
f 4789 1631 896 4806
f 888 4789 4806 2683
f 4785 1630 897 4802
f 1631 4785 4802 896
f 2686 2685 4793 789
f 898 4800 4782
f 898 4782 1628
f 4800 897 4782
f 4790 4792 894
f 895 1632 4790
f 4791 4795 893
f 1632 4794 4792
f 4792 4793 4795
f 2861 2679 2684
f 789 4793 4794 2571
f 789 2572 2686
f 2571 4794 1633 787
f 1633 1632 4796 2681
f 787 788 2571
f 2681 787 1633
f 1632 895 4797 4796
f 2682 2681 4796
f 4796 4797 2683 2682
f 4798 4804 792 793
f 4804 4799 1634
f 4798 1635 4799
f 1634 4800 898
f 1635 4803 4799
f 4799 4802 897
f 4803 896 4802
f 2627 4804 4820
f 1634 898 2680 4805
f 902 4805 2680
f 4806 896 4803 2682
f 4801 4798 793 794
f 2682 2683 4806
f 4807 2682 4803
f 795 2681 4807
f 794 795 4801
f 4812 2620 2621 4811
f 4811 1636 4808
f 1636 2638 4808
f 4811 4808 4809
f 4812 4809 4813
f 4813 4810 2687
f 844 2637 1636
f 844 96 2637
f 843 2622 4811
f 5447 2861 2684 4814
f 2620 2686 2572
f 2620 2685 2686
f 2620 4812 4813
f 2685 4813 2684
f 903 5447 4814 2687
f 2631 2689 4815 854
f 4810 2688 5446
f 4824 1637 4816 2691
f 4815 2689 2688
f 2638 854 4815
f 1638 4818 4817 1637
f 4822 4821 4818 1638
f 2636 862 4822 102
f 4819 905 2691
f 902 4819 4820
f 4819 2691 4816
f 4820 4816 4817
f 4820 848 2627
f 848 4817 847
f 847 4818 846
f 847 846 4651
f 846 863 2626
f 2626 863 2625
f 4822 862 2639
f 4823 2690 102
f 4823 102 4822
f 4827 4826 4831 4830
f 1637 4824 4823
f 4824 2690 4823
f 4825 4830 4831
f 906 4834 4495 2545
f 4828 2694 4830
f 4825 2556 4495 4834
f 908 4827 4830 2694
f 2556 4831 2555
f 2555 4826 2554
f 2554 2692 2566
f 4826 2693 2692
f 4827 4832 2693
f 4832 907 2693
f 908 1219 4832
f 88 4833 4834 906
f 4829 6419 2694
f 909 5771 4829
f 4829 4833 909
f 4833 88 5773
f 4829 4828 4834 4833
f 4840 4839 1639 1641
f 4834 4828 4825
f 4503 4504 6394 4839
f 1640 4836 1641
f 1641 4841 4840
f 91 2695 4837
f 2695 912 4837
f 91 4837 4838
f 4837 1639 4838
f 2558 4503 4839 4840
f 4838 4839 6394
f 776 2558 4840 4841
f 2557 776 4841 83
f 5781 4843 4844 910
f 4836 4842 4841
f 4842 914 913
f 4835 4843 4842
f 4835 4842 4836
f 2846 914 4843 5781
f 1641 1639 912 1640
f 911 4835 1640
f 4851 4849 1645 1644
f 1642 4845 4846
f 4846 1644 1645
f 1643 4846 4847
f 4847 1645 4856
f 1644 4848 4851
f 4849 4850 4856 1645
f 4849 4851 1646
f 2699 6395 2700 28
f 6395 4852 916 2700
f 4860 1642 4852 6395
f 915 4860 6395 2699
f 4852 4853 917 916
f 1642 1643 4853 4852
f 4853 4854 918 917
f 1643 4855 4854 4853
f 4854 2701 2794 918
f 4855 919 2701 4854
f 4850 2703 920 4856
f 4855 4847 2702
f 2702 4856 920
f 868 2704 2703 4850
f 867 868 4850 1646
f 2651 867 1646 4851
f 4851 4857 2651
f 2650 866 4857 4858
f 2649 2650 4858 2696
f 4858 4857 4848 4859
f 1644 4859 4848
f 2696 4858 4859 2697
f 2698 4845 4860 915
f 2697 4859 4845 2698
f 4845 4859 1644
f 4865 4863 4871 4861
f 4870 4862 4864
f 1647 4864 1648
f 4861 1647 4865
f 4869 4867 4863 4865
f 4866 4878 4868
f 4865 1648 4869
f 2662 4870 921 95
f 4861 4871 923 2705
f 922 4870 1647
f 2705 922 4861
f 2699 28 2710 4874
f 90 2706 2707
f 2706 4871 4872
f 2707 4872 2708
f 4872 4863 4873
f 2708 4873 2709
f 4873 4867 4874
f 2709 4874 2710
f 915 2699 4874 4875
f 4876 6396 4869 4868
f 6396 4875 4867 4869
f 2698 915 4875 6396
f 2697 2698 6396 4876
f 4877 4876 4868 4878
f 2696 2697 4876 4877
f 2665 4877 4878 877
f 2649 2696 4877 2665
f 2664 4866 4862 2663
f 2663 4862 4870 2662
f 2664 877 4878
f 4879 4880 1650 1649
f 1651 1652 4880 4879
f 4880 4881 4889 1650
f 1652 4890 4881 4880
f 4882 4883 1652 1651
f 4883 4884 4890 1652
f 4882 4895 4885
f 2714 4886 927 84
f 4883 4885 4892
f 926 1649 4886 2714
f 4886 4887 928 927
f 1649 1650 4887 4886
f 4887 4888 929 928
f 1650 4889 4888 4887
f 4889 930 109 4888
f 4881 2715 930 4889
f 4891 2716 2715 4890
f 4890 4884 4891
f 2718 2717 2716 4891
f 4891 4892 2718
f 2712 4882 1651 925
f 4893 932 931
f 4885 4894 4893
f 924 2711 4895
f 4895 2711 4894
f 2711 933 4894
f 2713 4879 1649 926
f 2712 924 4895
f 925 1651 4879 2713
f 4898 1657 1654 4896
f 1656 4898 4896 1653
f 4899 1658 1655 4897
f 1657 4899 4897 1654
f 4900 4908 1657 4898
f 4909 4900 4898 1656
f 4901 4907 1658 4899
f 4908 4901 4899 1657
f 2719 4902 937 108
f 936 1653 4902 2719
f 4902 4903 938 937
f 4896 1654 4903 4902
f 4897 1655 939 4903
f 4902 1653 4896
f 1655 4904 2721 939
f 4903 1654 4897
f 2720 939 2721
f 2721 4904 940
f 4905 941 940 4904
f 1658 4905 4904 1655
f 4906 942 941 4905
f 4907 4906 4905 1658
f 2714 84 942 4906
f 926 2714 4906 4907
f 2713 926 4907 4901
f 925 2713 4901 4908
f 2712 925 4908 4900
f 924 2712 4900 4909
f 924 4910 934 85
f 934 4910 4911 935
f 85 2711 924
f 4913 1660 1659 4912
f 1656 4910 4909
f 936 935 4911
f 1653 4911 1656
f 4914 4925 1660 4913
f 4912 4915 4913
f 4918 4915 4931 4917
f 4913 4916 4914
f 4920 4918 4917 4930
f 6397 4916 4915 4918
f 4921 6397 4918 4920
f 6397 4921 4919
f 4922 933 85 2725
f 4923 932 933 4922
f 2725 945 4922
f 4923 4924 931 932
f 4922 1659 4923
f 4924 6398 2718 931
f 4924 1660 4925
f 4923 1660 4924
f 6398 2726 2717 2718
f 4916 946 2727 4914
f 4925 4914 2727
f 4926 947 2728 4919
f 946 4919 2728
f 2729 4926 4921 4927
f 4927 4921 4920 4928
f 2729 2730 107
f 4927 2730 2729
f 4928 4920 4930 4929
f 4928 2731 4927
f 2732 4929 2722 2733
f 4929 2732 4928
f 943 2722 4930
f 4917 4931 944 2723
f 4930 4917 2723 943
f 4912 1659 945 2724
f 4936 4932 4942 4934
f 2724 4931 4912
f 4935 4943 4932 4936
f 1662 1661 4933 4937
f 4940 4936 4934 4938
f 4935 4937 4933
f 4939 4935 4936 4940
f 4947 1662 4937 4941
f 950 4950 2735 2798
f 4939 4941 4937
f 4950 4942 951 2735
f 4933 1661 953 2737
f 952 2736 4943
f 4942 4932 2736
f 4944 2719 108 2738
f 2737 4943 4933
f 2738 953 4944
f 4945 935 936 4944
f 2719 4944 936
f 4944 1661 4945
f 934 935 4945 4946
f 1662 4946 4945
f 85 934 4946 2725
f 4947 2725 4946
f 945 4947 4941 2724
f 2723 4940 4938 943
f 944 2724 4941
f 944 4939 4940 2723
f 6399 4948 948 2734
f 943 4938 4948 6399
f 2722 6399 2734 2733
f 4948 4949 949 948
f 4938 4934 4949 4948
f 4949 4950 950 949
f 4934 4942 4950 4949
f 4952 1664 1663 4951
f 1666 4952 4951 1665
f 4953 4960 1664 4952
f 4961 4953 4952 1666
f 4955 1666 1665 4954
f 1668 4955 4954 1667
f 4956 4961 1666 4955
f 1668 4962 4956 4955
f 4957 2732 2733 2742
f 1663 4957 2742 956
f 4958 2731 2732 4957
f 1664 4958 4957 1663
f 4959 2730 2731 4958
f 4960 4959 4958 1664
f 4959 2743 107 2730
f 4960 957 2743 4959
f 4953 1686 957 4960
f 4961 5087 1686 4953
f 4956 2744 5087 4961
f 4962 958 2744 4956
f 4963 5094 958 4962
f 918 2794 5094 4963
f 4964 4963 4962 1668
f 917 918 4963 4964
f 4964 1668 1667 4965
f 916 917 4964 4965
f 6400 4966 954 2739
f 4965 1667 4966 6400
f 2700 916 4965 6400
f 28 2700 6400 2739
f 6401 4967 955 2740
f 4954 1665 4967 6401
f 1667 4954 6401 4966
f 4966 6401 2740 954
f 4951 1663 956 6402
f 1665 4951 6402 4967
f 4967 6402 2741 955
f 4970 4972 4968 4978
f 4971 4979 4968 4972
f 4973 4969 4979 4971
f 4976 4972 4970 4974
f 4973 1670 1669
f 4975 4971 4972 4976
f 4977 4973 4971 4975
f 2707 4988 2745 90
f 4977 4983 1670
f 4988 4978 959 2745
f 4978 4968 2746 959
f 4968 4979 960 2746
f 4979 4969 2747 960
f 1669 4980 2748 961
f 961 4969 1669
f 2798 2748 950
f 4981 4980 1669 1670
f 4980 949 950
f 4982 4981 1670 4983
f 4981 948 949
f 2733 2734 4982 2742
f 4982 2734 948
f 2742 4982 4983 956
f 6403 4977 4975 4984
f 956 4983 6403 2741
f 2741 6403 4984 955
f 6404 4976 4974 4985
f 4984 4975 4976 6404
f 955 4984 6404 2740
f 2740 6404 4985 954
f 2710 6405 4986 2709
f 4985 4974 4986 6405
f 954 4985 6405 2739
f 28 2739 6405 2710
f 2709 4986 4987 2708
f 4974 4970 4987 4986
f 2708 4987 4988 2707
f 4987 4970 4978 4988
f 5195 964 2541 4443
f 1671 4990 763
f 1671 4991 4990
f 762 4990 4989
f 2750 4996 4991
f 4991 4992 4990
f 4989 2752 2538 2539
f 2540 763 4990
f 2754 2838 2753 4994
f 4989 4992 4993
f 4993 4994 2753
f 2754 4994 4995 2755
f 4996 4995 4992
f 4998 4997 1672 1673
f 2756 2755 4995
f 962 2749 4996
f 2751 963 1671
f 967 5000 4998 2763
f 766 4997 4999
f 1672 4997 2760 5001
f 1673 2763 4998
f 2759 2758 5001
f 5001 966 1672
f 4997 766 5002 2760
f 2761 2760 5002
f 2762 5206 764 5000
f 766 4999 765
f 764 5206 759
f 967 2762 5000
f 5003 5004 965 2757
f 5007 5006 1674 5010
f 5004 1673 1672
f 5011 1674 5005
f 5008 970 2838 2754
f 2810 5005 2756
f 2755 5006 2754
f 5009 5008 5006 5007
f 2765 970 5008 5009
f 2766 5010 2764 2767
f 5010 2766 5007
f 1676 5012 1675 5018
f 969 968 5011
f 968 5010 1674
f 1675 5014 2768 973
f 1676 975 5017
f 5015 974 114 5014
f 5012 5015 5014 1675
f 5016 2758 5015 5012
f 2769 975 5013 2770
f 5016 965 966
f 5012 5017 5016
f 5017 2757 965
f 5013 975 1676
f 2771 5018 972 113
f 5019 1677 978 977
f 2771 2770 5013
f 972 5018 1675
f 5023 5009 971 5022
f 5019 1679 1678
f 977 5020 5019
f 2767 5021 2766
f 2767 978 5021
f 2766 5022 971
f 5021 1677 5022
f 2772 2765 5009 5023
f 5027 5032 985 5026
f 5023 979 2772
f 1678 5024 5023
f 5024 980 979
f 1679 5025 5024
f 5025 981 980
f 981 2773 5045
f 5020 2774 1679
f 2774 2773 5025
f 976 2775 5020
f 5026 5029 5027
f 5031 5030 5029
f 5358 984 5036
f 5358 5036 5357
f 5036 5026 985
f 985 5032 986
f 5033 2768 5032 5027
f 986 2768 114
f 5038 5039 5037 5044
f 5033 972 973
f 5028 5034 5033
f 5028 113 5034
f 5034 113 972
f 5030 5158 987
f 988 115 5170
f 982 988 5035
f 984 983 5036
f 983 5035 5026
f 5040 5041 5039 5038
f 1680 5039 1681
f 991 5044 2775 2776
f 5040 989 5042
f 5041 5042 5043
f 5037 2774 2775 5044
f 2777 5048 5042 989
f 5037 1680 2773
f 5045 1680 5046
f 992 5046 993
f 5046 1681 5047
f 993 5047 6406
f 5047 5043 6406
f 5043 2779 117
f 2778 5040 5038 990
f 5048 2780 2779
f 2777 1007 2780
f 990 5038 5044 991
f 5056 5055 5052 5051
f 5049 5051 5052
f 5050 5052 5053
f 5051 5054 5056
f 5055 5057 5053 5052
f 2782 5060 2783 2791
f 5060 5049 5372 2783
f 996 995 5056 5054
f 5371 5049 5050
f 2850 5050 984
f 5050 5053 984
f 5053 5057 983
f 5057 994 115
f 5055 995 994
f 2784 996 5054 5058
f 5058 116 2784
f 5058 5054 5051 5059
f 5059 2781 5058
f 5061 5062 1682 5065
f 5060 2782 5059
f 5060 5059 5051
f 5065 5066 3263 5074
f 5061 1683 5063
f 5062 5063 5064
f 5063 5072 1684
f 5064 1684 5069
f 5064 999 998 5062
f 5066 5065 1682
f 2785 5066 5067
f 5067 1682 5068
f 2786 5067 5068
f 5068 5062 998
f 5070 2787 1000 5069
f 999 5064 5069
f 2780 1007 2787 5070
f 5071 5070 5069 1684
f 5061 5065 5074 997
f 5071 2779 2780
f 1684 5072 5071
f 5072 117 2779
f 5361 117 5073
f 5073 5072 1683
f 6414 997 5074
f 5077 5078 1001 2790
f 997 1683 5061
f 5075 5076 5077
f 5081 5075 2789 2788
f 5076 5084 5079
f 5077 5079 5080
f 2788 116 5086
f 2788 5086 5081
f 2782 5084 5085 2781
f 118 5082 1002
f 5082 5078 1003
f 5080 89 1003
f 5079 1004 5080
f 5084 5083 5079
f 5084 2782 2791
f 5084 2791 5083
f 2791 5374 5083
f 2781 5085 5086 116
f 5085 5076 5081 5086
f 1688 1686 5087 5088
f 1685 5092 1687
f 1000 5088 1687 5092
f 5088 5087 2744 1687
f 5094 1685 958
f 1687 2744 958 1685
f 1005 107 2743 5090
f 5090 2743 957 1686
f 2787 5091 1688 1000
f 5090 1006 1005
f 1688 5091 5090
f 5091 1007 1006
f 5069 1000 5092 999
f 999 5092 5089 998
f 998 5089 5093 5068
f 2786 5068 5093
f 5093 5094 2793 2792
f 5093 5089 1685
f 5097 5095 5109 5096
f 5099 5097 5096 5098
f 5101 5099 5098 5100
f 5095 960 5105
f 5102 2795 116 2788
f 5103 2796 2795 5102
f 2788 5109 5102
f 5095 5103 5102 5109
f 5105 5104 5103 5095
f 2796 5103 2797
f 961 2748 5104 5105
f 2797 5104 2798
f 2746 960 5097 5099
f 5105 2747 961
f 959 2746 5099 5101
f 2745 959 5101 5106
f 90 2745 5106 1008
f 5106 5101 5100 5107
f 1008 5106 5107 1009
f 5108 5107 1001 5082
f 5108 1009 5107
f 1009 5108 5082 118
f 5100 5098 2789 2790
f 5107 5100 2790 1001
f 5096 5109 2788 2789
f 1692 1690 5110 5113
f 2789 5098 5096
f 5113 5110 1689 1691
f 5119 5112 5111 5114
f 5111 5112 5118
f 5114 5111 1690 1692
f 5121 1692 5113 5115
f 5115 5113 1691 5122
f 5120 5119 5114 5121
f 1689 947 2729 5125
f 1692 5121 5114
f 5125 2729 107 1005
f 1690 5116 2728 5110
f 2728 5116 946
f 5110 2728 947 1689
f 5117 2726 2727 5116
f 946 5116 2727
f 5118 5117 5116 5111
f 2799 2717 2726 5117
f 1010 2799 5117 5118
f 2800 1010 5118 5112
f 1011 2800 5112 5119
f 1012 1011 5119 5120
f 2776 1012 5120 991
f 991 5120 5121 990
f 990 5121 5115 2778
f 2778 5115 5122 989
f 989 5122 5123 2777
f 5122 1691 5124 5123
f 1007 2777 5123
f 5123 5124 1006 1007
f 1691 1689 5125 5124
f 5124 5125 1005 1006
f 5131 5129 5128 5145
f 5128 5129 5126
f 5130 5127 5126 5129
f 5132 5130 5129 5131
f 5127 5130 5139
f 5134 5131 5145 5133
f 5136 5134 5133 5144
f 5135 5132 5131 5134
f 5137 5135 5134 5136
f 5128 5138 115 994
f 5127 2802 2801 5126
f 5138 5126 2801
f 5139 1013 2802 5127
f 5140 2803 1013 5139
f 2738 108 2803 5140
f 6407 5140 5139 5130
f 5140 953 2738
f 2737 953 5140 6407
f 952 6407 5130 5132
f 6407 952 2737
f 6408 952 5132 5135
f 951 6408 5135 5137
f 6408 951 2736
f 2735 951 5137 5141
f 2798 2735 5141 2797
f 5141 5137 5136 5142
f 2797 5141 5142 2796
f 5142 5136 5144 5143
f 2796 5142 5143 2795
f 5143 5144 996 2784
f 2795 5143 2784 116
f 5144 5133 995 996
f 995 5133 5145
f 5145 5128 994 995
f 5146 1694 1693 5147
f 5149 5146 5147 5156
f 5148 1697 1695
f 1696 5156 5147
f 5150 5148 5146 5149
f 5151 2716 2717 2799
f 1693 5151 2799 1010
f 5152 2715 2716 5151
f 1694 5152 5151 1693
f 5153 930 2715 5152
f 1695 5153 5152 1694
f 1014 2804 5153 5154
f 930 5153 109
f 1015 1014 5154 5155
f 5155 5154 1695 1697
f 2767 5155 1697 978
f 977 5149 5156 976
f 5155 2767 1015
f 5150 978 1697
f 976 5156 1012 2776
f 5156 1696 1011 1012
f 5147 1693 1010 2800
f 1696 5147 2800 1011
f 1699 5159 5158 5161
f 5162 5160 1699 5164
f 1698 5159 5157
f 5161 5164 1699
f 5161 5163 5164
f 1698 5165 113 987
f 113 5165 1016
f 5166 2805 1016 5165
f 5157 5166 5165 1698
f 5167 2806 2805 5166
f 5168 5167 5157 5160
f 5167 939 2720
f 938 939 5167 5168
f 5169 5168 5160 5162
f 937 938 5168 5169
f 2803 5169 5162 1013
f 108 937 5169 2803
f 2802 5164 5163 2801
f 1013 5162 5164 2802
f 5170 5161 5031 988
f 5170 2801 5163
f 1700 5174 2804 5177
f 987 5158 1698
f 1700 5173 5171
f 109 2804 2807
f 5171 5175 5174 1700
f 2807 5174 2808
f 2810 1018 5176 5011
f 2808 5175 2809
f 5175 1017 110
f 5171 5176 5175
f 5176 1018 1017
f 1701 5011 5176
f 5172 5177 1014 1015
f 1701 969 5011
f 1015 2764 5172
f 5177 5172 1700
f 975 2769 5182 112
f 5180 5187 5181
f 2770 5187 5180
f 112 5182 1019
f 5178 5183 5182 5179
f 1019 5183 1020
f 2811 111 1020 5184
f 2805 5186 5187 1016
f 5184 2812 2811
f 5178 5185 5184
f 5185 1021 2812
f 2806 2720 1021
f 5187 5186 5181
f 5181 5186 5185
f 1703 1704 5190 5188
f 2771 1016 5187
f 2771 113 1016
f 1702 5188 5190
f 5190 2751 5195 1702
f 5197 5193 5192 5191
f 1703 5191 5192
f 1024 5198 2535 81
f 5192 5193 962
f 5198 5194 756 2535
f 5188 1702 755 5194
f 1017 1018 2749 5196
f 4443 1702 5195
f 2751 1704 963
f 1704 5192 2750
f 2749 1018 2810
f 5193 5196 2749
f 110 1017 5196 2813
f 5197 2813 5196
f 1022 5197 5191 2814
f 1023 2814 5191
f 2815 5189 5198 1024
f 1705 5200 5199 5205
f 5189 1023 1703
f 5199 5200 1706
f 5203 5208 1706 5200
f 2762 5199 5201
f 5209 5203 5200 1705
f 5211 5205 1673 5003
f 5201 1706 5204
f 5201 5204 5202
f 5202 5204 5207
f 5003 112 5211
f 5201 758 759 5206
f 2763 5205 5199
f 2816 82 2536 6409
f 758 5202 2537
f 5202 5207 757
f 757 5207 6409
f 757 6409 2536
f 2818 1025 5208 5203
f 5204 5208 2817
f 5207 2817 2816
f 1026 2818 5203 5209
f 111 1026 5210 1020
f 5210 5209 1705 5211
f 1020 5210 5211 1019
f 5212 5215 2823 1029
f 5205 5211 1705
f 1029 5214 5212
f 5215 5213 5220 2823
f 5216 5218 5214 1707
f 5218 5217 5212 5214
f 5219 5224 5213 5215
f 2820 5227 2821 27
f 5215 5217 5219
f 1707 5214 2822 1028
f 1028 5227 1707
f 5221 2809 110 1030
f 1030 2823 5220
f 1030 5220 5221
f 5222 2808 2809 5221
f 5223 2807 2808 5222
f 5221 5213 5222
f 5224 5223 5222 5213
f 929 109 2807 5223
f 928 929 5224 5219
f 5226 5225 5217 5218
f 927 928 5225 5226
f 2819 5226 5216 1027
f 84 927 5226 2819
f 5229 5230 5228 5243
f 1707 5227 5216
f 5242 5232 5230 5229
f 5230 5231 5238 5228
f 5232 1031 5231 5230
f 1708 1709 5234 5233
f 5232 5233 5234
f 2721 5235 1021 2720
f 940 5243 5235 2721
f 5235 5236 2812 1021
f 5243 5228 5236 5235
f 5238 5231 111 5237
f 2812 5236 5237
f 5237 5228 5238
f 1709 1032 2824 5234
f 1031 5234 2824
f 5239 2825 1032 1709
f 5240 5239 1709 1708
f 2825 2820 27
f 2819 1027 5240 5241
f 5240 1027 2820
f 1708 5241 5240
f 84 2819 5241 942
f 5241 1708 5233 6410
f 5242 941 6410
f 5242 6410 5233
f 942 5241 6410 941
f 941 5242 5229 940
f 5243 940 5229
f 5244 1711 5248 1710
f 5246 1711 5244 5245
f 5273 5253 2513 2503
f 5253 5247 2512 2513
f 5247 742 80 2512
f 5247 5253 1710
f 5247 1710 5248
f 2519 741 1711 5246
f 742 5248 741
f 1711 741 5248
f 5249 5246 5245 5250
f 5246 5249 2519
f 5249 2530 2518
f 2529 5250 2826 81
f 5250 749 5249
f 2826 5250 5251
f 5251 5250 5245
f 5245 5244 5252 5251
f 2827 5251 5252
f 5252 5244 1710 5253
f 5253 2828 5252
f 1713 1714 5257 1712
f 5254 1713 1712
f 5256 2520 2521 5264
f 5256 5255 5254
f 1712 744 5256 5254
f 5257 5258 735 743
f 744 5257 743
f 744 1712 5257
f 1714 5259 5258 5257
f 735 5258 734
f 5260 2514 734 5259
f 2829 79 2514 5260
f 5261 5260 1714 1713
f 5260 1033 2829
f 5261 1713 5255 5262
f 5261 1034 1033
f 1035 5263 2531 82
f 5262 1034 5261
f 5263 5262 5255
f 5263 1035 5262
f 5255 5256 5264 5263
f 750 5263 5264
f 5268 5266 5265 5279
f 1715 5266 1716
f 5271 5268 5279 1028
f 1716 5267 5276
f 5266 1717 5267
f 5268 5269 1717
f 1715 5273 2832 1036
f 1717 5270 5277
f 5269 5272 5270
f 2503 2832 5273
f 6411 1024 81 2826
f 2828 5274 2827
f 5273 1715 5274
f 5274 1716 5275
f 2826 5275 6411
f 5272 1022 2814 5270
f 2815 5277 1023
f 5267 5277 2815
f 1030 110 2813 5278
f 1022 5278 2813
f 2823 1030 5278 5272
f 5279 5265 2831 2830
f 1029 2823 5272
f 5271 1029 5269
f 1028 2822 5271
f 2830 2821 5279
f 1036 5265 1715
f 5284 5280 5282 5286
f 5280 5284 1718
f 5283 5291 5281 6412
f 1718 6412 5281
f 5285 6412 1718 5284
f 5295 5287 5286 1032
f 5286 5287 5284
f 5289 5285 5287 5295
f 5285 5288 5283
f 1718 1025 2818 5280
f 1026 111 5296
f 1026 5296 5290
f 5281 5291 2816 2817
f 2818 5290 5280
f 2817 1025 5281
f 6413 1035 82 2816
f 2816 5291 6413
f 79 2829 5294 2833
f 6413 5291 5292
f 1035 5292 1034
f 5283 5293 5292
f 5293 1033 1034
f 5288 5294 5293
f 5294 2829 1033
f 1037 2833 5289 2834
f 5289 2833 5288
f 5286 5282 5231 1031
f 5295 2834 5289
f 2825 2835 5295
f 2824 1032 5286
f 5296 5231 5282
f 5296 5282 5290
f 2836 5297 2506 2507
f 5297 1039 1719
f 5300 1719 1039
f 5297 5298 2505 2506
f 5301 2832 2503 2504
f 5301 5299 1036 2832
f 5298 5301 2504 2505
f 2830 2831 5300
f 2831 5299 1719
f 5305 728 79 2833
f 5298 5297 5299
f 27 5300 1038
f 2830 5300 27
f 1038 5302 5304
f 27 1038 5304
f 2835 5304 2834
f 5306 727 728 5305
f 5305 1037 5303
f 5306 1720 1040 2836
f 5305 5303 5306
f 1037 2834 5303
f 5303 2834 5304
f 1039 1040 5302
f 5310 1722 1721 5307
f 5307 1721 769 2546
f 5307 5309 5310
f 5308 1721 5311
f 5314 5311 1723
f 5310 5312 5313
f 1723 5311 1041
f 2547 2538 5318
f 5308 5314 768 4471
f 2546 770 5307
f 4471 769 5308
f 5314 5315 4475 768
f 5315 906 2545 4475
f 5316 88 906 5315
f 5315 1723 5316
f 5331 1042 1722 5313
f 5311 1722 2837
f 1045 1724 5325 5324
f 5313 1043 5331
f 5312 2753 1043
f 5309 5317 5312
f 5317 4993 2753
f 770 5318 5309
f 5318 2752 5317
f 5319 5329 5321
f 1724 5319 5320
f 5320 5321 772
f 5321 5329 5322
f 5322 1725 1726
f 5321 5322 5323
f 5323 1726 771
f 914 5324 5325
f 5320 2550 773 1724
f 83 5325 2551
f 5325 1724 773
f 5326 2548 771 1726
f 772 5323 2549
f 5327 5326 1726 1725
f 5326 2760 2761
f 2758 2759 5328 2839
f 5327 2759 2760
f 1725 5328 5327
f 2839 5328 5329 5339
f 5329 5328 1725
f 1044 5329 5319 2840
f 1045 2840 5319
f 5332 1728 1042 5331
f 1041 5330 1727
f 2837 1042 5330
f 5333 2841 88 5316
f 5331 1729 5332
f 5334 2842 2841 5333
f 5316 1041 5333
f 1731 2843 1727 5330
f 5333 1727 5334
f 1046 1731 5330 1728
f 5335 1047 1729 5336
f 1728 5332 1046
f 2765 5335 5336 970
f 5336 1729 1043 2838
f 1044 5340 5337 5339
f 2838 970 5336
f 1730 5339 5337
f 5338 5352 1049 5340
f 5338 1045 5341
f 1044 2840 5338
f 2844 114 5345
f 5337 5340 1049
f 5341 1050 5352 5338
f 5342 5354 1050 5341
f 2845 2852 5354 5342
f 2839 5344 974 2758
f 5341 5343 5342
f 5343 2846 2845
f 1045 5324 5343
f 1730 1048 5345 5344
f 5344 2839 1730
f 5344 5345 114 974
f 2843 1052 1051 5847
f 1731 1046 5346
f 5346 1732 1053
f 1046 5347 1732
f 2772 5350 1047 5335
f 2843 1731 1052
f 1052 5346 2847
f 1053 2848 120
f 1053 2849 2848
f 5348 1054 2849
f 5348 981 1054
f 981 5045 1054
f 5347 980 5348
f 5350 5349 5347
f 1058 1057 5353 5354
f 5349 2772 979
f 1734 5351 2851
f 1735 1049 1734
f 5351 5352 5353
f 1049 5352 5351
f 5358 1733 1055
f 1055 2851 1056
f 1056 2851 121
f 5351 5353 2851
f 1737 1738 1736 5359
f 1058 5354 2852
f 5356 986 2844
f 2844 1048 5355
f 5357 985 5356
f 5356 5355 1735
f 5357 1735 1733
f 1061 6414 5074 3263
f 5362 1736 1738
f 1738 1737 5360
f 6415 1736 5361 5366
f 6414 1061 5366
f 997 5366 5361
f 2853 5364 1737 5365
f 117 5362 6406
f 5362 1738 993
f 993 5360 992
f 992 5363 1054
f 992 1054 5045
f 5363 2849 1054
f 5360 5364 5363
f 5364 2848 2849
f 2853 120 2848
f 1060 6415 5366 1061
f 5365 1059 2853
f 5365 1737 5359 6415
f 5369 5370 5368 5367
f 6415 1060 5365
f 5367 5378 5369
f 5370 5375 5374 5368
f 2850 1055 5379
f 5371 5379 5367
f 2783 5372 5373
f 2791 5373 5374
f 5373 5368 5374
f 2854 89 1004 5375
f 2855 1062 5375 5376
f 5370 5376 5375
f 2856 2855 5376 5377
f 5369 5377 5376
f 2857 2856 5377 1056
f 5378 1056 5377
f 5384 5385 5380 5382
f 1056 121 2857
f 5379 1055 5378
f 5380 5391 5382
f 5381 5380 5383
f 2860 5391 5386 2861
f 5383 5385 5390
f 892 2861 5386
f 5386 5387 891 892
f 5391 5380 5387 5386
f 5387 5381 890 891
f 5381 5388 2678 890
f 5383 5389 5388 5381
f 2863 123 2862 5390
f 5389 5390 2862
f 2859 5384 5391 2860
f 5385 1063 2864
f 5390 2864 2863
f 5384 2865 1063
f 2859 2858 2865
f 5398 5394 5392 5399
f 5397 5396 5395 5398
f 5394 5398 5395
f 5399 5392 2869 2868
f 2868 1066 5399
f 5392 5393 1067 2869
f 5395 104 899 5394
f 2673 1067 901
f 901 5393 900
f 5393 5394 899
f 2866 5397 5398 2867
f 5395 5396 2870
f 5397 2866 2871
f 5400 5404 1070 2873
f 5399 1065 5398
f 5400 5405 5401
f 5400 1739 5405
f 1739 1069 5402
f 1739 5402 5403
f 1739 5403 5405
f 1072 1071 5403 5402
f 5404 5401 2875
f 2875 2865 2886
f 2875 1064 2865
f 5401 1064 2875
f 5401 5405 1064
f 5405 2864 1063
f 5403 2863 2864
f 2863 1071 123
f 1073 1072 5402 1069
f 5721 1739 5400 2873
f 1069 2872 2876
f 1069 2876 1073
f 2879 5413 1066 2880
f 5406 5413 5408
f 5406 5408 5407
f 5407 5409 5411
f 5408 5409 5407
f 5408 1740 5410
f 5411 2866 2867 5407
f 1066 5406 1065
f 1075 1074 5409 2883
f 2866 2881 122
f 5411 1074 2881
f 2884 2883 5409 5410
f 1076 2884 5410 5412
f 1075 2883 2882
f 93 1076 5412 2877
f 5418 5414 5420 5419
f 5413 2878 1740
f 5415 5417 5416
f 5404 5418 5419 1070
f 5414 5418 5415
f 2566 5421 2565
f 2565 5414 2564
f 2564 5416 2563
f 5414 5415 5416
f 2563 2885 2644
f 5416 2886 2885
f 5418 2875 5417
f 5420 5421 2692 2693
f 2874 1070 5419
f 2693 2874 5420
f 5427 5422 5423 5428
f 5424 5422 5425
f 4504 2559 5426 6394
f 2887 2568 2569
f 5425 2568 2887
f 5422 2567 2568
f 5422 5426 2567
f 6394 5426 5427 4838
f 5428 5423 1074 1075
f 5428 4838 5427
f 2882 91 5428
f 1742 1078 1077 5429
f 2881 5423 5424
f 5429 1745 1742
f 1744 5434 5429
f 5430 5433 1743
f 2888 1741 1077
f 1743 1079 2889 1742
f 855 856 5431 5432
f 1078 1742 2889
f 5455 856 103
f 1743 5431 5455
f 1743 5432 5431
f 2890 5432 5433 1080
f 5432 2689 855
f 1744 1741 2885 2886
f 5430 1080 5433
f 1081 1080 5430
f 5434 1081 1745
f 2886 2891 1744
f 2891 1082 5434
f 5437 5435 5445 5436
f 2885 1741 2888
f 1085 5437 5436 5444
f 5441 2635 102 2895
f 5443 5439 5438
f 5444 5438 1085
f 5445 5441 2895 2894
f 5435 5442 5441 5445
f 2635 5441 2634
f 2887 2896 5440 5425
f 2634 5442 865
f 5437 1085 1084
f 5425 5440 5439 122
f 5444 5436 2894 2893
f 1083 2892 5443
f 2892 122 5439
f 2893 5443 5444
f 2894 5436 5445
f 2890 5446 2688 2689
f 1747 1746 1081
f 1747 5448 1746
f 1080 1746 5446 2890
f 5448 2859 2860 5447
f 2861 5447 2860
f 2858 1082 2891 2886
f 903 1746 5448
f 2687 5446 1746
f 2859 5448 1082 2858
f 1082 1747 1081
f 2892 1083 2871 122
f 1083 5449 1068 2871
f 5450 4819 104 2870
f 1068 5449 5450
f 904 1748 2894 2895
f 2691 1748 904
f 905 1748 2691
f 5450 5449 905
f 1749 2889 1079 5454
f 2895 2690 904
f 5451 5453 1749
f 5454 5455 103 2640
f 2889 1749 1078
f 2644 2888 5451
f 2888 1077 5453
f 2641 5454 2640
f 2645 5460 2887 2569
f 5455 5454 1079
f 5456 5458 1750
f 5442 1084 5457
f 1084 5456 1750
f 5459 5458 4706
f 4706 5458 2645
f 2642 1750 5459
f 5461 5462 2898 1086
f 2896 5460 5456
f 5460 2645 5458
f 5469 1094 5474 5468
f 2899 1751 1088
f 5462 5478 1087
f 1087 5463 2899
f 2897 5066 5467
f 1088 5464 6353
f 5464 1089 94
f 1751 5465 5464
f 5465 1090 1089
f 1751 2900 5465
f 1090 2900 6417
f 5463 1091 1751
f 1092 5476 5462
f 5466 1092 5461
f 2785 5466 5467
f 1086 5467 5461
f 1752 1096 2906 5470
f 6416 5470 1095
f 1095 5470 2906
f 5558 5471 2903 119
f 5474 5471 5558 2911
f 5472 2905 2904 5471
f 2903 5471 2904
f 1094 5472 5471 5474
f 5473 2907 1096 1752
f 2907 1003 89
f 1002 1003 2907 5473
f 5473 1752 1093 2901
f 1002 5473 2901 118
f 2701 5479 2793 2794
f 2902 1093 5470
f 2911 5468 5474
f 1753 5475 1754
f 1754 1755 1756
f 1756 1755 5477
f 1756 5477 5478
f 919 1753 5479 2701
f 5479 5480 2792 2793
f 1753 1754 5480 5479
f 5549 2908 1091 1097
f 5480 1754 1092
f 2786 5480 5466
f 5476 1756 5478
f 5478 1097 1091
f 1091 2908 2900
f 2900 2908 6417
f 5482 5484 2902 1757
f 5477 5481 1097
f 5481 2704 2909
f 1755 2703 5481
f 919 2702 5475
f 5475 920 1755
f 5484 5483 1093 2902
f 5483 5486 2901 1093
f 5482 5485 5488
f 5468 2911 6416
f 118 2901 1009
f 2705 923 5483 5484
f 1009 5486 1008
f 5486 5483 5487
f 1008 5487 90
f 5487 923 2706
f 5484 5488 2705
f 95 921 5485 5489
f 5488 921 922
f 5489 5485 1757 2910
f 5492 5493 5490 5509
f 5508 5495 5493 5492
f 5493 5494 5491 5490
f 5495 5496 5494 5493
f 2914 5502 2876 92
f 5495 5497 5498
f 5497 5507 5500
f 5496 5498 5499
f 5498 5500 5501
f 1101 5509 5502 2914
f 5502 5503 1072 1073
f 5509 5490 5503 5502
f 5503 5491 1071 1072
f 5496 1103 1102 5494
f 123 5491 1102
f 1090 6417 2916 5504
f 5499 1104 2915
f 5499 5501 1104
f 1089 1090 5504 5505
f 5501 5505 5504
f 94 1089 5505 5506
f 5500 5506 5505
f 2913 5492 5509 1101
f 5508 2912 5497
f 2912 1099 5507
f 1100 5508 5492 2913
f 1761 5513 5511 1759
f 5510 1758 5512
f 1759 5512 1761
f 5511 5513 1762
f 5514 5519 1761 5512
f 5520 5514 5512 1760
f 5515 5518 1762 5513
f 5519 5515 5513 1761
f 5522 1758 1105 2917
f 1759 5511 2919 1106
f 2917 2903 5522
f 1105 5510 2918
f 1106 5510 1759
f 5511 2879 2880 2919
f 1762 5516 2879 5511
f 2879 5516 2878
f 5517 2877 2878 5516
f 5518 5517 5516 1762
f 2920 93 2877 5517
f 1107 2920 5517 5518
f 2921 1107 5518 5515
f 1108 2921 5515 5519
f 2922 1108 5519 5514
f 1109 2922 5514 5520
f 2923 5520 1760 5521
f 5520 2923 1109
f 5521 1760 1758 5522
f 5521 2905 2923
f 5523 5524 5526 5525
f 5522 2904 5521
f 5524 5528 5527 5526
f 2915 5530 5528 5524
f 5524 5531 2915
f 5388 5534 2668 105
f 5534 5525 882 2668
f 5528 2925 2924 5527
f 881 5525 5526
f 880 5526 5527
f 106 5527 2924
f 5389 5533 5534 5388
f 5528 5530 5529
f 5529 5530 2916
f 5530 2915 1104
f 5531 1102 1103
f 5532 123 1102
f 5533 2862 5532
f 5533 5523 5525 5534
f 2918 5537 5535 5545
f 5537 5536 5540 5535
f 5539 5538 5536 5537
f 5537 5544 5539
f 2917 5545 2926 119
f 5541 2674 887 5538
f 2927 5545 5535
f 5557 2927 5540
f 2677 5540 2676
f 2676 5536 2675
f 2675 5538 887
f 1067 2673 2674 5541
f 5542 5541 5538 5539
f 2869 1067 5541 5542
f 2868 2869 5542 5543
f 5539 5543 5542
f 5550 5529 2916 6417
f 5543 2880 2868
f 5544 2919 5543
f 2918 1106 5544
f 5549 5546 1763
f 5548 1763 869
f 2652 2653 2909
f 1097 2909 5549
f 2909 2653 5546
f 2653 869 5546
f 2925 5548 870 2924
f 2908 1763 6417
f 5550 5548 2925
f 2908 5549 1763
f 870 5547 4718
f 5552 1764 5553 5555
f 5551 5556 1764
f 5556 5553 1764
f 5554 1764 5552
f 5554 5558 119 2926
f 2659 5553 5556
f 5561 2930 1115 5559
f 2911 5552 2910
f 2927 5551 5554
f 95 1098 2661
f 1098 5555 2660
f 2659 2660 5553
f 1098 2910 5555
f 5555 2910 5552
f 5566 5560 5561
f 5565 2928 5562
f 2929 1111 5566
f 1113 5566 5559
f 1114 5559 1115
f 5563 1236 1117 5564
f 2930 5561 1116
f 1116 5564 1117
f 1765 5569 5567 5568
f 5564 2931 5563
f 5563 2931 3032
f 2928 1110 5564
f 5560 2928 5565
f 1121 1120 5568 5573
f 5568 5567 2935 2934
f 5569 2940 5572
f 5569 1765 2940
f 5798 2933 5573
f 2934 5573 5568
f 2945 5576 5574 2946
f 5570 5567 5571
f 5570 5571 2936
f 2936 5571 2937
f 2937 5572 2938
f 5572 2940 2939
f 5573 2932 1121
f 1767 5574 2928
f 5574 5575 1110
f 5574 5576 5575
f 1111 1766 5560
f 1110 2943 2931
f 1110 5575 2943
f 5575 5705 2943
f 5576 2944 5705
f 5582 5581 5580 5586
f 1125 2946 5574
f 5577 1125 5574
f 1122 2941 5578
f 2941 1126 5577
f 5578 5577 1767
f 1124 1123 1111
f 1123 1767 1766
f 2947 5581 5579
f 2949 5583 5582 2950
f 5581 5583 1120
f 5584 5579 5585
f 5585 1121 3031
f 5579 1120 1121
f 5583 2939 2940
f 2949 2948 2939
f 2950 5582 5586 1130
f 2951 5586 1127 128
f 5591 2946 1125 5590
f 1128 5580 5581
f 1129 2947 5587
f 5588 5590 1125
f 5589 5590 5588
f 5588 1125 1126 5592
f 5593 5591 1133
f 3209 2954 1126
f 5589 5592 1132 2953
f 2946 5593 2945
f 2944 2945 2955
f 2955 5593 2956
f 5593 1133 5594
f 5594 1133 2957
f 5591 5595 2958
f 5595 5604 2958
f 5595 1134 5604
f 2952 5590 5589
f 1135 1128 1129 5598
f 1135 5600 6418
f 5598 1129 1138 1137
f 6418 5596 1128
f 5597 5596 6418
f 1137 1136 5598
f 1129 5587 3026 1138
f 2961 1127 5596 1139
f 5596 1127 5580
f 2962 5596 5597 1140
f 2959 5599 5600 2960
f 5599 1140 5597
f 2959 2963 5599
f 5607 2968 5601 5602
f 2958 5601 5606
f 5606 2965 2964 5605
f 5606 5601 5603
f 1134 1144 5604
f 1133 2958 5605
f 2957 5605 2964
f 1143 5602 5604 1144
f 5606 5603 2966
f 2966 1145 2967
f 5603 2968 1145
f 5607 2970 2969
f 1143 1142 5607
f 1146 5612 1768 5625
f 5612 5611 5608
f 1148 1147 1768
f 1149 1148 5610
f 3015 5610 1135
f 5610 5612 2960
f 2960 5609 2959
f 2959 2972 2963
f 5609 2973 2972
f 5608 2974 2973
f 5611 2971 2974
f 2971 127 1151
f 1147 5625 1768
f 5616 5617 5618 5613
f 5619 5618 5614
f 5619 5614 5615
f 2975 5618 2969 2970
f 5615 5614 5621
f 5619 5620 1145 2968
f 2975 1154 5613
f 2968 2969 5619
f 5620 2976 2967 1145
f 5615 2977 2976 5620
f 2978 2977 5615 5621
f 1156 1155 5621 5614
f 5621 2979 2978
f 5626 1146 5622 1769
f 5614 5617 1156
f 5616 1152 1157
f 5613 1153 5616
f 5627 5623 1769
f 1769 1162 1161 5627
f 5626 1770 1771
f 1146 5626 5624
f 5625 1147 3006 1163
f 1162 1769 5622
f 1771 127 2971 5624
f 1146 5624 5611
f 5611 5624 2971
f 1165 1164 1771 1770
f 1166 1165 1770 1158
f 126 1166 1158 5642
f 1158 1770 5626 2981
f 5631 5632 5629 5628
f 1160 5623 5627
f 5623 1159 5626
f 5633 5628 5629
f 5633 5629 1156
f 5635 5634 5630 1772
f 5636 5632 5631 1173
f 5632 1772 5630
f 1157 2980 5633
f 2980 1169 5628
f 1156 5630 1155
f 5630 5634 1155
f 1155 2984 2979
f 5635 2985 1170
f 1772 1171 5635
f 3053 2986 5637 2983
f 5632 5636 1772
f 1173 1172 5636
f 5631 5637 1173
f 1774 1775 1773 5640
f 5628 1168 5631
f 1168 1167 5637
f 5641 5639 5638
f 5639 1773 1159
f 1775 5642 2981 1773
f 1773 2981 1159
f 1160 1176 1175 5638
f 2990 5641 1175
f 125 1179 5643 2987
f 1176 1160 2982
f 5638 1159 1160
f 2981 5642 1158
f 5642 1177 126
f 1775 1178 1177
f 1774 5643 1178
f 1774 5640 5644 1174
f 5644 5640 5639
f 5645 5648 5647 5650
f 2988 1174 5644
f 2989 5639 5641
f 5650 5646 5645
f 5645 5981 1180
f 5645 1181 5981
f 2984 5650 5647
f 5647 5648 2991
f 5656 1184 5660 5655
f 1181 2992 5981
f 1170 1183 5646
f 2995 5651 5652
f 5652 5651 2997
f 1776 1176 5651
f 2996 2995 5652
f 2997 5653 2998
f 5653 2999 5670
f 2993 1175 1776
f 5654 5655 5660
f 5659 1185 5655 5658
f 5655 1185 5656
f 5657 5658 5655
f 5661 3002 3001 5660
f 5658 1186 5659
f 3000 2976 5654
f 3000 5660 3001
f 5662 1186 5658 2991
f 5660 1184 5661
f 1778 1188 5664 1777
f 2991 5649 5662
f 5663 2991 5658
f 2979 5647 5663
f 2978 5663 5657
f 2977 5657 5654
f 1779 1189 5665 1778
f 1187 1777 5664
f 3005 129 3004 5667
f 1188 1778 5665
f 1777 5668 1778
f 1189 5667 3004
f 1163 3006 3005 5667
f 1779 1163 5667
f 1163 1779 5666 1162
f 1781 1194 3008 1780
f 5668 1162 5666
f 5669 1161 5668
f 2999 2982 5669
f 2982 1161 5669
f 2998 5670 3003
f 5670 1777 1187
f 1780 5671 1781
f 1193 1780 3008
f 2964 5674 1190 2957
f 5672 5676 5673
f 1194 1781 3009
f 1781 5673 1195
f 1780 1193 3007 1191
f 1191 5674 1780
f 1192 1191 3007
f 3002 5675 5673 3001
f 1195 5673 5675
f 3000 3001 5673 5676
f 2965 5671 5674 2964
f 5676 2967 3000
f 2965 2966 5672
f 5672 2966 5676
f 5685 5677 3011 1196
f 5677 5678 3012 1197
f 5678 5682 3013 1198
f 5677 5679 5680
f 5678 5680 5681
f 1150 3015 3014 5681
f 5682 5681 3014
f 1149 1150 5681 5680
f 5683 1149 5680 5679
f 3006 5683 5679 5684
f 5685 3010 129 3005
f 5683 3006 1148
f 3005 5684 5685
f 5685 5684 5679
f 5686 5687 5690 5689
f 5687 3017 1202 5690
f 5687 5686 1782
f 1782 1203 3017 5687
f 5691 1204 3018 1782
f 1782 5688 5691
f 1203 1782 3018
f 2955 5689 1199 2944
f 5689 5690 1200 1199
f 5690 3016 1201 1200
f 1191 1192 3019 5691
f 3016 5690 1202
f 1204 5691 3019
f 2957 1190 5688 5594
f 5691 1190 1191
f 5594 5688 5686 2956
f 2956 5686 5689 2955
f 5698 5692 3021 1205
f 5692 5693 3022 1206
f 5693 5697 3023 1207
f 5692 5694 5695
f 5693 5695 5696
f 5697 3024 131 3023
f 5696 3025 3024 5697
f 1138 3026 3025 5696
f 1137 1138 5696 5695
f 1136 1137 5695 5694
f 3015 1136 5694 3014
f 5682 5698 3020 130
f 5698 3014 5694
f 5705 5700 5699 5706
f 5702 5706 5699
f 5703 5704 1209 1208
f 5699 5700 5701
f 1208 5707 5702
f 1208 5702 5703
f 5701 3028 3027 5699
f 5704 5699 3027
f 1783 1784 1211 1210
f 5701 1200 3029
f 3029 1200 1201
f 5700 1199 1200
f 5705 2944 1199
f 2943 5705 5706
f 1212 1784 5708
f 1784 5710 5708
f 1210 3030 1783
f 5708 5709 132 1212
f 5585 3031 5709 5708
f 3034 5711 1208 1209
f 5708 5710 5585
f 5710 3026 5584
f 1785 3025 5710
f 1783 3024 1785
f 2931 5707 5712
f 5707 1208 5712
f 2931 5712 3032
f 1786 5713 1215 1214
f 5713 1786 5714
f 5714 3035 1218 5713
f 1217 5713 1218
f 5709 1786 1214 132
f 5714 2932 2933
f 1213 3031 2932
f 1787 5716 5720 5725
f 3038 5720 1070 2874
f 5716 5717 5718
f 5717 5724 5719
f 5715 2873 1070 5720
f 1220 3039 2872 5722
f 2873 5715 5721
f 5720 5716 5715
f 2872 3039 92
f 5718 1221 3040 5722
f 5721 5722 2872
f 5722 3040 1220
f 5718 5722 5715 5716
f 5723 1222 3041 5718
f 1221 5718 3041
f 3042 3077 1222 5723
f 5718 5719 5723
f 5717 1787 5725 3037
f 5723 1223 3042
f 5719 3043 1223
f 3036 5875 5724
f 1788 5729 5726 5736
f 3037 5724 5717
f 3046 5730 3047 134
f 5726 5728 5727
f 5729 1788 5734
f 5729 5733 5728
f 5730 5731 3048 3047
f 5730 1225 5736
f 5736 5726 5731 5730
f 5731 5732 3049 3048
f 5727 5732 5731 5726
f 3049 5732 1226
f 1076 3050 1226 5732
f 2884 1076 5732 5727
f 3050 1076 93
f 2695 91 2882 5733
f 5728 2883 2884
f 5728 2882 2883
f 2695 5733 5734 5779
f 5738 5739 5737 1789
f 1788 5778 5734
f 5735 1233 1788
f 5736 3044 5735
f 1225 3045 5736
f 5738 1790 1791
f 5740 5741 1791 1790
f 5748 5747 5741 5740
f 3039 5742 3051 92
f 5742 5743 3052 3051
f 5742 1220 1789
f 1789 5737 5743 5742
f 5743 2986 3053 3052
f 5737 5744 2986 5743
f 2986 5744 1173
f 1791 5745 5744 5739
f 1173 5744 1172
f 5747 5746 5745 5741
f 1172 5745 1171
f 3055 3054 5747 5748
f 1171 5746 2985
f 3077 3055 5749 1222
f 3041 5740 1790 1221
f 5749 5748 5740 3041
f 3040 5738 1789 1220
f 3041 1222 5749
f 1221 1790 5738 3040
f 5753 5755 5750 5765
f 5759 5751 5752
f 5755 5762 1792 5750
f 5762 5756 5751 1792
f 5756 5754 5752 5751
f 5765 5750 5758 5757
f 2990 1228 5757
f 5757 1228 5765
f 2989 5757 5758
f 5758 5750 1792
f 1792 5751 5759 5758
f 2988 5758 5759
f 5760 1229 125 2987
f 5761 1230 1229 5760
f 2987 5759 5760
f 1226 3050 5761 5754
f 5760 5752 5761
f 3049 1226 5754 5756
f 1230 3050 93
f 5756 5762 3049
f 3056 5763 5753 5764
f 5763 3047 3048
f 3036 5769 5767 1793
f 3056 134 3047
f 5765 5764 5753
f 5765 1228 5764
f 5768 5770 5766
f 5769 908 6419 5767
f 5766 1793 5767
f 5770 1231 1793
f 1793 1231 3036
f 909 5766 5771
f 5767 6419 5771 5766
f 5725 1219 908 5769
f 1219 3038 907
f 5866 5862 1231 5770
f 5769 3037 5725
f 3036 5724 3037
f 1231 5875 3036
f 910 5777 5776 5783
f 5770 1232 5866
f 5772 1232 5768
f 5772 2842 3103
f 5773 5768 909
f 2841 5772 5773
f 1233 5775 5778
f 5778 5780 5779
f 5775 5777 5780
f 5774 5776 5775
f 1640 912 5779 911
f 5781 910 5783 5782
f 5777 4844 5780
f 5780 4844 911
f 5777 910 4844
f 2846 5781 5782 2845
f 2852 2845 5782 3105
f 5783 3105 5782
f 5871 5776 5774 5868
f 3105 5783 5776 5871
f 6420 3059 120 3058
f 1794 5785 5786
f 5784 1795 5785
f 5787 1117 5786
f 1794 5788 6420 5792
f 5792 6420 3058 1234
f 5786 5789 5788 1794
f 3059 5788 3060
f 1235 5790 5789 5786
f 3060 5789 5790
f 1236 1235 5786 1117
f 5790 1235 5843
f 1115 1795 5791 124
f 5785 1116 5787
f 2930 1116 5785
f 5784 5792 1234 5791
f 3057 124 5791
f 5796 5794 2935 1119
f 5792 5784 1794
f 1118 5793 1796
f 1237 3062 5799 1796
f 5794 5797 5793
f 5798 1796 5799
f 5800 1237 1796 5793
f 1239 1238 5800 5801
f 121 1239 5801 3063
f 5795 5801 5800
f 3063 5801 5802 1240
f 3064 5797 5796 1241
f 5802 5795 5797 3064
f 5806 5803 5808 5807
f 3064 1240 5802
f 1119 1241 5796
f 2934 2935 5794
f 2934 5794 5793
f 5805 5804 5803 5806
f 5804 1181 1182 5803
f 2985 3054 1183
f 1183 5808 1182
f 3066 3065 5805 3067
f 5804 3065 2992
f 5807 5808 3054 3055
f 5806 3067 5805
f 5807 3068 5806
f 3055 3068 5807
f 2994 2995 5810 5812
f 3070 5809 5810
f 5809 5812 5810
f 5811 5814 5812
f 3070 5810 5813
f 5813 2996 5922
f 5813 5810 2996
f 1227 5811 1244 3069
f 5814 2993 2994
f 1228 2990 2993
f 1227 1228 5814
f 5811 5809 1245 1244
f 5824 5821 5820 3078
f 3074 5819 5815
f 5815 5818 5816
f 3072 5911 5819
f 3075 1247 3076
f 3076 5816 3077
f 5817 3067 3068
f 5817 3066 3067
f 5818 3071 5817
f 3069 5825 3078 134
f 5820 5821 5823
f 5822 3080 3079 5882
f 5882 3078 5822
f 5822 3078 5820
f 1245 5824 5825 1244
f 1248 5820 3081
f 3081 5823 1249
f 5823 5821 1250
f 5824 1246 1251
f 5826 3075 3083 133
f 1797 5827 1247
f 1798 1799 5827
f 1798 3084 1799
f 1799 5828 5827
f 5826 3082 1797
f 3084 1798 5900 3085
f 5826 1797 3075
f 5827 3073 3074
f 5831 5829 1253 1252
f 5829 3081 1249 1253
f 5829 5830 1248
f 1252 5832 5831
f 1264 5839 3098 1265
f 5830 3087 3080
f 3079 3087 3086
f 5832 1254 5830
f 1281 1255 5832
f 5833 5836 5834
f 5834 5836 1258
f 5833 5834 3088
f 1258 5835 3090
f 5835 133 3083
f 1258 5836 5835
f 5833 5889 5836
f 1256 5891 5833
f 5837 1259 1262
f 1262 3095 3094
f 3091 3079 5838
f 3092 1259 5837
f 3093 1260 3100
f 1260 1262 1261
f 1266 3094 5888
f 1259 5897 1262
f 5838 3079 5897
f 1264 3097 1263
f 5839 1257 3099 3098
f 5846 3103 2842 5847
f 1257 5839 1256
f 1256 5839 5840
f 5840 3107 5884
f 1263 3096 5840
f 1801 1267 3102
f 1261 1266 1800
f 1261 1800 1801
f 1260 1261 1801
f 3100 1801 3101
f 3102 5844 3062
f 1266 1268 1217
f 1800 1217 1218
f 5843 5841 3097
f 1235 5842 5843
f 3061 5843 1264
f 3097 3096 1263
f 5844 3035 5845
f 1267 1218 3035
f 3062 5844 5799
f 5799 5845 5798
f 5846 5847 5848
f 1802 5849 1269
f 5848 5851 5850
f 3099 3088 3104 5849
f 5846 1802 5865
f 5865 1269 5864
f 3098 3099 5849 5850
f 1269 5849 3104
f 3059 5853 1053 120
f 5850 1265 3098
f 5851 3061 1265
f 5853 5852 5848
f 5852 3060 5851
f 5853 3059 5852
f 2847 5853 5847 1051
f 5857 1058 1271 5855
f 2847 1053 5853
f 5854 5855 5858
f 5858 5856 5872
f 1803 5860 5857
f 5855 1271 5856
f 5861 3102 3062 1237
f 5872 3093 3100 5858
f 3101 5858 3100
f 5859 1057 5857 5860
f 1271 2852 3105
f 1058 2852 1271
f 2851 5859 1239 121
f 1239 5859 5860
f 5860 5861 1238 1239
f 5861 5860 1803
f 5846 5866 1232 3103
f 5861 5854 3101
f 5861 1803 5854
f 5862 5863 3106
f 3089 3090 5874 5863
f 3106 5863 5874
f 5868 5774 1233 5867
f 5864 3104 3089
f 5870 5873 5867
f 5867 5869 5871
f 1224 5867 1233
f 5874 5877 5878 5876
f 5871 1270 1271
f 5873 3092 1270
f 1259 3092 5873
f 5875 3106 5874
f 5876 5878 1223 3043
f 3043 5875 5876
f 3077 3042 3076
f 3076 5877 5879 3083
f 3090 3083 5879
f 5873 5883 5881 3091
f 1804 5883 3045
f 3045 5883 3044
f 5870 3044 5880
f 5880 3044 5883
f 3079 3091 5881
f 5883 1804 5882 5881
f 3113 1276 5886 3114
f 3046 1804 1225
f 3078 5882 3046
f 1274 3108 3107
f 1272 1277 1275
f 3110 3109 135
f 5926 1272 3108
f 3111 3112 1276
f 5930 1216 1268
f 1216 5713 1268
f 3112 5928 5930
f 1275 1277 137
f 3107 3108 5884
f 1266 5887 1268
f 5887 1276 5930
f 3120 5892 5890 1278
f 5891 1805 5889
f 5836 3115 133
f 5889 5892 5836
f 5892 3120 3115
f 1278 5890 1275 137
f 5893 3119 3118 5896
f 5885 5890 1805
f 5896 5894 5893
f 3117 5896 3118
f 5887 5895 5894 5886
f 3119 5897 3086
f 5893 3095 1262
f 5893 3094 3095
f 5895 5888 3094
f 5886 5894 3116 3114
f 5902 5826 133 3115
f 3082 5902 5898
f 5900 5898 5899
f 5899 5898 1279
f 3121 5904 3123 3122
f 1279 1280 1284
f 5901 3120 1280
f 3115 5901 5902
f 1281 1806 1255
f 1255 1806 1254
f 3123 5904 1806
f 3086 3087 5903 3119
f 1807 5903 1254
f 1808 5905 3073 5906
f 1807 3118 5903
f 3118 3119 5903
f 5904 3117 3118
f 1806 5904 1807
f 1279 5907 1808 5899
f 3084 3085 5906
f 5828 3084 5906
f 5828 5906 3073
f 5905 3125 3072
f 3072 3125 1282
f 5905 3126 3125
f 1808 1283 5905
f 1283 136 3126
f 1808 5907 1283
f 5907 1284 1283
f 1810 5909 5908 1809
f 5906 5899 1808
f 5926 3033 3034 5925
f 1810 3123 5910
f 3129 1809 1285
f 1285 5908 1286
f 1285 1809 5908
f 1249 5908 1253
f 5909 5910 1281
f 5910 3123 3124
f 3127 3122 3123
f 3128 3127 3129
f 3127 1810 1809
f 1282 5913 5911
f 5911 5912 3071
f 3125 5914 5913
f 3072 1282 5911
f 3071 1287 3066
f 5912 1288 1287
f 3126 1289 5914
f 1811 1250 1251
f 5917 1285 5915
f 5915 1286 1250
f 3132 1811 5916
f 3133 5916 1290
f 1290 1251 1246
f 1286 5908 1250
f 3131 3129 5917
f 5921 3130 5920
f 3066 5921 3065
f 5919 5920 3135
f 5919 3135 3134
f 3134 3135 3156
f 5920 3130 3135
f 1287 3130 5921
f 1292 1291 5924
f 5922 5923 5813
f 5923 3070 5813
f 1290 1246 3070
f 5924 3136 3133
f 5924 3133 5923
f 1291 3136 5924
f 1214 1215 5928 5931
f 5925 5927 5926
f 3033 5926 1274
f 5927 3110 1272
f 3137 3139 5927
f 1293 5925 3034
f 5929 5931 5928
f 1813 3027 3028 1812
f 5928 1215 1216
f 5931 1295 1214
f 138 1296 1294
f 1294 5931 5929
f 3140 1813 1812 5932
f 5933 3029 1201 1298
f 1293 1209 5704 3138
f 3027 3138 5704
f 139 5932 5933 1297
f 3140 3137 3138
f 1210 1211 5934 1815
f 5933 5932 1812
f 5932 139 6075
f 5933 1812 3028
f 1212 132 1295 1814
f 131 3030 5935 1301
f 1814 1211 1212
f 1303 3141 5935 5936
f 1815 5935 1210
f 5936 5935 1815
f 5934 1814 1296 1300
f 1300 1299 5936
f 1300 5936 5934
f 5937 1202 3017 5939
f 1816 5939 3017
f 5939 1816 5938 5940
f 5938 1204 3019 5943
f 5940 5941 5939
f 5939 5942 5937
f 5943 3019 1192 1302
f 1816 1203 3018 5938
f 5942 5941 5940 3142
f 1204 5938 3018
f 3016 1298 1201
f 1202 1298 3016
f 5937 1297 1298
f 1297 5942 139
f 5942 6067 139
f 3022 1207 5944 5945
f 3142 6067 5942
f 5943 5940 5938
f 5949 5945 5944
f 3021 1206 1818 5946
f 5945 1818 3022
f 1817 5946 5945
f 5945 5946 1818
f 3141 5944 1301
f 1301 3023 131
f 1301 1207 3023
f 1205 3021 5946 1819
f 3020 1205 1819 5947
f 130 3020 5947 1304
f 5952 5953 5950 5956
f 5948 5947 5946
f 5946 5947 1819
f 3147 1305 5948
f 5955 5951 5950 5953
f 3145 5956 1195 5675
f 5951 3008 1194 5950
f 3009 5950 1194
f 3009 5956 5950
f 3008 5951 1193
f 1302 3007 1193 5951
f 3007 1302 1192
f 1306 5953 5952 3143
f 5951 5954 1302
f 5954 3142 5943
f 1306 140 3142
f 5953 1306 5955
f 1821 1820 6421 5958
f 3145 3144 5952
f 5960 5959 1821 5958
f 5961 1305 3147 3146
f 5961 5960 5958
f 1198 3013 1304 1820
f 1305 5957 5947
f 5957 1820 1304
f 1304 3013 130
f 1197 3012 1820 1821
f 1820 3012 1198
f 5959 1196 3011 1821
f 1821 3011 1197
f 1308 129 3010 5959
f 1196 5959 3010
f 3148 1308 5959 5960
f 1822 1823 5964 5963
f 3149 3148 5960
f 3146 3149 5961
f 1823 5966 5965 5964
f 3151 5963 1186 5662
f 1822 5968 5962
f 1823 5962 5967
f 5963 5964 1185 5659
f 5964 5965 1184 5656
f 5965 3145 3002 5661
f 5966 3144 3145 5965
f 3150 1822 5963 3151
f 5966 5967 3143
f 5967 1307 3143
f 5962 3152 5967
f 5968 3153 5962
f 3150 1312 5968
f 5972 5973 5970 5977
f 5969 5978 5970
f 5975 5970 5971
f 5973 5974 5971 5970
f 5969 5975 1308 3148
f 3149 5978 3148
f 5975 3004 129 1308
f 5971 5665 1189 5975
f 3004 5975 1189
f 5974 5664 1188 5971
f 5665 5971 1188
f 1309 3003 1187 5974
f 5664 5974 1187
f 1310 1309 5974 5973
f 3003 1309 2998
f 5976 1310 5973 5972
f 5977 5978 3155 3154
f 5976 1315 1311
f 3154 5976 5977
f 3156 1313 5983 3134
f 5981 5984 5979
f 5979 5983 5980
f 5981 2992 5984
f 5649 1180 5982
f 5649 5982 3151
f 3151 5982 3150
f 5980 5983 1312
f 5986 2996 5652 5985
f 5984 3134 5983
f 5984 5919 3134
f 2992 5918 5984
f 1311 5989 5985
f 5985 5988 5986
f 1317 136 1283 1284
f 1310 1311 5987
f 2998 5987 2997
f 5988 142 1292
f 5989 1314 5988
f 1317 1316 1318
f 1316 1319 1318
f 5999 1325 5994 3160
f 136 1318 3158
f 1319 1345 3159
f 1824 5990 5991
f 5991 3128 3131
f 3128 5990 3122
f 5993 5992 1824
f 5996 5994 1324
f 5996 3160 5994
f 1320 1343 5996
f 1343 1323 5996
f 5996 5995 1319
f 5995 1324 1345
f 1332 3167 6001 6003
f 5997 1328 1825
f 1825 1328 5992
f 1326 1825 1327
f 1825 5992 1321
f 5997 6018 1328
f 5999 5998 3163
f 3162 5998 3160
f 5998 3161 6001
f 5998 6016 3161
f 3164 5997 3166
f 3164 6000 5997
f 3166 5997 1326
f 6000 6018 5997
f 6000 1331 6018
f 3167 3176 6002 6001
f 6069 6066 1332 6011
f 3163 6001 6002
f 6002 3176 6058
f 6007 6004 6062 6063
f 6003 1333 1332
f 6004 6007 6005
f 1336 6016 6014 6015
f 6054 6004 3165
f 3165 6004 3164
f 3164 6005 6000
f 6005 6006 1335
f 6006 6072 1339
f 6007 1334 6006
f 6008 6010 1336
f 6011 1333 6008
f 3139 6008 6009
f 3139 6009 3110
f 6009 1336 3109
f 6010 6003 1337
f 1333 6003 6010
f 6013 6012 3168
f 1335 3170 6012
f 1331 6013 1338
f 3169 1294 143
f 3169 138 1294
f 6012 138 3169
f 1340 6017 6015
f 1340 6015 6014
f 1826 135 6017
f 3162 6014 6016
f 1826 6023 137 1277
f 6016 1336 1337
f 6015 3109 1336
f 6017 3109 6015
f 6018 1338 6019
f 1331 1338 6018
f 6020 3169 143
f 1338 3168 6020
f 1826 6021 1342
f 6021 6022 1342
f 135 1826 1277
f 6033 1317 1284 1280
f 6023 1826 1342
f 1340 1323 6021
f 1340 6021 1826
f 6028 6027 6024
f 6024 6027 6025
f 6027 6026 6025
f 3114 6026 3113
f 1341 3111 3113
f 6019 1341 6026
f 3171 6019 6027
f 1328 3171 6028
f 6033 6029 6030
f 6030 1316 1317 6033
f 3158 3159 1829 6038
f 6030 1343 1320
f 6029 1342 6022
f 6029 6031 1342
f 6031 6023 1342
f 6031 1278 6023
f 6032 6031 6029
f 6032 1278 6031
f 1280 6032 6033
f 6026 6034 6025
f 3116 6034 6026
f 6025 1827 6024
f 6034 1827 6025
f 6028 1828 1322
f 1828 3122 5990
f 3117 3121 1828
f 6034 3117 1827
f 3116 3117 6034
f 6035 6038 1829
f 6040 6041 3157 6050
f 3130 1288 6038
f 3130 6038 6035
f 3135 6035 6036
f 3156 6036 6037
f 6037 1829 3159
f 1344 3159 1345
f 6040 1346 6039
f 6039 1830 3132
f 6050 1346 6040
f 6041 1291 142 3157
f 3132 3133 3136 6039
f 6041 6039 3136
f 1344 6043 1313 3156
f 1346 5991 1830
f 6044 6043 6042
f 6043 1831 6042
f 6042 1324 3173
f 6042 1831 1324
f 141 6044 3172
f 6044 6042 3172
f 3173 1324 1325
f 1831 1345 1324
f 6043 1344 1831
f 1347 1326 6045 6048
f 3156 6037 1344
f 1312 1313 6044
f 6051 6046 6045
f 6046 6048 6045
f 6051 6047 6046
f 6046 6049 6048
f 6049 1315 6048
f 6051 6045 1327
f 1314 6047 6050 3157
f 1347 6048 3174
f 3172 3173 5999 6053
f 1346 6051 1321
f 3175 3152 6052
f 1330 6052 1329
f 3175 1307 3152
f 1330 1329 3163
f 6060 6058 3176 140
f 3153 5968 3172
f 6055 1832 6056
f 3166 1347 1832
f 3165 3166 6054
f 6056 3155 3149
f 1832 3154 3155
f 1832 3174 3154
f 3174 1315 3154
f 6058 6057 6002
f 6061 6064 6063 6062
f 6057 3175 1330
f 6059 1307 3175
f 6060 1306 6059
f 6060 6059 6057
f 6062 6065 6061
f 6066 6069 6068 6071
f 6004 6054 6062
f 6063 6064 3177
f 6064 3146 3147
f 6065 6056 3146
f 6071 6070 6066
f 139 6071 6075
f 5948 6074 6073 3147
f 6070 3176 3167
f 6067 140 6070
f 1334 6074 6072
f 6072 1348 1339
f 6074 1303 1299
f 6073 1334 6063 3177
f 3140 1833 3139 3137
f 6008 3139 1833
f 138 1834 1300 1296
f 6069 1833 6068
f 6011 1833 6069
f 6075 6068 1833
f 3140 6075 1833
f 1348 1299 6076
f 1299 1300 1834
f 1339 1834 3170
f 138 6012 1834
f 6080 1835 1350 3179
f 6081 6078 6082
f 6077 1835 6078
f 6082 6079 1352
f 6078 1836 6079
f 1835 6080 1836
f 6080 1353 3183
f 1169 6081 1168
f 1168 6082 1167
f 6082 1352 2983
f 2983 3181 3053
f 2983 1352 3181
f 6079 1836 3182
f 1836 3183 1901
f 6083 3185 3184
f 6085 6083 1353
f 6084 3185 6083
f 1349 3178 6085
f 3178 1354 6084
f 1839 1837 6087 6088
f 3179 6085 6080
f 1351 6077 6081
f 3180 1350 6077
f 6089 6093 6086 6090
f 6093 6088 6087
f 1838 6090 6086
f 6096 1839 6088 6091
f 6086 6380 1356 6092
f 6089 6091 6088
f 3188 6092 1356
f 1355 6098 3188
f 6093 1357 6380 6086
f 1837 1358 3189 6087
f 1177 1178 6094 6095
f 6093 6087 3189
f 1358 1179 3190
f 3190 1179 125
f 1837 6094 1179
f 3273 3500 149 3272
f 1839 6095 6094
f 1359 6096 6091 3191
f 6096 126 6095
f 6095 126 1177
f 1360 6089 6090 3192
f 1360 3191 6091
f 1838 3192 6090
f 6102 6100 6099 6101
f 3186 3193 6097
f 3193 1361 1838
f 3187 6097 6098
f 6098 1838 6092
f 1840 6101 6099
f 1840 1841 6101
f 6104 1842 1841 6103
f 6100 6102 6109
f 6101 1842 6102
f 6105 6110 1842 6104
f 6103 6106 6104
f 6116 2975 2970 1364
f 6104 6107 6105
f 6099 1153 1154 1840
f 6116 1840 1154
f 1351 1169 6108 6109
f 1153 6100 1152
f 6100 6109 6108
f 1152 6108 2980
f 3179 1350 6110 6105
f 6109 3180 1351
f 6102 6110 3180
f 1365 6112 6113 3196
f 6105 1349 3179
f 6107 6111 1349
f 6111 147 3178
f 6106 6112 6107
f 6112 1365 6111
f 6114 6113 6106
f 3196 6113 3194 3197
f 1362 3194 6114
f 6103 1841 6115 3195
f 1363 3195 6115
f 6115 6116 1364 1363
f 3195 6114 6103
f 6119 6126 6117 6120
f 6115 1841 1840
f 1843 6120 6117
f 6122 6119 6120 6124
f 6118 6121 1844
f 6119 6121 6118
f 1845 6124 6120
f 6125 6121 6119 6122
f 6126 1360 3192 6117
f 6125 6127 6123
f 1368 6133 3193
f 6133 1843 1361
f 1361 6117 3192
f 1844 1359 3191 6118
f 127 1164 6127 6128
f 6126 6118 3191
f 1359 1166 126
f 1844 1165 1166
f 6121 6123 1165
f 6128 6127 6125 6129
f 6122 6129 6125
f 6129 6122 6124 6422
f 6129 1369 6128
f 6130 6422 6124
f 1370 6422 6130 1371
f 6422 1370 6129
f 3198 6131 1366 146
f 6131 6132 1367 1366
f 3198 1371 6130
f 6132 6133 1368 1367
f 6131 6130 1845
f 1848 1846 6134 6137
f 6132 1845 1843
f 6141 6136 6142
f 6138 6135 6136 6139
f 6135 6137 6134
f 1847 6139 6136
f 1849 1848 6137 6140
f 6142 1143 1144 6141
f 6138 6140 6137
f 1144 3199 6150
f 1363 1364 6143 6144
f 6142 6134 1142
f 1142 6143 2970
f 1846 6144 6143
f 3195 1363 6144 6145
f 1848 6145 6144
f 3194 1362 6145 6146
f 6145 1362 3195
f 1849 6146 6145
f 3197 3194 6146 3200
f 3200 6146 6140 3201
f 6140 6146 1849
f 3201 6140 6147 1375
f 6149 1847 6141 6150
f 6148 6147 6139
f 6139 6147 6138
f 145 1376 6148
f 6149 6148 1847
f 6149 1372 6148
f 1852 6154 6153 1851
f 6150 1373 6149
f 1850 6153 6151
f 6161 6155 6154 1852
f 6151 6154 6152
f 6157 1852 1851 6156
f 6166 3198 146 1378
f 6156 6158 6157
f 6157 6162 6161
f 6151 6159 1371 1850
f 6166 1850 1371
f 1371 6159 1370
f 6160 1369 1370 6159
f 6152 6160 6159 6151
f 1151 127 1369 6160
f 2973 2974 6155 6161
f 6152 6155 1151
f 2972 2973 6161 6162
f 6164 6165 3203 3202
f 6163 1379 2963
f 6162 6158 6163
f 6158 3205 1379
f 6164 3215 3205
f 3202 3215 6164
f 6165 6156 1851
f 6165 6164 6156
f 6423 6166 1378 3204
f 6153 1850 6166 6423
f 1851 6153 6423 6165
f 6165 6423 3204 1377
f 6168 6169 6167 6174
f 6171 6172 6169 6168
f 1853 6169 1855
f 6175 1853 6170
f 1854 6170 1856
f 6182 6174 1132 2954
f 1855 6172 6178
f 6170 1855 6173
f 1856 6173 6177
f 2954 3209 6182
f 6174 6167 2953 1132
f 6167 6175 2952 2953
f 1854 1374 3199 1131
f 6175 6167 1853
f 1131 6175 1854
f 1383 1382 6177 6178
f 1374 1854 6176
f 1374 6176 1373
f 6176 1856 1372
f 1372 6177 145
f 6173 6178 6177
f 6179 6424 6172 6171
f 3210 1383 6178 6424
f 3206 6179 6180 1380
f 3207 6180 6181 1381
f 6179 3211 3210
f 6180 6171 6168 6181
f 6181 6168 6174 6182
f 6182 3208 6181
f 1857 1858 6190 6189
f 6183 6185 6186
f 6185 6199 6187
f 6184 6186 6193
f 6186 6187 6188
f 6187 6189 6190
f 1858 6194 6191 6190
f 6188 6190 6191
f 6183 6184 6192 3205
f 3205 6200 6183
f 1379 3205 6192
f 6184 1141 2963 6192
f 6191 2962 1140 6193
f 1141 6193 1140
f 6194 1139 2962 6191
f 6195 2961 1139 6194
f 3216 128 2961 6195
f 6196 6195 6194 1858
f 3217 3216 6195 6196
f 6197 6196 1858 1857
f 3218 3217 6196 6197
f 3219 1385 6197 6198
f 6197 1385 3218
f 1857 6198 6197
f 3227 3219 6198 3212
f 6198 1857 6189 3213
f 6199 3213 6189
f 6214 6207 6205 6204
f 3213 3212 6198
f 6200 3214 6185
f 3214 3213 6199
f 1859 6201 6202
f 6202 1862 1863
f 1860 6202 6203
f 6203 1863 6211
f 1862 6204 6205
f 6207 6208 6206 6205
f 1863 6205 6206
f 1860 1861 1122 2942
f 1124 1388 1859
f 1123 1124 6209
f 6209 1859 1860
f 6203 6425 6210 1861
f 2941 1122 6210
f 3209 6210 3208
f 6211 1381 3208 6425
f 6208 1380 3207 6206
f 6211 6206 3207
f 6212 3206 1380 6208
f 6213 6212 6208 6207
f 3206 3221 3211
f 3220 6213 6207 6214
f 6212 3222 3221
f 1386 6214 6204 6232
f 6213 3223 3222
f 3220 3223 6213
f 1387 6232 6204
f 6218 1867 1865 6215
f 1388 6230 6201
f 6201 1387 1862
f 1866 6218 6215 1864
f 6219 1868 6217 6216
f 6223 6216 6217
f 1867 6219 6216 1865
f 3228 6225 1867 6218
f 6226 3228 6218 1866
f 6220 6224 1868 6219
f 6225 6220 6219 1867
f 6228 1864 1385 3219
f 3226 6228 3219 3227
f 6215 1865 6221 3218
f 3217 3218 6221
f 1864 6215 3218 1385
f 6221 6222 3216 3217
f 6216 6223 6222 6221
f 6222 2951 128 3216
f 6221 1865 6216
f 6223 1130 2951 6222
f 6217 2950 1130 6223
f 1390 1389 6220 6225
f 2950 6217 2949
f 6217 1868 2948
f 2948 6224 2938
f 3229 6226 1866 6227
f 6225 3228 1390
f 6226 3229 1391
f 3229 6227 3225 144
f 6227 1866 1864 6228
f 3225 6227 6228 3226
f 1386 6232 6231 1392
f 6229 1393 1870
f 1869 6229 6230
f 1393 6231 1870
f 1870 6231 6232
f 3233 6233 1113 1114
f 3233 1394 1869
f 6233 6234 2929 1112
f 6233 1869 6234
f 3232 6229 1869 1394
f 6230 1870 1387
f 6235 3224 3220
f 1392 6235 1386
f 3230 3234 6235
f 3231 1392 6231
f 3237 1396 1871 6237
f 3232 1393 6229
f 1390 6236 1872
f 1398 6238 6236
f 6242 6245 6241 1399
f 6237 1872 3237
f 1395 6240 3229
f 3228 1391 6236
f 1389 6237 1871
f 1389 1390 6237
f 2938 1389 2937
f 2937 1871 2936
f 2936 1871 6239
f 2936 6239 5570
f 6239 1396 1242
f 6238 1397 1872
f 3236 3238 6240
f 6240 1398 1391
f 6245 6243 1400 6241
f 6243 6246 3240 1400
f 6246 6244 6249 3240
f 6247 6254 6243 6245
f 6255 6247 6245 6242
f 6248 6253 6244 6246
f 6254 6248 6246 6243
f 6249 6250 3241 1401
f 6271 1399 6241
f 1401 3240 6249
f 6250 1354 147 3241
f 6244 6251 6250 6249
f 6251 3185 1354 6250
f 6253 6252 6251 6244
f 3242 148 3185 6252
f 1402 3242 6252 6253
f 3243 1402 6253 6248
f 1403 3243 6248 6254
f 3244 1403 6254 6247
f 1404 3244 6247 6255
f 3245 1404 6255 6256
f 3234 6256 3239 3224
f 6256 3235 3245
f 6242 6256 6255
f 6256 6242 1399 3239
f 6269 6260 6257 6258
f 6260 6266 6259 6257
f 6265 6257 6259
f 6268 6262 6260 6261
f 6257 6265 6264 6263
f 6266 6260 3252
f 3252 6262 1409
f 1355 3249 6263
f 3249 1407 6270
f 6263 6270 6257
f 3187 6263 6264
f 6264 3250 1368 3186
f 6265 1408 3250 6264
f 6259 3251 1408 6265
f 6267 3253 1409 6262
f 3253 1395 144
f 3236 1395 3253 6267
f 3246 6267 6268 1405
f 3267 3236 6267 3246
f 3247 6261 6269 1406
f 1405 6268 6261 3247
f 3248 6258 6270 1407
f 1406 6269 6258 3248
f 6273 3223 3224 3239
f 1873 1875 1874
f 1875 1877 1876
f 1877 1878 6275
f 1873 6273 3239 1399
f 1874 1410 3254 6274
f 3223 6273 3222
f 3222 6273 6274
f 6273 1874 6274
f 3221 6274 3254
f 3255 1412 6276 6277
f 1876 6275 1410
f 6275 6276 1411
f 6277 6276 1878 6278
f 6277 3197 3255
f 6278 1878 1877 6279
f 6278 3196 6277
f 6279 1877 1401 3241
f 6279 1365 6278
f 1365 6279 3241 147
f 6288 1413 3256 6293
f 1400 6272 1875
f 3240 1401 6272
f 1399 6271 1873
f 6281 6286 6280
f 6286 6284 6282
f 6287 6285 1879
f 146 6293 3256
f 6289 3226 3227 3259
f 6288 6280 3257
f 6280 6282 3258
f 1879 6289 3259 3258
f 6290 3225 3226 6289
f 3253 6290 6285 1409
f 1879 6290 6289
f 6290 144 3225
f 3252 6287 6284 3251
f 1409 6285 6287 3252
f 3251 6286 6283 1408
f 1408 6283 6291 3250
f 6286 3251 6284
f 1368 3250 6291
f 6283 6281 6292 6291
f 1367 6291 6292
f 6281 6288 6293 6292
f 1366 6292 6293
f 1410 6300 6298 3254
f 6294 6300 1880
f 6301 6296 6295
f 6296 1880 6297
f 3211 3254 6298
f 6294 6299 1383 3210
f 3210 6298 6294
f 6301 1376 145 1382
f 1410 1411 6300
f 6303 6305 1377 3204
f 1376 6295 6147
f 6295 6297 1375
f 1382 6299 6296
f 3255 3200 6302
f 1411 1412 1880
f 6302 3201 6297
f 6308 6305 6307
f 6309 6304 1881
f 1378 3256 6306
f 3212 6310 3259 3227
f 3204 6306 6303
f 1413 3257 1881
f 3215 6308 1384
f 3202 6308 3215
f 1384 6307 3214
f 3214 6307 3213
f 3202 3203 6308
f 6310 6309 3258 3259
f 3213 6304 6310 3212
f 6309 1881 3257
f 6426 6312 1882 6314
f 6304 3213 6307
f 1882 6311 6314
f 6311 6313 6316
f 1883 6315 6426 6317
f 6321 1060 1061 6320
f 6426 6314 6317
f 6314 6316 6319
f 6316 6318 3231
f 1883 6317 1394
f 3263 6325 1061
f 6322 1059 1060 6321
f 6320 6311 6321
f 6312 6322 6321 1882
f 3058 2853 1059 6322
f 1234 3058 6322 6312
f 2853 3058 120
f 1394 3233 3057 1883
f 6312 6315 1234
f 6315 3057 5791
f 1393 3232 6317 6319
f 3230 1392 6318 6323
f 6319 3231 1393
f 6323 3260 3230
f 6323 6318 6313 6324
f 6324 3261 6323
f 6324 6313 6320 6325
f 6325 3262 6324
f 1885 6326 6332 6327
f 6327 1397 1885
f 6339 6330 6328 6238
f 1885 1886 1884
f 1397 6238 6328
f 6330 6331 6329 6328
f 1885 6328 6329
f 6326 3064 1241 6332
f 1242 6332 1241
f 2856 2857 3063 6333
f 6326 1884 1240
f 3063 2857 121
f 6333 3063 1240 1884
f 2855 2856 6333 6334
f 6334 6333 1884 1886
f 1062 2855 6334 6335
f 6335 6334 6329 6331
f 2854 1062 6335 6336
f 89 2854 6336 3264
f 6337 6427 6331 6330
f 3265 3264 6336 6427
f 6331 6427 6336
f 6338 6337 6330 6339
f 3238 6338 6339 1398
f 6337 3266 3265
f 3237 6327 6332 1396
f 6338 3267 3266
f 6238 1398 6339
f 6341 1888 1887 6340
f 1891 6341 6340 1890
f 6342 1889 1888 6341
f 6344 1891 1890 6343
f 6345 6342 1891 6344
f 6343 6346 6344
f 6343 6354 6346
f 1404 3245 6350 1889
f 6344 6347 6345
f 3263 2897 6348
f 3263 6348 3262
f 2897 1086 6348
f 3262 6349 3261
f 6348 1887 6349
f 3261 6350 3260
f 6349 1888 6350
f 3260 3245 3235
f 3244 1404 1889 6342
f 6343 1890 1087 2899
f 6342 1403 3244
f 6342 6345 1403
f 6345 1402 3243
f 6347 6351 1402
f 6351 148 3242
f 6352 1415 1414
f 6346 6353 6352
f 6353 1416 1415
f 6353 94 1416
f 6340 1887 1086 2898
f 2899 1088 6354
f 1890 6340 2898 1087
f 6357 6355 1892 1895
f 6355 6356 1893
f 6366 6360 6357 1895
f 6358 1896 1894
f 6357 6359 6356
f 6361 6358 6356 6359
f 1892 1407 6428 6369
f 6361 6365 1896
f 3271 6428 3249
f 6369 6428 3271 3270
f 1893 1406 3248 6355
f 6355 3248 1407 1892
f 1894 1405 3247 1893
f 3266 3267 3246 6362
f 1406 1893 3247
f 6362 3246 1405 1894
f 3265 3266 6362 6363
f 6363 6362 1894 1896
f 3264 3265 6363 6364
f 6364 6363 1896 6365
f 2907 89 3264 6364
f 2907 6364 6365 1096
f 2906 6361 6359 1095
f 1094 5469 6360 6366
f 2906 1096 6365
f 6360 1095 6359
f 5472 1094 6366 6367
f 2905 5472 6367 3268
f 6367 6366 1895 6368
f 3268 6367 6368 3269
f 6368 1895 1892 6369
f 3269 6368 6369 3270
f 3051 6378 2914 92
f 6371 1901 1898
f 1898 6372 6370
f 6372 1902 1899
f 6371 1900 3182
f 6372 6376 1902
f 1898 1100 2913 6371
f 6378 1897 1101
f 6371 2913 1101 1897
f 1416 94 5506 6373
f 1100 6370 2912
f 6370 1899 1099
f 1099 6373 5506
f 1415 1416 6373 6374
f 1899 6374 6373
f 1414 1415 6374 6375
f 1902 6375 6374
f 6429 148 1414 6375
f 6375 6376 6429
f 1353 3184 6429 6376
f 3053 3181 6377 3052
f 6372 1901 3183
f 6376 3183 1353
f 1900 1897 6378 6377
f 1900 3181 1352
f 1358 6383 6382 3189
f 3051 6377 6378
f 6380 1357 6381
f 1903 6381 6379
f 1357 3189 6382
f 1357 6382 1904
f 6379 6386 6385 1903
f 1904 6382 1108
f 3271 3188 6384
f 6384 1356 1903
f 3270 6385 3269
f 6384 1903 6385
f 3269 6386 3268
f 1109 2923 6386 6379
f 3268 2923 2905
f 2922 1109 6379 6381
f 2920 1107 6383 6387
f 6381 1108 2922
f 6382 6383 2921
f 1230 93 2920 6387
f 125 1229 6388 3190
f 6388 1230 6387
f 1358 6388 6383
f 1358 3190 6388
